id,title,description,availability,condition,price,link,image_link,brand,color,shipping_weight,rich_text_description,fb_product_category
35407,Βαρίδι αλιείας τύπου Breakaway - 20044,Βαρίδι αλιείας τύπου Breakaway - 20044,in stock,new,1.44 EUR,,https://www.tradesor.gr/wp-content/uploads/2023/04/20044-1.jpg,OEM,No Color,0.3,"<div class=""prod-descr"">Βαρίδι ψαρέματος τύπου Breakaway, το αεροδυναμικό του σχήμα, σας επιτρέπει να πραγματοποιείτε μακρινές βολές, ενώ το σχήμα άγκυρας του προσδίδει σταθερότητα στο βυθό.</div><div class=""prod-descr"">Οι συρμάτινες ακτίνες αγκιστρώνονται στο βυθό και κρατούν την αρματωσιά σας στη θέση της.<br /><ul><li>Η συσκευασία περιέχει 1 βαρίδι</li><li>Βάρος: 80g</li></ul></div>",ΕΙΔΗ ΑΛΙΕΙΑΣ>Βαρίδια  μολύβια
35408,Βαρίδι αλιείας τύπου Breakaway - 20045,Βαρίδι αλιείας τύπου Breakaway - 20045,in stock,new,1.8 EUR,,https://www.tradesor.gr/wp-content/uploads/2023/04/20045-1.jpg,OEM,No Color,0.3,"<div class=""prod-descr"">Βαρίδι ψαρέματος τύπου Breakaway, το αεροδυναμικό του σχήμα, σας επιτρέπει να πραγματοποιείτε μακρινές βολές, ενώ το σχήμα άγκυρας του προσδίδει σταθερότητα στο βυθό.</div><div class=""prod-descr"">Οι συρμάτινες ακτίνες αγκιστρώνονται στο βυθό και κρατούν την αρματωσιά σας στη θέση της.<br /><ul><li>Η συσκευασία περιέχει 1 βαρίδι</li><li>Βάρος: 100g</li></ul></div>",ΕΙΔΗ ΑΛΙΕΙΑΣ>Βαρίδια  μολύβια
35416,Μολυβοκεφαλές με αγκίστρι - 20067,Μολυβοκεφαλές με αγκίστρι - 20067,in stock,new,0.9 EUR,,https://www.tradesor.gr/wp-content/uploads/2023/04/20067-1.jpg,OEM,No Color,0.3,"Μοναδικής ποιότητας μολυβοκεφαλές μπλε χρώματος, με ανεξίτηλες βαφές που θεωρούνται η ιδανική επιλογή για τεχνικές ψαρέματος Spinning  και Rock Fishing. Διαθέτουν ενισχυμένο αγκίστρι, κατάλληλες για ζωντανό αλλά και νωπό δόλωμα,με ειδικά σχεδιασμένη, ενισχυμένη θηλιά, όπου μπορούν να προσαρμοστούν εύκολα σαλαγκιές ή αγκίστρια με νήμα.

Η συσκευασία περιλαμβάνει 6 τεμάχια.

Αυθεντικό προϊόν Tradesor.",ΕΙΔΗ ΑΛΙΕΙΑΣ>Βαρίδια  μολύβια
35756,Βαρίδια αλιείας με θηλιά - 20gr - 30165,Βαρίδια αλιείας με θηλιά - 20gr - 30165,in stock,new,1.26 EUR,,https://www.tradesor.gr/wp-content/uploads/2023/04/15786378790592772-1.jpg,OEM,No Color,0.3,<p>Βαρίδια ψαρέματος με θηλιά.</p><ul><li>Η συσκευασία περιέχει 4 βαρίδια</li><li>Βάρος: 20g</li></ul><p>Αυθεντικό προϊόν Tradesor.</p>,ΕΙΔΗ ΑΛΙΕΙΑΣ>Βαρίδια  μολύβια
35757,Βαρίδια αλιείας με θηλιά - 20gr - 4pcs - 301,Βαρίδια αλιείας με θηλιά - 20gr - 4pcs - 30164,in stock,new,1.08 EUR,,https://www.tradesor.gr/wp-content/uploads/2023/04/1578637962273500-1.jpg,OEM,No Color,0.3,<p>Βαρίδια ψαρέματος με θηλιά.</p><ul><li>Η συσκευασία περιέχει 4 βαρίδια</li><li>Βάρος: 20g</li></ul><p>Αυθεντικό προϊόν Tradesor.</p>,ΕΙΔΗ ΑΛΙΕΙΑΣ>Βαρίδια  μολύβια
35758,Βαρίδια αλιείας με θηλιά - 80gr - 2pcs - 301,Βαρίδια αλιείας με θηλιά - 80gr - 2pcs - 30170,in stock,new,1.8 EUR,,https://www.tradesor.gr/wp-content/uploads/2023/04/15786391012039414-1.jpg,OEM,No Color,0.3,<p>Βαρίδια ψαρέματος με θηλιά.</p><ul><li>Η συσκευασία περιέχει 2 βαρίδια</li><li>Βάρος: 80g</li></ul><p>Αυθεντικό προϊόν Tradesor.</p>,ΕΙΔΗ ΑΛΙΕΙΑΣ>Βαρίδια  μολύβια
35759,Βαρίδια αλιείας με θηλιά - 70gr - 30169,Βαρίδια αλιείας με θηλιά - 70gr - 30169,in stock,new,1.8 EUR,,https://www.tradesor.gr/wp-content/uploads/2023/04/15786391687989194-1.jpg,OEM,No Color,0.3,"Βαρίδια ψαρέματος με θηλιά.
<ul>
 	<li>Η συσκευασία περιέχει 2 βαρίδια</li>
 	<li>Βάρος: 70g</li>
</ul>
Αυθεντικό προϊόν Tradesor.",ΕΙΔΗ ΑΛΙΕΙΑΣ>Βαρίδια  μολύβια
35760,Βαρίδια αλιείας με θηλιά - 60gr - 30168,Βαρίδια αλιείας με θηλιά - 60gr - 30168,in stock,new,1.44 EUR,,https://www.tradesor.gr/wp-content/uploads/2023/04/15786392062032885-1.jpg,OEM,No Color,0.3,"Βαρίδια ψαρέματος με θηλιά.
<ul>
 	<li>Η συσκευασία περιέχει 2 βαρίδια</li>
 	<li>Βάρος: 60g</li>
</ul>
Αυθεντικό προϊόν Tradesor.",ΕΙΔΗ ΑΛΙΕΙΑΣ>Βαρίδια  μολύβια
35761,Βαρίδια αλιείας με θηλιά - 50gr - 30167,Βαρίδια αλιείας με θηλιά - 50gr - 30167,in stock,new,1.44 EUR,,https://www.tradesor.gr/wp-content/uploads/2023/04/15786392708026703-1.jpg,OEM,No Color,0.3,"Βαρίδια ψαρέματος με θηλιά.
<ul>
 	<li>Η συσκευασία περιέχει 2 βαρίδια</li>
 	<li>Βάρος: 50g</li>
</ul>
Αυθεντικό προϊόν Tradesor.",ΕΙΔΗ ΑΛΙΕΙΑΣ>Βαρίδια  μολύβια
35762,Βαρίδια αλιείας με θηλιά - 40gr - 2pcs - 301,Βαρίδια αλιείας με θηλιά - 40gr - 2pcs - 30166,in stock,new,1.26 EUR,,https://www.tradesor.gr/wp-content/uploads/2023/04/15786393291047643-1.jpg,OEM,No Color,0.3,<p>Βαρίδια ψαρέματος με θηλιά.</p><ul><li>Η συσκευασία περιέχει 2 βαρίδια</li><li>Βάρος: 40g</li></ul><p>Αυθεντικό προϊόν Tradesor.</p>,ΕΙΔΗ ΑΛΙΕΙΑΣ>Βαρίδια  μολύβια
35763,Βαρίδια αλιείας με θηλιά - 10gr - 6pcs - 301,Βαρίδια αλιείας με θηλιά - 10gr - 6pcs - 30163,in stock,new,1.08 EUR,,https://www.tradesor.gr/wp-content/uploads/2023/04/15786395635189577-1.jpg,OEM,No Color,0.3,<p>Βαρίδια ψαρέματος με θηλιά.</p><ul><li>Η συσκευασία περιέχει 6 βαρίδια</li><li>Βάρος: 10g</li></ul><p>Αυθεντικό προϊόν Tradesor.</p>,ΕΙΔΗ ΑΛΙΕΙΑΣ>Βαρίδια  μολύβια
35764,Βαρίδια αλιείας - 80gr - 30162,Βαρίδια αλιείας - 80gr - 30162,in stock,new,1.8 EUR,,https://www.tradesor.gr/wp-content/uploads/2023/04/15786396389857718-1-1.jpg,OEM,No Color,0.3,<p>Περαστά βαρίδια τα οποία διαθέτουν ειδικό σχεδιασμό που τα βοηθά να βυθίζονται γρήγορα και με ακρίβεια ακόμα και σε περιπτώσεις με έντονα ρεύματα. Η συσκευασία περιλαμβάνει 2 βαρίδια χύτευσης μολύβδου και βάρους 80g το καθένα.</p><p>Αυθεντικό προϊόν Tradesor.</p>,ΕΙΔΗ ΑΛΙΕΙΑΣ>Βαρίδια  μολύβια
35765,Βαρίδια αλιείας με στριφτάρι - 80gr - 30,Βαρίδια αλιείας με στριφτάρι - 80gr - 30154,in stock,new,2.16 EUR,,https://www.tradesor.gr/wp-content/uploads/2023/04/15786397207066339-1.jpg,OEM,No Color,0.3,<p>Βαρίδια ψαρέματος με στριφτάρι.</p><ul><li>Η συσκευασία περιέχει 2 βαρίδια</li><li>Βάρος: 80g</li></ul><p>Αυθεντικό προϊόν Tradesor.</p>,ΕΙΔΗ ΑΛΙΕΙΑΣ>Βαρίδια  μολύβια
35766,Βαρίδι αλιείας - 90gr - 30260,Βαρίδι αλιείας - 90gr - 30260,in stock,new,1.44 EUR,,https://www.tradesor.gr/wp-content/uploads/2023/04/15786527968292011-1.jpg,OEM,No Color,0.3,"Βαρίδιο ψαρέματος με θηλιά.
<ul>
 	<li>Η συσκευασία περιέχει 1 βαρίδια</li>
 	<li>Βάρος: 90g</li>
</ul>
Αυθεντικό προϊόν Tradesor.",ΕΙΔΗ ΑΛΙΕΙΑΣ>Βαρίδια  μολύβια
35768,Βαρίδι αλιείας - 100gr - 30261,Βαρίδι αλιείας - 100gr - 30261,in stock,new,1.44 EUR,,https://www.tradesor.gr/wp-content/uploads/2023/04/157865294310440-1.jpg,OEM,No Color,0.3,"Βαρίδιο ψαρέματος με θηλιά.
<ul>
 	<li>Η συσκευασία περιέχει 1 βαρίδια</li>
 	<li>Βάρος: 100g</li>
</ul>
Αυθεντικό προϊόν Tradesor.",ΕΙΔΗ ΑΛΙΕΙΑΣ>Βαρίδια  μολύβια
35769,Βαρίδια αλιείας με στριφτάρι - 40gr - 30,Βαρίδια αλιείας με στριφτάρι - 40gr - 30150,in stock,new,1.26 EUR,,https://www.tradesor.gr/wp-content/uploads/2023/04/30153.jpg,OEM,No Color,0.3,<p>Βαρίδια ψαρέματος με στριφτάρι.</p><ul><li>Η συσκευασία περιέχει 2 βαρίδια</li><li>Βάρος: 40g</li></ul><p>Αυθεντικό προϊόν Tradesor.</p>,ΕΙΔΗ ΑΛΙΕΙΑΣ>Βαρίδια  μολύβια
35770,Βαρίδια αλιείας με στριφτάρι - 20gr - 4p,Βαρίδια αλιείας με στριφτάρι - 20gr - 4pcs - 30148,in stock,new,1.44 EUR,,https://www.tradesor.gr/wp-content/uploads/2023/04/15786532045544707-1.jpg,OEM,No Color,0.3,<p>Βαρίδια ψαρέματος με στριφτάρι.</p><ul><li>Η συσκευασία περιέχει 4 βαρίδια</li><li>Βάρος: 20g</li></ul><p>Αυθεντικό προϊόν Tradesor.</p>,ΕΙΔΗ ΑΛΙΕΙΑΣ>Βαρίδια  μολύβια
35771,Βαρίδια αλιείας με στριφτάρι - 70gr - 30,Βαρίδια αλιείας με στριφτάρι - 70gr - 30153,in stock,new,1.8 EUR,,https://www.tradesor.gr/wp-content/uploads/2023/04/30153.jpg,OEM,No Color,0.3,<p>Βαρίδια ψαρέματος με στριφτάρι.</p><ul><li>Η συσκευασία περιέχει 2 βαρίδια</li><li>Βάρος: 70g</li></ul><p>Αυθεντικό προϊόν Tradesor.</p>,ΕΙΔΗ ΑΛΙΕΙΑΣ>Βαρίδια  μολύβια
35772,Βαρίδια αλιείας - 10gr - 6pcs - 30155,Βαρίδια αλιείας - 10gr - 6pcs - 30155,in stock,new,1.08 EUR,,https://www.tradesor.gr/wp-content/uploads/2023/04/15786541349662468-1.jpg,OEM,No Color,0.3,"Η συσκευασία περιλαμβάνει 6 βαρίδια χύτευσης μολύβδου, βάρους 10g το καθένα.

Αυθεντικό προϊόν Tradesor.",ΕΙΔΗ ΑΛΙΕΙΑΣ>Βαρίδια  μολύβια
35773,Βαρίδια αλιείας - 20gr - 4pcs - 30156,Βαρίδια αλιείας - 20gr - 4pcs - 30156,in stock,new,1.08 EUR,,https://www.tradesor.gr/wp-content/uploads/2023/04/15786542350885038-1.jpg,OEM,No Color,0.3,"<p>Η συσκευασία περιλαμβάνει 4 βαρίδια χύτευσης μολύβδου, βάρους 20g το καθένα.</p><p>Αυθεντικό προϊόν Tradesor.</p>",ΕΙΔΗ ΑΛΙΕΙΑΣ>Βαρίδια  μολύβια
35774,Βαρίδια αλιείας - 30gr - 30157,Βαρίδια αλιείας - 30gr - 30157,in stock,new,1.26 EUR,,https://www.tradesor.gr/wp-content/uploads/2023/04/15786543263128469-1.jpg,OEM,No Color,0.3,"Η συσκευασία περιλαμβάνει 3 βαρίδια χύτευσης μολύβδου, βάρους 30g το καθένα.

Αυθεντικό προϊόν Tradesor.",ΕΙΔΗ ΑΛΙΕΙΑΣ>Βαρίδια  μολύβια
35775,Βαρίδια αλιείας - 40gr - 2pcs - 30158,Βαρίδια αλιείας - 40gr - 2pcs - 30158,in stock,new,1.26 EUR,,https://www.tradesor.gr/wp-content/uploads/2023/04/15786544093822080-1-1.jpg,OEM,No Color,0.3,"Περαστά βαρίδια τα οποία διαθέτουν ειδικό σχεδιασμό που τα βοηθά να βυθίζονται γρήγορα και με ακρίβεια ακόμα και σε περιπτώσεις με έντονα ρεύματα.

Η συσκευασία περιλαμβάνει 2 βαρίδια χύτευσης μολύβδου και βάρους 40g το καθένα.

Αυθεντικό προϊόν Tradesor.",ΕΙΔΗ ΑΛΙΕΙΑΣ>Βαρίδια  μολύβια
35776,Βαρίδια αλιείας - 70gr - 2pcs - 30161,Βαρίδια αλιείας - 70gr - 2pcs - 30161,in stock,new,1.8 EUR,,https://www.tradesor.gr/wp-content/uploads/2023/04/15786544807149679-1-1.jpg,OEM,No Color,0.3,<p>Περαστά βαρίδια τα οποία διαθέτουν ειδικό σχεδιασμό που τα βοηθά να βυθίζονται γρήγορα και με ακρίβεια ακόμα και σε περιπτώσεις με έντονα ρεύματα. Η συσκευασία περιλαμβάνει 2 βαρίδια χύτευσης μολύβδου και βάρους 70g το καθένα.</p><p>Αυθεντικό προϊόν Tradesor.</p>,ΕΙΔΗ ΑΛΙΕΙΑΣ>Βαρίδια  μολύβια
35777,Βαρίδια αλιείας - 50gr - 2pcs - 30159,Βαρίδια αλιείας - 50gr - 2pcs - 30159,in stock,new,1.44 EUR,,https://www.tradesor.gr/wp-content/uploads/2023/04/15786545452468151-1-1.jpg,OEM,No Color,0.3,<p>Περαστά βαρίδια τα οποία διαθέτουν ειδικό σχεδιασμό που τα βοηθά να βυθίζονται γρήγορα και με ακρίβεια ακόμα και σε περιπτώσεις με έντονα ρεύματα. Η συσκευασία περιλαμβάνει 2 βαρίδια χύτευσης μολύβδου και βάρους 50g το καθένα.</p><p>Αυθεντικό προϊόν Tradesor.</p>,ΕΙΔΗ ΑΛΙΕΙΑΣ>Βαρίδια  μολύβια
35778,Βαρίδια αλιείας - 60gr - 30160,Βαρίδια αλιείας - 60gr - 30160,in stock,new,1.44 EUR,,https://www.tradesor.gr/wp-content/uploads/2023/04/15786547893837271-1-1.jpg,OEM,No Color,0.3,<p>Περαστά βαρίδια τα οποία διαθέτουν ειδικό σχεδιασμό που τα βοηθά να βυθίζονται γρήγορα και με ακρίβεια ακόμα και σε περιπτώσεις με έντονα ρεύματα. Η συσκευασία περιλαμβάνει 2 βαρίδια χύτευσης μολύβδου και βάρους 60g το καθένα.</p><p>Αυθεντικό προϊόν Tradesor.</p>,ΕΙΔΗ ΑΛΙΕΙΑΣ>Βαρίδια  μολύβια
35779,Βαρίδια αλιείας πλακέ - 10gr - 6pcs - 30171,Βαρίδια αλιείας πλακέ - 10gr - 6pcs - 30171,in stock,new,1.08 EUR,,https://www.tradesor.gr/wp-content/uploads/2023/04/1578655980092910-1.jpg,OEM,No Color,0.3,"Βαρίδια ψαρέματος με θηλιά.
<ul>
 	<li>Η συσκευασία περιέχει 6 βαρίδια</li>
 	<li>Βάρος: 10g</li>
</ul>
Αυθεντικό προϊόν Tradesor.",ΕΙΔΗ ΑΛΙΕΙΑΣ>Βαρίδια  μολύβια
35780,Βαρίδια αλιείας πλακέ - 20gr - 4pcs - 30172,Βαρίδια αλιείας πλακέ - 20gr - 4pcs - 30172,in stock,new,1.08 EUR,,https://www.tradesor.gr/wp-content/uploads/2023/04/15786561833607210-1.jpg,OEM,No Color,0.3,"Βαρίδια ψαρέματος με θηλιά.
<ul>
 	<li>Η συσκευασία περιέχει 4 βαρίδια</li>
 	<li>Βάρος: 20g</li>
</ul>
Αυθεντικό προϊόν Tradesor.",ΕΙΔΗ ΑΛΙΕΙΑΣ>Βαρίδια  μολύβια
35781,Βαρίδια αλιείας πλακέ - 40gr - 2pcs - 30174,Βαρίδια αλιείας πλακέ - 40gr - 2pcs - 30174,in stock,new,1.26 EUR,,https://www.tradesor.gr/wp-content/uploads/2023/04/1578656250484134-1.jpg,OEM,No Color,0.3,"Βαρίδια ψαρέματος με θηλιά.
<ul>
 	<li>Η συσκευασία περιέχει 2 βαρίδια</li>
 	<li>Βάρος: 40g</li>
</ul>
Αυθεντικό προϊόν Tradesor.",ΕΙΔΗ ΑΛΙΕΙΑΣ>Βαρίδια  μολύβια
35782,Βαρίδια αλιείας πλακέ - 30gr - 3pcs - 30173,Βαρίδια αλιείας πλακέ - 30gr - 3pcs - 30173,in stock,new,1.26 EUR,,https://www.tradesor.gr/wp-content/uploads/2023/04/15786564288711786-1.jpg,OEM,No Color,0.3,<p>Βαρίδια ψαρέματος με θηλιά.</p><ul><li>Η συσκευασία περιέχει 3 βαρίδια</li><li>Βάρος: 30g</li></ul><p>Αυθεντικό προϊόν Tradesor.</p>,ΕΙΔΗ ΑΛΙΕΙΑΣ>Βαρίδια  μολύβια
35783,Βαρίδια αλιείας πλακέ - 50gr - 2pcs - 30175,Βαρίδια αλιείας πλακέ - 50gr - 2pcs - 30175,in stock,new,1.44 EUR,,https://www.tradesor.gr/wp-content/uploads/2023/04/15786565186018357-1.jpg,OEM,No Color,0.3,<p>Βαρίδια ψαρέματος με θηλιά.</p><ul><li>Η συσκευασία περιέχει 2 βαρίδια</li><li>Βάρος: 50g</li></ul><p>Αυθεντικό προϊόν Tradesor.</p>,ΕΙΔΗ ΑΛΙΕΙΑΣ>Βαρίδια  μολύβια
35784,Βαρίδια αλιείας πλακέ - 60gr - 2pcs - 30176,Βαρίδια αλιείας πλακέ - 60gr - 2pcs - 30176,in stock,new,1.44 EUR,,https://www.tradesor.gr/wp-content/uploads/2023/04/1578656572112288-1.jpg,OEM,No Color,0.3,"Βαρίδια ψαρέματος με θηλιά.
<ul>
 	<li>Η συσκευασία περιέχει 2 βαρίδια</li>
 	<li>Βάρος: 60g</li>
</ul>
Αυθεντικό προϊόν Tradesor.",ΕΙΔΗ ΑΛΙΕΙΑΣ>Βαρίδια  μολύβια
35785,Βαρίδια αλιείας πλακέ - 70gr - 2pcs - 30177,Βαρίδια αλιείας πλακέ - 70gr - 2pcs - 30177,in stock,new,1.8 EUR,,https://www.tradesor.gr/wp-content/uploads/2023/04/15786566438242686-1.jpg,OEM,No Color,0.3,"Βαρίδια ψαρέματος με θηλιά.
<ul>
 	<li>Η συσκευασία περιέχει 2 βαρίδια</li>
 	<li>Βάρος: 70g</li>
</ul>
Αυθεντικό προϊόν Tradesor.",ΕΙΔΗ ΑΛΙΕΙΑΣ>Βαρίδια  μολύβια
35786,Βαρίδια αλιείας πλακέ - 80gr - 2pcs - 30178,Βαρίδια αλιείας πλακέ - 80gr - 2pcs - 30178,in stock,new,1.8 EUR,,https://www.tradesor.gr/wp-content/uploads/2023/04/15786567101149389-1.jpg,OEM,No Color,0.3,"Βαρίδια ψαρέματος με θηλιά.
<ul>
 	<li>Η συσκευασία περιέχει 2 βαρίδια</li>
 	<li>Βάρος: 80g</li>
</ul>
Αυθεντικό προϊόν Tradesor.",ΕΙΔΗ ΑΛΙΕΙΑΣ>Βαρίδια  μολύβια
35787,Βαρίδια αλιείας - 5gr - 6pcs - 30257,Βαρίδια αλιείας - 5gr - 6pcs - 30257,in stock,new,1.26 EUR,,https://www.tradesor.gr/wp-content/uploads/2023/04/15786570397071167-1.jpg,OEM,No Color,0.3,"<p>Μολύβια κατάλληλα για αρματωσιές Εγγλέζικου ψαρέματος αλλά και απίκο. Τα μολύβια διαθέτουν σχισμή στην μέση για να μπορούν να περνάνε στην πετονιά, ενώ είναι από μαλακό μολύβι για να μπορείτε να σφίγγετε με το χέρι χωρίς να πληγώνεται η πετονιά.</p><p>Η συσκευασία περιλαμβάνει 6 μολύβια βάρους 5g.</p><p>Αυθεντικό προϊόν Tradesor.</p>",ΕΙΔΗ ΑΛΙΕΙΑΣ>Βαρίδια  μολύβια
35788,Βαρίδια αλιείας - 10gr - 4pcs - 30259,Βαρίδια αλιείας - 10gr - 4pcs - 30259,in stock,new,1.26 EUR,,https://www.tradesor.gr/wp-content/uploads/2023/04/15786572048173168-1.jpg,OEM,No Color,0.3,"<p>Μολύβια κατάλληλα για αρματωσιές Εγγλέζικου ψαρέματος αλλά και απίκο. Τα μολύβια διαθέτουν σχισμή στην μέση για να μπορούν να περνάνε στην πετονιά, ενώ είναι από μαλακό μολύβι για να μπορείτε να σφίγγετε με το χέρι χωρίς να πληγώνεται η πετονιά.</p><p>Η συσκευασία περιλαμβάνει 4 μολύβια βάρους 10g.</p><p>Αυθεντικό προϊόν Tradesor.</p>",ΕΙΔΗ ΑΛΙΕΙΑΣ>Βαρίδια  μολύβια
35789,Βαρίδια αλιείας - 3gr - 7pcs - 30256,Βαρίδια αλιείας - 3gr - 7pcs - 30256,in stock,new,1.26 EUR,,https://www.tradesor.gr/wp-content/uploads/2023/04/15786573320192514-1.jpg,OEM,No Color,0.3,"<p>Μολύβια κατάλληλα για αρματωσιές Εγγλέζικου ψαρέματος αλλά και απίκο. Τα μολύβια διαθέτουν σχισμή στην μέση για να μπορούν να περνάνε στην πετονιά, ενώ είναι από μαλακό μολύβι για να μπορείτε να σφίγγετε με το χέρι χωρίς να πληγώνεται η πετονιά.</p><p>Η συσκευασία περιλαμβάνει 7 μολύβια βάρους 3g.</p><p>Αυθεντικό προϊόν Tradesor.</p>",ΕΙΔΗ ΑΛΙΕΙΑΣ>Βαρίδια  μολύβια
35790,Βαρίδια αλιείας - 8gr - 5pcs - 30258,Βαρίδια αλιείας - 8gr - 5pcs - 30258,in stock,new,1.26 EUR,,https://www.tradesor.gr/wp-content/uploads/2023/04/15786574058838570-1.jpg,OEM,No Color,0.3,"<p>Μολύβια κατάλληλα για αρματωσιές Εγγλέζικου ψαρέματος αλλά και απίκο. Τα μολύβια διαθέτουν σχισμή στην μέση για να μπορούν να περνάνε στην πετονιά, ενώ είναι από μαλακό μολύβι για να μπορείτε να σφίγγετε με το χέρι χωρίς να πληγώνεται η πετονιά.</p><p>Η συσκευασία περιλαμβάνει 5 μολύβια βάρους 8g.</p><p>Αυθεντικό προϊόν Tradesor.</p>",ΕΙΔΗ ΑΛΙΕΙΑΣ>Βαρίδια  μολύβια
35793,Μολυβοκεφαλές με αγκίστρι - 2gr - 6pcs - 3,Μολυβοκεφαλές με αγκίστρι - 2gr - 6pcs - 30183,in stock,new,1.08 EUR,,https://www.tradesor.gr/wp-content/uploads/2023/04/15786579509946432-1.jpg,OEM,No Color,0.3,"<div class=""prod-descr"">
<div class=""prod-descr"">

Μοναδικής ποιότητας μολυβοκεφαλές λευκού χρώματος και βάρους 2g η κάθε μια, με ανεξίτηλες βαφές που θεωρούνται η ιδανική επιλογή για τεχνικές ψαρέματος Spinning  και Rock Fishing.

Διαθέτουν ενισχυμένο αγκίστρι, κατάλληλες για ζωντανό αλλά και νωπό δόλωμα,με ειδικά σχεδιασμένη, ενισχυμένη θηλιά, όπου μπορούν να προσαρμοστούν εύκολα σαλαγκιές ή αγκίστρια με νήμα.

Η συσκευασία περιλαμβάνει 6 τεμάχια βάρους 2g.

Αυθεντικό προϊόν Tradesor.

</div>
</div>",ΕΙΔΗ ΑΛΙΕΙΑΣ>Βαρίδια  μολύβια
35794,Μολυβοκεφαλές με αγκίστρι - 7gr - 4pcs - 3,Μολυβοκεφαλές με αγκίστρι - 7gr - 4pcs - 30186,in stock,new,1.08 EUR,,https://www.tradesor.gr/wp-content/uploads/2023/04/15786580806221807-1.jpg,OEM,No Color,0.3,"<div class=""prod-descr"">
<div class=""prod-descr"">

Μοναδικής ποιότητας μολυβοκεφαλές κίτρινου χρώματος και βάρους 7g η κάθε μια, με ανεξίτηλες βαφές που θεωρούνται η ιδανική επιλογή για τεχνικές ψαρέματος Spinning  και Rock Fishing.

Διαθέτουν ενισχυμένο αγκίστρι, κατάλληλες για ζωντανό αλλά και νωπό δόλωμα,με ειδικά σχεδιασμένη, ενισχυμένη θηλιά, όπου μπορούν να προσαρμοστούν εύκολα σαλαγκιές ή αγκίστρια με νήμα.

Η συσκευασία περιλαμβάνει 4 τεμάχια βάρους 7g.

Αυθεντικό προϊόν Tradesor.

</div>
</div>",ΕΙΔΗ ΑΛΙΕΙΑΣ>Βαρίδια  μολύβια
35795,Μολυβοκεφαλές με αγκίστρι - 5gr - 5pcs - 3,Μολυβοκεφαλές με αγκίστρι - 5gr - 5pcs - 30185,in stock,new,1.08 EUR,,https://www.tradesor.gr/wp-content/uploads/2023/04/15789509946432.jpg,OEM,No Color,0.3,"<div class=""prod-descr"">
<div class=""prod-descr"">

Μοναδικής ποιότητας μολυβοκεφαλές λευκού χρώματος και βάρους 5g η κάθε μια, με ανεξίτηλες βαφές που θεωρούνται η ιδανική επιλογή για τεχνικές ψαρέματος Spinning  και Rock Fishing.

Διαθέτουν ενισχυμένο αγκίστρι, κατάλληλες για ζωντανό αλλά και νωπό δόλωμα,με ειδικά σχεδιασμένη, ενισχυμένη θηλιά, όπου μπορούν να προσαρμοστούν εύκολα σαλαγκιές ή αγκίστρια με νήμα.

Η συσκευασία περιλαμβάνει 5 τεμάχια βάρους 5g.

Αυθεντικό προϊόν Tradesor.

</div>
</div>",ΕΙΔΗ ΑΛΙΕΙΑΣ>Βαρίδια  μολύβια
35811,Μολυβοκεφαλές με αγκίστρι - 3.5gr - 5pcs -,Μολυβοκεφαλές με αγκίστρι - 3.5gr - 5pcs - 30187,in stock,new,1.08 EUR,,https://www.tradesor.gr/wp-content/uploads/2023/04/15786616432624503-1.jpg,OEM,No Color,0.3,"<div class=""prod-descr"">
<div class=""prod-descr"">

Μοναδικής ποιότητας μολυβοκεφαλές έντονου χρώματος και βάρους 3.5g η κάθε μια, με ανεξίτηλες βαφές που θεωρούνται η ιδανική επιλογή για τεχνικές ψαρέματος Spinning  και Rock Fishing.

Διαθέτουν ενισχυμένο αγκίστρι, κατάλληλες για ζωντανό αλλά και νωπό δόλωμα,με ειδικά σχεδιασμένη, ενισχυμένη θηλιά, όπου μπορούν να προσαρμοστούν εύκολα σαλαγκιές ή αγκίστρια με νήμα.

Η συσκευασία περιλαμβάνει 5 τεμάχια βάρους 3.5g.

Αυθεντικό προϊόν Tradesor.

</div>
</div>",ΕΙΔΗ ΑΛΙΕΙΑΣ>Βαρίδια  μολύβια
35812,Μολυβοκεφαλές με αγκίστρι - 10gr - 3pcs - ,Μολυβοκεφαλές με αγκίστρι - 10gr - 3pcs - 30190,in stock,new,1.08 EUR,,https://www.tradesor.gr/wp-content/uploads/2023/04/15786145543262450055453.jpg,OEM,No Color,0.3,"Μοναδικής ποιότητας μολυβοκεφαλές έντονου χρώματος και βάρους 10g η κάθε μια, με ανεξίτηλες βαφές που θεωρούνται η ιδανική επιλογή για τεχνικές ψαρέματος Spinning  και Rock Fishing.

Διαθέτουν ενισχυμένο αγκίστρι, κατάλληλες για ζωντανό αλλά και νωπό δόλωμα,με ειδικά σχεδιασμένη, ενισχυμένη θηλιά, όπου μπορούν να προσαρμοστούν εύκολα σαλαγκιές ή αγκίστρια με νήμα.

Η συσκευασία περιλαμβάνει 3 τεμάχια βάρους 10g.

Αυθεντικό προϊόν Tradesor.",ΕΙΔΗ ΑΛΙΕΙΑΣ>Βαρίδια  μολύβια
35813,Μολυβοκεφαλές με αγκίστρι - 7gr - 4pcs - 3,Μολυβοκεφαλές με αγκίστρι - 7gr - 4pcs - 30189,in stock,new,1.08 EUR,,https://www.tradesor.gr/wp-content/uploads/2023/04/157861455432624503.jpg,OEM,No Color,0.3,"Μοναδικής ποιότητας μολυβοκεφαλές έντονου χρώματος και βάρους 7g η κάθε μια, με ανεξίτηλες βαφές που θεωρούνται η ιδανική επιλογή για τεχνικές ψαρέματος Spinning  και Rock Fishing.

Διαθέτουν ενισχυμένο αγκίστρι, κατάλληλες για ζωντανό αλλά και νωπό δόλωμα,με ειδικά σχεδιασμένη, ενισχυμένη θηλιά, όπου μπορούν να προσαρμοστούν εύκολα σαλαγκιές ή αγκίστρια με νήμα.

Η συσκευασία περιλαμβάνει 4 τεμάχια βάρους 7g.

Αυθεντικό προϊόν Tradesor.",ΕΙΔΗ ΑΛΙΕΙΑΣ>Βαρίδια  μολύβια
35814,Μολυβοκεφαλές με αγκίστρι - 5gr - 5pcs - 3,Μολυβοκεφαλές με αγκίστρι - 5gr - 5pcs - 30188,in stock,new,1.08 EUR,,https://www.tradesor.gr/wp-content/uploads/2023/04/157866161455432624503.jpg,OEM,No Color,0.3,"Μοναδικής ποιότητας μολυβοκεφαλές έντονου χρώματος και βάρους 5g η κάθε μια, με ανεξίτηλες βαφές που θεωρούνται η ιδανική επιλογή για τεχνικές ψαρέματος Spinning  και Rock Fishing.

Διαθέτουν ενισχυμένο αγκίστρι, κατάλληλες για ζωντανό αλλά και νωπό δόλωμα,με ειδικά σχεδιασμένη, ενισχυμένη θηλιά, όπου μπορούν να προσαρμοστούν εύκολα σαλαγκιές ή αγκίστρια με νήμα.

Η συσκευασία περιλαμβάνει 5 τεμάχια βάρους 5g.

Αυθεντικό προϊόν Tradesor.",ΕΙΔΗ ΑΛΙΕΙΑΣ>Βαρίδια  μολύβια
35815,Μολυβοκεφαλές με αγκίστρι - 2gr - 8pcs - 3,Μολυβοκεφαλές με αγκίστρι - 2gr - 8pcs - 30179,in stock,new,0.9 EUR,,https://www.tradesor.gr/wp-content/uploads/2023/04/1578661953852585-1.jpg,OEM,No Color,0.3,"<div class=""prod-descr"">Μοναδικής ποιότητας μολυβοκεφαλές γκρι χρώματος και βάρους 2g η κάθε μια, με ανεξίτηλες βαφές που θεωρούνται η ιδανική επιλογή για τεχνικές ψαρέματος Spinning  και Rock Fishing. Διαθέτουν ενισχυμένο αγκίστρι, κατάλληλες για ζωντανό αλλά και νωπό δόλωμα,με ειδικά σχεδιασμένη, ενισχυμένη θηλιά, όπου μπορούν να προσαρμοστούν εύκολα σαλαγκιές ή αγκίστρια με νήμα.</div><div class=""prod-descr"">Η συσκευασία περιλαμβάνει 8 τεμάχια βάρους 2g.</div><div class=""prod-descr"">Αυθεντικό προϊόν Tradesor.</div>",ΕΙΔΗ ΑΛΙΕΙΑΣ>Βαρίδια  μολύβια
35816,Μολυβοκεφαλές με αγκίστρι - 30180,Μολυβοκεφαλές με αγκίστρι - 30180,in stock,new,0.9 EUR,,https://www.tradesor.gr/wp-content/uploads/2023/04/1578661953852585-2.jpg,OEM,No Color,0.3,"<div class=""prod-descr""><div class=""prod-descr"">Μοναδικής ποιότητας μολυβοκεφαλές γκρι χρώματος και βάρους 3.5g η κάθε μια, με ανεξίτηλες βαφές που θεωρούνται η ιδανική επιλογή για τεχνικές ψαρέματος Spinning  και Rock Fishing. Διαθέτουν ενισχυμένο αγκίστρι, κατάλληλες για ζωντανό αλλά και νωπό δόλωμα,με ειδικά σχεδιασμένη, ενισχυμένη θηλιά, όπου μπορούν να προσαρμοστούν εύκολα σαλαγκιές ή αγκίστρια με νήμα.</div><div class=""prod-descr"">Η συσκευασία περιλαμβάνει 6 τεμάχια βάρους 3.5g.</div><div class=""prod-descr"">Αυθεντικό προϊόν Tradesor.</div></div>",ΕΙΔΗ ΑΛΙΕΙΑΣ>Βαρίδια  μολύβια
35817,Μολυβοκεφαλές με αγκίστρι - 7gr - 4pcs - 3,Μολυβοκεφαλές με αγκίστρι - 7gr - 4pcs - 30182,in stock,new,0.9 EUR,,https://www.tradesor.gr/wp-content/uploads/2023/04/15786621787383184-1.jpg,OEM,No Color,0.3,"<div class=""prod-descr""><div class=""prod-descr"">Μοναδικής ποιότητας μολυβοκεφαλές γκρι χρώματος και βάρους 7g η κάθε μια, με ανεξίτηλες βαφές που θεωρούνται η ιδανική επιλογή για τεχνικές ψαρέματος Spinning  και Rock Fishing. Διαθέτουν ενισχυμένο αγκίστρι, κατάλληλες για ζωντανό αλλά και νωπό δόλωμα,με ειδικά σχεδιασμένη, ενισχυμένη θηλιά, όπου μπορούν να προσαρμοστούν εύκολα σαλαγκιές ή αγκίστρια με νήμα.</div><div class=""prod-descr"">Η συσκευασία περιλαμβάνει 4 τεμάχια βάρους 7g.</div><div class=""prod-descr"">Αυθεντικό προϊόν Tradesor.</div></div>",ΕΙΔΗ ΑΛΙΕΙΑΣ>Βαρίδια  μολύβια
35827,Βαρίδια αλιείας - 80gr - 2pcs - 30146,Βαρίδια αλιείας - 80gr - 2pcs - 30146,in stock,new,1.8 EUR,,https://www.tradesor.gr/wp-content/uploads/2023/04/16984110516356.jpg,OEM,No Color,0.3,"Βαρίδια σε σχήμα κώνου από μολύβι.
<ul>
 	<li>Βάρος: 80g το καθένα</li>
 	<li>2 τεμ. ανά συσκευασία</li>
</ul>
Αυθεντικό προϊόν Tradesor.",ΕΙΔΗ ΑΛΙΕΙΑΣ>Βαρίδια  μολύβια
35828,Βαρίδια αλιείας - 70gr - 2pcs - 30145,Βαρίδια αλιείας - 70gr - 2pcs - 30145,in stock,new,1.8 EUR,,https://www.tradesor.gr/wp-content/uploads/2023/04/1698411051635155216.jpg,OEM,No Color,0.3,"Βαρίδια σε σχήμα κώνου από μολύβι.
<ul>
 	<li>Βάρος: 70g το καθένα</li>
 	<li>2 τεμ. ανά συσκευασία</li>
</ul>
Αυθεντικό προϊόν Tradesor.",ΕΙΔΗ ΑΛΙΕΙΑΣ>Βαρίδια  μολύβια
35829,Βαρίδια αλιείας - 60gr - 2pcs - 30144,Βαρίδια αλιείας - 60gr - 2pcs - 30144,in stock,new,1.44 EUR,,https://www.tradesor.gr/wp-content/uploads/2023/04/15791676671037163-1.jpg,OEM,No Color,0.3,"Βαρίδια σε σχήμα κώνου από μολύβι.
<ul>
 	<li>Βάρος: 60g το καθένα</li>
 	<li>2 τεμ. ανά συσκευασία</li>
</ul>
Αυθεντικό προϊόν Tradesor.",ΕΙΔΗ ΑΛΙΕΙΑΣ>Βαρίδια  μολύβια
35830,Βαρίδια αλιείας - 50gr - 2pcs - 30143,Βαρίδια αλιείας - 50gr - 2pcs - 30143,in stock,new,1.44 EUR,,https://www.tradesor.gr/wp-content/uploads/2023/04/1698451635155216.jpg,OEM,No Color,0.3,"Βαρίδια σε σχήμα κώνου από μολύβι.
<ul>
 	<li>Βάρος: 50g το καθένα</li>
 	<li>2 τεμ. ανά συσκευασία</li>
</ul>
Αυθεντικό προϊόν Tradesor.",ΕΙΔΗ ΑΛΙΕΙΑΣ>Βαρίδια  μολύβια
35831,Βαρίδια αλιείας - 40gr - 2pcs - 30142,Βαρίδια αλιείας - 40gr - 2pcs - 30142,in stock,new,1.44 EUR,,https://www.tradesor.gr/wp-content/uploads/2023/04/1698451635155216848.jpg,OEM,No Color,0.3,"Βαρίδια σε σχήμα κώνου από μολύβι.
<ul>
 	<li>Βάρος: 40g το καθένα</li>
 	<li>2 τεμ. ανά συσκευασία</li>
</ul>
Αυθεντικό προϊόν Tradesor.",ΕΙΔΗ ΑΛΙΕΙΑΣ>Βαρίδια  μολύβια
35832,Βαρίδια αλιείας - 30gr - 3pcs - 30141,Βαρίδια αλιείας - 30gr - 3pcs - 30141,in stock,new,1.44 EUR,,https://www.tradesor.gr/wp-content/uploads/2023/04/1698451635216848.jpg,OEM,No Color,0.3,"Βαρίδια σε σχήμα κώνου από μολύβι.
<ul>
 	<li>Βάρος: 30g το καθένα</li>
 	<li>3 τεμ. ανά συσκευασία</li>
</ul>
Αυθεντικό προϊόν Tradesor.",ΕΙΔΗ ΑΛΙΕΙΑΣ>Βαρίδια  μολύβια
35833,Βαρίδια αλιείας - 20gr - 4pcs - 30140,Βαρίδια αλιείας - 20gr - 4pcs - 30140,in stock,new,1.08 EUR,,https://www.tradesor.gr/wp-content/uploads/2023/04/169845163548.jpg,OEM,No Color,0.3,"Βαρίδια σε σχήμα κώνου από μολύβι.
<ul>
 	<li>Βάρος: 20g το καθένα</li>
 	<li>4 τεμ. ανά συσκευασία</li>
</ul>
Αυθεντικό προϊόν Tradesor.",ΕΙΔΗ ΑΛΙΕΙΑΣ>Βαρίδια  μολύβια
35834,Βαρίδια αλιείας - 10gr - 6pcs - 30139,Βαρίδια αλιείας - 10gr - 6pcs - 30139,in stock,new,1.08 EUR,,https://www.tradesor.gr/wp-content/uploads/2023/04/15791682601039908-1.jpg,OEM,No Color,0.3,"Βαρίδια σε σχήμα κώνου από μολύβι.
<ul>
 	<li>Βάρος: 10g το καθένα</li>
 	<li>6 τεμ. ανά συσκευασία</li>
</ul>
Αυθεντικό προϊόν Tradesor.",ΕΙΔΗ ΑΛΙΕΙΑΣ>Βαρίδια  μολύβια
35835,Μολυβοκεφαλές με αγκίστρι - 3.5gr - 5pcs -,Μολυβοκεφαλές με αγκίστρι - 3.5gr - 5pcs - 30184,in stock,new,1.08 EUR,,https://www.tradesor.gr/wp-content/uploads/2023/04/1578658344922576-1.jpg,OEM,No Color,0.3,"<p>Μοναδικής ποιότητας μολυβοκεφαλές κίτρινου χρώματος και βάρους 3,5g η κάθε μια, με ανεξίτηλες βαφές που θεωρούνται η ιδανική επιλογή για τεχνικές ψαρέματος Spinning  και Rock Fishing. Διαθέτουν ενισχυμένο αγκίστρι, κατάλληλες για ζωντανό αλλά και νωπό δόλωμα,με ειδικά σχεδιασμένη, ενισχυμένη θηλιά, όπου μπορούν να προσαρμοστούν εύκολα σαλαγκιές ή αγκίστρια με νήμα.</p><p>Η συσκευασία περιλαμβάνει 5 τεμάχια.</p><p>Αυθεντικό προϊόν Tradesor.</p>",ΕΙΔΗ ΑΛΙΕΙΑΣ>Βαρίδια  μολύβια
36003,Σετ μολυβοκεφαλές και αγκίστρια - 301,Σετ μολυβοκεφαλές και αγκίστρια - 30198,in stock,new,1.8 EUR,,https://www.tradesor.gr/wp-content/uploads/2023/04/15847626321184747-1.jpg,OEM,No Color,0.3,"<p>Σετ με μολυβοκεφαλές (3 τεμάχια) λευκού χρώματος και αγκίστρια σε διάφορα μεγέθη.</p><p>Υψηλής ποιότητας, με ειδικό σχεδιασμό κατά της διάβρωσης και της σκουριάς. Τα αγκίστρια διαθέτουν θηλιά γωνίας.</p><p>Αυθεντικό προϊόν Tradesor.</p>",ΕΙΔΗ ΑΛΙΕΙΑΣ>Βαρίδια  μολύβια
36033,Βαρίδια αλιείας με θηλιά - 40gr - 2pcs - 200,Βαρίδια αλιείας με θηλιά - 40gr - 2pcs - 20038,in stock,new,0.9 EUR,,https://www.tradesor.gr/wp-content/uploads/2023/04/20038-1.jpg,OEM,No Color,0.3,<p>Βαρίδια ψαρέματος με θηλιά.</p><ul><li>Η συσκευασία περιέχει 2 βαρίδια</li><li>Βάρος: 40g</li></ul>,ΕΙΔΗ ΑΛΙΕΙΑΣ>Βαρίδια  μολύβια
36034,Βαρίδια αλιείας - 50gr - 20039,Βαρίδια αλιείας - 50gr - 20039,in stock,new,1.08 EUR,,https://www.tradesor.gr/wp-content/uploads/2023/04/20039-1.jpg,OEM,No Color,0.3,<p>Βαρίδια ψαρέματος με θηλιά.</p><ul><li>Η συσκευασία περιέχει 2 βαρίδια</li><li>Βάρος: 50g</li></ul>,ΕΙΔΗ ΑΛΙΕΙΑΣ>Βαρίδια  μολύβια
36035,Βαρίδια αλιείας - 60gr - 20040,Βαρίδια αλιείας - 60gr - 20040,in stock,new,1.26 EUR,,https://www.tradesor.gr/wp-content/uploads/2023/04/20040-1.jpg,OEM,No Color,0.3,<p>Βαρίδια ψαρέματος με θηλιά.</p><ul><li>Η συσκευασία περιέχει 2 βαρίδια</li><li>Βάρος: 60g</li></ul>,ΕΙΔΗ ΑΛΙΕΙΑΣ>Βαρίδια  μολύβια
36036,Βαρίδια αλιείας - 70gr - 20041,Βαρίδια αλιείας - 70gr - 20041,in stock,new,1.44 EUR,,https://www.tradesor.gr/wp-content/uploads/2023/04/20041-1.jpg,OEM,No Color,0.3,<p>Βαρίδια ψαρέματος με θηλιά.</p><ul><li>Η συσκευασία περιέχει 2 βαρίδια</li><li>Βάρος: 70g</li></ul>,ΕΙΔΗ ΑΛΙΕΙΑΣ>Βαρίδια  μολύβια
36037,Βαρίδια αλιείας - 80gr - 20042,Βαρίδια αλιείας - 80gr - 20042,in stock,new,1.8 EUR,,https://www.tradesor.gr/wp-content/uploads/2023/04/20042-1.jpg,OEM,No Color,0.3,<p>Βαρίδια ψαρέματος με θηλιά.</p><ul><li>Η συσκευασία περιέχει 2 βαρίδια</li><li>Βάρος: 80g</li></ul>,ΕΙΔΗ ΑΛΙΕΙΑΣ>Βαρίδια  μολύβια
36038,Βαρίδι αλιείας τύπου Breakaway - 20043,Βαρίδι αλιείας τύπου Breakaway - 20043,in stock,new,1.08 EUR,,https://www.tradesor.gr/wp-content/uploads/2023/04/20043-1.jpg,OEM,No Color,0.3,"<div class=""prod-descr"">Βαρίδι ψαρέματος τύπου Breakaway, το αεροδυναμικό του σχήμα, σας επιτρέπει να πραγματοποιείτε μακρινές βολές, ενώ το σχήμα άγκυρας του προσδίδει σταθερότητα στο βυθό.</div><div class=""prod-descr"">Οι συρμάτινες ακτίνες αγκιστρώνονται στο βυθό και κρατούν την αρματωσιά σας στη θέση της.<br /><ul><li>Η συσκευασία περιέχει 1 βαρίδι</li><li>Βάρος: 60g</li></ul></div>",ΕΙΔΗ ΑΛΙΕΙΑΣ>Βαρίδια  μολύβια
37393,Μολύβια αλιείας - 5 μεγέθη - 30220,Μολύβια αλιείας - 5 μεγέθη - 30220,in stock,new,1.8 EUR,,https://www.tradesor.gr/wp-content/uploads/2023/04/30220.jpg,OEM,No Color,0.1,<p>Μολύβια αλιείας - 5 μεγέθη</p>,ΕΙΔΗ ΑΛΙΕΙΑΣ>Βαρίδια  μολύβια
37394,Μολύβια αλιείας - 5 μεγέθη - 30221,Μολύβια αλιείας - 5 μεγέθη - 30221,in stock,new,1.8 EUR,,https://www.tradesor.gr/wp-content/uploads/2023/04/30221.jpg,OEM,No Color,0.1,"<p>Μολύβια αλιείας - 5 μεγέθη</p><div class=""prod-descr"">Τα μολύβια διαθέτουν σχισμή στην μέση για να μπορούν να περνάνε στην πετονιά, ενώ είναι από μαλακό μολύβι για να μπορείτε να σφίγγετε με το χέρι χωρίς να πληγώνεται η πετονιά. Η συσκευασία περιλαμβάνει 19 μολύβια σε διάφορα μεγέθη.</div><div> </div><div class=""prod-descr"">Αυθεντικό προϊόν Tradesor.</div>",ΕΙΔΗ ΑΛΙΕΙΑΣ>Βαρίδια  μολύβια
38195,Βαρίδια αλιείας με στριφτάρι - 30g - 3pc,Βαρίδια αλιείας με στριφτάρι - 30g - 3pcs - 30149,in stock,new,1.26 EUR,,https://www.tradesor.gr/wp-content/uploads/2023/04/30149.jpg,OEM,No Color,0.1,<p>Βαρίδια ψαρέματος με στριφτάρι.</p><ul><li>Η συσκευασία περιέχει 3 βαρίδια</li><li>Βάρος: 30g</li></ul><p>Αυθεντικό προϊόν Tradesor.</p>,ΕΙΔΗ ΑΛΙΕΙΑΣ>Βαρίδια  μολύβια
38196,Βαρίδια αλιείας με στριφτάρι - 10g - 6pc,Βαρίδια αλιείας με στριφτάρι - 10g - 6pcs - 30147,in stock,new,1.26 EUR,,https://www.tradesor.gr/wp-content/uploads/2023/04/e0fc1749aa88c2e9fb5a9a88adcad293.jpg,OEM,No Color,0.1,<p>Βαρίδια ψαρέματος με στριφτάρι.</p><ul><li>Η συσκευασία περιέχει 6 βαρίδια</li><li>Βάρος: 10g</li></ul><p>Αυθεντικό προϊόν Tradesor.</p>,ΕΙΔΗ ΑΛΙΕΙΑΣ>Βαρίδια  μολύβια
