id,title,description,availability,condition,price,link,image_link,brand,color,shipping_weight,rich_text_description,fb_product_category
35649,Πλαστικό κουτί αποθήκευσης αξεσουά,Πλαστικό κουτί αποθήκευσης αξεσουάρ αλιείας - 30331,in stock,new,0.9 EUR,,https://www.tradesor.gr/wp-content/uploads/2023/04/30331.jpg,OEM,No Color,1.0,"<p>Πλαστικό κουτί αποθήκευσης αξεσουάρ αλιείας, σε μίνι πρακτικό μέγεθος. <br />Διαθέτει πολλαπλές θήκες για να τοποθετείτε τα δολώματα σας αλλά και όλα σας τα αξεσουάρ.<br />Διαστάσεις: 6 x 8 x 3cm</p>",ΕΙΔΗ ΑΛΙΕΙΑΣ>Κουτιά αποθήκευσης  θήκες μεταφοράς
35718,Πλαστικό κουτί αποθήκευσης αξεσουά,Πλαστικό κουτί αποθήκευσης αξεσουάρ αλιείας - 30332,in stock,new,0.9 EUR,,https://www.tradesor.gr/wp-content/uploads/2023/04/30332.png,OEM,No Color,1.0,<p>Διαθέτει πολλαπλές θήκες για να τοποθετείτε τα δολώματα σας αλλά και όλα σας τα αξεσουάρ.<br />Διαστάσεις: 10 x 7 x 3cm</p>,ΕΙΔΗ ΑΛΙΕΙΑΣ>Κουτιά αποθήκευσης  θήκες μεταφοράς
35719,Πλαστικό κουτί αποθήκευσης αξεσουά,Πλαστικό κουτί αποθήκευσης αξεσουάρ αλιείας - 30327,in stock,new,2.7 EUR,,https://www.tradesor.gr/wp-content/uploads/2023/04/30327.png,OEM,No Color,1.5,"<p>Διαθέτει πολλαπλές θήκες για να τοποθετείτε τα δολώματα σας αλλά και όλα σας τα αξεσουάρ.<br />Διαστάσεις: 11 x 7 x 3cm</p><p>Διαθέσιμα χρώματα: Μαύρο, Πορτοκαλί, Χακί - Αποστολή κατόπιν διαθεσιμότητας.</p>",ΕΙΔΗ ΑΛΙΕΙΑΣ>Κουτιά αποθήκευσης  θήκες μεταφοράς
35720,Πλαστικό κουτί αποθήκευσης αξεσουά,Πλαστικό κουτί αποθήκευσης αξεσουάρ αλιείας - 30326,in stock,new,0.9 EUR,,https://www.tradesor.gr/wp-content/uploads/2023/04/30326.png,OEM,No Color,1.0,"<p>Πλαστικό κουτί αλιείας, mini, με θήκες διαφόρων μεγεθών, για να τοποθετείτε τα δολώματα σας αλλά και όλα σας τα αξεσουάρ.<br />Διαστάσεις: 10 x 6 x 5cm</p>",ΕΙΔΗ ΑΛΙΕΙΑΣ>Κουτιά αποθήκευσης  θήκες μεταφοράς
36366,Πλαστικό κουτί αποθήκευσης αξεσουά,Πλαστικό κουτί αποθήκευσης αξεσουάρ αλιείας - 30325,in stock,new,21.6 EUR,,https://www.tradesor.gr/wp-content/uploads/2023/04/2411_30325.jpg,OEM,No Color,5,"<p>Πλαστικό κουτί αποθήκευσης αξεσουάρ αλιείας, με πολλαπλές εσωτερικές θήκες.<br />Διαστάσεις: 25 x 15cm</p>",ΕΙΔΗ ΑΛΙΕΙΑΣ>Κουτιά αποθήκευσης  θήκες μεταφοράς
36865,Πλαστικό κουτί αποθήκευσης αξεσουά,Πλαστικό κουτί αποθήκευσης αξεσουάρ αλιείας - 30337,in stock,new,5.4 EUR,,https://www.tradesor.gr/wp-content/uploads/2023/04/30337_1009.jpeg,OEM,No Color,2,<p>Πλαστικό κουτί αποθήκευσης ειδών αλιείας με πολλαπλές θήκες.</p><p>Διαστάσεις: 24 x 15 x 6.5cm</p>,ΕΙΔΗ ΑΛΙΕΙΑΣ>Κουτιά αποθήκευσης  θήκες μεταφοράς
37389,Πλαστικό κουτί αποθήκευσης αξεσουά,Πλαστικό κουτί αποθήκευσης αξεσουάρ αλιείας - 30329,in stock,new,8.1 EUR,,https://www.tradesor.gr/wp-content/uploads/2023/04/30329.png,OEM,No Color,3,<p>Πλαστικό κουτί αλιείας με αντιολισθητικά πατάκια εξωτερικά και πολλαπλές θήκες.<br />Διαστάσεις: 19 x 11 x 4.5cm</p>,ΕΙΔΗ ΑΛΙΕΙΑΣ>Κουτιά αποθήκευσης  θήκες μεταφοράς
37390,Πλαστικό κουτί αποθήκευσης αξεσουά,Πλαστικό κουτί αποθήκευσης αξεσουάρ αλιείας - 30328,in stock,new,5.4 EUR,,https://www.tradesor.gr/wp-content/uploads/2023/04/30328.png,OEM,No Color,2,<p>Πλαστικό κουτί αλιείας με αντιολισθητικά πατάκια εξωτερικά και πολλαπλές θήκες.<br />Διαστάσεις: 15 x 9 x 4.5cm</p>,ΕΙΔΗ ΑΛΙΕΙΑΣ>Κουτιά αποθήκευσης  θήκες μεταφοράς
39739,Πλαστικό κουτί αλιείας – 30334,Πλαστικό κουτί αλιείας – 30334,in stock,new,2.7 EUR,,https://www.tradesor.gr/wp-content/uploads/2023/04/30334-1.png,OEM,No Color,0.8,"<div id=""tab-description"" class=""panel entry-content wc-tab""><p>Πλαστικό κουτί αποθήκευσης ειδών αλιείας με πολλαπλές θήκες.</p><p>Διαστάσεις: 20 x 10.5 x 4.5cm</p></div>",ΕΙΔΗ ΑΛΙΕΙΑΣ>Κουτιά αποθήκευσης  θήκες μεταφοράς
39747,Πλαστικό κουτί αλιείας – 30339,Πλαστικό κουτί αλιείας – 30339,in stock,new,4.5 EUR,,https://www.tradesor.gr/wp-content/uploads/2023/04/30339.png,OEM,No Color,0.8,"<p>Διαθέτει θήκες για να τοποθετείτε τα δολώματα σας αλλά και όλα σας τα αξεσουάρ. <br />Διαστάσεις: 28×18cm.</p><div class=""c-message_kit__reaction_bar c-reaction_bar c-reaction_bar--dark c-reaction_bar--collapsed"" role=""group"" data-qa=""reaction_bar"" aria-label=""Reactions"" data-stringify-ignore=""true""> </div>",ΕΙΔΗ ΑΛΙΕΙΑΣ>Κουτιά αποθήκευσης  θήκες μεταφοράς
94094,Κασετίνα ψαρέματος διπλής όψης - Xa-61,Κασετίνα ψαρέματος διπλής όψης - Xa-61B - 20x14x5cm - 31617,in stock,new,4.5 EUR,,https://www.tradesor.gr/wp-content/uploads/2023/06/6bba0bf521d6239fc5232f2a326d3f97.jpg,OEM,No Color,0.8,"Πλαστικό κουτί-κασετίνα διπλής όψης, ιδανικό για την αποθήκευση και μεταφορά των αξεσουάρ αλιείας σας, με πολλαπλές θήκες και διαχωριστικά.",ΕΙΔΗ ΑΛΙΕΙΑΣ>Κουτιά αποθήκευσης  θήκες μεταφοράς
94097,Κασετίνα ψαρέματος διπλής όψης - Xa-61,Κασετίνα ψαρέματος διπλής όψης - Xa-61A - 25x19x5.5cm - 31616,in stock,new,5.4 EUR,,https://www.tradesor.gr/wp-content/uploads/2023/06/c6bd8bb58b54f39180de31fc5a04e9c6.jpg,OEM,No Color,0.8,"Πλαστικό κουτί-κασετίνα διπλής όψης, ιδανικό για την αποθήκευση και μεταφορά των αξεσουάρ αλιείας σας, με πολλαπλές θήκες και διαχωριστικά.",ΕΙΔΗ ΑΛΙΕΙΑΣ>Κουτιά αποθήκευσης  θήκες μεταφοράς
94100,Κασετίνα ψαρέματος διπλής όψης - Xa-60,Κασετίνα ψαρέματος διπλής όψης - Xa-60C - 12.5x20x4cm - 31615,in stock,new,3.6 EUR,,https://www.tradesor.gr/wp-content/uploads/2023/06/f864633cefbb471248fb2f7f7afb62ac.jpg,OEM,No Color,0.8,"Πλαστικό κουτί-κασετίνα διπλής όψης, ιδανικό για την αποθήκευση και μεταφορά των αξεσουάρ αλιείας σας, με πολλαπλές θήκες και διαχωριστικά.",ΕΙΔΗ ΑΛΙΕΙΑΣ>Κουτιά αποθήκευσης  θήκες μεταφοράς
94103,Κασετίνα ψαρέματος διπλής όψης - Xa-60,Κασετίνα ψαρέματος διπλής όψης - Xa-60B - 14x20x4cm - 31614,in stock,new,4.5 EUR,,https://www.tradesor.gr/wp-content/uploads/2023/06/a75cd200a34160576abdab6b315bae58.jpg,OEM,No Color,0.8,"Πλαστικό κουτί-κασετίνα διπλής όψης, ιδανικό για την αποθήκευση και μεταφορά των αξεσουάρ αλιείας σας, με πολλαπλές θήκες και διαχωριστικά.",ΕΙΔΗ ΑΛΙΕΙΑΣ>Κουτιά αποθήκευσης  θήκες μεταφοράς
94106,Κασετίνα ψαρέματος διπλής όψης - Xa-60,Κασετίνα ψαρέματος διπλής όψης - Xa-60A - 17x20x4cm - 31613,in stock,new,5.4 EUR,,https://www.tradesor.gr/wp-content/uploads/2023/06/5d22ec966b668f9ac10033c30827eff2.jpg,OEM,No Color,0.8,"Πλαστικό κουτί-κασετίνα διπλής όψης, ιδανικό για την αποθήκευση και μεταφορά των αξεσουάρ αλιείας σας, με πολλαπλές θήκες και διαχωριστικά.",ΕΙΔΗ ΑΛΙΕΙΑΣ>Κουτιά αποθήκευσης  θήκες μεταφοράς
94109,Κασετίνα ψαρέματος διπλής όψης - Xa-31,Κασετίνα ψαρέματος διπλής όψης - Xa-31E - 31612,in stock,new,2.7 EUR,,https://www.tradesor.gr/wp-content/uploads/2023/06/d49f4a4781d694b955af116aa6457ef6.jpg,OEM,No Color,0.8,"Πλαστικό κουτί-κασετίνα διπλής όψης, ιδανικό για την αποθήκευση και μεταφορά των αξεσουάρ αλιείας σας, με πολλαπλές θήκες και διαχωριστικά.",ΕΙΔΗ ΑΛΙΕΙΑΣ>Κουτιά αποθήκευσης  θήκες μεταφοράς
94112,Κασετίνα ψαρέματος διπλής όψης - Xa-31,Κασετίνα ψαρέματος διπλής όψης - Xa-31D - 13.5x19.5x4cm - 31611,in stock,new,3.6 EUR,,https://www.tradesor.gr/wp-content/uploads/2023/06/28c423b77155e52b8f30a7b75ffc649c.jpg,OEM,No Color,0.8,"Πλαστικό κουτί-κασετίνα διπλής όψης, ιδανικό για την αποθήκευση και μεταφορά των αξεσουάρ αλιείας σας, με πολλαπλές θήκες και διαχωριστικά.",ΕΙΔΗ ΑΛΙΕΙΑΣ>Κουτιά αποθήκευσης  θήκες μεταφοράς
94118,Κασετίνα ψαρέματος διπλής όψης - Xa-31,Κασετίνα ψαρέματος διπλής όψης - Xa-31B - 31609,in stock,new,5.4 EUR,,,OEM,No Color,0.8,"Πλαστικό κουτί-κασετίνα διπλής όψης, ιδανικό για την αποθήκευση και μεταφορά των αξεσουάρ αλιείας σας, με πολλαπλές θήκες και διαχωριστικά.",ΕΙΔΗ ΑΛΙΕΙΑΣ>Κουτιά αποθήκευσης  θήκες μεταφοράς
94119,Κασετίνα ψαρέματος διπλής όψης - ZY-01,Κασετίνα ψαρέματος διπλής όψης - ZY-011 - 37x30x17cm - 31605,in stock,new,23.4 EUR,,https://www.tradesor.gr/wp-content/uploads/2023/06/a1f671b43c9b396cded9fd783863d4dc.jpg,OEM,No Color,3.0,"Πλαστικό κουτί-κασετίνα διπλής όψης, ιδανικό για την αποθήκευση και μεταφορά των αξεσουάρ αλιείας σας, με πολλαπλές θήκες και διαχωριστικά.",ΕΙΔΗ ΑΛΙΕΙΑΣ>Κουτιά αποθήκευσης  θήκες μεταφοράς
94122,Βαλιτσάκι ψαρέματος - Xa-35 - 31608,Βαλιτσάκι ψαρέματος - Xa-35 - 31608,in stock,new,21.6 EUR,,https://www.tradesor.gr/wp-content/uploads/2023/06/44ec5b23f8cf2779fcbb48b25aa592c5.jpg,OEM,No Color,3.0,,ΕΙΔΗ ΑΛΙΕΙΑΣ>Κουτιά αποθήκευσης  θήκες μεταφοράς
94125,Βαλιτσάκι ψαρέματος - Xa-51 - 31606,Βαλιτσάκι ψαρέματος - Xa-51 - 31606,in stock,new,6.3 EUR,,https://www.tradesor.gr/wp-content/uploads/2023/06/88f7cba474a58df54a4b9afa3e5d05a2.jpg,OEM,No Color,1.5,,ΕΙΔΗ ΑΛΙΕΙΑΣ>Κουτιά αποθήκευσης  θήκες μεταφοράς
94128,Κασετίνα ψαρέματος - Xa-50 - 31607,Κασετίνα ψαρέματος - Xa-50 - 31607,in stock,new,4.5 EUR,,https://www.tradesor.gr/wp-content/uploads/2023/06/280a26c15c391084da48ca0f946a0ee7.jpg,OEM,No Color,1.0,"Πλαστικό κουτί-κασετίνα, ιδανικό για την αποθήκευση και μεταφορά των αξεσουάρ αλιείας σας, με πολλαπλές θήκες και διαχωριστικά.",ΕΙΔΗ ΑΛΙΕΙΑΣ>Κουτιά αποθήκευσης  θήκες μεταφοράς
94131,Κασετίνα ψαρέματος - 30x20x6cm - 31604,Κασετίνα ψαρέματος - 30x20x6cm - 31604,in stock,new,5.4 EUR,,https://www.tradesor.gr/wp-content/uploads/2023/06/e386cc71b088722a5476b76ae7edad41.jpg,OEM,No Color,3.0,"Πλαστικό κουτί-κασετίνα, ιδανικό για την αποθήκευση και μεταφορά των αξεσουάρ αλιείας σας, με πολλαπλές θήκες και διαχωριστικά.",ΕΙΔΗ ΑΛΙΕΙΑΣ>Κουτιά αποθήκευσης  θήκες μεταφοράς
94143,Κασετίνα ψαρέματος 3 επιπέδων - 21x10x5.,Κασετίνα ψαρέματος 3 επιπέδων - 21x10x5.5cm - 31600,in stock,new,2.7 EUR,,https://www.tradesor.gr/wp-content/uploads/2023/06/d77782b7d4d7906161513a1cc60e46dc.jpg,OEM,No Color,1.0,"Πλαστικό κουτί-κασετίνα με 3 επίπεδα, ιδανικό για την αποθήκευση και μεταφορά των αξεσουάρ αλιείας σας, με πολλαπλές θήκες και διαχωριστικά.",ΕΙΔΗ ΑΛΙΕΙΑΣ>Κουτιά αποθήκευσης  θήκες μεταφοράς
94146,Κασετίνα ψαρέματος 3 επιπέδων - 24x15x6c,Κασετίνα ψαρέματος 3 επιπέδων - 24x15x6cm - 31599,in stock,new,4.5 EUR,,https://www.tradesor.gr/wp-content/uploads/2023/06/3bcb033ab66e66ed7d859408333d3588.jpg,OEM,No Color,1.0,"Πλαστικό κουτί-κασετίνα με 3 επίπεδα, ιδανικό για την αποθήκευση και μεταφορά των αξεσουάρ αλιείας σας, με πολλαπλές θήκες και διαχωριστικά.",ΕΙΔΗ ΑΛΙΕΙΑΣ>Κουτιά αποθήκευσης  θήκες μεταφοράς
94149,Κασετίνα ψαρέματος διπλής όψης - S0501,Κασετίνα ψαρέματος διπλής όψης - S0501 - 31597,in stock,new,1.44 EUR,,https://www.tradesor.gr/wp-content/uploads/2023/06/cb617081deaa590c2fe43aef9259b1f1.jpg,OEM,No Color,0.7,"Πλαστικό κουτί-κασετίνα διπλής όψης, ιδανικό για την αποθήκευση και μεταφορά των αξεσουάρ αλιείας σας, με πολλαπλές θήκες και διαχωριστικά.",ΕΙΔΗ ΑΛΙΕΙΑΣ>Κουτιά αποθήκευσης  θήκες μεταφοράς
94152,Κασετίνα ψαρέματος - S0506 - 31598,Κασετίνα ψαρέματος - S0506 - 31598,in stock,new,6.3 EUR,,https://www.tradesor.gr/wp-content/uploads/2023/06/079065673c722f41e44d9d7701cba162.jpg,OEM,No Color,0.7,"Πλαστικό κουτί-κασετίνα, ιδανικό για την αποθήκευση και μεταφορά των αξεσουάρ αλιείας σας, με πολλαπλές θήκες και διαχωριστικά.",ΕΙΔΗ ΑΛΙΕΙΑΣ>Κουτιά αποθήκευσης  θήκες μεταφοράς
94155,Κασετίνα ψαρέματος - S0502 - 31596,Κασετίνα ψαρέματος - S0502 - 31596,in stock,new,1.44 EUR,,https://www.tradesor.gr/wp-content/uploads/2023/06/fbb5b73ddeb00a47baf50a66d518ca01.jpg,OEM,No Color,0.7,"Πλαστικό κουτί-κασετίνα, ιδανικό για την αποθήκευση και μεταφορά των αξεσουάρ αλιείας σας, με πολλαπλές θήκες και διαχωριστικά.",ΕΙΔΗ ΑΛΙΕΙΑΣ>Κουτιά αποθήκευσης  θήκες μεταφοράς
94158,Κασετίνα ψαρέματος - S0504 - 31595,Κασετίνα ψαρέματος - S0504 - 31595,in stock,new,1.44 EUR,,https://www.tradesor.gr/wp-content/uploads/2023/06/c79f58bef9549f5d95690e801f9640f5.jpg,OEM,No Color,0.7,"Πλαστικό κουτί-κασετίνα, ιδανικό για την αποθήκευση και μεταφορά των αξεσουάρ αλιείας σας, με πολλαπλές θήκες και διαχωριστικά.",ΕΙΔΗ ΑΛΙΕΙΑΣ>Κουτιά αποθήκευσης  θήκες μεταφοράς
94161,Κασετίνα ψαρέματος - S0507 - 31594,Κασετίνα ψαρέματος - S0507 - 31594,in stock,new,4.5 EUR,,https://www.tradesor.gr/wp-content/uploads/2023/06/bb7ef4ac8ad8f61ae5eb2681be791b0d.jpg,OEM,No Color,0.7,"Πλαστικό κουτί-κασετίνα, ιδανικό για την αποθήκευση και μεταφορά των αξεσουάρ αλιείας σας, με πολλαπλές θήκες και διαχωριστικά.",ΕΙΔΗ ΑΛΙΕΙΑΣ>Κουτιά αποθήκευσης  θήκες μεταφοράς
94164,Κασετίνα ψαρέματος - S0509 - 31593,Κασετίνα ψαρέματος - S0509 - 31593,in stock,new,0.9 EUR,,https://www.tradesor.gr/wp-content/uploads/2023/06/97c13c7de120d2bcaa362c0805ca5658.jpg,OEM,No Color,0.7,"Πλαστικό κουτί-κασετίνα, ιδανικό για την αποθήκευση και μεταφορά των αξεσουάρ αλιείας σας, με πολλαπλές θήκες και διαχωριστικά.",ΕΙΔΗ ΑΛΙΕΙΑΣ>Κουτιά αποθήκευσης  θήκες μεταφοράς
94167,Κασετίνα ψαρέματος - S0511 - 31592,Κασετίνα ψαρέματος - S0511 - 31592,in stock,new,0.9 EUR,,https://www.tradesor.gr/wp-content/uploads/2023/06/dc8eb340534d397f850c508afad0cb10.jpg,OEM,No Color,0.7,"Πλαστικό κουτί-κασετίνα, ιδανικό για την αποθήκευση και μεταφορά των αξεσουάρ αλιείας σας, με πολλαπλές θήκες και διαχωριστικά.",ΕΙΔΗ ΑΛΙΕΙΑΣ>Κουτιά αποθήκευσης  θήκες μεταφοράς
94170,Κασετίνα ψαρέματος - S0513 - 31591,Κασετίνα ψαρέματος - S0513 - 31591,in stock,new,0.9 EUR,,,OEM,No Color,0.7,"Πλαστικό κουτί-κασετίνα, ιδανικό για την αποθήκευση και μεταφορά των αξεσουάρ αλιείας σας, με πολλαπλές θήκες και διαχωριστικά.",ΕΙΔΗ ΑΛΙΕΙΑΣ>Κουτιά αποθήκευσης  θήκες μεταφοράς
94171,Κασετίνα ψαρέματος - S0517 - 31590,Κασετίνα ψαρέματος - S0517 - 31590,in stock,new,1.8 EUR,,,OEM,No Color,0.7,"Πλαστικό κουτί-κασετίνα, ιδανικό για την αποθήκευση και μεταφορά των αξεσουάρ αλιείας σας, με πολλαπλές θήκες και διαχωριστικά.",ΕΙΔΗ ΑΛΙΕΙΑΣ>Κουτιά αποθήκευσης  θήκες μεταφοράς
94172,Κασετίνα ψαρέματος - S0520 - 31589,Κασετίνα ψαρέματος - S0520 - 31589,in stock,new,0.9 EUR,,https://www.tradesor.gr/wp-content/uploads/2023/06/e501770379b9637ac255e22f6319efd1.jpg,OEM,No Color,0.7,"Πλαστικό κουτί-κασετίνα, ιδανικό για την αποθήκευση και μεταφορά των αξεσουάρ αλιείας σας, με πολλαπλές θήκες και διαχωριστικά.",ΕΙΔΗ ΑΛΙΕΙΑΣ>Κουτιά αποθήκευσης  θήκες μεταφοράς
94175,Κασετίνα ψαρέματος - S0521 - 31588,Κασετίνα ψαρέματος - S0521 - 31588,in stock,new,2.7 EUR,,https://www.tradesor.gr/wp-content/uploads/2023/06/8f31e3577bd5b8c2d2f55c745b5f3f2f.jpg,OEM,No Color,0.7,"Πλαστικό κουτί-κασετίνα, ιδανικό για την αποθήκευση και μεταφορά των αξεσουάρ αλιείας σας, με πολλαπλές θήκες και διαχωριστικά.",ΕΙΔΗ ΑΛΙΕΙΑΣ>Κουτιά αποθήκευσης  θήκες μεταφοράς
94178,Κασετίνα ψαρέματος - S0522 - 31587,Κασετίνα ψαρέματος - S0522 - 31587,in stock,new,2.7 EUR,,https://www.tradesor.gr/wp-content/uploads/2023/06/e9f25f73c7e63573190b49de2458f644.jpg,OEM,No Color,0.7,"Πλαστικό κουτί-κασετίνα, ιδανικό για την αποθήκευση και μεταφορά των αξεσουάρ αλιείας σας, με πολλαπλές θήκες και διαχωριστικά.",ΕΙΔΗ ΑΛΙΕΙΑΣ>Κουτιά αποθήκευσης  θήκες μεταφοράς
94181,Κασετίνα ψαρέματος - S0524 - 31586,Κασετίνα ψαρέματος - S0524 - 31586,in stock,new,4.5 EUR,,https://www.tradesor.gr/wp-content/uploads/2023/06/f811aad9afd2546bd7c583380610c4cc.jpg,OEM,No Color,0.7,"Πλαστικό κουτί-κασετίνα, ιδανικό για την αποθήκευση και μεταφορά των αξεσουάρ αλιείας σας, με πολλαπλές θήκες και διαχωριστικά.",ΕΙΔΗ ΑΛΙΕΙΑΣ>Κουτιά αποθήκευσης  θήκες μεταφοράς
94184,Κασετίνα ψαρέματος - S0526 - 31585,Κασετίνα ψαρέματος - S0526 - 31585,in stock,new,2.7 EUR,,https://www.tradesor.gr/wp-content/uploads/2023/06/5a0568310edbb536505a91603f1c1210.jpg,OEM,No Color,0.7,"Πλαστικό κουτί-κασετίνα, ιδανικό για την αποθήκευση και μεταφορά των αξεσουάρ αλιείας σας, με πολλαπλές θήκες και διαχωριστικά.",ΕΙΔΗ ΑΛΙΕΙΑΣ>Κουτιά αποθήκευσης  θήκες μεταφοράς
94187,Κασετίνα ψαρέματος - S0528 - 31583,Κασετίνα ψαρέματος - S0528 - 31583,in stock,new,1.44 EUR,,https://www.tradesor.gr/wp-content/uploads/2023/06/7cf46893f10c534811cade344d9017e4.jpg,OEM,No Color,0.7,"Πλαστικό κουτί-κασετίνα, ιδανικό για την αποθήκευση και μεταφορά των αξεσουάρ αλιείας σας, με πολλαπλές θήκες και διαχωριστικά.",ΕΙΔΗ ΑΛΙΕΙΑΣ>Κουτιά αποθήκευσης  θήκες μεταφοράς
94190,Κασετίνα ψαρέματος - S0529 - 31582,Κασετίνα ψαρέματος - S0529 - 31582,in stock,new,2.7 EUR,,https://www.tradesor.gr/wp-content/uploads/2023/06/7d5ee9b98b079c840250c9af3432638d.jpg,OEM,No Color,0.7,"Πλαστικό κουτί-κασετίνα, ιδανικό για την αποθήκευση και μεταφορά των αξεσουάρ αλιείας σας, με πολλαπλές θήκες και διαχωριστικά.",ΕΙΔΗ ΑΛΙΕΙΑΣ>Κουτιά αποθήκευσης  θήκες μεταφοράς
94193,Κασετίνα ψαρέματος - S0536 - 31580,Κασετίνα ψαρέματος - S0536 - 31580,in stock,new,0.9 EUR,,https://www.tradesor.gr/wp-content/uploads/2023/06/d8418955b72a6677de662393eeeebdcc.jpg,OEM,No Color,0.7,"Πλαστικό κουτί-κασετίνα, ιδανικό για την αποθήκευση και μεταφορά των αξεσουάρ αλιείας σας, με πολλαπλές θήκες και διαχωριστικά.",ΕΙΔΗ ΑΛΙΕΙΑΣ>Κουτιά αποθήκευσης  θήκες μεταφοράς
94196,Κασετίνα ψαρέματος - S0540 - 31579,Κασετίνα ψαρέματος - S0540 - 31579,in stock,new,2.7 EUR,,https://www.tradesor.gr/wp-content/uploads/2023/06/0a48b1da2fb8d383d6219fb5e093731f.jpg,OEM,No Color,0.7,"Πλαστικό κουτί-κασετίνα, ιδανικό για την αποθήκευση και μεταφορά των αξεσουάρ αλιείας σας, με πολλαπλές θήκες και διαχωριστικά.",ΕΙΔΗ ΑΛΙΕΙΑΣ>Κουτιά αποθήκευσης  θήκες μεταφοράς
94199,Κασετίνα ψαρέματος - S0541 - 31578,Κασετίνα ψαρέματος - S0541 - 31578,in stock,new,2.7 EUR,,https://www.tradesor.gr/wp-content/uploads/2023/06/011b7bda281d9dae7d95ef8d4b8b19da.jpg,OEM,No Color,0.7,"Πλαστικό κουτί-κασετίνα, ιδανικό για την αποθήκευση και μεταφορά των αξεσουάρ αλιείας σας, με πολλαπλές θήκες και διαχωριστικά.",ΕΙΔΗ ΑΛΙΕΙΑΣ>Κουτιά αποθήκευσης  θήκες μεταφοράς
94202,Κασετίνα ψαρέματος - S0546 - 31577,Κασετίνα ψαρέματος - S0546 - 31577,in stock,new,0.9 EUR,,https://www.tradesor.gr/wp-content/uploads/2023/06/ebab468e8136e770709dbc55766b97f1.jpg,OEM,No Color,0.7,"Πλαστικό κουτί-κασετίνα, ιδανικό για την αποθήκευση και μεταφορά των αξεσουάρ αλιείας σας, με πολλαπλές θήκες και διαχωριστικά.",ΕΙΔΗ ΑΛΙΕΙΑΣ>Κουτιά αποθήκευσης  θήκες μεταφοράς
94205,Κασετίνα ψαρέματος - S0547 - 31576,Κασετίνα ψαρέματος - S0547 - 31576,in stock,new,0.9 EUR,,https://www.tradesor.gr/wp-content/uploads/2023/06/da932c816ab4bbc9e99fc09795907416.jpg,OEM,No Color,0.7,"Πλαστικό κουτί-κασετίνα, ιδανικό για την αποθήκευση και μεταφορά των αξεσουάρ αλιείας σας, με πολλαπλές θήκες και διαχωριστικά.",ΕΙΔΗ ΑΛΙΕΙΑΣ>Κουτιά αποθήκευσης  θήκες μεταφοράς
94208,Κασετίνα ψαρέματος - S0553 - 31575,Κασετίνα ψαρέματος - S0553 - 31575,in stock,new,2.7 EUR,,https://www.tradesor.gr/wp-content/uploads/2023/06/b902c32a16376eab6aca3c86bdfea383.jpg,OEM,No Color,0.7,"Πλαστικό κουτί-κασετίνα, ιδανικό για την αποθήκευση και μεταφορά των αξεσουάρ αλιείας σας, με πολλαπλές θήκες και διαχωριστικά.",ΕΙΔΗ ΑΛΙΕΙΑΣ>Κουτιά αποθήκευσης  θήκες μεταφοράς
94211,Κασετίνα ψαρέματος - S0532 - 31574,Κασετίνα ψαρέματος - S0532 - 31574,in stock,new,1.8 EUR,,https://www.tradesor.gr/wp-content/uploads/2023/06/e1477feb11b0013e46fb5009ce14adfd.jpg,OEM,No Color,0.7,"Πλαστικό κουτί-κασετίνα, ιδανικό για την αποθήκευση και μεταφορά των αξεσουάρ αλιείας σας, με πολλαπλές θήκες και διαχωριστικά.",ΕΙΔΗ ΑΛΙΕΙΑΣ>Κουτιά αποθήκευσης  θήκες μεταφοράς
94214,Κασετίνα ψαρέματος - S0533 - 31573,Κασετίνα ψαρέματος - S0533 - 31573,in stock,new,2.7 EUR,,https://www.tradesor.gr/wp-content/uploads/2023/06/b09b3b6691d9e93eac0380018cd3503d.jpg,OEM,No Color,0.7,"Πλαστικό κουτί-κασετίνα, ιδανικό για την αποθήκευση και μεταφορά των αξεσουάρ αλιείας σας, με πολλαπλές θήκες και διαχωριστικά.",ΕΙΔΗ ΑΛΙΕΙΑΣ>Κουτιά αποθήκευσης  θήκες μεταφοράς
94217,Κασετίνα ψαρέματος - S0406 - 48cm - 31572,Κασετίνα ψαρέματος - S0406 - 48cm - 31572,in stock,new,8.1 EUR,,https://www.tradesor.gr/wp-content/uploads/2023/06/d46b3cc92718ac0931acad3fc757ad86.jpg,OEM,No Color,3.0,"Πλαστικό κουτί-κασετίνα, ιδανικό για την αποθήκευση και μεταφορά των αξεσουάρ αλιείας σας, με πολλαπλές θήκες και διαχωριστικά.",ΕΙΔΗ ΑΛΙΕΙΑΣ>Κουτιά αποθήκευσης  θήκες μεταφοράς
94220,Κασετίνα ψαρέματος - S0407 - 31571,Κασετίνα ψαρέματος - S0407 - 31571,in stock,new,6.3 EUR,,,OEM,No Color,2.0,"Πλαστικό κουτί-κασετίνα, ιδανικό για την αποθήκευση και μεταφορά των αξεσουάρ αλιείας σας, με πολλαπλές θήκες και διαχωριστικά.",ΕΙΔΗ ΑΛΙΕΙΑΣ>Κουτιά αποθήκευσης  θήκες μεταφοράς
94221,Κασετίνα ψαρέματος - S0408 - 43cm - 31570,Κασετίνα ψαρέματος - S0408 - 43cm - 31570,in stock,new,9 EUR,,https://www.tradesor.gr/wp-content/uploads/2023/06/8c8f9e7b6ab9b6b5343ebc206775ef2d.jpg,OEM,No Color,3.0,"Πλαστικό κουτί-κασετίνα, ιδανικό για την αποθήκευση και μεταφορά των αξεσουάρ αλιείας σας, με πολλαπλές θήκες και διαχωριστικά.",ΕΙΔΗ ΑΛΙΕΙΑΣ>Κουτιά αποθήκευσης  θήκες μεταφοράς
94224,Κασετίνα ψαρέματος - Βαλιτσάκι - S0401 ,Κασετίνα ψαρέματος - Βαλιτσάκι - S0401 - 31569,in stock,new,9.9 EUR,,https://www.tradesor.gr/wp-content/uploads/2023/06/b3108c7ae35e49502be4c04dfb02488c.jpg,OEM,No Color,3.0,,ΕΙΔΗ ΑΛΙΕΙΑΣ>Κουτιά αποθήκευσης  θήκες μεταφοράς
94227,Κασετίνα ψαρέματος - Βαλίτσα - 42.5x25x28,Κασετίνα ψαρέματος - Βαλίτσα - 42.5x25x28cm - 31568,in stock,new,45 EUR,,https://www.tradesor.gr/wp-content/uploads/2023/06/bb75dfd358b5014024aadad0b0ff759b.jpg,OEM,No Color,3.0,,ΕΙΔΗ ΑΛΙΕΙΑΣ>Κουτιά αποθήκευσης  θήκες μεταφοράς
94230,Κασετίνα ψαρέματος - Βαλίτσα - 31x23x23.5,Κασετίνα ψαρέματος - Βαλίτσα - 31x23x23.5cm - 31567,in stock,new,36 EUR,,https://www.tradesor.gr/wp-content/uploads/2023/06/1503efdffb974d5fa2a5c05143786aa0.jpg,OEM,No Color,3.0,,ΕΙΔΗ ΑΛΙΕΙΑΣ>Κουτιά αποθήκευσης  θήκες μεταφοράς
94233,Εξωτερική βάση καλαμιού για κασετί�,Εξωτερική βάση καλαμιού για κασετίνα ψαρέματος - 33cm - 31566,in stock,new,10.8 EUR,,https://www.tradesor.gr/wp-content/uploads/2023/06/22b31aafde40b2179c3a435dac1444d0.jpg,OEM,No Color,1.0,,ΕΙΔΗ ΑΛΙΕΙΑΣ>Κουτιά αποθήκευσης  θήκες μεταφοράς
94236,Εξωτερική βάση καλαμιού για κασετί�,Εξωτερική βάση καλαμιού για κασετίνα ψαρέματος - 28.5cm - 31565,in stock,new,8.1 EUR,,https://www.tradesor.gr/wp-content/uploads/2023/06/b8c956cfa1603f08818b7c9990d997e4.jpg,OEM,No Color,1.0,,ΕΙΔΗ ΑΛΙΕΙΑΣ>Κουτιά αποθήκευσης  θήκες μεταφοράς
94239,Ποτηροθήκη με κλιπ για κασετίνα ψαρ,Ποτηροθήκη με κλιπ για κασετίνα ψαρέματος - 31564,in stock,new,4.5 EUR,,https://www.tradesor.gr/wp-content/uploads/2023/06/ab441c15a758311af7885869b64af46e.jpg,OEM,No Color,0.4,,ΕΙΔΗ ΑΛΙΕΙΑΣ>Κουτιά αποθήκευσης  θήκες μεταφοράς
94242,Πτυσσόμενη ποτηροθήκη με κλιπ για κ,Πτυσσόμενη ποτηροθήκη με κλιπ για κασετίνα ψαρέματος - 31563,in stock,new,8.1 EUR,,https://www.tradesor.gr/wp-content/uploads/2023/06/c7306114f875682282175746e177d7a0.jpg,OEM,No Color,0.4,,ΕΙΔΗ ΑΛΙΕΙΑΣ>Κουτιά αποθήκευσης  θήκες μεταφοράς
95278,Δοχείο αποθήκευσης & συντήρησης ψαρ,Δοχείο αποθήκευσης & συντήρησης ψαριών - 50cm - 31547,in stock,new,12.6 EUR,,https://www.tradesor.gr/wp-content/uploads/2023/06/12c8e8961076f1bfae05710b5f81c1eb.jpg,OEM,No Color,5.0,Δοχείο εύκολης αποθήκευσης ψαριών που μπορεί να γεμίσει νερό για την καλύτερη συντήρηση της φρεσκάδας των ψαριών σας κατά τη μεταφορά. Διαθέτει άνοιγμα με δίχτυ για να αναπνέει το εσωτερικό και εργονομικές λαβές και λουρί μεταφοράς.,ΕΙΔΗ ΑΛΙΕΙΑΣ>Κουτιά αποθήκευσης  θήκες μεταφοράς
95281,Δοχείο αποθήκευσης & συντήρησης ψαρ,Δοχείο αποθήκευσης & συντήρησης ψαριών - 40cm - 31546,in stock,new,10.8 EUR,,https://www.tradesor.gr/wp-content/uploads/2023/06/3a2565150068a883a2a289883cd72761.jpg,OEM,No Color,5.0,Δοχείο εύκολης αποθήκευσης ψαριών που μπορεί να γεμίσει νερό για την καλύτερη συντήρηση της φρεσκάδας των ψαριών σας κατά τη μεταφορά. Διαθέτει άνοιγμα με δίχτυ για να αναπνέει το εσωτερικό και εργονομικές λαβές και λουρί μεταφοράς.,ΕΙΔΗ ΑΛΙΕΙΑΣ>Κουτιά αποθήκευσης  θήκες μεταφοράς
95284,Δοχείο αποθήκευσης & συντήρησης ψαρ,Δοχείο αποθήκευσης & συντήρησης ψαριών - 30cm - 31545,in stock,new,6.3 EUR,,https://www.tradesor.gr/wp-content/uploads/2023/06/bd61e07e140bb8c3a4ccf0b65b8691e5.jpg,OEM,No Color,4.0,Δοχείο εύκολης αποθήκευσης ψαριών που μπορεί να γεμίσει νερό για την καλύτερη συντήρηση της φρεσκάδας των ψαριών σας κατά τη μεταφορά. Διαθέτει άνοιγμα με δίχτυ για να αναπνέει το εσωτερικό και εργονομικές λαβές και λουρί μεταφοράς.,ΕΙΔΗ ΑΛΙΕΙΑΣ>Κουτιά αποθήκευσης  θήκες μεταφοράς
95287,Δοχείο αποθήκευσης & συντήρησης ψαρ,Δοχείο αποθήκευσης & συντήρησης ψαριών - Κουβάς - 30cm - 31543,in stock,new,9.9 EUR,,https://www.tradesor.gr/wp-content/uploads/2023/06/dd9fb70294179bee32d3df130664b56d.jpg,OEM,No Color,4.0,Δοχείο εύκολης αποθήκευσης ψαριών που μπορεί να γεμίσει νερό για την καλύτερη συντήρηση της φρεσκάδας των ψαριών σας κατά τη μεταφορά. Διαθέτει άνοιγμα με δίχτυ για να αναπνέει το εσωτερικό και εργονομικό λουρί μεταφοράς.,ΕΙΔΗ ΑΛΙΕΙΑΣ>Κουτιά αποθήκευσης  θήκες μεταφοράς
95387,Πλήρες σετ ψαρέματος με κασετίνα - 31,Πλήρες σετ ψαρέματος με κασετίνα - 31503,in stock,new,19.8 EUR,,https://www.tradesor.gr/wp-content/uploads/2023/06/feaeed6d15dd82b40332f0ca4f48603f.jpg,OEM,No Color,2.0,"Σετ ψαρέματος με καλάμι τηλεσκοπικό, μηχανάκι και πλήρες σετ αξεσουάρ αλιείας σε ειδική, πλαστική κασετίνα μεταφοράς, ιδανικό για αρχάριους.",ΕΙΔΗ ΑΛΙΕΙΑΣ>Κουτιά αποθήκευσης  θήκες μεταφοράς
95390,Πλήρες σετ ψαρέματος με κασετίνα - 31,Πλήρες σετ ψαρέματος με κασετίνα - 31502,in stock,new,18 EUR,,https://www.tradesor.gr/wp-content/uploads/2023/06/604d395158561053a163321e4e571ec5.jpg,OEM,No Color,2.0,"Σετ ψαρέματος με καλάμι τηλεσκοπικό, μηχανάκι και πλήρες σετ αξεσουάρ αλιείας σε ειδική, πλαστική κασετίνα μεταφοράς, ιδανικό για αρχάριους.",ΕΙΔΗ ΑΛΙΕΙΑΣ>Κουτιά αποθήκευσης  θήκες μεταφοράς
95393,Πλήρες σετ ψαρέματος με κασετίνα - 31,Πλήρες σετ ψαρέματος με κασετίνα - 31501,in stock,new,18 EUR,,https://www.tradesor.gr/wp-content/uploads/2023/06/28d1651f27046fd191f8f641c01b5cdf.jpg,OEM,No Color,2.0,"Σετ ψαρέματος με καλάμι τηλεσκοπικό, μηχανάκι και πλήρες σετ αξεσουάρ αλιείας σε ειδική, πλαστική κασετίνα μεταφοράς, ιδανικό για αρχάριους.",ΕΙΔΗ ΑΛΙΕΙΑΣ>Κουτιά αποθήκευσης  θήκες μεταφοράς
