id,title,description,availability,condition,price,link,image_link,brand,color,shipping_weight,rich_text_description,fb_product_category
61001,Αισθητήρες παρκαρίσματος - 240611 - 4pcs -,Αισθητήρες παρκαρίσματος - 240611 - 4pcs - 420257,in stock,new,10.8 EUR,,https://www.tradesor.gr/wp-content/uploads/2023/05/420257.jpg,OEM,No Color,0.7,"Διαθέτει τρίχρωμη οθόνη για να βλέπετε πόσο κοντά είστε στο εμπόδιο.
Διαθέτει και ακουστική προειδοποίηση η οποία δυναμώνει σε ένταση όταν το αυτοκίνητο πλησιάζει κοντύτερα από το 1,5μ.
Αυτόματη ενεργοποίηση με τη χρήση της όπισθεν.
Τάση λειτουργίας: 9 ~ 16 V DC
Απόσταση εντοπισμού: 0,2m – 1.5m
Θερμοκρασία λειτουργίας: -30 ~ +70 βαθμούς κελσίου
Διάμετρος αισθητήρων: 22mm",AUTO-MOTO-BIKE>Είδη αυτοκινήτου>Αισθητήρες Παρκαρίσματος
