id,title,description,availability,condition,price,link,image_link,brand,color,shipping_weight,rich_text_description,fb_product_category
36792,Επαναφορτιζόμενο ραδιόφωνο Retro - M115-,Επαναφορτιζόμενο ραδιόφωνο Retro - M115-BT - 861152,in stock,new,23.4 EUR,,https://www.tradesor.gr/wp-content/uploads/2023/04/1702_861152-1.jpg,OEM,No Color,0.7,"<p>Φορητό ραδιόφωνο με υψηλή ποιότητα στερεοφωνικού ήχου, σε πανέμορφο Retro σχεδιασμό για τους λάτρεις του Vintage στυλ.</p><p><strong>Χαρακτηριστικά</strong>:</p><ul><li>Ραδιόφωνο FM/AM/SW1-8 10 Band radio</li><li>Θύρες: USB/SD/TF Card</li><li>Bluetooth</li><li>Ισχύς: DC 6V</li><li>Τάση: AC 220V – Charger</li><li>Διαθέτει xερούλι μεταφοράς.</li><li>Διαθέτει τηλεχειριστήριο</li></ul>",ΕΙΔΗ ΤΕΧΝΟΛΟΓΙΑΣ>Ραδιόφωνα  Ηχεία>Ραδιόφωνα Retro
37001,Επαναφορτιζόμενο ραδιόφωνο Retro - M-113,Επαναφορτιζόμενο ραδιόφωνο Retro - M-113-BT - 861138,in stock,new,25.2 EUR,,https://www.tradesor.gr/wp-content/uploads/2023/04/1702_861138-1.jpg,OEM,No Color,0.5,"<div class=""summary""><div class=""description auto-description""><p class=""main"">Το επιτραπέζιο ραδιόφωνο έχει αναλογικό χειρισμό για να αλλάζετε ραδιοφωνικούς σταθμούς χρησιμοποιώντας την κλασική ροδέλα και κλασικό ρετρό στυλ που θυμίζει μια παλαιότερη εποχή. Επιπλέον διαθέτει υποδοχή AUX για να συνδέσετε ενσύρματα συσκευές όπως mp3 και iPod.</p><p><strong>Χαρακτηριστικά</strong>:</p><ul class=""columns-list""><li>Τύπος Δέκτη: Αναλογικό</li><li>Υποστηριζόμενες Συχνότητες: AM, FM, SW</li><li>Συνδεσιμότητα: AUX, USB</li><li>Bluetooth</li><li>Ειδικά Χαρακτηριστικά: Retro, Ενσωματωμένα Ηχεία, Κάρτα Μνήμης</li><li>Τροφοδοσία: Επαναφορτιζόμενο</li><li>Διαθέτει τηλεχειριστήριο</li></ul></div></div>",ΕΙΔΗ ΤΕΧΝΟΛΟΓΙΑΣ>Ραδιόφωνα  Ηχεία>Ραδιόφωνα Retro
37106,Επαναφορτιζόμενο ραδιόφωνο Retro - M-529,Επαναφορτιζόμενο ραδιόφωνο Retro - M-529-BT - 105296,in stock,new,16.2 EUR,,https://www.tradesor.gr/wp-content/uploads/2023/04/105296_1511-1.jpg,OEM,No Color,0.3,"<div class=""summary""><div class=""description auto-description""><p class=""main"">Φορητό ραδιόφωνο με υψηλή ποιότητα στερεοφωνικού ήχου, σε πανέμορφο Retro σχεδιασμό για τους λάτρεις του Vintage στυλ. Διαθέτει ηλιακό πάνελ στο επάνω μέρος για έξτρα αυτονομία μπαταρίας.</p><p><strong>Χαρακτηριστικά:</strong></p><ul class=""columns-list""><li>Τύπος Δέκτη: Αναλογικό</li><li>Bluetooth</li><li>Υποστηριζόμενες Συχνότητες: AM, FM, SW</li><li>Συνδεσιμότητα: USB</li><li>Ειδικά Χαρακτηριστικά: Retro, Κάρτα Μνήμης</li><li>Τροφοδοσία: Επαναφορτιζόμενο</li></ul></div></div>",ΕΙΔΗ ΤΕΧΝΟΛΟΓΙΑΣ>Ραδιόφωνα  Ηχεία>Ραδιόφωνα Retro
37109,Επαναφορτιζόμενο ραδιόφωνο Retro - MD-50,Επαναφορτιζόμενο ραδιόφωνο Retro - MD-506-BT - 865061,in stock,new,23.4 EUR,,https://www.tradesor.gr/wp-content/uploads/2023/04/0504_865061-1.jpg,OEM,No Color,0.3,"<p>Φορητό ραδιόφωνο με υψηλή ποιότητα στερεοφωνικού ήχου, σε πανέμορφο Retro σχεδιασμό για τους λάτρεις του Vintage στυλ.</p><p><strong>Χαρακτηριστικά:</strong></p><ul class=""two-columns-list""><li>Συχνότητες: AM / FM</li><li>FM/MW/SW 3 Band</li><li>Είσοδος USB</li><li>Bluetooth</li><li>Υποστήριξη κάρτας μνήμης</li><li>Μπαταρία: 1200MA Li battery</li></ul><div class=""notranslate"" style=""all: initial;""> </div>",ΕΙΔΗ ΤΕΧΝΟΛΟΓΙΑΣ>Ραδιόφωνα  Ηχεία>Ραδιόφωνα Retro
37307,Επαναφορτιζόμενο ραδιόφωνο Retro - MD505,Επαναφορτιζόμενο ραδιόφωνο Retro - MD505-BT - 865054,in stock,new,23.4 EUR,,https://www.tradesor.gr/wp-content/uploads/2023/04/865054.png,OEM,No Color,0.6,"<p>Φορητό ραδιόφωνο με υψηλή ποιότητα στερεοφωνικού ήχου, σε πανέμορφο Retro σχεδιασμό για τους λάτρεις του Vintage στυλ.</p><p><strong>Χαρακτηριστικά:</strong></p><p><span class=""VIiyi"" lang=""el""><span class=""JLqJ4b ChMk0b"" data-language-for-alternatives=""el"" data-language-to-translate-into=""ru"" data-phrase-index=""0"" data-number-of-phrases=""20"">Διαθέτει υποδοχή USB και TF, Bluetooth</span>, ραδιόφωνο <span class=""JLqJ4b ChMk0b"" data-language-for-alternatives=""el"" data-language-to-translate-into=""ru"" data-phrase-index=""2"" data-number-of-phrases=""20"">FM, AM, SW, δυνατό </span><span class=""JLqJ4b ChMk0b"" data-language-for-alternatives=""el"" data-language-to-translate-into=""ru"" data-phrase-index=""4"" data-number-of-phrases=""20"">ηχείο και υποδοχή j</span><span class=""JLqJ4b ChMk0b"" data-language-for-alternatives=""el"" data-language-to-translate-into=""ru"" data-phrase-index=""8"" data-number-of-phrases=""20"">ack 3.5mm.</span> Διαθέτει επαναφορτιζόμενη <span class=""JLqJ4b ChMk0b"" data-language-for-alternatives=""el"" data-language-to-translate-into=""ru"" data-phrase-index=""10"" data-number-of-phrases=""20"">μπαταρία</span> <span class=""JLqJ4b ChMk0b"" data-language-for-alternatives=""el"" data-language-to-translate-into=""ru"" data-phrase-index=""12"" data-number-of-phrases=""20"">5V.</span><br /></span></p><p>Η μπαταρία φορτίζεται πλήρως στις 3 ώρες και η διάρκεια χρήσης είναι έως και 5-6 ώρες.</p>",ΕΙΔΗ ΤΕΧΝΟΛΟΓΙΑΣ>Ραδιόφωνα  Ηχεία>Ραδιόφωνα Retro
37308,Επαναφορτιζόμενο ραδιόφωνο Retro - M530-,Επαναφορτιζόμενο ραδιόφωνο Retro - M530-BTS - 105302,in stock,new,16.2 EUR,,https://www.tradesor.gr/wp-content/uploads/2023/04/105302.png,OEM,No Color,0.5,"<p>Φορητό ραδιόφωνο με υψηλή ποιότητα στερεοφωνικού ήχου, σε πανέμορφο Retro σχεδιασμό για τους λάτρεις του Vintage στυλ.</p><p><strong>Xαρακτηριστικά:</strong></p><ul><li>Bluetooth</li><li>Διαθέτει μπάντες ραδιοφώνου am/fm/sw</li><li>Δέχεται aux και jack</li><li>Τάση: 220V/50 mHz - 3V</li><li>Έχει υποδοχές για sd και usb</li><li>Βάρος: 0.591 kg</li></ul>",ΕΙΔΗ ΤΕΧΝΟΛΟΓΙΑΣ>Ραδιόφωνα  Ηχεία>Ραδιόφωνα Retro
37311,Επαναφορτιζόμενο ραδιόφωνο Retro - M1912,Επαναφορτιζόμενο ραδιόφωνο Retro - M1912-BT - 119125,in stock,new,27 EUR,,https://www.tradesor.gr/wp-content/uploads/2023/04/119125.png,OEM,No Color,0.6,"<p>Φορητό ραδιόφωνο με υψηλή ποιότητα στερεοφωνικού ήχου, σε πανέμορφο Retro σχεδιασμό για τους λάτρεις του Vintage στυλ.</p><p><strong>Χαρακτηριστικά:</strong></p><p><span class=""VIiyi"" lang=""el""><span class=""JLqJ4b ChMk0b"" data-language-for-alternatives=""el"" data-language-to-translate-into=""ru"" data-phrase-index=""0"" data-number-of-phrases=""20"">Διαθέτει υποδοχή USB και TF, Bluetooth 5.0</span>, ραδιόφωνο <span class=""JLqJ4b ChMk0b"" data-language-for-alternatives=""el"" data-language-to-translate-into=""ru"" data-phrase-index=""2"" data-number-of-phrases=""20"">FM, AM, SW, δυνατό </span><span class=""JLqJ4b ChMk0b"" data-language-for-alternatives=""el"" data-language-to-translate-into=""ru"" data-phrase-index=""4"" data-number-of-phrases=""20"">ηχείο και υποδοχή j</span><span class=""JLqJ4b ChMk0b"" data-language-for-alternatives=""el"" data-language-to-translate-into=""ru"" data-phrase-index=""8"" data-number-of-phrases=""20"">ack 3.5mm.</span> <br />Διαθέτει επαναφορτιζόμενη <span class=""JLqJ4b ChMk0b"" data-language-for-alternatives=""el"" data-language-to-translate-into=""ru"" data-phrase-index=""10"" data-number-of-phrases=""20"">μπαταρία</span> <span class=""JLqJ4b ChMk0b"" data-language-for-alternatives=""el"" data-language-to-translate-into=""ru"" data-phrase-index=""12"" data-number-of-phrases=""20"">5V.</span><br /></span></p><p>Η μπαταρία φορτίζεται πλήρως στις 3 ώρες και η διάρκεια χρήσης είναι έως και 5-6 ώρες.</p>",ΕΙΔΗ ΤΕΧΝΟΛΟΓΙΑΣ>Ραδιόφωνα  Ηχεία>Ραδιόφωνα Retro
37353,Επαναφορτιζόμενο ραδιόφωνο Retro - M-191,Επαναφορτιζόμενο ραδιόφωνο Retro - M-1917-BT - 119176,in stock,new,32.4 EUR,,https://www.tradesor.gr/wp-content/uploads/2023/04/119176.png,OEM,No Color,0.5,"<p>Φορητό ραδιόφωνο σε πανέμορφο Retro σχεδιασμό για τους λάτρεις του Vintage στυλ. Προσφέρει υψηλή ποιότητα ήχου χάρη στα στερεοφωνικά ηχεία του ενώ η πτυσσόμενη κεραία του, παρέχει σταθερό ραδιοφωνικό σήμα.<br />Μπορείτε να πάρετε την αγαπημένη σας μουσική παντού, καθώς είναι πρακτικό και εύκολο στη μεταφορά.</p><p><strong>Χαρακτηριστικά:</strong></p><p>Eνσωματωμένη επαναφορτιζόμενη μπαταρία.<br />Διαθέτει Bluetooth και θύρες USB και κάρτας μνήμης TF.</p><p> </p><p><strong> </strong></p>",ΕΙΔΗ ΤΕΧΝΟΛΟΓΙΑΣ>Ραδιόφωνα  Ηχεία>Ραδιόφωνα Retro
37479,Επαναφορτιζόμενο ραδιόφωνο Retro - M1705,Επαναφορτιζόμενο ραδιόφωνο Retro - M1705-BT - 017056,in stock,new,41.4 EUR,,https://www.tradesor.gr/wp-content/uploads/2023/04/017056.jpg,OEM,No Color,0.5,"<p>Φορητό ραδιόφωνο σε πανέμορφο Retro σχεδιασμό για τους λάτρεις του Vintage στυλ. Προσφέρει υψηλή ποιότητα ήχου χάρη στα στερεοφωνικά ηχεία του ενώ η πτυσσόμενη κεραία του, παρέχει σταθερό ραδιοφωνικό σήμα.<br />Μπορείτε να πάρετε την αγαπημένη σας μουσική παντού, καθώς είναι πρακτικό και εύκολο στη μεταφορά.</p><p>Χαρακτηριστικά:</p><p>Eνσωματωμένη επαναφορτιζόμενη μπαταρία<br />Radio bands: AM, FM, SW<br />Tuner: Αναλογικό<br />Δέχεται: USB/SD/MMC/Jack 3.5mm <br />Διαθέτει: Bluetooth 4.1<br />Μπαταρία: Type-D (Χ2)<br />Power: DC 5V<br />Διαστάσεις: 200x80x110mm</p>",ΕΙΔΗ ΤΕΧΝΟΛΟΓΙΑΣ>Ραδιόφωνα  Ηχεία>Ραδιόφωνα Retro
37522,Επαναφορτιζόμενο ραδιόφωνο Retro - MU-11,Επαναφορτιζόμενο ραδιόφωνο Retro - MU-115BT - 121155 - Gold,in stock,new,25.2 EUR,,https://www.tradesor.gr/wp-content/uploads/2023/04/121155.jpg,OEM,No Color,0.6,"<p>Φορητό ραδιόφωνο σε πανέμορφο Retro σχεδιασμό για τους λάτρεις του Vintage στυλ. Προσφέρει υψηλή ποιότητα ήχου χάρη στα στερεοφωνικά ηχεία του ενώ η πτυσσόμενη κεραία του, παρέχει σταθερό ραδιοφωνικό σήμα.<br />Μπορείτε να πάρετε την αγαπημένη σας μουσική παντού, καθώς είναι πρακτικό και εύκολο στη μεταφορά.</p><p><strong><span title=""Caracteristici tehnice:     "">Χαρακτηριστικά:</span></strong></p><ul><li><span title=""FM, AM si SW3     "">MP3, FM, AM και SW3(παγκοσμίου λήψεως)<br /></span></li><li><span title=""Redare fisiere Mp3 de pe USB, card SD/TF     "">Αναπαραγωγή αρχείων Mp3 από κάρτα USB, SD / TF<br /></span></li><li>Στερεοφωνικός ήχος</li><li><span title=""Baterie reincarcabila incorporata     "">Ενσωματωμένη επαναφορτιζόμενη μπαταρία</span></li><li><span title=""Baterie reincarcabila incorporata     "">Μπορεί να λειτουργήσει με 2 μπαταρίες UM-11</span></li><li><span title=""Baterie reincarcabila incorporata     "">Φόρτιση με καλώδιο (περιλαμβάνεται)</span></li><li><span title=""Baterie reincarcabila incorporata     "">Φόρτιση με απλό καλώδιο microUSB από θύρα DC 5V (καλώδιο δεν περιλαμβάνεται)<br /></span></li><li><span title=""Intrare Aux in     "">Είσοδος Aux in</span></li><li><span title=""Dimensiuni: 23x13x9 cm"">Διαστάσεις: 23x13x9 εκ<br /><strong><br />Πλήκτρα & υποδοχές:</strong><br /></span></li><li class=""class"">Πλήκτρα: αναπαραγωγή/παύση, προηγούμενο, επόμενο, mode,</li><li class=""class"">Led ένδειξη φόρτισης</li><li class=""class"">Ροοστατικοί διακόπτες με φωτιζόμενο στεφάνι</li><li class=""class"">Υποδοχές: microUSB, USB, mmc/sd, 3.5mm jack line in.</li></ul>",ΕΙΔΗ ΤΕΧΝΟΛΟΓΙΑΣ>Ραδιόφωνα  Ηχεία>Ραδιόφωνα Retro
37723,Επαναφορτιζόμενο ραδιόφωνο Retro - M1925,Επαναφορτιζόμενο ραδιόφωνο Retro - M1925BT - Meier - 019256,in stock,new,18 EUR,,https://www.tradesor.gr/wp-content/uploads/2023/04/019256.png,OEM,No Color,1.2,"<p class=""main"">Φορητό ραδιόφωνο με υψηλή ποιότητα στερεοφωνικού ήχου, σε πανέμορφο Retro σχεδιασμό για τους λάτρεις του Vintage στυλ.</p><p><strong>Χαρακτηριστικά:</strong></p><ul class=""columns-list""><li>Τύπος Δέκτη: Αναλογικό</li><li>Bluetooth</li><li>Υποστηριζόμενες Συχνότητες: AM, FM, SW</li><li>Συνδεσιμότητα: USB</li><li>Υποδοχή για Κάρτα Μνήμης</li><li>Τροφοδοσία: Επαναφορτιζόμενο με διάρκεια φόρτισης 3 ώρες και διάρκεια συνεχόμενης χρήσης έως και 5 ώρες.</li></ul>",ΕΙΔΗ ΤΕΧΝΟΛΟΓΙΑΣ>Ραδιόφωνα  Ηχεία>Ραδιόφωνα Retro
38295,Επαναφορτιζόμενο ραδιόφωνο Retro - M9002,Επαναφορτιζόμενο ραδιόφωνο Retro - M9002BTS - 120189,in stock,new,18 EUR,,https://www.tradesor.gr/wp-content/uploads/2023/04/120189.jpeg,OEM,No Color,0.4,"<p class=""main"">Φορητό ραδιόφωνο σε Retro σχεδιασμό με αναλογικό χειρισμό για να αλλάζετε τους ραδιοφωνικούς σταθμούς χρησιμοποιώντας την κλασική ροδέλα. <br />Διαθέτει bluetooth για να συνδέσετε εξωτερικές συσκευές ενώ διαθέτει και ηλιακό πάνελ φόρτισης στο πίσω μέρος, για έξτρα αυτονομία μπαταρίας.<br />Επιπλέον, περιλαμβάνεται φακός LED που συνδέεται στη θύρα USB.</p><p><strong>Χαρακτηριστικά:</strong></p><ul class=""columns-list""><li>Τύπος Δέκτη: Αναλογικό</li><li>Υποστηριζόμενες Συχνότητες: AM, FM, SW</li><li>Συνδεσιμότητα: Bluetooth</li><li>Τροφοδοσία: Επαναφορτιζόμενο, Ηλιακό πάνελ</li><li>Επαναφορτιζόμενη μπαταρία 18650, 1200mAh</li><li>Διαστάσεις 16 х 9 х 4cm</li></ul>",ΕΙΔΗ ΤΕΧΝΟΛΟΓΙΑΣ>Ραδιόφωνα  Ηχεία>Ραδιόφωνα Retro
38576,Επαναφορτιζόμενο ραδιόφωνο Retro - NS-80,Επαναφορτιζόμενο ραδιόφωνο Retro - NS-8099BT - 080904 - Bronze,in stock,new,36 EUR,,https://www.tradesor.gr/wp-content/uploads/2023/04/080904-1.jpg,OEM,No Color,1.0,"<p>Φορητό ραδιόφωνο σε πανέμορφο Retro σχεδιασμό για τους λάτρεις του Vintage στυλ. Προσφέρει υψηλή ποιότητα ήχου χάρη στα στερεοφωνικά ηχεία του ενώ η πτυσσόμενη κεραία του, παρέχει σταθερό ραδιοφωνικό σήμα.<br />Μπορείτε να πάρετε την αγαπημένη σας μουσική παντού, καθώς είναι πρακτικό και εύκολο στη μεταφορά.</p><p><strong>Χαρακτηριστικά:</strong></p><p>Συχνότητες Ραδιοφώνου: <span class=""VIiyi"" lang=""el""><span class=""JLqJ4b ChMk0b"" data-language-for-alternatives=""el"" data-language-to-translate-into=""zh-CN"" data-phrase-index=""44"" data-number-of-phrases=""73""><span class=""Q4iAWc"">FM/AW/SW</span></span></span><br />Tuner: Αναλογικό<br /><span class=""VIiyi"" lang=""el""><span class=""JLqJ4b ChMk0b"" data-language-for-alternatives=""el"" data-language-to-translate-into=""zh-CN"" data-phrase-index=""48"" data-number-of-phrases=""73""><span class=""Q4iAWc"">Υποδοχή USB/TF</span></span></span> Card<br />Διαθέτει: Bluetooth 4.1<br />Ενσωματωμένη επαναφορτιζόμενη <span class=""VIiyi"" lang=""el""><span class=""JLqJ4b ChMk0b"" data-language-for-alternatives=""el"" data-language-to-translate-into=""zh-CN"" data-phrase-index=""56"" data-number-of-phrases=""73""><span class=""Q4iAWc"">Μπαταρία Li 1200MA</span></span></span><br />Ισχύς: 15W<br /><span class=""VIiyi"" lang=""el""><span class=""JLqJ4b ChMk0b"" data-language-for-alternatives=""el"" data-language-to-translate-into=""zh-CN"" data-phrase-index=""66"" data-number-of-phrases=""73""><span class=""Q4iAWc"">Ηχείο:</span></span> <span class=""JLqJ4b ChMk0b"" data-language-for-alternatives=""el"" data-language-to-translate-into=""zh-CN"" data-phrase-index=""68"" data-number-of-phrases=""73""><span class=""Q4iAWc"">3 INCH 2OU 15W 55HZ</span></span></span><br />Χειρολαβή μεταφοράς</p>",ΕΙΔΗ ΤΕΧΝΟΛΟΓΙΑΣ>Ραδιόφωνα  Ηχεία>Ραδιόφωνα Retro
38577,Επαναφορτιζόμενο ραδιόφωνο Retro - MD-20,Επαναφορτιζόμενο ραδιόφωνο Retro - MD-2026 - 120257,in stock,new,27 EUR,,https://www.tradesor.gr/wp-content/uploads/2023/04/120257-1.jpg,OEM,No Color,1.0,"<p>Φορητό ραδιόφωνο σε πανέμορφο Retro σχεδιασμό για τους λάτρεις του Vintage στυλ. Προσφέρει υψηλή ποιότητα ήχου χάρη στα στερεοφωνικά ηχεία του ενώ η πτυσσόμενη κεραία του, παρέχει σταθερό ραδιοφωνικό σήμα.<br />Μπορείτε να πάρετε την αγαπημένη σας μουσική παντού, καθώς είναι πρακτικό και εύκολο στη μεταφορά.</p><p><strong>Χαρακτηριστικά:</strong></p><p>Eνσωματωμένη επαναφορτιζόμενη μπαταρία<br />Radio bands: AM, FM, SW<br />Tuner: Αναλογικό<br />Δέχεται: USB/SD/Jack 3.5mm <br />Διαθέτει: Bluetooth 4.1<br />Power: DC 5V<br />Χειρολαβή μεταφοράς</p>",ΕΙΔΗ ΤΕΧΝΟΛΟΓΙΑΣ>Ραδιόφωνα  Ηχεία>Ραδιόφωνα Retro
38862,Επαναφορτιζόμενο ραδιόφωνο Retro - M8003,Επαναφορτιζόμενο ραδιόφωνο Retro - M8003BT - 180039,in stock,new,16.2 EUR,,https://www.tradesor.gr/wp-content/uploads/2023/04/180039.jpg,OEM,No Color,1.0,"<p class=""main"">Φορητό ραδιόφωνο με υψηλή ποιότητα στερεοφωνικού ήχου, σε πανέμορφο Retro σχεδιασμό για τους λάτρεις του Vintage στυλ.</p><p><strong>Χαρακτηριστικά:</strong></p><ul class=""columns-list""><li>Τύπος Δέκτη: Αναλογικό</li><li>Bluetooth</li><li>Υποστηριζόμενες Συχνότητες: AM, FM, SW</li><li>Συνδεσιμότητα: USB</li><li>Υποδοχή για Κάρτα Μνήμης</li><li>Τροφοδοσία: Επαναφορτιζόμενο με διάρκεια φόρτισης 3 ώρες και διάρκεια συνεχόμενης χρήσης έως και 5 ώρες.</li></ul>",ΕΙΔΗ ΤΕΧΝΟΛΟΓΙΑΣ>Ραδιόφωνα  Ηχεία>Ραδιόφωνα Retro
38863,Επαναφορτιζόμενο ραδιόφωνο Retro - M1910,Επαναφορτιζόμενο ραδιόφωνο Retro - M1910 - 119114,in stock,new,63 EUR,,https://www.tradesor.gr/wp-content/uploads/2023/04/119114.jpg,OEM,No Color,2.0,"<p>Φορητό ραδιόφωνο σε πανέμορφο Retro σχεδιασμό και εξαιρετικό design με εφέ ξύλου, για τους λάτρεις του Vintage στυλ. Προσφέρει υψηλή ποιότητα ήχου χάρη στα στερεοφωνικά ηχεία του ενώ η πτυσσόμενη κεραία του, παρέχει σταθερό ραδιοφωνικό σήμα.<br />Μπορείτε να πάρετε την αγαπημένη σας μουσική παντού, καθώς είναι πρακτικό και εύκολο στη μεταφορά.</p><p><strong>Χαρακτηριστικά:</strong></p><p>Eνσωματωμένη επαναφορτιζόμενη μπαταρία<br />Radio bands: AM, FM, SW<br />Tuner: Αναλογικό<br />Δέχεται: USB/SD/Jack 3.5mm <br />Διαθέτει: Bluetooth 4.1<br />Power: DC 5V<br />Χειρολαβή μεταφοράς</p>",ΕΙΔΗ ΤΕΧΝΟΛΟΓΙΑΣ>Ραδιόφωνα  Ηχεία>Ραδιόφωνα Retro
38865,Επαναφορτιζόμενο ραδιόφωνο Retro - M1800,Επαναφορτιζόμενο ραδιόφωνο Retro - M1800BT - 654380,in stock,new,36 EUR,,https://www.tradesor.gr/wp-content/uploads/2023/04/654380.jpg,OEM,No Color,2.0,"<p>Φορητό ραδιόφωνο σε πανέμορφο Retro σχεδιασμό για τους λάτρεις του Vintage στυλ. Προσφέρει υψηλή ποιότητα ήχου χάρη στα στερεοφωνικά ηχεία του ενώ η πτυσσόμενη κεραία του, παρέχει σταθερό ραδιοφωνικό σήμα.<br />Μπορείτε να πάρετε την αγαπημένη σας μουσική παντού, καθώς είναι πρακτικό και εύκολο στη μεταφορά.</p><p><strong>Χαρακτηριστικά:</strong></p><p>Eνσωματωμένη επαναφορτιζόμενη μπαταρία<br />Radio bands: AM, FM, SW<br />Tuner: Αναλογικό<br />Δέχεται: USB/SD/Jack 3.5mm <br />Διαθέτει: Bluetooth 4.1<br />Power: DC 5V<br />Χειρολαβή μεταφοράς</p>",ΕΙΔΗ ΤΕΧΝΟΛΟΓΙΑΣ>Ραδιόφωνα  Ηχεία>Ραδιόφωνα Retro
39673,Επαναφορτιζόμενο ραδιόφωνο Retro – M-5,Επαναφορτιζόμενο ραδιόφωνο Retro – M-536BT - 005367 - Brown,in stock,new,18 EUR,,https://www.tradesor.gr/wp-content/uploads/2023/04/005367.jpg,OEM,No Color,0.8,"<p>Κλασικό ραδιοφωνάκι σε Retro σχεδιασμό για τους λάτρεις του Vintage στυλ.<br />Διαθέτει αναλογικό χειρισμό, για να αλλάζετε ραδιοφωνικούς σταθμούς χρησιμοποιώντας την κλασική ροδέλα.</p><p><strong>Χαρακτηριστικά:</strong></p><ul><li>Πλαϊνός φακός LED</li><li>Bluetooth</li><li><span data-spm-anchor-id=""a2700.details.0.i20.3f6261b2SGhdGe"">Συχνότητες: FM/AM/SW </span></li><li><span data-spm-anchor-id=""a2700.details.0.i20.3f6261b2SGhdGe"">Θύρα USB<br /></span></li><li>Υποστήριξη κάρτας μνήμης</li><li><span data-spm-anchor-id=""a2700.details.0.i23.3f6261b2SGhdGe"">Μπαταρία επαναφορτιζόμενη: 3V UM1*2, ενσωματωμένη.<br /></span></li><li>Κεραία υψηλής ευαισθησίας</li><li><span data-spm-anchor-id=""a2700.details.0.i22.3f6261b2SGhdGe"">Είσοδος: AUX IN JACK</span></li><li>AC: 220V / 50HZ </li><li>Ισχύς: 5W</li><li>Διαστάσεις: 18.4 x 8.2 x 17cm</li><li>Χειρολαβή μεταφοράς</li></ul>",ΕΙΔΗ ΤΕΧΝΟΛΟΓΙΑΣ>Ραδιόφωνα  Ηχεία>Ραδιόφωνα Retro
105151,Επαναφορτιζόμενο ραδιόφωνο Retro – M20,Επαναφορτιζόμενο ραδιόφωνο Retro – M2032BT - 020327,in stock,new,27 EUR,,https://www.tradesor.gr/wp-content/uploads/2023/06/62174f48102920b0f0a107555d5368a4.jpg,OEM,No Color,1.0,,ΕΙΔΗ ΤΕΧΝΟΛΟΓΙΑΣ>Ραδιόφωνα  Ηχεία>Ραδιόφωνα Retro
105154,Επαναφορτιζόμενο ραδιόφωνο Retro – M20,Επαναφορτιζόμενο ραδιόφωνο Retro – M2031BT - 020310,in stock,new,27 EUR,,https://www.tradesor.gr/wp-content/uploads/2023/06/e3c1bbdf8ed168c8df3073eb48e97bf5.jpg,OEM,No Color,1.0,,ΕΙΔΗ ΤΕΧΝΟΛΟΓΙΑΣ>Ραδιόφωνα  Ηχεία>Ραδιόφωνα Retro
105157,Επαναφορτιζόμενο ραδιόφωνο Retro – M55,Επαναφορτιζόμενο ραδιόφωνο Retro – M558BT - 005584,in stock,new,15.3 EUR,,https://www.tradesor.gr/wp-content/uploads/2023/06/3f6cc58c15b98e257d405b9c6a49c3b9.jpg,OEM,No Color,1.0,,ΕΙΔΗ ΤΕΧΝΟΛΟΓΙΑΣ>Ραδιόφωνα  Ηχεία>Ραδιόφωνα Retro
105161,Επαναφορτιζόμενο ραδιόφωνο Retro – M55,Επαναφορτιζόμενο ραδιόφωνο Retro – M552BT - 005522,in stock,new,14.4 EUR,,https://www.tradesor.gr/wp-content/uploads/2023/06/0b5539105b24eaf97ac1e395bcc70b26.jpg,OEM,No Color,1.0,,ΕΙΔΗ ΤΕΧΝΟΛΟΓΙΑΣ>Ραδιόφωνα  Ηχεία>Ραδιόφωνα Retro
105164,Επαναφορτιζόμενο ραδιόφωνο Retro – M55,Επαναφορτιζόμενο ραδιόφωνο Retro – M551BT - 005515,in stock,new,14.4 EUR,,https://www.tradesor.gr/wp-content/uploads/2023/06/6ad061bb2c42089a8a44fa8f183396d8.jpg,OEM,No Color,1.0,,ΕΙΔΗ ΤΕΧΝΟΛΟΓΙΑΣ>Ραδιόφωνα  Ηχεία>Ραδιόφωνα Retro
105169,Επαναφορτιζόμενο ραδιόφωνο Retro – RD3,Επαναφορτιζόμενο ραδιόφωνο Retro – RD311BT - 003115,in stock,new,14.4 EUR,,https://www.tradesor.gr/wp-content/uploads/2023/06/3c6c4cf4878d8bbad94aa763fe37a1d7.jpg,OEM,No Color,1.0,,ΕΙΔΗ ΤΕΧΝΟΛΟΓΙΑΣ>Ραδιόφωνα  Ηχεία>Ραδιόφωνα Retro
