id,title,description,availability,condition,price,link,image_link,brand,color,shipping_weight,rich_text_description,fb_product_category
38866,Αυτόματη ομπρέλα - 70cm - Tradesor - 715026 - Blac,Αυτόματη ομπρέλα - 70cm - Tradesor - 715026 - Black,in stock,new,5.4 EUR,,https://www.tradesor.gr/wp-content/uploads/2023/04/715026_b.png,OEM,No Color,6.5,<p>Ομπρέλα Tradesor με αυτόματο μηχανισμό ανοίγματος και εργονομική λαβή-μπαστούνι. <br />Υψηλής ποιότητας κατασκευή και ανθεκτικό ύφασμα που στεγνώνει άμεσα.<br />Χρώμα: μαύρο<br /><br /></p>,ΕΠΟΧΙΑΚΑ - ΤΟΥΡΙΣΤΙΚΑ  HOBBY>Ομπρέλες  αδιάβροχα>Ομπρέλες μπαστούνι
38867,Αυτόματη ομπρέλα - 67cm - Tradesor - 715007 - Blue,Αυτόματη ομπρέλα - 67cm - Tradesor - 715007 - Blue,in stock,new,5.4 EUR,,https://www.tradesor.gr/wp-content/uploads/2023/04/715007_bl.png,OEM,No Color,0.7,<p>Ομπρέλα Tradesor με αυτόματο μηχανισμό ανοίγματος και εργονομική λαβή-μπαστούνι. <br />Υψηλής ποιότητας κατασκευή και ανθεκτικό ύφασμα που στεγνώνει άμεσα.<br />Χρώμα: μπλε</p>,ΕΠΟΧΙΑΚΑ - ΤΟΥΡΙΣΤΙΚΑ  HOBBY>Ομπρέλες  αδιάβροχα>Ομπρέλες μπαστούνι
38960,Αυτόματη ομπρέλα - 67cm - Tradesor - 715007 - Purp,Αυτόματη ομπρέλα - 67cm - Tradesor - 715007 - Purple,in stock,new,5.4 EUR,,https://www.tradesor.gr/wp-content/uploads/2023/04/715007_pu.png,OEM,No Color,5.0,<p>Ομπρέλα Tradesor με αυτόματο μηχανισμό ανοίγματος και εργονομική λαβή-μπαστούνι. <br />Υψηλής ποιότητας κατασκευή και ανθεκτικό ύφασμα που στεγνώνει άμεσα.<br />Χρώμα: μπλε</p>,ΕΠΟΧΙΑΚΑ - ΤΟΥΡΙΣΤΙΚΑ  HOBBY>Ομπρέλες  αδιάβροχα>Ομπρέλες μπαστούνι
38961,Αυτόματη ομπρέλα - 67cm - Tradesor - 715007 - Gree,Αυτόματη ομπρέλα - 67cm - Tradesor - 715007 - Green,in stock,new,5.4 EUR,,https://www.tradesor.gr/wp-content/uploads/2023/04/715007_gr.png,OEM,No Color,5.0,<p>Ομπρέλα Tradesor με αυτόματο μηχανισμό ανοίγματος και εργονομική λαβή-μπαστούνι. <br />Υψηλής ποιότητας κατασκευή και ανθεκτικό ύφασμα που στεγνώνει άμεσα.<br />Χρώμα: μπλε</p>,ΕΠΟΧΙΑΚΑ - ΤΟΥΡΙΣΤΙΚΑ  HOBBY>Ομπρέλες  αδιάβροχα>Ομπρέλες μπαστούνι
38962,Αυτόματη ομπρέλα - 67cm - Tradesor - 715007 - Blac,Αυτόματη ομπρέλα - 67cm - Tradesor - 715007 - Black,in stock,new,5.4 EUR,,https://www.tradesor.gr/wp-content/uploads/2023/04/715007_b.png,OEM,No Color,5.0,<p>Ομπρέλα Tradesor με αυτόματο μηχανισμό ανοίγματος και εργονομική λαβή-μπαστούνι. <br />Υψηλής ποιότητας κατασκευή και ανθεκτικό ύφασμα που στεγνώνει άμεσα.<br />Χρώμα: μπλε</p>,ΕΠΟΧΙΑΚΑ - ΤΟΥΡΙΣΤΙΚΑ  HOBBY>Ομπρέλες  αδιάβροχα>Ομπρέλες μπαστούνι
38966,Αυτόματη ομπρέλα - 70cm - Tradesor - 715026 - Red,Αυτόματη ομπρέλα - 70cm - Tradesor - 715026 - Red,in stock,new,5.4 EUR,,https://www.tradesor.gr/wp-content/uploads/2023/04/715026_r.png,OEM,No Color,6.5,<p>Ομπρέλα Tradesor με αυτόματο μηχανισμό ανοίγματος και εργονομική λαβή-μπαστούνι. <br />Υψηλής ποιότητας κατασκευή και ανθεκτικό ύφασμα που στεγνώνει άμεσα.<br />Χρώμα: σκούρο κόκκινο - μπορντώ<br /><br /></p>,ΕΠΟΧΙΑΚΑ - ΤΟΥΡΙΣΤΙΚΑ  HOBBY>Ομπρέλες  αδιάβροχα>Ομπρέλες μπαστούνι
38967,Αυτόματη ομπρέλα - 70cm - Tradesor - 715026 - Blue,Αυτόματη ομπρέλα - 70cm - Tradesor - 715026 - Blue,in stock,new,5.4 EUR,,https://www.tradesor.gr/wp-content/uploads/2023/04/715026_bl.png,OEM,No Color,6.5,<p>Ομπρέλα Tradesor με αυτόματο μηχανισμό ανοίγματος και εργονομική λαβή-μπαστούνι. <br />Υψηλής ποιότητας κατασκευή και ανθεκτικό ύφασμα που στεγνώνει άμεσα.<br />Χρώμα: σκούρο μπλε<br /><br /></p>,ΕΠΟΧΙΑΚΑ - ΤΟΥΡΙΣΤΙΚΑ  HOBBY>Ομπρέλες  αδιάβροχα>Ομπρέλες μπαστούνι
39225,Αυτόματη ομπρέλα - 70cm - Tradesor - 012024 - Blac,Αυτόματη ομπρέλα - 70cm - Tradesor - 012024 - Black,in stock,new,5.4 EUR,,https://www.tradesor.gr/wp-content/uploads/2023/04/012024_b.jpg,OEM,No Color,5.0,<p>Ομπρέλα Tradesor με αυτόματο μηχανισμό ανοίγματος και εργονομική λαβή-μπαστούνι. <br />Υψηλής ποιότητας κατασκευή και ανθεκτικό ύφασμα που στεγνώνει άμεσα.</p>,ΕΠΟΧΙΑΚΑ - ΤΟΥΡΙΣΤΙΚΑ  HOBBY>Ομπρέλες  αδιάβροχα>Ομπρέλες μπαστούνι
39226,Αυτόματη ομπρέλα - 70cm - Tradesor - 705007 - Blac,Αυτόματη ομπρέλα - 70cm - Tradesor - 705007 - Black,in stock,new,4.5 EUR,,https://www.tradesor.gr/wp-content/uploads/2023/04/705007.png,OEM,No Color,5.0,<p>Ομπρέλα Tradesor με αυτόματο μηχανισμό ανοίγματος και εργονομική λαβή-μπαστούνι. <br />Υψηλής ποιότητας κατασκευή και ανθεκτικό ύφασμα που στεγνώνει άμεσα.</p>,ΕΠΟΧΙΑΚΑ - ΤΟΥΡΙΣΤΙΚΑ  HOBBY>Ομπρέλες  αδιάβροχα>Ομπρέλες μπαστούνι
39645,Αυτόματη ομπρέλα – 70cm – Tradesor – 111305 ,Αυτόματη ομπρέλα – 70cm – Tradesor – 111305 – Black,in stock,new,9 EUR,,https://www.tradesor.gr/wp-content/uploads/2023/04/111305.png,OEM,No Color,0.7,<p>Ομπρέλα Tradesor με αυτόματο μηχανισμό ανοίγματος και εργονομική λαβή-μπαστούνι. <br />Υψηλής ποιότητας κατασκευή και ανθεκτικό ύφασμα που στεγνώνει άμεσα.<br />Διάμετρος: 70cm</p>,ΕΠΟΧΙΑΚΑ - ΤΟΥΡΙΣΤΙΚΑ  HOBBY>Ομπρέλες  αδιάβροχα>Ομπρέλες μπαστούνι
58017,Αυτόματη ομπρέλα μπαστούνι – 70# - 8K -,Αυτόματη ομπρέλα μπαστούνι – 70# - 8K - Tradesor - 585991,in stock,new,5.4 EUR,,https://www.tradesor.gr/wp-content/uploads/2023/05/9400ac1fc02087eff1993201d3c9163a.jpg,OEM,No Color,4.0,"Ομπρέλα βροχής Tradesor με αυτόματο μηχανισμό ανοίγματος και εργονομική λαβή-μπαστούνι.
Υψηλής ποιότητας κατασκευή και ανθεκτικό ύφασμα που στεγνώνει άμεσα.",ΕΠΟΧΙΑΚΑ - ΤΟΥΡΙΣΤΙΚΑ  HOBBY>Ομπρέλες  αδιάβροχα>Ομπρέλες μπαστούνι
58020,Αυτόματη ομπρέλα μπαστούνι – 70# - 16K ,Αυτόματη ομπρέλα μπαστούνι – 70# - 16K - Tradesor - 585984,in stock,new,5.4 EUR,,https://www.tradesor.gr/wp-content/uploads/2023/05/66766e78e732efda723a76ed2177a8c4.jpg,OEM,No Color,4.0,"Ομπρέλα βροχής Tradesor με αυτόματο μηχανισμό ανοίγματος και εργονομική λαβή-μπαστούνι.
Υψηλής ποιότητας κατασκευή και ανθεκτικό ύφασμα που στεγνώνει άμεσα.",ΕΠΟΧΙΑΚΑ - ΤΟΥΡΙΣΤΙΚΑ  HOBBY>Ομπρέλες  αδιάβροχα>Ομπρέλες μπαστούνι
58023,Αυτόματη ομπρέλα μπαστούνι – 70# - 8K -,Αυτόματη ομπρέλα μπαστούνι – 70# - 8K - Tradesor - 585977,in stock,new,5.4 EUR,,https://www.tradesor.gr/wp-content/uploads/2023/05/a25d35fada5f6b94dd4a63f3c234105b.jpg,OEM,No Color,4.0,"Ομπρέλα βροχής Tradesor με αυτόματο μηχανισμό ανοίγματος και εργονομική λαβή-μπαστούνι.
Υψηλής ποιότητας κατασκευή και ανθεκτικό ύφασμα που στεγνώνει άμεσα.",ΕΠΟΧΙΑΚΑ - ΤΟΥΡΙΣΤΙΚΑ  HOBBY>Ομπρέλες  αδιάβροχα>Ομπρέλες μπαστούνι
58026,Αυτόματη ομπρέλα μπαστούνι – 70# - 8K -,Αυτόματη ομπρέλα μπαστούνι – 70# - 8K - Tradesor - 585953,in stock,new,5.4 EUR,,https://www.tradesor.gr/wp-content/uploads/2023/05/2bda55c38b2f479fa49e8ec0e0a4304b.jpg,OEM,No Color,4.0,"Ομπρέλα βροχής Tradesor με αυτόματο μηχανισμό ανοίγματος και εργονομική λαβή-μπαστούνι.
Υψηλής ποιότητας κατασκευή και ανθεκτικό ύφασμα που στεγνώνει άμεσα.",ΕΠΟΧΙΑΚΑ - ΤΟΥΡΙΣΤΙΚΑ  HOBBY>Ομπρέλες  αδιάβροχα>Ομπρέλες μπαστούνι
58029,Αυτόματη ομπρέλα μπαστούνι – 70# - 8K -,Αυτόματη ομπρέλα μπαστούνι – 70# - 8K - Tradesor - 585946,in stock,new,5.4 EUR,,https://www.tradesor.gr/wp-content/uploads/2023/05/a2093f3f048d9d9167aa5594ae2d01bd.jpg,OEM,No Color,4.0,"Ομπρέλα βροχής Tradesor με αυτόματο μηχανισμό ανοίγματος και εργονομική λαβή-μπαστούνι.
Υψηλής ποιότητας κατασκευή και ανθεκτικό ύφασμα που στεγνώνει άμεσα.",ΕΠΟΧΙΑΚΑ - ΤΟΥΡΙΣΤΙΚΑ  HOBBY>Ομπρέλες  αδιάβροχα>Ομπρέλες μπαστούνι
58032,Αυτόματη ομπρέλα μπαστούνι – 70# - 8K -,Αυτόματη ομπρέλα μπαστούνι – 70# - 8K - Tradesor - 585939,in stock,new,5.4 EUR,,https://www.tradesor.gr/wp-content/uploads/2023/05/5981ea631536ffde833cd66633370176.jpg,OEM,No Color,4.0,"Ομπρέλα βροχής Tradesor με αυτόματο μηχανισμό ανοίγματος και εργονομική λαβή-μπαστούνι.
Υψηλής ποιότητας κατασκευή και ανθεκτικό ύφασμα που στεγνώνει άμεσα.",ΕΠΟΧΙΑΚΑ - ΤΟΥΡΙΣΤΙΚΑ  HOBBY>Ομπρέλες  αδιάβροχα>Ομπρέλες μπαστούνι
58035,Αυτόματη ομπρέλα μπαστούνι – 70# - 8K -,Αυτόματη ομπρέλα μπαστούνι – 70# - 8K - Tradesor - 585922,in stock,new,5.4 EUR,,https://www.tradesor.gr/wp-content/uploads/2023/05/fe9bb9996f2b2561628bd6cb881c1399.jpg,OEM,No Color,4.0,"Ομπρέλα βροχής Tradesor με αυτόματο μηχανισμό ανοίγματος και εργονομική λαβή-μπαστούνι.
Υψηλής ποιότητας κατασκευή και ανθεκτικό ύφασμα που στεγνώνει άμεσα.",ΕΠΟΧΙΑΚΑ - ΤΟΥΡΙΣΤΙΚΑ  HOBBY>Ομπρέλες  αδιάβροχα>Ομπρέλες μπαστούνι
58038,Αυτόματη ομπρέλα μπαστούνι – 70# - 8K -,Αυτόματη ομπρέλα μπαστούνι – 70# - 8K - Tradesor - 585915,in stock,new,5.4 EUR,,https://www.tradesor.gr/wp-content/uploads/2023/05/29bc141150b5b25a051279d276f29683.jpg,OEM,No Color,4.0,"Ομπρέλα βροχής Tradesor με αυτόματο μηχανισμό ανοίγματος και εργονομική λαβή-μπαστούνι.
Υψηλής ποιότητας κατασκευή και ανθεκτικό ύφασμα που στεγνώνει άμεσα.",ΕΠΟΧΙΑΚΑ - ΤΟΥΡΙΣΤΙΚΑ  HOBBY>Ομπρέλες  αδιάβροχα>Ομπρέλες μπαστούνι
58041,Αυτόματη ομπρέλα μπαστούνι – 70# -Trade,Αυτόματη ομπρέλα μπαστούνι – 70# -Tradesor - 585908,in stock,new,5.4 EUR,,https://www.tradesor.gr/wp-content/uploads/2023/05/29a2cbb42b50dc997f60ac3b30cf3527.jpg,OEM,No Color,4.0,"Ομπρέλα βροχής Tradesor με αυτόματο μηχανισμό ανοίγματος και εργονομική λαβή-μπαστούνι.
Υψηλής ποιότητας κατασκευή και ανθεκτικό ύφασμα που στεγνώνει άμεσα.",ΕΠΟΧΙΑΚΑ - ΤΟΥΡΙΣΤΙΚΑ  HOBBY>Ομπρέλες  αδιάβροχα>Ομπρέλες μπαστούνι
58044,Αυτόματη ομπρέλα μπαστούνι – 70# - 10K ,Αυτόματη ομπρέλα μπαστούνι – 70# - 10K - Tradesor - 585892,in stock,new,4.5 EUR,,https://www.tradesor.gr/wp-content/uploads/2023/05/4fbcc070653301fb08bde5a641e85a58.jpg,OEM,No Color,4.0,"Ομπρέλα βροχής Tradesor με αυτόματο μηχανισμό ανοίγματος και εργονομική λαβή-μπαστούνι.
Υψηλής ποιότητας κατασκευή και ανθεκτικό ύφασμα που στεγνώνει άμεσα.",ΕΠΟΧΙΑΚΑ - ΤΟΥΡΙΣΤΙΚΑ  HOBBY>Ομπρέλες  αδιάβροχα>Ομπρέλες μπαστούνι
58047,Αυτόματη ομπρέλα μπαστούνι – 56# - 10K ,Αυτόματη ομπρέλα μπαστούνι – 56# - 10K - Tradesor - 585885,in stock,new,4.5 EUR,,https://www.tradesor.gr/wp-content/uploads/2023/05/360fcaac760830d1809f588e4642ab0b.jpg,OEM,No Color,4.0,"Ομπρέλα βροχής Tradesor με αυτόματο μηχανισμό ανοίγματος και εργονομική λαβή-μπαστούνι.
Υψηλής ποιότητας κατασκευή και ανθεκτικό ύφασμα που στεγνώνει άμεσα.",ΕΠΟΧΙΑΚΑ - ΤΟΥΡΙΣΤΙΚΑ  HOBBY>Ομπρέλες  αδιάβροχα>Ομπρέλες μπαστούνι
58050,Αυτόματη ομπρέλα μπαστούνι – 56# - 10K ,Αυτόματη ομπρέλα μπαστούνι – 56# - 10K - Tradesor - 585878,in stock,new,4.5 EUR,,https://www.tradesor.gr/wp-content/uploads/2023/05/245e11ce43f1dfb752e55b308d345b41.jpg,OEM,No Color,4.0,"Ομπρέλα βροχής Tradesor με αυτόματο μηχανισμό ανοίγματος και εργονομική λαβή-μπαστούνι.
Υψηλής ποιότητας κατασκευή και ανθεκτικό ύφασμα που στεγνώνει άμεσα.",ΕΠΟΧΙΑΚΑ - ΤΟΥΡΙΣΤΙΚΑ  HOBBY>Ομπρέλες  αδιάβροχα>Ομπρέλες μπαστούνι
58053,Αυτόματη ομπρέλα μπαστούνι – 56# - 10K ,Αυτόματη ομπρέλα μπαστούνι – 56# - 10K - Tradesor - 585861,in stock,new,4.5 EUR,,https://www.tradesor.gr/wp-content/uploads/2023/05/ac92b430d4f42da9c10bba3d49bf8e51.jpg,OEM,No Color,4.0,"Ομπρέλα βροχής Tradesor με αυτόματο μηχανισμό ανοίγματος και εργονομική λαβή-μπαστούνι.
Υψηλής ποιότητας κατασκευή και ανθεκτικό ύφασμα που στεγνώνει άμεσα.",ΕΠΟΧΙΑΚΑ - ΤΟΥΡΙΣΤΙΚΑ  HOBBY>Ομπρέλες  αδιάβροχα>Ομπρέλες μπαστούνι
58056,Αυτόματη ομπρέλα μπαστούνι – 56# - 10K ,Αυτόματη ομπρέλα μπαστούνι – 56# - 10K - Tradesor - 585854,in stock,new,4.5 EUR,,https://www.tradesor.gr/wp-content/uploads/2023/05/c010c9e076992d670bcba0bd2f173489.jpg,OEM,No Color,4.0,"Ομπρέλα βροχής Tradesor με αυτόματο μηχανισμό ανοίγματος και εργονομική λαβή-μπαστούνι.
Υψηλής ποιότητας κατασκευή και ανθεκτικό ύφασμα που στεγνώνει άμεσα.",ΕΠΟΧΙΑΚΑ - ΤΟΥΡΙΣΤΙΚΑ  HOBBY>Ομπρέλες  αδιάβροχα>Ομπρέλες μπαστούνι
58059,Αυτόματη ομπρέλα μπαστούνι – 56# - 10K ,Αυτόματη ομπρέλα μπαστούνι – 56# - 10K - Tradesor - 585830,in stock,new,4.5 EUR,,https://www.tradesor.gr/wp-content/uploads/2023/05/78e185dcfdbfeebef790c1270563d3bb.jpg,OEM,No Color,4.0,"Ομπρέλα βροχής Tradesor με αυτόματο μηχανισμό ανοίγματος και εργονομική λαβή-μπαστούνι.
Υψηλής ποιότητας κατασκευή και ανθεκτικό ύφασμα που στεγνώνει άμεσα.",ΕΠΟΧΙΑΚΑ - ΤΟΥΡΙΣΤΙΚΑ  HOBBY>Ομπρέλες  αδιάβροχα>Ομπρέλες μπαστούνι
58062,Αυτόματη ομπρέλα μπαστούνι  – 65# - 8K ,Αυτόματη ομπρέλα μπαστούνι  – 65# - 8K - Tradesor - 585847,in stock,new,5.4 EUR,,https://www.tradesor.gr/wp-content/uploads/2023/05/ff10ae46375197f1843c6971834990f5.jpg,OEM,No Color,4.0,"Ομπρέλα βροχής Tradesor με αυτόματο μηχανισμό ανοίγματος και εργονομική λαβή-μπαστούνι.
Υψηλής ποιότητας κατασκευή και ανθεκτικό ύφασμα που στεγνώνει άμεσα.",ΕΠΟΧΙΑΚΑ - ΤΟΥΡΙΣΤΙΚΑ  HOBBY>Ομπρέλες  αδιάβροχα>Ομπρέλες μπαστούνι
58065,Αυτόματη ομπρέλα μπαστούνι – 60# - 8K -,Αυτόματη ομπρέλα μπαστούνι – 60# - 8K - Tradesor - 585823,in stock,new,5.4 EUR,,https://www.tradesor.gr/wp-content/uploads/2023/05/8eee0dbbd98c6bbf42a5be8e3a9bf77f.jpg,OEM,No Color,4.0,"Ομπρέλα βροχής Tradesor με αυτόματο μηχανισμό ανοίγματος και εργονομική λαβή-μπαστούνι.
Υψηλής ποιότητας κατασκευή και ανθεκτικό ύφασμα που στεγνώνει άμεσα.",ΕΠΟΧΙΑΚΑ - ΤΟΥΡΙΣΤΙΚΑ  HOBBY>Ομπρέλες  αδιάβροχα>Ομπρέλες μπαστούνι
58068,Αυτόματη ομπρέλα μπαστούνι – 60# - 8K -,Αυτόματη ομπρέλα μπαστούνι – 60# - 8K - Tradesor - 585816,in stock,new,5.4 EUR,,https://www.tradesor.gr/wp-content/uploads/2023/05/ba25f1f92bb67679f2ef315a7778e2f1.jpg,OEM,No Color,4.0,"Ομπρέλα βροχής Tradesor με αυτόματο μηχανισμό ανοίγματος και εργονομική λαβή-μπαστούνι.
Υψηλής ποιότητας κατασκευή και ανθεκτικό ύφασμα που στεγνώνει άμεσα.",ΕΠΟΧΙΑΚΑ - ΤΟΥΡΙΣΤΙΚΑ  HOBBY>Ομπρέλες  αδιάβροχα>Ομπρέλες μπαστούνι
58074,Αυτόματη ομπρέλα μπαστούνι  – 55# - 8K ,Αυτόματη ομπρέλα μπαστούνι  – 55# - 8K - Tradesor - 585779,in stock,new,3.6 EUR,,https://www.tradesor.gr/wp-content/uploads/2023/05/ecf516f56762ed7a5b8ea56fa56b7da9.jpg,OEM,No Color,4.0,"Ομπρέλα βροχής Tradesor με αυτόματο μηχανισμό ανοίγματος και εργονομική λαβή-μπαστούνι.
Υψηλής ποιότητας κατασκευή και ανθεκτικό ύφασμα που στεγνώνει άμεσα.",ΕΠΟΧΙΑΚΑ - ΤΟΥΡΙΣΤΙΚΑ  HOBBY>Ομπρέλες  αδιάβροχα>Ομπρέλες μπαστούνι
58077,Αυτόματη ομπρέλα μπαστούνι - Tradesor - 1,Αυτόματη ομπρέλα μπαστούνι - Tradesor - 111442,in stock,new,6.3 EUR,,https://www.tradesor.gr/wp-content/uploads/2023/05/4804e9fff3bbb9663d115c9fbd7e552e.jpg,OEM,No Color,4.0,"Ομπρέλα βροχής Tradesor με αυτόματο μηχανισμό ανοίγματος και εργονομική λαβή-μπαστούνι.
Υψηλής ποιότητας κατασκευή και ανθεκτικό ύφασμα που στεγνώνει άμεσα.",ΕΠΟΧΙΑΚΑ - ΤΟΥΡΙΣΤΙΚΑ  HOBBY>Ομπρέλες  αδιάβροχα>Ομπρέλες μπαστούνι
58080,Αυτόματη ομπρέλα μπαστούνι - 24K - Trades,Αυτόματη ομπρέλα μπαστούνι - 24K - Tradesor - 111428,in stock,new,6.3 EUR,,https://www.tradesor.gr/wp-content/uploads/2023/05/df12e1f6fffd463d8473b129adf68e9d.jpg,OEM,No Color,4.0,"Ομπρέλα βροχής Tradesor με αυτόματο μηχανισμό ανοίγματος και εργονομική λαβή-μπαστούνι.
Υψηλής ποιότητας κατασκευή και ανθεκτικό ύφασμα που στεγνώνει άμεσα.",ΕΠΟΧΙΑΚΑ - ΤΟΥΡΙΣΤΙΚΑ  HOBBY>Ομπρέλες  αδιάβροχα>Ομπρέλες μπαστούνι
58083,Αυτόματη ομπρέλα μπαστούνι - 60# - 8K - T,Αυτόματη ομπρέλα μπαστούνι - 60# - 8K - Tradesor - 111404,in stock,new,4.5 EUR,,https://www.tradesor.gr/wp-content/uploads/2023/05/2a0bfa764a4a2ba896c3ec09a3cab0fd.jpg,OEM,No Color,4.0,"Ομπρέλα βροχής Tradesor με αυτόματο μηχανισμό ανοίγματος και εργονομική λαβή-μπαστούνι.
Υψηλής ποιότητας κατασκευή και ανθεκτικό ύφασμα που στεγνώνει άμεσα.",ΕΠΟΧΙΑΚΑ - ΤΟΥΡΙΣΤΙΚΑ  HOBBY>Ομπρέλες  αδιάβροχα>Ομπρέλες μπαστούνι
58086,Αυτόματη ομπρέλα μπαστούνι - 60# - 8K - T,Αυτόματη ομπρέλα μπαστούνι - 60# - 8K - Tradesor - 111398,in stock,new,4.5 EUR,,https://www.tradesor.gr/wp-content/uploads/2023/05/cadec4195577f0c322caabc0166fc26b.jpg,OEM,No Color,4.0,"Ομπρέλα βροχής Tradesor με αυτόματο μηχανισμό ανοίγματος και εργονομική λαβή-μπαστούνι.
Υψηλής ποιότητας κατασκευή και ανθεκτικό ύφασμα που στεγνώνει άμεσα.",ΕΠΟΧΙΑΚΑ - ΤΟΥΡΙΣΤΙΚΑ  HOBBY>Ομπρέλες  αδιάβροχα>Ομπρέλες μπαστούνι
58089,Αυτόματη ομπρέλα μπαστούνι - 60# - 8K - T,Αυτόματη ομπρέλα μπαστούνι - 60# - 8K - Tradesor - 111381,in stock,new,4.5 EUR,,https://www.tradesor.gr/wp-content/uploads/2023/05/b8680ce17dc8e14f6f06aaa9a65849a4.jpg,OEM,No Color,4.0,"Ομπρέλα βροχής Tradesor με αυτόματο μηχανισμό ανοίγματος και εργονομική λαβή-μπαστούνι.
Υψηλής ποιότητας κατασκευή και ανθεκτικό ύφασμα που στεγνώνει άμεσα.",ΕΠΟΧΙΑΚΑ - ΤΟΥΡΙΣΤΙΚΑ  HOBBY>Ομπρέλες  αδιάβροχα>Ομπρέλες μπαστούνι
58092,Αυτόματη ομπρέλα μπαστούνι - 70# - 8K - T,Αυτόματη ομπρέλα μπαστούνι - 70# - 8K - Tradesor - 111374,in stock,new,5.4 EUR,,https://www.tradesor.gr/wp-content/uploads/2023/05/c1949d70b7fa3be26081f95bdd223bc3.jpg,OEM,No Color,4.0,"Ομπρέλα βροχής Tradesor με αυτόματο μηχανισμό ανοίγματος και εργονομική λαβή-μπαστούνι.
Υψηλής ποιότητας κατασκευή και ανθεκτικό ύφασμα που στεγνώνει άμεσα.",ΕΠΟΧΙΑΚΑ - ΤΟΥΡΙΣΤΙΚΑ  HOBBY>Ομπρέλες  αδιάβροχα>Ομπρέλες μπαστούνι
58095,Αυτόματη ομπρέλα μπαστούνι - 65# - 16K - ,Αυτόματη ομπρέλα μπαστούνι - 65# - 16K - Tradesor - 111350,in stock,new,4.5 EUR,,https://www.tradesor.gr/wp-content/uploads/2023/05/4e45ce76afc0de1cb970b52c10c1e48b.jpg,OEM,No Color,4.0,"Ομπρέλα βροχής Tradesor με αυτόματο μηχανισμό ανοίγματος και εργονομική λαβή-μπαστούνι.
Υψηλής ποιότητας κατασκευή και ανθεκτικό ύφασμα που στεγνώνει άμεσα.",ΕΠΟΧΙΑΚΑ - ΤΟΥΡΙΣΤΙΚΑ  HOBBY>Ομπρέλες  αδιάβροχα>Ομπρέλες μπαστούνι
58098,Αυτόματη ομπρέλα μπαστούνι - 71# - 16K - ,Αυτόματη ομπρέλα μπαστούνι - 71# - 16K - Tradesor - 111343,in stock,new,4.5 EUR,,,OEM,No Color,4.0,"Ομπρέλα βροχής Tradesor με αυτόματο μηχανισμό ανοίγματος και εργονομική λαβή-μπαστούνι.
Υψηλής ποιότητας κατασκευή και ανθεκτικό ύφασμα που στεγνώνει άμεσα.",ΕΠΟΧΙΑΚΑ - ΤΟΥΡΙΣΤΙΚΑ  HOBBY>Ομπρέλες  αδιάβροχα>Ομπρέλες μπαστούνι
