id,title,description,availability,condition,price,link,image_link,brand,color,shipping_weight,rich_text_description,fb_product_category
35167,Προβολέας οχημάτων LED - 27W - 238402,Προβολέας οχημάτων LED - 27W - 238402,in stock,new,9 EUR,,https://www.tradesor.gr/wp-content/uploads/2023/04/pr27w1.jpg,OEM,No Color,0.5,"<p>Τετράγωνος προβολέας οχημάτων και ομίχλης, 9 LED, 27w. <br />Διαθέτει μία σκάλα φωτισμού.<br />Υψηλή φωτεινότητα και σταθερότητα. <br />Μακρά διάρκεια ζωής, χαμηλής κατανάλωσης. <br />Πάνω από 30,000 ώρες ζωής. <br />Περίβλημα από σκληρό αλουμίνιο,αδιάβροχος. <br />Σύστημα προστασίας το οποίο προστατεύει ακόμα και αν συνδεθεί με λάθος πολικότητα. <br />Κατάλληλο για διαδρομές off-road, φορτηγά, τρακτέρ, περονοφόρα οχήματα, εκσκαφείς.κ.λ.π. <br />Διάσταση 10Χ10 εκατοστά.</p>",AUTO-MOTO-BIKE>Είδη αυτοκινήτου>Προβολείς  φώτα όγκου LED
35252,Προβολέας οχημάτων LED - 96W - D3096 - 143096,Προβολέας οχημάτων LED - 96W - D3096 - 143096,in stock,new,99 EUR,,https://www.tradesor.gr/wp-content/uploads/2023/04/prred.jpeg,OEM,No Color,7,"<p><strong>Χαρακτηριστικά:</strong> <br />Κατάλληλο για: Όλα τα off road οχήματα: φορτηγά, τρακτέρ, μπουλντόζες, γερανοί, κλπ. Ειδικά οχήματα: πυροσβεστικά οχήματα, αυτοκίνητα αστυνομίας, οχήματα διάσωσης. Ακόμη: για τρένα, βάρκες, λεωφορεία. <br />Για εσωτερικό ή εξωτερικό χώρο. <br /><strong>Τεχνικά Χαρακτηριστικά:</strong> <br />Ισχύς: 96W <br />Τάση: 10-30V <br />Φακός: PC Chip: 3W x 32 LEDs <br />Εκπομπή φωτός: 30<sup>o</sup> Spot και 60<sup>o</sup> Flood <br />Επίπεδο Αδιαβροχότητας: IP67 <br />Φωτεινότητα: 8500 lumens <br />Θερμοκρασία φωτός: 6000K <br />Θερμοκρασία λειτουργίας: -40<sup>o</sup>C~+80<sup>o</sup>C <br />Διάρκεια ζωής: 30.000 ώρες <br />Υλικό κατασκευής: περίβλημα από κραμα αλουμινίου Βραχίονας στήριξης από ανοξείδωτο ατσάλι</p>",AUTO-MOTO-BIKE>Είδη αυτοκινήτου>Προβολείς  φώτα όγκου LED
35347,Προβολέας οχημάτων LED - 27W - 238617,Προβολέας οχημάτων LED - 27W - 238617,in stock,new,9 EUR,,https://www.tradesor.gr/wp-content/uploads/2023/04/led27w-1.jpg,OEM,No Color,0.5,<p>Ισχύς: 27 Watt <br />Ισοδυναμία ισχύος: 270 Watt <br />Τάση: 10-30 Volt DC <br />Φωτεινότητα: 2430 Lumen <br />Dimming:  Όχι <br />Τύπος χρώματος: Ψυχρό Λευκό 6000 Κelvin <br />Τύπος LED: CREE LED High Power <br />Γωνία διάχυσης φωτός: Δέσμη 30° μοιρών <br />Διάρκειας ζωής: &gt; 30.000 ώρες <br />Πιστοποιητικά: CE και ROHS <br />Βάρος: 600γρ <br />Μήκος: 110mm Πλάτος: 45mm Ύψος: 128mm<br />Διαθέτει μία σκάλα φωτισμού.</p>,AUTO-MOTO-BIKE>Είδη αυτοκινήτου>Προβολείς  φώτα όγκου LED
35516,Προβολέας οχημάτων LED - 162W - 190770,Προβολέας οχημάτων LED - 162W - 190770,in stock,new,12.6 EUR,,https://www.tradesor.gr/wp-content/uploads/2023/04/190770.jpg,OEM,No Color,0.5,"<p>Προβολέας οχημάτων LED, Στρόγγυλος<br />162W<br />4500 Lumen <br />Αδιάβροχος IP66<br />Διάμετρος 11cm</p>",AUTO-MOTO-BIKE>Είδη αυτοκινήτου>Προβολείς  φώτα όγκου LED
36393,Φανάρι οπισθοπορείας φορτηγού LED - 12,Φανάρι οπισθοπορείας φορτηγού LED - 12V - 81 LED - 170327_12,in stock,new,12.6 EUR,,https://www.tradesor.gr/wp-content/uploads/2023/04/2912_170327.jpg,OEM,No Color,0.9,<p>Φανάρι οπισθοπορείας φορτηγού LED με 81 λαμπτήρες LED.<br />Τάση: 12V</p><p>Διαστάσεις συσκευασίας: 50 x 15 cm</p><p> </p>,AUTO-MOTO-BIKE>Είδη αυτοκινήτου>Προβολείς  φώτα όγκου LED
36396,Σετ 2Χ - Φανάρι οπισθοπορείας φορτηγ,Σετ 2Χ - Φανάρι οπισθοπορείας φορτηγού LED - 24V - 002109,in stock,new,16.2 EUR,,https://www.tradesor.gr/wp-content/uploads/2023/04/2912_002109.jpg,OEM,No Color,4,<p>Το πακέτο περιέχει 2 τεμάχια από φανάρι φορτηγού 24V.</p><p>Διαστάσεις συσκευασίας: 33 x 14 cm</p>,AUTO-MOTO-BIKE>Είδη αυτοκινήτου>Προβολείς  φώτα όγκου LED
36397,Σετ 2Χ - Φανάρι οπισθοπορείας φορτηγ,Σετ 2Χ - Φανάρι οπισθοπορείας φορτηγού LED - 24V - 002505,in stock,new,18 EUR,,https://www.tradesor.gr/wp-content/uploads/2023/04/2912_002505.jpg,OEM,No Color,4,<p>Το πακέτο περιέχει 2 τεμάχια από φανάρι φορτηγού 24V</p><p>Διαστάσεις συσκευασίας: 51 x 13 cm</p>,AUTO-MOTO-BIKE>Είδη αυτοκινήτου>Προβολείς  φώτα όγκου LED
36398,Σετ 2Χ - Φανάρι οπισθοπορείας φορτηγ,Σετ 2Χ - Φανάρι οπισθοπορείας φορτηγού LED - 24V - 062400,in stock,new,18 EUR,,https://www.tradesor.gr/wp-content/uploads/2023/04/2912_062400.jpg,OEM,No Color,4,<p>Το πακέτο περιέχει 2 τεμάχια από φανάρι φορτηγού 24V.</p><p>Διαστάσεις συσκευασίας: 44 x 15 cm</p>,AUTO-MOTO-BIKE>Είδη αυτοκινήτου>Προβολείς  φώτα όγκου LED
36626,Περιστρεφόμενος φάρος οχημάτων - Ambe,Περιστρεφόμενος φάρος οχημάτων - Amber 48LED - DC 10-30V - RD205-48 - 238518,in stock,new,12.6 EUR,,https://www.tradesor.gr/wp-content/uploads/2023/04/2005_238518.jpg,OEM,No Color,0.7,"<div class=""electro-description clearfix""><p>Φάρος Έκτακτης Ανάγκης – Προειδοποίησης</p><p>Με 48 LED</p><p>Ιδανικό για χρήση σε σκοτεινούς – ομιχλώδεις καιρούς</p><p>Εξαιρετικά  ισχυρή  λυχνία: αναβοσβήνει  90  φορές  το λεπτό</p><ul><li>Διάμετρος  βάσης: 124 mm</li><li>Μήκος: 120 mm</li><li>Γρήγορη σύνδεση</li><li>Τροφοδοσία ρεύματος  –  10-30V</li><li>Τοποθέτηση: Μαγνήτης / Βίδες</li></ul></div>",AUTO-MOTO-BIKE>Είδη αυτοκινήτου>Προβολείς  φώτα όγκου LED
36701,Προβολέας οχημάτων LED - 101423 - 420080,Προβολέας οχημάτων LED - 101423 - 420080,in stock,new,12.6 EUR,,https://www.tradesor.gr/wp-content/uploads/2023/04/1106_420080.jpg,OEM,No Color,0.9,<p>Προβολέας οχημάτων LED - 101423</p><p>Διαστάσεις: 13 x 6 cm</p>,AUTO-MOTO-BIKE>Είδη αυτοκινήτου>Προβολείς  φώτα όγκου LED
36702,Προβολέας οχημάτων LED - 54W - 24V - 420110,Προβολέας οχημάτων LED - 54W - 24V - 420110,in stock,new,16.2 EUR,,https://www.tradesor.gr/wp-content/uploads/2023/04/1106_420110.jpg,OEM,No Color,1,"<p>Προβολέας οχημάτων LED - 54W, διαμέτρου 18cm, 24V</p>",AUTO-MOTO-BIKE>Είδη αυτοκινήτου>Προβολείς  φώτα όγκου LED
36703,Προβολέας οχημάτων LED - 9W - 0029A - 420059,Προβολέας οχημάτων LED - 9W - 0029A - 420059,in stock,new,36 EUR,,https://www.tradesor.gr/wp-content/uploads/2023/04/1106_420059.jpg,OEM,No Color,4,"<p>Προβολέας οχημάτων LED - 9W - 0029A, διαμέτρου 11cm.<br />Διαθέτει μία σκάλα φωτισμού.</p>",AUTO-MOTO-BIKE>Είδη αυτοκινήτου>Προβολείς  φώτα όγκου LED
36704,Προβολέας μοτοσικλέτας - 420028,Προβολέας μοτοσικλέτας - 420028,in stock,new,5.4 EUR,,https://www.tradesor.gr/wp-content/uploads/2023/04/1106_420028.jpg,OEM,No Color,0.8,"<p>Κατασκευή από ατσάλι</p><p>Θερμοκρασία φωτός: 3000-6000K, επιλογές για θερμό και ψυχρό φωτισμό</p><p>Τάση: 8-80V</p><p>Διαστάσεις: 8 x 4.5cm</p><p> </p>",AUTO-MOTO-BIKE>Είδη αυτοκινήτου>Προβολείς  φώτα όγκου LED
37529,Προβολέας οχημάτων LED - 42W - 238600,Προβολέας οχημάτων LED - 42W - 238600,in stock,new,14.4 EUR,,https://www.tradesor.gr/wp-content/uploads/2023/04/238600.jpg,OEM,No Color,1.0,"<div id=""description"" class=""tab-pane in active""><div class=""product-description""><div class=""rte-content""><p>Προβολέας οχημάτων LED  στρογγυλός, κατάλληλος για επαγγελματικά οχήματα, σαν εξωτερικός προβολέας ομίχλης ή σαν βοηθητικός σε Suv, Φορτηγά, Jeep, Τρακτέρ, Γεωργικά Μηχανήματα κτλ.</p><p>Τάση: 12v-24v DC<br />Lumens: 3360Lm<br />Ισχύς: 42w (14led x 3w)<br />Υλικό: Αλουμίνιο - Βάση από ατσάλι<br />Αδιάβροχος (IP67)<br />Διάρκεια ζωής: 30.000 ώρες<br />Θερμοκρασία φωτισμού: 6000k<br />Διαθέτει μία σκάλα φωτισμού.</p></div></div></div>",AUTO-MOTO-BIKE>Είδη αυτοκινήτου>Προβολείς  φώτα όγκου LED
37711,Φάρος οχημάτων ασφαλείας – CD220208 – 0,Φάρος οχημάτων ασφαλείας – CD220208 – 001706,in stock,new,9 EUR,,https://www.tradesor.gr/wp-content/uploads/2023/04/001706.png,OEM,No Color,0.7,"<div id=""tab-description"" class=""panel entry-content wc-tab""><div id=""content_description"" class=""ty-wysiwyg-content content-description""><div><p><strong>Τεχνικές Προδιαγραφές</strong></p><ul><li><strong>Ισχύς:</strong> 8 Watt</li><li><strong>Ισοδυναμία ισχύος:</strong> 80 Watt</li><li><strong>Τάση:</strong> 10-30 Volt DC.</li><li><strong>Dimming:</strong> Όχι</li><li><strong>Προστασία Νερού:</strong> IP20</li><li><strong>Τύπος χρώματος:</strong> Μπλε & Κόκκινο</li><li><strong>Γωνία διάχυσης φωτός:</strong> 30° μοιρών</li><li><strong>Ώρες διάρκειας ζωής:</strong> &gt; 30.000 ώρες</li><li><strong>Χρόνος εκκίνησης:</strong> 0.2 sec</li><li><strong>Ενεργειακή κλάση:</strong> A’ Class</li><li><strong>Πιστοποιητικά:</strong> CE και RoHS</li><li><strong>Εγγύηση:</strong> 1 Χρόνο</li></ul><p><strong>Διαστάσεις Προϊόντος</strong></p><ul><li><strong>Μήκος:</strong> 245mm</li><li><strong>Πλάτος:</strong> 100mm</li><li><strong>Ύψος:</strong> 55mm</li></ul></div></div></div>",AUTO-MOTO-BIKE>Είδη αυτοκινήτου>Προβολείς  φώτα όγκου LED
37715,Φάρος οχημάτων ασφαλείας – CD220268 – 0,Φάρος οχημάτων ασφαλείας – CD220268 – 002406,in stock,new,10.8 EUR,,https://www.tradesor.gr/wp-content/uploads/2023/04/2912_002406.jpg,OEM,No Color,0.8,"<div id=""tab-description"" class=""panel entry-content wc-tab""><div id=""content_description"" class=""ty-wysiwyg-content content-description""><div><div id=""content_description"" class=""ty-wysiwyg-content content-description""><div><p><strong>Τεχνικές Προδιαγραφές</strong></p><ul><li><strong>Ισχύς:</strong> 8 Watt</li><li><strong>Ισοδυναμία ισχύος:</strong> 80 Watt</li><li><strong>Τάση:</strong> 10-30 Volt DC.</li><li><strong>Dimming:</strong> Όχι</li><li><strong>Προστασία Νερού:</strong> IP20</li><li><strong>Τύπος χρώματος:</strong> Μπλε & Κόκκινο</li><li><strong>Γωνία διάχυσης φωτός:</strong> Δέσμης 30° μοιρών</li><li><strong>Ώρες διάρκειας ζωής:</strong> &gt; 30.000 ώρες</li><li><strong>Χρόνος εκκίνησης:</strong> 0.2 sec</li><li><strong>Ενεργειακή κλάση:</strong> A’ Class</li><li><strong>Πιστοποιητικά:</strong> CE και RoHS</li><li><strong>Εγγύηση:</strong> 1 Χρόνο</li></ul><p><strong>Διαστάσεις Προϊόντος</strong></p><ul><li><strong>Μήκος: </strong>255mm<strong> <br /></strong></li><li><strong>Πλάτος: </strong>100mm</li><li><strong>Ύψος: </strong>50mm</li></ul></div></div></div></div></div>",AUTO-MOTO-BIKE>Είδη αυτοκινήτου>Προβολείς  φώτα όγκου LED
37716,Φάρος οχημάτων ασφαλείας – CD220265 – 0,Φάρος οχημάτων ασφαλείας – CD220265 – 012405,in stock,new,10.8 EUR,,https://www.tradesor.gr/wp-content/uploads/2023/04/2912_012405.jpg,OEM,No Color,0.8,"<div id=""tab-description"" class=""panel entry-content wc-tab""><div id=""content_description"" class=""ty-wysiwyg-content content-description""><div><div id=""content_description"" class=""ty-wysiwyg-content content-description""><div><p><strong>Τεχνικές Προδιαγραφές</strong></p><ul><li><strong>Ισχύς:</strong> 8 Watt</li><li><strong>Ισοδυναμία ισχύος:</strong> 80 Watt</li><li><strong>Τάση:</strong> 10-30 Volt DC.</li><li><strong>Dimming:</strong> Όχι</li><li><strong>Προστασία Νερού:</strong> IP20</li><li><strong>Τύπος χρώματος:</strong> Μπλε - Κόκκινο</li><li><strong>Γωνία διάχυσης φωτός:</strong> Δέσμης 30° μοιρών</li><li><strong>Ώρες διάρκειας ζωής:</strong> &gt; 30.000 ώρες</li><li><strong>Χρόνος εκκίνησης:</strong> 0.2 sec</li><li><strong>Ενεργειακή κλάση:</strong> A’ Class</li><li><strong>Πιστοποιητικά:</strong> CE και RoHS</li><li><strong>Εγγύηση:</strong> 1 Χρόνο</li></ul><p><strong>Διαστάσεις Προϊόντος</strong></p><ul><li><strong>Μήκος: </strong>255mm<strong> <br /></strong></li><li><strong>Πλάτος: </strong>100mm</li><li><strong>Ύψος: </strong>50mm</li></ul></div></div></div></div></div>",AUTO-MOTO-BIKE>Είδη αυτοκινήτου>Προβολείς  φώτα όγκου LED
38105,Προβολέας οχημάτων LED – Μπάρα – 192W -,Προβολέας οχημάτων LED – Μπάρα – 192W - 420031,in stock,new,36 EUR,,https://www.tradesor.gr/wp-content/uploads/2023/04/1305_420031-1.jpg,OEM,No Color,10,"<ul - =""two-columns-list""><li>Τάση λειτουργίας 12V/24V</li><li>Ισχύς: 192W</li><li>Θερμοκρασία χρώματος 6000K</li><li>Φωτεινότητα 15600Lm</li><li>Κατασκευή από αλουμίνιο</li><li>Διάρκεια ζωής έως 30.000 ώρες</li><li>Αδιαβροχοποίηση IP67</li><li>Διαστάσεις: 85 x 6.5 x 7.5cm</li></ul>",AUTO-MOTO-BIKE>Είδη αυτοκινήτου>Προβολείς  φώτα όγκου LED
38627,Οπίσθια φανάρια οχημάτων - 75LED - 24V - 2p,Οπίσθια φανάρια οχημάτων - 75LED - 24V - 2pcs - 001205,in stock,new,18 EUR,,https://www.tradesor.gr/wp-content/uploads/2023/04/001205-1.jpg,OEM,No Color,4,"<div id=""tab-description"" class=""woocommerce-Tabs-panel woocommerce-Tabs-panel--description panel entry-content wc-tab""><div class=""wc-tab-inner 
										""><div class=""""><p>Τα φανάρια Led φωτίζουν περισσότερο από τους κοινούς λαμπτήρες και έχουν χαμηλή κατανάλωση εξοικονομώντας σας ενέργεια και χρήματα.<br />Κατάλληλο για φορτηγά και οποιοδήποτε όχημα δέχεται προβολέα 34cm.<br /><strong>Σετ 2 τεμαχίων.</strong></p><p>Διαθέτει 75LED's:<br />30 Led πορείας, <br />15 Led stop-τροχοπεδήσεως, <br />15 Led indicator-δεικτών κατεύθυνσης/φλας<br />15 Led όπισθεν<br />με αδιάβροχη προστασία IP67.<br />Λειτουργία στα 24Volt DC.<br />Εύκολη εγκατάστασή.<br />Αποτελείται από άριστης ποιότητας,συμπαγές πλαστικό και θήκη από αλουμίνιο ώστε να το προστατεύει από τους κραδασμούς και τα χτυπήματα παρατείνοντας τον χρόνο διάρκειάς του.</p><p>Αριθμός LED: 75Led Led έντονης φωτεινότητας<br />Φωτεινότητα: 2400 Lumen<br />Dimming: Όχι<br />Τύπος χρώματος: Κόκκινο -Πορτοκαλί-Λευκό<br />Ώρες διάρκειας ζωής: &gt; 40.000 ώρες<br />Ενεργειακή κλάση: A’ Class</p>Διαστάσεις συσκευασίας: 35 x 15 cm</div></div></div>",AUTO-MOTO-BIKE>Είδη αυτοκινήτου>Προβολείς  φώτα όγκου LED
38639,Σετ μαγνητικά ασύρματα φανάρια τρέ�,Σετ μαγνητικά ασύρματα φανάρια τρέιλερ - LED/USB - 12/24V - 675121MF,in stock,new,63 EUR,,https://www.tradesor.gr/wp-content/uploads/2023/04/1305_675121-1.jpg,OEM,No Color,3.0,"<div class=""prod-descr""><ul><li>Επαναφορτιζόμενη μπαταρία 2000mah για ασύρματη χρήση</li><li>Διάρκεια λειτουργίας μπαταρίας 100 ώρες</li><li>3 λειτουργίες (φλας/στοπ/πορεία)</li><li>Πολλαπλή τάση: 12V / 24V</li><li>Διαθέτουν μαγνητική βάση για τοποθέτηση</li><li>Αδιάβροχα IP65 </li><li>Φωτεινή ένδειξη μπαταρίας</li><li>Διαστάσεις: 110 x 103mm</li></ul></div>",AUTO-MOTO-BIKE>Είδη αυτοκινήτου>Προβολείς  φώτα όγκου LED
39919,Φανάρι οπισθοπορείας φορτηγού LED - 24,Φανάρι οπισθοπορείας φορτηγού LED - 24V - 81 LED - 170327_24,in stock,new,12.6 EUR,,https://www.tradesor.gr/wp-content/uploads/2023/04/2912_170327.jpg,OEM,No Color,0.9,<p>Φανάρι οπισθοπορείας φορτηγού LED με 81 λαμπτήρες LED.<br />Τάση: 24V</p><p>Διαστάσεις συσκευασίας: 50 x 15 cm</p>,AUTO-MOTO-BIKE>Είδη αυτοκινήτου>Προβολείς  φώτα όγκου LED
105458,Προβολέας οχημάτων LED - R-D12202-S50A - 110584,Προβολέας οχημάτων LED - R-D12202-S50A - 110584,in stock,new,9 EUR,,https://www.tradesor.gr/wp-content/uploads/2023/06/9b17557d52ccfb0926a1595471d52399.jpg,OEM,No Color,0.9,,AUTO-MOTO-BIKE>Είδη αυτοκινήτου>Προβολείς  φώτα όγκου LED
105461,Προβολέας οχημάτων LED - R-D12202-R55A - 110583,Προβολέας οχημάτων LED - R-D12202-R55A - 110583,in stock,new,9 EUR,,https://www.tradesor.gr/wp-content/uploads/2023/06/60c7006613acd8adc6950dd9061019cf.jpg,OEM,No Color,0.9,,AUTO-MOTO-BIKE>Είδη αυτοκινήτου>Προβολείς  φώτα όγκου LED
105464,Προβολέας οχημάτων LED - R-D12201-S40 - 110582,Προβολέας οχημάτων LED - R-D12201-S40 - 110582,in stock,new,8.1 EUR,,https://www.tradesor.gr/wp-content/uploads/2023/06/9a060833a6997b695f37048308893385.jpg,OEM,No Color,0.9,,AUTO-MOTO-BIKE>Είδη αυτοκινήτου>Προβολείς  φώτα όγκου LED
105467,Προβολέας οχημάτων LED - R-D12214-S50 - 110581,Προβολέας οχημάτων LED - R-D12214-S50 - 110581,in stock,new,9 EUR,,https://www.tradesor.gr/wp-content/uploads/2023/06/3d4c658defb3cf704727b60bbb24f0e7.jpg,OEM,No Color,0.9,,AUTO-MOTO-BIKE>Είδη αυτοκινήτου>Προβολείς  φώτα όγκου LED
105470,Προβολέας οχημάτων LED - R-D12213-S50 - 110580,Προβολέας οχημάτων LED - R-D12213-S50 - 110580,in stock,new,9 EUR,,https://www.tradesor.gr/wp-content/uploads/2023/06/5067df5cb49040e1b5b52661b281c980.jpg,OEM,No Color,0.9,,AUTO-MOTO-BIKE>Είδη αυτοκινήτου>Προβολείς  φώτα όγκου LED
105473,Προβολέας οχημάτων LED - R-D12212-S50 - 110579,Προβολέας οχημάτων LED - R-D12212-S50 - 110579,in stock,new,9.9 EUR,,https://www.tradesor.gr/wp-content/uploads/2023/06/9c0057035b075a7f1aa65117c0a1df82.jpg,OEM,No Color,0.9,,AUTO-MOTO-BIKE>Είδη αυτοκινήτου>Προβολείς  φώτα όγκου LED
105476,Προβολέας οχημάτων LED - R-D12210-S50 - 110577,Προβολέας οχημάτων LED - R-D12210-S50 - 110577,in stock,new,14.4 EUR,,https://www.tradesor.gr/wp-content/uploads/2023/06/7b4e4455443b54ccba6ec5e5c10187f4.jpg,OEM,No Color,0.9,,AUTO-MOTO-BIKE>Είδη αυτοκινήτου>Προβολείς  φώτα όγκου LED
105479,Προβολέας οχημάτων LED - R-D12209-S50 - 110576,Προβολέας οχημάτων LED - R-D12209-S50 - 110576,in stock,new,9.9 EUR,,https://www.tradesor.gr/wp-content/uploads/2023/06/376eb245a9bf50762f03e96b1ac9d43c.jpg,OEM,No Color,0.9,,AUTO-MOTO-BIKE>Είδη αυτοκινήτου>Προβολείς  φώτα όγκου LED
105482,Προβολέας οχημάτων LED - R-D12206-S50 - 110575,Προβολέας οχημάτων LED - R-D12206-S50 - 110575,in stock,new,9.9 EUR,,https://www.tradesor.gr/wp-content/uploads/2023/06/85d70a9558bbb91cdfc6574c3f698d77.jpg,OEM,No Color,0.9,,AUTO-MOTO-BIKE>Είδη αυτοκινήτου>Προβολείς  φώτα όγκου LED
105485,Προβολέας οχημάτων LED - R-D12206-R55 - 110574,Προβολέας οχημάτων LED - R-D12206-R55 - 110574,in stock,new,9.9 EUR,,https://www.tradesor.gr/wp-content/uploads/2023/06/daa39eb05bd403f66970221d1185ebdc.jpg,OEM,No Color,0.9,,AUTO-MOTO-BIKE>Είδη αυτοκινήτου>Προβολείς  φώτα όγκου LED
105488,Προβολέας οχημάτων LED - R-D12204-S40 - 110573,Προβολέας οχημάτων LED - R-D12204-S40 - 110573,in stock,new,8.1 EUR,,https://www.tradesor.gr/wp-content/uploads/2023/06/4a8d1da5b89e929970484ceeb6c4516e.jpg,OEM,No Color,0.9,,AUTO-MOTO-BIKE>Είδη αυτοκινήτου>Προβολείς  φώτα όγκου LED
105491,Προβολέας οχημάτων LED - R-D12204-R42 - 110572,Προβολέας οχημάτων LED - R-D12204-R42 - 110572,in stock,new,8.1 EUR,,https://www.tradesor.gr/wp-content/uploads/2023/06/3b747b892f7679a764c2041e24cfc832.jpg,OEM,No Color,0.9,,AUTO-MOTO-BIKE>Είδη αυτοκινήτου>Προβολείς  φώτα όγκου LED
105494,Προβολέας οχημάτων LED - R-D12215-S50 - 110571,Προβολέας οχημάτων LED - R-D12215-S50 - 110571,in stock,new,9 EUR,,https://www.tradesor.gr/wp-content/uploads/2023/06/05ee9269c6e366c4e43f568f57a09fac.jpg,OEM,No Color,0.9,,AUTO-MOTO-BIKE>Είδη αυτοκινήτου>Προβολείς  φώτα όγκου LED
105497,Προβολέας οχημάτων LED - R-D12215-R55 - 110570,Προβολέας οχημάτων LED - R-D12215-R55 - 110570,in stock,new,9 EUR,,https://www.tradesor.gr/wp-content/uploads/2023/06/83ecd1fe6c07078bf9851c67b21496dd.jpg,OEM,No Color,0.9,,AUTO-MOTO-BIKE>Είδη αυτοκινήτου>Προβολείς  φώτα όγκου LED
105500,Προβολέας οχημάτων LED - R-D12208-S50 - 110569,Προβολέας οχημάτων LED - R-D12208-S50 - 110569,in stock,new,8.1 EUR,,https://www.tradesor.gr/wp-content/uploads/2023/06/4d7ac56d0ed03d71d8297e5ca2b98bf9.jpg,OEM,No Color,0.9,,AUTO-MOTO-BIKE>Είδη αυτοκινήτου>Προβολείς  φώτα όγκου LED
105503,Προβολέας οχημάτων LED - R-D12208-R55 - 110568,Προβολέας οχημάτων LED - R-D12208-R55 - 110568,in stock,new,8.1 EUR,,https://www.tradesor.gr/wp-content/uploads/2023/06/47472f60d1f8629e00dddb1d0e4d6621.jpg,OEM,No Color,0.9,,AUTO-MOTO-BIKE>Είδη αυτοκινήτου>Προβολείς  φώτα όγκου LED
105506,Προβολέας οχημάτων LED - R-D12205-S50 - 110567,Προβολέας οχημάτων LED - R-D12205-S50 - 110567,in stock,new,7.2 EUR,,https://www.tradesor.gr/wp-content/uploads/2023/06/1e716112f36f9f15b99bcb524a8e0880.jpg,OEM,No Color,0.9,,AUTO-MOTO-BIKE>Είδη αυτοκινήτου>Προβολείς  φώτα όγκου LED
105509,Προβολέας οχημάτων LED - R-D12205-R55 - 110566,Προβολέας οχημάτων LED - R-D12205-R55 - 110566,in stock,new,7.2 EUR,,https://www.tradesor.gr/wp-content/uploads/2023/06/36d07d9498e51e0d69358ebc3ce3e84c.jpg,OEM,No Color,0.9,,AUTO-MOTO-BIKE>Είδη αυτοκινήτου>Προβολείς  φώτα όγκου LED
105990,Οπίσθιο φανάρι οχημάτων - 2102117/03 - 21033,Οπίσθιο φανάρι οχημάτων - 2102117/03 - 210335,in stock,new,8.1 EUR,,https://www.tradesor.gr/wp-content/uploads/2023/06/f68bd3a0e4f10814d9286d0af34d4e87.jpg,OEM,No Color,0.9,,AUTO-MOTO-BIKE>Είδη αυτοκινήτου>Προβολείς  φώτα όγκου LED
105993,Οπίσθιο φανάρι οχημάτων - 2102117/02 - 21033,Οπίσθιο φανάρι οχημάτων - 2102117/02 - 210334,in stock,new,8.1 EUR,,https://www.tradesor.gr/wp-content/uploads/2023/06/faf3068e397d1d5b650d4c5b8cc09c6e.jpg,OEM,No Color,0.9,,AUTO-MOTO-BIKE>Είδη αυτοκινήτου>Προβολείς  φώτα όγκου LED
105996,Οπίσθιο φανάρι οχημάτων - 2102117/01 - 21033,Οπίσθιο φανάρι οχημάτων - 2102117/01 - 210333,in stock,new,8.1 EUR,,https://www.tradesor.gr/wp-content/uploads/2023/06/8af050d6263c77497be2578fd9d65c55.jpg,OEM,No Color,0.9,,AUTO-MOTO-BIKE>Είδη αυτοκινήτου>Προβολείς  φώτα όγκου LED
105999,Οπίσθιο φανάρι οχημάτων - 2102115B/A - 21033,Οπίσθιο φανάρι οχημάτων - 2102115B/A - 210332,in stock,new,4.5 EUR,,https://www.tradesor.gr/wp-content/uploads/2023/06/78018ee3dbfd6e8b49c9535f388045a9.jpg,OEM,No Color,0.9,,AUTO-MOTO-BIKE>Είδη αυτοκινήτου>Προβολείς  φώτα όγκου LED
106002,Οπίσθιο φανάρι οχημάτων - 2102115A/A - 21033,Οπίσθιο φανάρι οχημάτων - 2102115A/A - 210331,in stock,new,4.5 EUR,,https://www.tradesor.gr/wp-content/uploads/2023/06/ee5ec584ae537b54b63ef01eef47921d.jpg,OEM,No Color,0.9,,AUTO-MOTO-BIKE>Είδη αυτοκινήτου>Προβολείς  φώτα όγκου LED
106005,Πλαϊνό φανάρι οχημάτων - 2101203A/X - 210330,Πλαϊνό φανάρι οχημάτων - 2101203A/X - 210330,in stock,new,1.8 EUR,,https://www.tradesor.gr/wp-content/uploads/2023/06/c47f5ad029ec230e8a07326627eb7ce0.jpg,OEM,No Color,0.9,,AUTO-MOTO-BIKE>Είδη αυτοκινήτου>Προβολείς  φώτα όγκου LED
106071,Προβολέας οχημάτων LED - 1108603B/12H - 110295,Προβολέας οχημάτων LED - 1108603B/12H - 110295,in stock,new,4.5 EUR,,https://www.tradesor.gr/wp-content/uploads/2023/06/e449f712137263c4bdcfc4de0ca567b7.jpg,OEM,No Color,0.9,,AUTO-MOTO-BIKE>Είδη αυτοκινήτου>Προβολείς  φώτα όγκου LED
106074,Προβολέας οχημάτων LED - 1108602B/06H - 110294,Προβολέας οχημάτων LED - 1108602B/06H - 110294,in stock,new,4.5 EUR,,https://www.tradesor.gr/wp-content/uploads/2023/06/cb427055ad2d35a4fd28385b8985b87c.jpg,OEM,No Color,0.9,,AUTO-MOTO-BIKE>Είδη αυτοκινήτου>Προβολείς  φώτα όγκου LED
106077,Προβολέας οχημάτων LED - 1108602B/04H - 110293,Προβολέας οχημάτων LED - 1108602B/04H - 110293,in stock,new,4.5 EUR,,https://www.tradesor.gr/wp-content/uploads/2023/06/c6eb0d2d04a09922f52a3e9c41a5436e.jpg,OEM,No Color,0.9,,AUTO-MOTO-BIKE>Είδη αυτοκινήτου>Προβολείς  φώτα όγκου LED
106080,Περιστρεφόμενος φάρος αυτοκινήτου ,Περιστρεφόμενος φάρος αυτοκινήτου - 1108412A/3 - 110292,in stock,new,10.8 EUR,,https://www.tradesor.gr/wp-content/uploads/2023/06/8fef79bde2c13f96692bbb3b3ce5395f.jpg,OEM,No Color,0.9,,AUTO-MOTO-BIKE>Είδη αυτοκινήτου>Προβολείς  φώτα όγκου LED
106083,Περιστρεφόμενος φάρος αυτοκινήτου ,Περιστρεφόμενος φάρος αυτοκινήτου - 1108405C/3624F - 110291,in stock,new,10.8 EUR,,https://www.tradesor.gr/wp-content/uploads/2023/06/c6c04b9c9ba6e5e5bed980a562fd1a53.jpg,OEM,No Color,0.9,,AUTO-MOTO-BIKE>Είδη αυτοκινήτου>Προβολείς  φώτα όγκου LED
106086,Περιστρεφόμενος φάρος αυτοκινήτου ,Περιστρεφόμενος φάρος αυτοκινήτου - 1108425 - 110290,in stock,new,10.8 EUR,,https://www.tradesor.gr/wp-content/uploads/2023/06/28b51186655699bdbe3819abd4ccf850.jpg,OEM,No Color,0.9,,AUTO-MOTO-BIKE>Είδη αυτοκινήτου>Προβολείς  φώτα όγκου LED
106089,Περιστρεφόμενος φάρος αυτοκινήτου ,Περιστρεφόμενος φάρος αυτοκινήτου - 1108409/1230S - 110287,in stock,new,12.6 EUR,,https://www.tradesor.gr/wp-content/uploads/2023/06/b7f6626e8bd5b75ad6817dc745802675.jpg,OEM,No Color,0.9,,AUTO-MOTO-BIKE>Είδη αυτοκινήτου>Προβολείς  φώτα όγκου LED
106092,Περιστρεφόμενος φάρος αυτοκινήτου ,Περιστρεφόμενος φάρος αυτοκινήτου - 1108408/1230S - 110286,in stock,new,18 EUR,,https://www.tradesor.gr/wp-content/uploads/2023/06/678cdc4bfba67643781c37b68e8ce9d5.jpg,OEM,No Color,0.9,,AUTO-MOTO-BIKE>Είδη αυτοκινήτου>Προβολείς  φώτα όγκου LED
106095,Περιστρεφόμενος φάρος αυτοκινήτου ,Περιστρεφόμενος φάρος αυτοκινήτου - 1108407/1230S - 110285,in stock,new,12.6 EUR,,https://www.tradesor.gr/wp-content/uploads/2023/06/c780c05951c6e2a7757441b742116ca2.jpg,OEM,No Color,0.9,,AUTO-MOTO-BIKE>Είδη αυτοκινήτου>Προβολείς  φώτα όγκου LED
106098,Περιστρεφόμενος φάρος αυτοκινήτου ,Περιστρεφόμενος φάρος αυτοκινήτου - 1108404/1210F - 110284,in stock,new,8.1 EUR,,https://www.tradesor.gr/wp-content/uploads/2023/06/385a1357953ccb508e2f12ae3bebf21e.jpg,OEM,No Color,0.9,,AUTO-MOTO-BIKE>Είδη αυτοκινήτου>Προβολείς  φώτα όγκου LED
106101,Περιστρεφόμενος φάρος αυτοκινήτου ,Περιστρεφόμενος φάρος αυτοκινήτου - 1108403/1210F - 110283,in stock,new,8.1 EUR,,https://www.tradesor.gr/wp-content/uploads/2023/06/a31662a84fe4f3c277e9f5cbea56e0ec.jpg,OEM,No Color,0.9,,AUTO-MOTO-BIKE>Είδη αυτοκινήτου>Προβολείς  φώτα όγκου LED
106356,Προβολέας οχημάτων LED - R-D12302-12 - 110080,Προβολέας οχημάτων LED - R-D12302-12 - 110080,in stock,new,36 EUR,,https://www.tradesor.gr/wp-content/uploads/2023/06/b16f39ef4196187ca0dd8c49b96360bb.jpg,OEM,No Color,0.9,,AUTO-MOTO-BIKE>Είδη αυτοκινήτου>Προβολείς  φώτα όγκου LED
106359,Προβολέας οχημάτων LED - R-D12302-11 - 110079,Προβολέας οχημάτων LED - R-D12302-11 - 110079,in stock,new,28.8 EUR,,https://www.tradesor.gr/wp-content/uploads/2023/06/636ea2a6acbd9d77829b9d4585be1a32.jpg,OEM,No Color,0.9,,AUTO-MOTO-BIKE>Είδη αυτοκινήτου>Προβολείς  φώτα όγκου LED
106362,Προβολέας οχημάτων LED - R-D12302-10 - 110078,Προβολέας οχημάτων LED - R-D12302-10 - 110078,in stock,new,23.4 EUR,,https://www.tradesor.gr/wp-content/uploads/2023/06/212e8d9036387163cea0dad4504e88f6.jpg,OEM,No Color,0.9,,AUTO-MOTO-BIKE>Είδη αυτοκινήτου>Προβολείς  φώτα όγκου LED
106365,Προβολέας οχημάτων LED - R-D12302-09 - 110077,Προβολέας οχημάτων LED - R-D12302-09 - 110077,in stock,new,25.2 EUR,,https://www.tradesor.gr/wp-content/uploads/2023/06/591abf1c8bc1a13cd1cb25a060547068.jpg,OEM,No Color,0.9,,AUTO-MOTO-BIKE>Είδη αυτοκινήτου>Προβολείς  φώτα όγκου LED
106368,Προβολέας οχημάτων LED - R-D12302-07 - 110075,Προβολέας οχημάτων LED - R-D12302-07 - 110075,in stock,new,14.4 EUR,,https://www.tradesor.gr/wp-content/uploads/2023/06/553cfc62bfaf7409dbe18f8332fcefc3.jpg,OEM,No Color,0.9,,AUTO-MOTO-BIKE>Είδη αυτοκινήτου>Προβολείς  φώτα όγκου LED
106371,Προβολέας οχημάτων LED - R-D12302-06 - 110074,Προβολέας οχημάτων LED - R-D12302-06 - 110074,in stock,new,30.6 EUR,,https://www.tradesor.gr/wp-content/uploads/2023/06/f0aed1e1227542e2a9d162da191e7384.jpg,OEM,No Color,0.9,,AUTO-MOTO-BIKE>Είδη αυτοκινήτου>Προβολείς  φώτα όγκου LED
106374,Προβολέας οχημάτων LED - R-D12302-05 - 110073,Προβολέας οχημάτων LED - R-D12302-05 - 110073,in stock,new,30.6 EUR,,https://www.tradesor.gr/wp-content/uploads/2023/06/982e55bb7056db25aa38e39c11af20df.jpg,OEM,No Color,0.9,,AUTO-MOTO-BIKE>Είδη αυτοκινήτου>Προβολείς  φώτα όγκου LED
106377,Προβολέας οχημάτων LED - R-D12302-04 - 110072,Προβολέας οχημάτων LED - R-D12302-04 - 110072,in stock,new,19.8 EUR,,https://www.tradesor.gr/wp-content/uploads/2023/06/f9d6df8e901bc16432ec4587a8acfcba.jpg,OEM,No Color,0.9,,AUTO-MOTO-BIKE>Είδη αυτοκινήτου>Προβολείς  φώτα όγκου LED
106380,Προβολέας οχημάτων LED - R-D12302-03 - 110071,Προβολέας οχημάτων LED - R-D12302-03 - 110071,in stock,new,27 EUR,,https://www.tradesor.gr/wp-content/uploads/2023/06/6f2bf375cd49c4eddd179ee2eccb20b6.jpg,OEM,No Color,0.9,,AUTO-MOTO-BIKE>Είδη αυτοκινήτου>Προβολείς  φώτα όγκου LED
106383,Προβολέας οχημάτων LED - R-D12302-02 - 110070,Προβολέας οχημάτων LED - R-D12302-02 - 110070,in stock,new,14.4 EUR,,https://www.tradesor.gr/wp-content/uploads/2023/06/7c6d20d594310b3458de37457f0352e2.jpg,OEM,No Color,0.9,,AUTO-MOTO-BIKE>Είδη αυτοκινήτου>Προβολείς  φώτα όγκου LED
106386,Προβολέας οχημάτων LED - R-D12302-01 - 110069,Προβολέας οχημάτων LED - R-D12302-01 - 110069,in stock,new,10.8 EUR,,https://www.tradesor.gr/wp-content/uploads/2023/06/4974082aeced60e71941754a47460cfa.jpg,OEM,No Color,0.9,,AUTO-MOTO-BIKE>Είδη αυτοκινήτου>Προβολείς  φώτα όγκου LED
106389,Προβολέας οχημάτων LED - R-D12301-11 - 110068,Προβολέας οχημάτων LED - R-D12301-11 - 110068,in stock,new,19.8 EUR,,https://www.tradesor.gr/wp-content/uploads/2023/06/ade2c8369deaab5164cd7a35f3992256.jpg,OEM,No Color,0.9,,AUTO-MOTO-BIKE>Είδη αυτοκινήτου>Προβολείς  φώτα όγκου LED
106392,Προβολέας οχημάτων LED - R-D12301-10 - 110067,Προβολέας οχημάτων LED - R-D12301-10 - 110067,in stock,new,19.8 EUR,,https://www.tradesor.gr/wp-content/uploads/2023/06/30dba992ac715eb0568db0610052934e.jpg,OEM,No Color,0.9,,AUTO-MOTO-BIKE>Είδη αυτοκινήτου>Προβολείς  φώτα όγκου LED
106395,Προβολέας οχημάτων LED - R-D12301-06 - 110064,Προβολέας οχημάτων LED - R-D12301-06 - 110064,in stock,new,18 EUR,,https://www.tradesor.gr/wp-content/uploads/2023/06/f40189b19ec0d1ee44db715ce60978ee.jpg,OEM,No Color,0.9,,AUTO-MOTO-BIKE>Είδη αυτοκινήτου>Προβολείς  φώτα όγκου LED
106398,Προβολέας οχημάτων LED - R-D12301-04 - 110063,Προβολέας οχημάτων LED - R-D12301-04 - 110063,in stock,new,23.4 EUR,,https://www.tradesor.gr/wp-content/uploads/2023/06/651c2cd61dd1b08a8c5c890267421bd5.jpg,OEM,No Color,0.9,,AUTO-MOTO-BIKE>Είδη αυτοκινήτου>Προβολείς  φώτα όγκου LED
106401,Προβολέας οχημάτων LED - R-D12301-02 - 110062,Προβολέας οχημάτων LED - R-D12301-02 - 110062,in stock,new,12.6 EUR,,https://www.tradesor.gr/wp-content/uploads/2023/06/5ed64b42f0d212d032f4f641c85f7670.jpg,OEM,No Color,0.9,,AUTO-MOTO-BIKE>Είδη αυτοκινήτου>Προβολείς  φώτα όγκου LED
106404,Προβολέας οχημάτων LED - R-D12301-01 - 110061,Προβολέας οχημάτων LED - R-D12301-01 - 110061,in stock,new,9.9 EUR,,https://www.tradesor.gr/wp-content/uploads/2023/06/cb3c3f1e26a63240cee64c26030f6abf.jpg,OEM,No Color,0.9,,AUTO-MOTO-BIKE>Είδη αυτοκινήτου>Προβολείς  φώτα όγκου LED
106407,Προβολέας οχημάτων LED - R-D12603-A1 - 110047,Προβολέας οχημάτων LED - R-D12603-A1 - 110047,in stock,new,9 EUR,,https://www.tradesor.gr/wp-content/uploads/2023/06/253947ee6174aa2f684a30d4530ddace.jpg,OEM,No Color,0.9,,AUTO-MOTO-BIKE>Είδη αυτοκινήτου>Προβολείς  φώτα όγκου LED
106410,Προβολέας οχημάτων LED - R-D12602-A1 - 110046,Προβολέας οχημάτων LED - R-D12602-A1 - 110046,in stock,new,11.7 EUR,,https://www.tradesor.gr/wp-content/uploads/2023/06/91c7c12e2c79ede1d6453da740412172.jpg,OEM,No Color,0.9,,AUTO-MOTO-BIKE>Είδη αυτοκινήτου>Προβολείς  φώτα όγκου LED
106413,Προβολέας οχημάτων LED - R-D12601F-Y20 - 110045,Προβολέας οχημάτων LED - R-D12601F-Y20 - 110045,in stock,new,10.8 EUR,,https://www.tradesor.gr/wp-content/uploads/2023/06/863242fa1828e6f80cec25ea7a79e5db.jpg,OEM,No Color,0.9,,AUTO-MOTO-BIKE>Είδη αυτοκινήτου>Προβολείς  φώτα όγκου LED
106416,Προβολέας οχημάτων LED - R-D12601F-X20 - 110044,Προβολέας οχημάτων LED - R-D12601F-X20 - 110044,in stock,new,9.9 EUR,,https://www.tradesor.gr/wp-content/uploads/2023/06/3aa9348b2c4e81c8dd3c0ddfc0770e9e.jpg,OEM,No Color,0.9,,AUTO-MOTO-BIKE>Είδη αυτοκινήτου>Προβολείς  φώτα όγκου LED
106419,Προβολέας οχημάτων LED - R-D12601E-Y48A - 110043,Προβολέας οχημάτων LED - R-D12601E-Y48A - 110043,in stock,new,10.8 EUR,,https://www.tradesor.gr/wp-content/uploads/2023/06/f648202e878a733cbd25741be8ca8ce2.jpg,OEM,No Color,0.9,,AUTO-MOTO-BIKE>Είδη αυτοκινήτου>Προβολείς  φώτα όγκου LED
106422,Προβολέας οχημάτων LED - R-D12601E-X48B - 110042,Προβολέας οχημάτων LED - R-D12601E-X48B - 110042,in stock,new,10.8 EUR,,https://www.tradesor.gr/wp-content/uploads/2023/06/34bb3090e88a6b38b94b429590ae07b4.jpg,OEM,No Color,0.9,,AUTO-MOTO-BIKE>Είδη αυτοκινήτου>Προβολείς  φώτα όγκου LED
106425,Προβολέας οχημάτων LED - R-D12601E-X48A  - 11004,Προβολέας οχημάτων LED - R-D12601E-X48A  - 110041,in stock,new,9.9 EUR,,https://www.tradesor.gr/wp-content/uploads/2023/06/de962ac42efbc62df867bd639f917965.jpg,OEM,No Color,0.9,,AUTO-MOTO-BIKE>Είδη αυτοκινήτου>Προβολείς  φώτα όγκου LED
106428,Προβολέας οχημάτων LED - R-D12601C-Y12 - 110040,Προβολέας οχημάτων LED - R-D12601C-Y12 - 110040,in stock,new,9.9 EUR,,https://www.tradesor.gr/wp-content/uploads/2023/06/e7ae1465009cdc9a1438d81361774c41.jpg,OEM,No Color,0.9,,AUTO-MOTO-BIKE>Είδη αυτοκινήτου>Προβολείς  φώτα όγκου LED
106431,Προβολέας οχημάτων LED - R-D12601C-X12 - 110039,Προβολέας οχημάτων LED - R-D12601C-X12 - 110039,in stock,new,10.8 EUR,,https://www.tradesor.gr/wp-content/uploads/2023/06/123687ad43f6ab05d4a27356617bcb03.jpg,OEM,No Color,0.9,,AUTO-MOTO-BIKE>Είδη αυτοκινήτου>Προβολείς  φώτα όγκου LED
106434,Προβολέας οχημάτων LED - R-D12601B-Y12 - 110038,Προβολέας οχημάτων LED - R-D12601B-Y12 - 110038,in stock,new,9.9 EUR,,https://www.tradesor.gr/wp-content/uploads/2023/06/9f6823d6f5bdf84ee2287cb1bcda27c9.jpg,OEM,No Color,0.9,,AUTO-MOTO-BIKE>Είδη αυτοκινήτου>Προβολείς  φώτα όγκου LED
106437,Προβολέας οχημάτων LED - R-D12601B-X12 - 110037,Προβολέας οχημάτων LED - R-D12601B-X12 - 110037,in stock,new,9.9 EUR,,https://www.tradesor.gr/wp-content/uploads/2023/06/977dc4178cef60d2f320e21e036e1f2e.jpg,OEM,No Color,0.9,,AUTO-MOTO-BIKE>Είδη αυτοκινήτου>Προβολείς  φώτα όγκου LED
106440,Προβολέας οχημάτων LED - R-D12601A-X12 - 110033,Προβολέας οχημάτων LED - R-D12601A-X12 - 110033,in stock,new,9 EUR,,https://www.tradesor.gr/wp-content/uploads/2023/06/1393811b1d8d59c5f178c31dc022ad0a.jpg,OEM,No Color,0.9,,AUTO-MOTO-BIKE>Είδη αυτοκινήτου>Προβολείς  φώτα όγκου LED
106443,Προβολείς οχημάτων LED - R-D12601A-Y18 - 110036,Προβολείς οχημάτων LED - R-D12601A-Y18 - 110036,in stock,new,9 EUR,,https://www.tradesor.gr/wp-content/uploads/2023/06/483b85b0401aaa73db858460446993ab.jpg,OEM,No Color,0.9,,AUTO-MOTO-BIKE>Είδη αυτοκινήτου>Προβολείς  φώτα όγκου LED
106446,Προβολείς οχημάτων LED - R-D12601A-Y12 - 110035,Προβολείς οχημάτων LED - R-D12601A-Y12 - 110035,in stock,new,9 EUR,,https://www.tradesor.gr/wp-content/uploads/2023/06/697932fa3685708c8ef9db5b837d66a3.jpg,OEM,No Color,0.9,,AUTO-MOTO-BIKE>Είδη αυτοκινήτου>Προβολείς  φώτα όγκου LED
106449,Προβολείς οχημάτων LED - R-D12601A-X18 - 110034,Προβολείς οχημάτων LED - R-D12601A-X18 - 110034,in stock,new,9 EUR,,https://www.tradesor.gr/wp-content/uploads/2023/06/12c12e997a4f77cb9541c230a9391f13.jpg,OEM,No Color,0.9,,AUTO-MOTO-BIKE>Είδη αυτοκινήτου>Προβολείς  φώτα όγκου LED
106452,Οπίσθια αυτοκόλλητη ταινία φωτισμο,Οπίσθια αυτοκόλλητη ταινία φωτισμού LED οχημάτων - R-D20303-15 - 110032,in stock,new,14.4 EUR,,https://www.tradesor.gr/wp-content/uploads/2023/06/85b6957488c47797e95d3b9dfeeb0139.jpg,OEM,No Color,0.9,,AUTO-MOTO-BIKE>Είδη αυτοκινήτου>Προβολείς  φώτα όγκου LED
106455,Οπίσθια αυτοκόλλητη ταινία φωτισμο,Οπίσθια αυτοκόλλητη ταινία φωτισμού LED οχημάτων - R-D20303-12 - 110031,in stock,new,12.6 EUR,,https://www.tradesor.gr/wp-content/uploads/2023/06/ff8f08efe686b7d7ec93d524728267a7.jpg,OEM,No Color,0.9,,AUTO-MOTO-BIKE>Είδη αυτοκινήτου>Προβολείς  φώτα όγκου LED
106458,Οπίσθια αυτοκόλλητη ταινία φωτισμο,Οπίσθια αυτοκόλλητη ταινία φωτισμού LED οχημάτων - R-D20301-15 - 110030,in stock,new,17.1 EUR,,https://www.tradesor.gr/wp-content/uploads/2023/06/19c0b414a32d1af55a9dbc2dd2a1d20b.jpg,OEM,No Color,0.9,,AUTO-MOTO-BIKE>Είδη αυτοκινήτου>Προβολείς  φώτα όγκου LED
106461,Οπίσθια αυτοκόλλητη ταινία φωτισμο,Οπίσθια αυτοκόλλητη ταινία φωτισμού LED οχημάτων - R-D20301-12 - 110029,in stock,new,15.3 EUR,,https://www.tradesor.gr/wp-content/uploads/2023/06/abc71982a9d62d0b67817ec4d73e44de.jpg,OEM,No Color,0.9,,AUTO-MOTO-BIKE>Είδη αυτοκινήτου>Προβολείς  φώτα όγκου LED
107155,Προβολέας οχημάτων LED - Μπάρα - R-D11218-B,Προβολέας οχημάτων LED - Μπάρα - R-D11218-B04 - 110701,in stock,new,28.8 EUR,,https://www.tradesor.gr/wp-content/uploads/2023/06/06326b1181b8df997e98d36574b14f89.jpg,OEM,No Color,2.0,,AUTO-MOTO-BIKE>Είδη αυτοκινήτου>Προβολείς  φώτα όγκου LED
107158,Προβολέας οχημάτων LED - R-D11218-B02 - 110700,Προβολέας οχημάτων LED - R-D11218-B02 - 110700,in stock,new,14.4 EUR,,https://www.tradesor.gr/wp-content/uploads/2023/06/5e228810c43f4ee8aefecb56a1de8cf2.jpg,OEM,No Color,1.0,,AUTO-MOTO-BIKE>Είδη αυτοκινήτου>Προβολείς  φώτα όγκου LED
107161,Προβολέας οχημάτων LED - R-D11218-B01 - 110699,Προβολέας οχημάτων LED - R-D11218-B01 - 110699,in stock,new,9 EUR,,https://www.tradesor.gr/wp-content/uploads/2023/06/d6fdaf802bd41a6f02145c06ec24d117.jpg,OEM,No Color,1.0,,AUTO-MOTO-BIKE>Είδη αυτοκινήτου>Προβολείς  φώτα όγκου LED
107164,Προβολέας οχημάτων LED - Μπάρα - R-D11217-B,Προβολέας οχημάτων LED - Μπάρα - R-D11217-B126 - 110698,in stock,new,36 EUR,,https://www.tradesor.gr/wp-content/uploads/2023/06/dfd399b30efc02800439457f66918b2e.jpg,OEM,No Color,3.0,,AUTO-MOTO-BIKE>Είδη αυτοκινήτου>Προβολείς  φώτα όγκου LED
107167,Προβολέας οχημάτων LED - Μπάρα - R-D11217-B,Προβολέας οχημάτων LED - Μπάρα - R-D11217-B072 - 110697,in stock,new,23.4 EUR,,https://www.tradesor.gr/wp-content/uploads/2023/06/1926acd6a4e1b526cc5d5cf22d4fd16b.jpg,OEM,No Color,1.5,,AUTO-MOTO-BIKE>Είδη αυτοκινήτου>Προβολείς  φώτα όγκου LED
107170,Προβολέας οχημάτων LED - R-D11217-B036 - 110696,Προβολέας οχημάτων LED - R-D11217-B036 - 110696,in stock,new,11.7 EUR,,https://www.tradesor.gr/wp-content/uploads/2023/06/2260e75ff8ac2b403856f6011d992efc.jpg,OEM,No Color,1.0,,AUTO-MOTO-BIKE>Είδη αυτοκινήτου>Προβολείς  φώτα όγκου LED
107173,Προβολέας οχημάτων LED - R-D11217-B018 - 110695,Προβολέας οχημάτων LED - R-D11217-B018 - 110695,in stock,new,8.1 EUR,,https://www.tradesor.gr/wp-content/uploads/2023/06/64c8cbcc280a1b4c316d387e44038df8.jpg,OEM,No Color,1.0,,AUTO-MOTO-BIKE>Είδη αυτοκινήτου>Προβολείς  φώτα όγκου LED
107176,Προβολέας οχημάτων LED - Μπάρα - R-D11216-B,Προβολέας οχημάτων LED - Μπάρα - R-D11216-B288 - 110694,in stock,new,30.6 EUR,,https://www.tradesor.gr/wp-content/uploads/2023/06/143c62c426f3262aa8253dcce5ce66a3.jpg,OEM,No Color,3.0,,AUTO-MOTO-BIKE>Είδη αυτοκινήτου>Προβολείς  φώτα όγκου LED
107179,Προβολέας οχημάτων LED - R-D11215-B240 - 110693,Προβολέας οχημάτων LED - R-D11215-B240 - 110693,in stock,new,25.2 EUR,,https://www.tradesor.gr/wp-content/uploads/2023/06/821047af19f9a4c3cfb60a2fdb4c6b17.jpg,OEM,No Color,2.0,,AUTO-MOTO-BIKE>Είδη αυτοκινήτου>Προβολείς  φώτα όγκου LED
107182,Προβολέας οχημάτων LED - R-D11215-B120 - 110692,Προβολέας οχημάτων LED - R-D11215-B120 - 110692,in stock,new,12.6 EUR,,https://www.tradesor.gr/wp-content/uploads/2023/06/178c3eaa471f4ccba6dffce5920ba846.jpg,OEM,No Color,1.0,,AUTO-MOTO-BIKE>Είδη αυτοκινήτου>Προβολείς  φώτα όγκου LED
107185,Προβολέας οχημάτων LED - R-D11215-B060 - 110691,Προβολέας οχημάτων LED - R-D11215-B060 - 110691,in stock,new,7.2 EUR,,https://www.tradesor.gr/wp-content/uploads/2023/06/fe6500392692f4d70e0bdfaac904cbd2.jpg,OEM,No Color,1.0,,AUTO-MOTO-BIKE>Είδη αυτοκινήτου>Προβολείς  φώτα όγκου LED
107188,Προβολέας οχημάτων LED - Μπάρα - R-D11214-B,Προβολέας οχημάτων LED - Μπάρα - R-D11214-B252 - 110690,in stock,new,36 EUR,,https://www.tradesor.gr/wp-content/uploads/2023/06/a5cb0c48385d527db188d83ba35fb4f8.jpg,OEM,No Color,4.0,,AUTO-MOTO-BIKE>Είδη αυτοκινήτου>Προβολείς  φώτα όγκου LED
107191,Προβολέας οχημάτων LED - Μπάρα - R-D11214-B,Προβολέας οχημάτων LED - Μπάρα - R-D11214-B144 - 110689,in stock,new,25.2 EUR,,https://www.tradesor.gr/wp-content/uploads/2023/06/6e3b2f43a61bd1d72068e65e01158ee7.jpg,OEM,No Color,2.0,,AUTO-MOTO-BIKE>Είδη αυτοκινήτου>Προβολείς  φώτα όγκου LED
107194,Προβολέας οχημάτων LED - R-D11214-B072 - 110688,Προβολέας οχημάτων LED - R-D11214-B072 - 110688,in stock,new,12.6 EUR,,https://www.tradesor.gr/wp-content/uploads/2023/06/8f98552656f68e1c9672a420686a747a.jpg,OEM,No Color,1.0,,AUTO-MOTO-BIKE>Είδη αυτοκινήτου>Προβολείς  φώτα όγκου LED
107197,Προβολέας οχημάτων LED - R-D11214-B036 - 110687,Προβολέας οχημάτων LED - R-D11214-B036 - 110687,in stock,new,8.1 EUR,,https://www.tradesor.gr/wp-content/uploads/2023/06/4d74d427611736cd057a41c8ea4f5b9d.jpg,OEM,No Color,1.0,,AUTO-MOTO-BIKE>Είδη αυτοκινήτου>Προβολείς  φώτα όγκου LED
107200,Προβολέας οχημάτων LED - Μπάρα - R-D11211-B,Προβολέας οχημάτων LED - Μπάρα - R-D11211-B126 - 110686,in stock,new,32.4 EUR,,https://www.tradesor.gr/wp-content/uploads/2023/06/908c451d733ff947d5e61e5b89976e7e.jpg,OEM,No Color,3.0,,AUTO-MOTO-BIKE>Είδη αυτοκινήτου>Προβολείς  φώτα όγκου LED
107203,Προβολέας οχημάτων LED - Μπάρα - R-D11211-B,Προβολέας οχημάτων LED - Μπάρα - R-D11211-B072 - 110685,in stock,new,18 EUR,,https://www.tradesor.gr/wp-content/uploads/2023/06/f1f85c1ef7454dde6fbf717d67a4a1a0.jpg,OEM,No Color,2.0,,AUTO-MOTO-BIKE>Είδη αυτοκινήτου>Προβολείς  φώτα όγκου LED
107206,Προβολέας οχημάτων LED - R-D11211-B036 - 110684,Προβολέας οχημάτων LED - R-D11211-B036 - 110684,in stock,new,10.8 EUR,,https://www.tradesor.gr/wp-content/uploads/2023/06/2cf1520b2bcea55a7e49de7807baca05.jpg,OEM,No Color,1.0,,AUTO-MOTO-BIKE>Είδη αυτοκινήτου>Προβολείς  φώτα όγκου LED
107209,Προβολέας οχημάτων LED - R-D11211-B018 - 110683,Προβολέας οχημάτων LED - R-D11211-B018 - 110683,in stock,new,6.3 EUR,,https://www.tradesor.gr/wp-content/uploads/2023/06/16e6012dcb184697d7c2d94fd7ca389c.jpg,OEM,No Color,1.0,,AUTO-MOTO-BIKE>Είδη αυτοκινήτου>Προβολείς  φώτα όγκου LED
107212,Προβολέας οχημάτων LED - R-D11209-B144 - 110682,Προβολέας οχημάτων LED - R-D11209-B144 - 110682,in stock,new,14.4 EUR,,https://www.tradesor.gr/wp-content/uploads/2023/06/ee076d5c3977c6d023b2b37beefbc3e1.jpg,OEM,No Color,1.0,,AUTO-MOTO-BIKE>Είδη αυτοκινήτου>Προβολείς  φώτα όγκου LED
107215,Προβολέας οχημάτων LED - R-D11209-B072 - 110681,Προβολέας οχημάτων LED - R-D11209-B072 - 110681,in stock,new,8.1 EUR,,https://www.tradesor.gr/wp-content/uploads/2023/06/3a3253edab1b954cb490cb29a53048f9.jpg,OEM,No Color,1.0,,AUTO-MOTO-BIKE>Είδη αυτοκινήτου>Προβολείς  φώτα όγκου LED
107218,Προβολέας οχημάτων LED - R-D11208-B216 - 110680,Προβολέας οχημάτων LED - R-D11208-B216 - 110680,in stock,new,27 EUR,,https://www.tradesor.gr/wp-content/uploads/2023/06/f2ab4715d9d6996e75b33f404908d572.jpg,OEM,No Color,2.0,,AUTO-MOTO-BIKE>Είδη αυτοκινήτου>Προβολείς  φώτα όγκου LED
107221,Προβολέας οχημάτων LED - R-D11208-B108 - 110679,Προβολέας οχημάτων LED - R-D11208-B108 - 110679,in stock,new,14.4 EUR,,https://www.tradesor.gr/wp-content/uploads/2023/06/66b89d5c2e58b3b563268fe5e2e6d279.jpg,OEM,No Color,1.0,,AUTO-MOTO-BIKE>Είδη αυτοκινήτου>Προβολείς  φώτα όγκου LED
107224,Προβολέας οχημάτων LED - R-D11208-B054 - 110678,Προβολέας οχημάτων LED - R-D11208-B054 - 110678,in stock,new,8.1 EUR,,https://www.tradesor.gr/wp-content/uploads/2023/06/53d8227e64452868d52b6cbab105ba01.jpg,OEM,No Color,1.0,,AUTO-MOTO-BIKE>Είδη αυτοκινήτου>Προβολείς  φώτα όγκου LED
107227,Προβολέας οχημάτων LED - R-D11207-B090 - 110677,Προβολέας οχημάτων LED - R-D11207-B090 - 110677,in stock,new,12.6 EUR,,https://www.tradesor.gr/wp-content/uploads/2023/06/52468b783d9591e4c3429231ccfe0498.jpg,OEM,No Color,1.0,,AUTO-MOTO-BIKE>Είδη αυτοκινήτου>Προβολείς  φώτα όγκου LED
107230,Προβολέας οχημάτων LED - R-D11206-B050 - 110676,Προβολέας οχημάτων LED - R-D11206-B050 - 110676,in stock,new,12.6 EUR,,https://www.tradesor.gr/wp-content/uploads/2023/06/6d1c8b0d74c1747403dfcca1d336fc50.jpg,OEM,No Color,1.0,,AUTO-MOTO-BIKE>Είδη αυτοκινήτου>Προβολείς  φώτα όγκου LED
107233,Προβολέας οχημάτων LED - R-D11206-B024 - 110675,Προβολέας οχημάτων LED - R-D11206-B024 - 110675,in stock,new,9 EUR,,https://www.tradesor.gr/wp-content/uploads/2023/06/8f6fb8fb2169e3c496e474699314a164.jpg,OEM,No Color,1.0,,AUTO-MOTO-BIKE>Είδη αυτοκινήτου>Προβολείς  φώτα όγκου LED
107236,Προβολέας οχημάτων LED - Μπάρα - R-D11202-B,Προβολέας οχημάτων LED - Μπάρα - R-D11202-B252 - 110674,in stock,new,27 EUR,,https://www.tradesor.gr/wp-content/uploads/2023/06/23c44941c746fe2b5225632f66cfbc14.jpg,OEM,No Color,1.0,,AUTO-MOTO-BIKE>Είδη αυτοκινήτου>Προβολείς  φώτα όγκου LED
107239,Προβολέας οχημάτων LED - Μπάρα - R-D11202-B,Προβολέας οχημάτων LED - Μπάρα - R-D11202-B144 - 110673,in stock,new,21.6 EUR,,https://www.tradesor.gr/wp-content/uploads/2023/06/5a0b2a3567e0b8be692ac120764e0f99.jpg,OEM,No Color,1.0,,AUTO-MOTO-BIKE>Είδη αυτοκινήτου>Προβολείς  φώτα όγκου LED
107242,Προβολέας οχημάτων LED - Μπάρα - R-D11201-B,Προβολέας οχημάτων LED - Μπάρα - R-D11201-B420 - 110670,in stock,new,10.8 EUR,,https://www.tradesor.gr/wp-content/uploads/2023/06/f779c3cc12b04d464e3466d8ca6d0de7.jpg,OEM,No Color,1.0,,AUTO-MOTO-BIKE>Είδη αυτοκινήτου>Προβολείς  φώτα όγκου LED
107245,Προβολέας οχημάτων LED - R-D11202-B072 - 110672,Προβολέας οχημάτων LED - R-D11202-B072 - 110672,in stock,new,6.3 EUR,,https://www.tradesor.gr/wp-content/uploads/2023/06/d25526d5c037659d55bd0cf58787854e.jpg,OEM,No Color,1.0,,AUTO-MOTO-BIKE>Είδη αυτοκινήτου>Προβολείς  φώτα όγκου LED
107248,Προβολέας οχημάτων LED - R-D11202-B036 - 110671,Προβολέας οχημάτων LED - R-D11202-B036 - 110671,in stock,new,30.6 EUR,,https://www.tradesor.gr/wp-content/uploads/2023/06/f3286ab27371e074d90264869d7d52c4.jpg,OEM,No Color,2.0,,AUTO-MOTO-BIKE>Είδη αυτοκινήτου>Προβολείς  φώτα όγκου LED
107251,Προβολέας οχημάτων LED - R-D11201-B240 - 110669,Προβολέας οχημάτων LED - R-D11201-B240 - 110669,in stock,new,18 EUR,,https://www.tradesor.gr/wp-content/uploads/2023/06/e6e8af197c2c32784d732f753b6564ee.jpg,OEM,No Color,1.0,,AUTO-MOTO-BIKE>Είδη αυτοκινήτου>Προβολείς  φώτα όγκου LED
107254,Προβολέας οχημάτων LED - R-D11201-B120 - 110668,Προβολέας οχημάτων LED - R-D11201-B120 - 110668,in stock,new,10.8 EUR,,https://www.tradesor.gr/wp-content/uploads/2023/06/e81720e50682f69b800ff85303441903.jpg,OEM,No Color,1.0,,AUTO-MOTO-BIKE>Είδη αυτοκινήτου>Προβολείς  φώτα όγκου LED
107257,Προβολέας οχημάτων LED - R-D11201-B060 - 110667,Προβολέας οχημάτων LED - R-D11201-B060 - 110667,in stock,new,6.3 EUR,,https://www.tradesor.gr/wp-content/uploads/2023/06/85bd4348b1790d0b6f36581230d405c1.jpg,OEM,No Color,0.8,,AUTO-MOTO-BIKE>Είδη αυτοκινήτου>Προβολείς  φώτα όγκου LED
107297,Προβολέας οχημάτων LED - Μπάρα - R-D11104M-,Προβολέας οχημάτων LED - Μπάρα - R-D11104M-C270 - 110630,in stock,new,41.4 EUR,,https://www.tradesor.gr/wp-content/uploads/2023/06/6e2524cb174430cd76ce16c8006a1321.jpg,OEM,No Color,3.0,,AUTO-MOTO-BIKE>Είδη αυτοκινήτου>Προβολείς  φώτα όγκου LED
107300,Προβολέας οχημάτων LED - Μπάρα - R-D11104M-,Προβολέας οχημάτων LED - Μπάρα - R-D11104M-B270 - 110629,in stock,new,36 EUR,,https://www.tradesor.gr/wp-content/uploads/2023/06/33a987363b25af113bf30b0f02644463.jpg,OEM,No Color,3.0,,AUTO-MOTO-BIKE>Είδη αυτοκινήτου>Προβολείς  φώτα όγκου LED
107303,Προβολέας οχημάτων LED - Μπάρα - R-D11104M-,Προβολέας οχημάτων LED - Μπάρα - R-D11104M-B162 - 110628,in stock,new,27 EUR,,https://www.tradesor.gr/wp-content/uploads/2023/06/e94b496967fc130b28bd8c2a5cc97ac4.jpg,OEM,No Color,3.0,,AUTO-MOTO-BIKE>Είδη αυτοκινήτου>Προβολείς  φώτα όγκου LED
107306,Προβολέας οχημάτων LED - Μπάρα - R-D11103C-,Προβολέας οχημάτων LED - Μπάρα - R-D11103C-C120 - 110627,in stock,new,54 EUR,,https://www.tradesor.gr/wp-content/uploads/2023/06/391338c60872dabe4dff1748f1dbfe75.jpg,OEM,No Color,3.0,,AUTO-MOTO-BIKE>Είδη αυτοκινήτου>Προβολείς  φώτα όγκου LED
107309,Προβολέας οχημάτων LED - Μπάρα - R-D11103C-,Προβολέας οχημάτων LED - Μπάρα - R-D11103C-B120 - 110626,in stock,new,43.2 EUR,,https://www.tradesor.gr/wp-content/uploads/2023/06/a34a67fc3eab7534dd79d10c71599cdc.jpg,OEM,No Color,3.0,,AUTO-MOTO-BIKE>Είδη αυτοκινήτου>Προβολείς  φώτα όγκου LED
107312,Προβολέας οχημάτων LED - Μπάρα - R-D11103C-,Προβολέας οχημάτων LED - Μπάρα - R-D11103C-B072 - 110625,in stock,new,30.6 EUR,,https://www.tradesor.gr/wp-content/uploads/2023/06/d4b1d728ca2fef66768bd852e8748e54.jpg,OEM,No Color,3.0,,AUTO-MOTO-BIKE>Είδη αυτοκινήτου>Προβολείς  φώτα όγκου LED
107315,Προβολέας οχημάτων LED - Μπάρα - R-D11103C-,Προβολέας οχημάτων LED - Μπάρα - R-D11103C-B036 - 110624,in stock,new,16.2 EUR,,https://www.tradesor.gr/wp-content/uploads/2023/06/a9a2c533a05b08d9c8cb29604bc9400a.jpg,OEM,No Color,2.0,,AUTO-MOTO-BIKE>Είδη αυτοκινήτου>Προβολείς  φώτα όγκου LED
107318,Προβολέας οχημάτων LED - Μπάρα - R-D11102E-,Προβολέας οχημάτων LED - Μπάρα - R-D11102E-A120 - 110623,in stock,new,36 EUR,,https://www.tradesor.gr/wp-content/uploads/2023/06/860035cffb124d7c8f175c2ee232b1c9.jpg,OEM,No Color,3.0,,AUTO-MOTO-BIKE>Είδη αυτοκινήτου>Προβολείς  φώτα όγκου LED
107321,Προβολέας οχημάτων LED - Μπάρα - R-D11102E-,Προβολέας οχημάτων LED - Μπάρα - R-D11102E-A072 - 110622,in stock,new,27 EUR,,https://www.tradesor.gr/wp-content/uploads/2023/06/e60c7da6e8c24b1c167f3ff1ddc75f1c.jpg,OEM,No Color,3.0,,AUTO-MOTO-BIKE>Είδη αυτοκινήτου>Προβολείς  φώτα όγκου LED
107324,Προβολέας οχημάτων LED - Μπάρα - R-D11102E-,Προβολέας οχημάτων LED - Μπάρα - R-D11102E-A036 - 110621,in stock,new,14.4 EUR,,https://www.tradesor.gr/wp-content/uploads/2023/06/b55f76c76f28b838227d96b05b7d651a.jpg,OEM,No Color,2.0,,AUTO-MOTO-BIKE>Είδη αυτοκινήτου>Προβολείς  φώτα όγκου LED
107327,Προβολέας οχημάτων LED κυρτός - Μπάρα,Προβολέας οχημάτων LED κυρτός - Μπάρα - R-D11101E-C120 - 110620,in stock,new,39.6 EUR,,https://www.tradesor.gr/wp-content/uploads/2023/06/dec2d423be5f1f0435dbab472ed10ab9.jpg,OEM,No Color,3.0,,AUTO-MOTO-BIKE>Είδη αυτοκινήτου>Προβολείς  φώτα όγκου LED
107330,Προβολέας οχημάτων LED - Μπάρα - R-D11101E-,Προβολέας οχημάτων LED - Μπάρα - R-D11101E-B120 - 110619,in stock,new,36 EUR,,https://www.tradesor.gr/wp-content/uploads/2023/06/ff85fb3aca32d59674a0f757608a5042.jpg,OEM,No Color,3.0,,AUTO-MOTO-BIKE>Είδη αυτοκινήτου>Προβολείς  φώτα όγκου LED
107333,Προβολέας οχημάτων LED - Μπάρα - R-D11101E-,Προβολέας οχημάτων LED - Μπάρα - R-D11101E-B072 - 110618,in stock,new,27 EUR,,https://www.tradesor.gr/wp-content/uploads/2023/06/1654d1e4e5bfd66bfc503a126667ff0f.jpg,OEM,No Color,3.0,,AUTO-MOTO-BIKE>Είδη αυτοκινήτου>Προβολείς  φώτα όγκου LED
107336,Προβολέας οχημάτων LED - R-D11101E-B036 - 110617,Προβολέας οχημάτων LED - R-D11101E-B036 - 110617,in stock,new,16.2 EUR,,https://www.tradesor.gr/wp-content/uploads/2023/06/54bbd12d5abfbf350186f4dce04ea027.jpg,OEM,No Color,2.0,,AUTO-MOTO-BIKE>Είδη αυτοκινήτου>Προβολείς  φώτα όγκου LED
107354,Προβολέας οχημάτων LED - R-D12211-S45 - 110578,Προβολέας οχημάτων LED - R-D12211-S45 - 110578,in stock,new,11.7 EUR,,https://www.tradesor.gr/wp-content/uploads/2023/06/ea00e759697a008811c0d76e36cf3631.jpg,OEM,No Color,0.8,,AUTO-MOTO-BIKE>Είδη αυτοκινήτου>Προβολείς  φώτα όγκου LED
107432,Πλευρικό φως όγκου οχημάτων LED - 2101307,Πλευρικό φως όγκου οχημάτων LED - 2101307 - 210329,in stock,new,19.8 EUR,,https://www.tradesor.gr/wp-content/uploads/2023/06/c12cf19bb93e1ac2e0e8e94ff280b038.jpg,OEM,No Color,0.8,,AUTO-MOTO-BIKE>Είδη αυτοκινήτου>Προβολείς  φώτα όγκου LED
107435,Πλευρικό φως όγκου οχημάτων LED - R-DT121,Πλευρικό φως όγκου οχημάτων LED - R-DT1210 - 210464,in stock,new,3.6 EUR,,https://www.tradesor.gr/wp-content/uploads/2023/06/bb7fd7633b8d69fe893d3d384cc4c732.jpg,OEM,No Color,0.8,,AUTO-MOTO-BIKE>Είδη αυτοκινήτου>Προβολείς  φώτα όγκου LED
107438,Πλευρικό φως όγκου οχημάτων LED - R-DT120,Πλευρικό φως όγκου οχημάτων LED - R-DT1208 - 210463,in stock,new,2.7 EUR,,https://www.tradesor.gr/wp-content/uploads/2023/06/887161d8d23a554314ef149de8b61be0.jpg,OEM,No Color,0.8,,AUTO-MOTO-BIKE>Είδη αυτοκινήτου>Προβολείς  φώτα όγκου LED
107441,Πλευρικό φως όγκου οχημάτων LED - R-DT120,Πλευρικό φως όγκου οχημάτων LED - R-DT1207 - 210462,in stock,new,3.6 EUR,,https://www.tradesor.gr/wp-content/uploads/2023/06/53ae04c71b7d94b32c5b52c56d94ee7b.jpg,OEM,No Color,0.8,,AUTO-MOTO-BIKE>Είδη αυτοκινήτου>Προβολείς  φώτα όγκου LED
107444,Πλευρικό φως όγκου οχημάτων LED - R-DT120,Πλευρικό φως όγκου οχημάτων LED - R-DT1206 - 210461,in stock,new,2.7 EUR,,https://www.tradesor.gr/wp-content/uploads/2023/06/6f6072690a2942bb6020a525d7161f88.jpg,OEM,No Color,0.8,,AUTO-MOTO-BIKE>Είδη αυτοκινήτου>Προβολείς  φώτα όγκου LED
107447,Πλευρικό φως όγκου οχημάτων LED - R-DT120,Πλευρικό φως όγκου οχημάτων LED - R-DT1205-A - 210459,in stock,new,2.7 EUR,,https://www.tradesor.gr/wp-content/uploads/2023/06/054e6c77fab4369d8f0f08d8f8367776.jpg,OEM,No Color,0.8,,AUTO-MOTO-BIKE>Είδη αυτοκινήτου>Προβολείς  φώτα όγκου LED
107450,Πλευρικό φως όγκου οχημάτων LED - R-DT120,Πλευρικό φως όγκου οχημάτων LED - R-DT1204 - 210458,in stock,new,2.7 EUR,,https://www.tradesor.gr/wp-content/uploads/2023/06/62fc90da2decc420b8d76e6886d04bfc.jpg,OEM,No Color,0.8,,AUTO-MOTO-BIKE>Είδη αυτοκινήτου>Προβολείς  φώτα όγκου LED
107453,Πλευρικό φως όγκου οχημάτων LED - R-DT120,Πλευρικό φως όγκου οχημάτων LED - R-DT1203 - 210457,in stock,new,2.7 EUR,,https://www.tradesor.gr/wp-content/uploads/2023/06/f1b91595fbfd02dfb301a3ac158c598b.jpg,OEM,No Color,0.8,,AUTO-MOTO-BIKE>Είδη αυτοκινήτου>Προβολείς  φώτα όγκου LED
107456,Πλευρικό φως όγκου οχημάτων LED - R-DT120,Πλευρικό φως όγκου οχημάτων LED - R-DT1202 - 210456,in stock,new,2.7 EUR,,https://www.tradesor.gr/wp-content/uploads/2023/06/88ceb92c8262a38e649ef5e50b4e622f.jpg,OEM,No Color,0.8,,AUTO-MOTO-BIKE>Είδη αυτοκινήτου>Προβολείς  φώτα όγκου LED
107459,Πλευρικό φως όγκου οχημάτων LED - R-DT120,Πλευρικό φως όγκου οχημάτων LED - R-DT1201 - 210455,in stock,new,2.7 EUR,,https://www.tradesor.gr/wp-content/uploads/2023/06/f64d50a80a75bfb81a0f00d7bbc729de.jpg,OEM,No Color,0.8,,AUTO-MOTO-BIKE>Είδη αυτοκινήτου>Προβολείς  φώτα όγκου LED
107462,Πλευρικό φως όγκου οχημάτων LED - R-DT112,Πλευρικό φως όγκου οχημάτων LED - R-DT1124 - 210454,in stock,new,5.4 EUR,,https://www.tradesor.gr/wp-content/uploads/2023/06/5d1c551529f80d33901df006ecaee7bc.jpg,OEM,No Color,0.8,,AUTO-MOTO-BIKE>Είδη αυτοκινήτου>Προβολείς  φώτα όγκου LED
107465,Πλευρικό φως όγκου οχημάτων LED - R-DT112,Πλευρικό φως όγκου οχημάτων LED - R-DT1123 - 210453,in stock,new,5.4 EUR,,https://www.tradesor.gr/wp-content/uploads/2023/06/816c2c1a8d05958136a43f63800bdf87.jpg,OEM,No Color,0.8,,AUTO-MOTO-BIKE>Είδη αυτοκινήτου>Προβολείς  φώτα όγκου LED
107468,Πλευρικό φως όγκου οχημάτων LED - R-DT112,Πλευρικό φως όγκου οχημάτων LED - R-DT1120 - 210452,in stock,new,5.4 EUR,,https://www.tradesor.gr/wp-content/uploads/2023/06/246942b120c2c06dd3e2d8945287cee6.jpg,OEM,No Color,0.8,,AUTO-MOTO-BIKE>Είδη αυτοκινήτου>Προβολείς  φώτα όγκου LED
107471,Πλευρικό φως όγκου οχημάτων LED - R-DT111,Πλευρικό φως όγκου οχημάτων LED - R-DT1119 - 210451,in stock,new,6.3 EUR,,https://www.tradesor.gr/wp-content/uploads/2023/06/006c59440b02ea02bfc78a28900b43a3.jpg,OEM,No Color,0.8,,AUTO-MOTO-BIKE>Είδη αυτοκινήτου>Προβολείς  φώτα όγκου LED
107474,Πλευρικό φως όγκου οχημάτων LED - R-DT111,Πλευρικό φως όγκου οχημάτων LED - R-DT1118 - 210450,in stock,new,6.3 EUR,,https://www.tradesor.gr/wp-content/uploads/2023/06/8d8a9c2d029009f641ad111b8047c458.jpg,OEM,No Color,0.8,,AUTO-MOTO-BIKE>Είδη αυτοκινήτου>Προβολείς  φώτα όγκου LED
107477,Πλευρικό φως όγκου οχημάτων LED - R-DT111,Πλευρικό φως όγκου οχημάτων LED - R-DT1117 - 210449,in stock,new,6.3 EUR,,https://www.tradesor.gr/wp-content/uploads/2023/06/d8b96e0e964dbe44d03f49073e4d357c.jpg,OEM,No Color,0.8,,AUTO-MOTO-BIKE>Είδη αυτοκινήτου>Προβολείς  φώτα όγκου LED
107480,Πλευρικό φως όγκου οχημάτων LED - R-DT112,Πλευρικό φως όγκου οχημάτων LED - R-DT1125 - 210448,in stock,new,6.3 EUR,,https://www.tradesor.gr/wp-content/uploads/2023/06/8cb09f6f44572197673305a044f666f9.jpg,OEM,No Color,0.8,,AUTO-MOTO-BIKE>Είδη αυτοκινήτου>Προβολείς  φώτα όγκου LED
107483,Πλευρικό φως όγκου οχημάτων LED - R-DT111,Πλευρικό φως όγκου οχημάτων LED - R-DT1113 - 210447,in stock,new,5.4 EUR,,https://www.tradesor.gr/wp-content/uploads/2023/06/210a34f740cbd341494fcbbb4b90a7a8.jpg,OEM,No Color,0.8,,AUTO-MOTO-BIKE>Είδη αυτοκινήτου>Προβολείς  φώτα όγκου LED
107486,Πλευρικό φως όγκου οχημάτων LED - R-DT111,Πλευρικό φως όγκου οχημάτων LED - R-DT1112 - 210446,in stock,new,5.4 EUR,,https://www.tradesor.gr/wp-content/uploads/2023/06/85c31b00b9f9b9065e147055caa927f8.jpg,OEM,No Color,0.8,,AUTO-MOTO-BIKE>Είδη αυτοκινήτου>Προβολείς  φώτα όγκου LED
107489,Πλευρικό φως όγκου οχημάτων LED - R-DT110,Πλευρικό φως όγκου οχημάτων LED - R-DT1105 - 210445,in stock,new,6.3 EUR,,https://www.tradesor.gr/wp-content/uploads/2023/06/7c87455b4bdd2b8dc0b3f352d63c501d.jpg,OEM,No Color,0.8,,AUTO-MOTO-BIKE>Είδη αυτοκινήτου>Προβολείς  φώτα όγκου LED
107492,Πλευρικό φως όγκου οχημάτων LED - R-DT110,Πλευρικό φως όγκου οχημάτων LED - R-DT1101 - 210444,in stock,new,5.4 EUR,,https://www.tradesor.gr/wp-content/uploads/2023/06/8b6a3bdbbf32dad8c3a630d69ea35e20.jpg,OEM,No Color,0.8,,AUTO-MOTO-BIKE>Είδη αυτοκινήτου>Προβολείς  φώτα όγκου LED
107568,Ηλιακός φάρος οχημάτων ασφαλείας - 1,Ηλιακός φάρος οχημάτων ασφαλείας - 1108421A - 110289,in stock,new,9 EUR,,https://www.tradesor.gr/wp-content/uploads/2023/06/8917d69eb6128a23c2fa9384bd248bd4.jpg,OEM,No Color,0.8,,AUTO-MOTO-BIKE>Είδη αυτοκινήτου>Προβολείς  φώτα όγκου LED
107571,Ηλιακός φάρος οχημάτων ασφαλείας - 1,Ηλιακός φάρος οχημάτων ασφαλείας - 1108420 - 110288,in stock,new,10.8 EUR,,https://www.tradesor.gr/wp-content/uploads/2023/06/5a92da8c2b643425c572b8339ac6aac1.jpg,OEM,No Color,0.8,,AUTO-MOTO-BIKE>Είδη αυτοκινήτου>Προβολείς  φώτα όγκου LED
107881,Προβολέας οχημάτων LED - R-D12302-08 - 110076,Προβολέας οχημάτων LED - R-D12302-08 - 110076,in stock,new,28.8 EUR,,https://www.tradesor.gr/wp-content/uploads/2023/06/7f8332d9f720a18df7a7441049622dce.jpg,OEM,No Color,0.8,,AUTO-MOTO-BIKE>Είδη αυτοκινήτου>Προβολείς  φώτα όγκου LED
107884,Προβολέας οχημάτων LED - R-D12301-07 - 110065,Προβολέας οχημάτων LED - R-D12301-07 - 110065,in stock,new,14.4 EUR,,https://www.tradesor.gr/wp-content/uploads/2023/06/87771cb38f02558ab92ed5432c347ab9.jpg,OEM,No Color,0.8,,AUTO-MOTO-BIKE>Είδη αυτοκινήτου>Προβολείς  φώτα όγκου LED
107887,Προβολέας οχημάτων LED - Μπάρα - R-D11306-0,Προβολέας οχημάτων LED - Μπάρα - R-D11306-06 - 110060,in stock,new,21.6 EUR,,https://www.tradesor.gr/wp-content/uploads/2023/06/f7d0a2d920bc1742390766529d808da1.jpg,OEM,No Color,0.8,,AUTO-MOTO-BIKE>Είδη αυτοκινήτου>Προβολείς  φώτα όγκου LED
107890,Προβολέας οχημάτων LED - Μπάρα - R-D11306-0,Προβολέας οχημάτων LED - Μπάρα - R-D11306-05 - 110059,in stock,new,16.2 EUR,,https://www.tradesor.gr/wp-content/uploads/2023/06/3f5a36838ec445f0e0629e0b2b97a207.jpg,OEM,No Color,0.8,,AUTO-MOTO-BIKE>Είδη αυτοκινήτου>Προβολείς  φώτα όγκου LED
107893,Προβολέας οχημάτων LED - Μπάρα - R-D11306-0,Προβολέας οχημάτων LED - Μπάρα - R-D11306-04 - 110058,in stock,new,11.7 EUR,,https://www.tradesor.gr/wp-content/uploads/2023/06/a0a5f82f1885bd64a5dd64083727e3bf.jpg,OEM,No Color,0.8,,AUTO-MOTO-BIKE>Είδη αυτοκινήτου>Προβολείς  φώτα όγκου LED
107896,Προβολέας οχημάτων LED - Μπάρα - R-D11306-0,Προβολέας οχημάτων LED - Μπάρα - R-D11306-02 - 110057,in stock,new,6.3 EUR,,https://www.tradesor.gr/wp-content/uploads/2023/06/216662420cfbc3e5abb05a3981183ef1.jpg,OEM,No Color,0.8,,AUTO-MOTO-BIKE>Είδη αυτοκινήτου>Προβολείς  φώτα όγκου LED
107899,Προβολέας οχημάτων LED - R-D11306-01 - 110056,Προβολέας οχημάτων LED - R-D11306-01 - 110056,in stock,new,5.4 EUR,,https://www.tradesor.gr/wp-content/uploads/2023/06/0bac29a6888a26d8fd025fe0522b5068.jpg,OEM,No Color,0.8,,AUTO-MOTO-BIKE>Είδη αυτοκινήτου>Προβολείς  φώτα όγκου LED
107902,Προβολέας οχημάτων LED - Μπάρα - R-D11305-1,Προβολέας οχημάτων LED - Μπάρα - R-D11305-162 - 110055,in stock,new,18 EUR,,https://www.tradesor.gr/wp-content/uploads/2023/06/1c56825a0771ca55b804639959bcd2d6.jpg,OEM,No Color,0.8,,AUTO-MOTO-BIKE>Είδη αυτοκινήτου>Προβολείς  φώτα όγκου LED
107905,Προβολέας οχημάτων LED - Μπάρα - R-D11305-1,Προβολέας οχημάτων LED - Μπάρα - R-D11305-108 - 110054,in stock,new,12.6 EUR,,https://www.tradesor.gr/wp-content/uploads/2023/06/43132d6e6d2e558baefa43daaba816ad.jpg,OEM,No Color,0.8,,AUTO-MOTO-BIKE>Είδη αυτοκινήτου>Προβολείς  φώτα όγκου LED
107908,Προβολέας οχημάτων LED - Μπάρα - R-D11305-0,Προβολέας οχημάτων LED - Μπάρα - R-D11305-054 - 110053,in stock,new,7.2 EUR,,https://www.tradesor.gr/wp-content/uploads/2023/06/846052c286a458240316b7526e81b03a.jpg,OEM,No Color,0.8,,AUTO-MOTO-BIKE>Είδη αυτοκινήτου>Προβολείς  φώτα όγκου LED
107911,Προβολέας οχημάτων LED - Μπάρα - R-D11302-0,Προβολέας οχημάτων LED - Μπάρα - R-D11302-072 - 110052,in stock,new,21.6 EUR,,https://www.tradesor.gr/wp-content/uploads/2023/06/01cea81534078d7365f2623b9e81c24c.jpg,OEM,No Color,2.0,,AUTO-MOTO-BIKE>Είδη αυτοκινήτου>Προβολείς  φώτα όγκου LED
107914,Προβολέας οχημάτων LED - Μπάρα - R-D11302-0,Προβολέας οχημάτων LED - Μπάρα - R-D11302-054 - 110051,in stock,new,18 EUR,,https://www.tradesor.gr/wp-content/uploads/2023/06/f7b56513c3149f2bf76072d1ca906e7f.jpg,OEM,No Color,2.0,,AUTO-MOTO-BIKE>Είδη αυτοκινήτου>Προβολείς  φώτα όγκου LED
107917,Προβολέας οχημάτων LED - Μπάρα - R-D11302-0,Προβολέας οχημάτων LED - Μπάρα - R-D11302-036 - 110050,in stock,new,10.8 EUR,,https://www.tradesor.gr/wp-content/uploads/2023/06/fdc1160fa6cd16496a30865263565de3.jpg,OEM,No Color,0.8,,AUTO-MOTO-BIKE>Είδη αυτοκινήτου>Προβολείς  φώτα όγκου LED
107920,Προβολέας οχημάτων LED - Μπάρα - R-D11302-0,Προβολέας οχημάτων LED - Μπάρα - R-D11302-018 - 110049,in stock,new,6.3 EUR,,https://www.tradesor.gr/wp-content/uploads/2023/06/b5910036a798c0ad132f75665bf60249.jpg,OEM,No Color,0.8,,AUTO-MOTO-BIKE>Είδη αυτοκινήτου>Προβολείς  φώτα όγκου LED
107923,Προβολέας οχημάτων LED - R-D11302-009 - 110048,Προβολέας οχημάτων LED - R-D11302-009 - 110048,in stock,new,4.5 EUR,,https://www.tradesor.gr/wp-content/uploads/2023/06/902677679689bdf0657968079f7e08c4.jpg,OEM,No Color,0.8,,AUTO-MOTO-BIKE>Είδη αυτοκινήτου>Προβολείς  φώτα όγκου LED
107935,Προβολέας οχημάτων LED - R-D12101-12 - 110011,Προβολέας οχημάτων LED - R-D12101-12 - 110011,in stock,new,5.4 EUR,,https://www.tradesor.gr/wp-content/uploads/2023/06/03fdf213f72ebc5e1301ac3142c1f949.jpg,OEM,No Color,0.8,,AUTO-MOTO-BIKE>Είδη αυτοκινήτου>Προβολείς  φώτα όγκου LED
107938,Προβολέας οχημάτων LED - R-D12101-11 - 110010,Προβολέας οχημάτων LED - R-D12101-11 - 110010,in stock,new,5.4 EUR,,https://www.tradesor.gr/wp-content/uploads/2023/06/fbae19cbf19e00899280f4c711a69b6e.jpg,OEM,No Color,0.8,,AUTO-MOTO-BIKE>Είδη αυτοκινήτου>Προβολείς  φώτα όγκου LED
107941,Προβολέας οχημάτων LED - R-D12101-09 - 110009,Προβολέας οχημάτων LED - R-D12101-09 - 110009,in stock,new,7.2 EUR,,https://www.tradesor.gr/wp-content/uploads/2023/06/b3d68b47bce11dd9cd557bbaf513ad34.jpg,OEM,No Color,0.8,,AUTO-MOTO-BIKE>Είδη αυτοκινήτου>Προβολείς  φώτα όγκου LED
107944,Προβολέας οχημάτων LED - R-D12101-06 - 110008,Προβολέας οχημάτων LED - R-D12101-06 - 110008,in stock,new,6.3 EUR,,https://www.tradesor.gr/wp-content/uploads/2023/06/7ae11da6351b82601fa9c8444f2e1756.jpg,OEM,No Color,0.8,,AUTO-MOTO-BIKE>Είδη αυτοκινήτου>Προβολείς  φώτα όγκου LED
107947,Προβολέας οχημάτων LED - R-D12101-05 - 110007,Προβολέας οχημάτων LED - R-D12101-05 - 110007,in stock,new,5.4 EUR,,https://www.tradesor.gr/wp-content/uploads/2023/06/e072af70c9d58c177e78bdc290991b36.jpg,OEM,No Color,0.8,,AUTO-MOTO-BIKE>Είδη αυτοκινήτου>Προβολείς  φώτα όγκου LED
107950,Προβολέας οχημάτων LED - R-D12101-04 - 110006,Προβολέας οχημάτων LED - R-D12101-04 - 110006,in stock,new,5.4 EUR,,https://www.tradesor.gr/wp-content/uploads/2023/06/bf464cd79a17fc8d240712be72a2508c.jpg,OEM,No Color,0.8,,AUTO-MOTO-BIKE>Είδη αυτοκινήτου>Προβολείς  φώτα όγκου LED
107953,Προβολέας οχημάτων LED - R-D12101-03Y - 110005,Προβολέας οχημάτων LED - R-D12101-03Y - 110005,in stock,new,6.3 EUR,,https://www.tradesor.gr/wp-content/uploads/2023/06/143d92cc3d06bae79ff9e4066a97ce7d.jpg,OEM,No Color,0.8,,AUTO-MOTO-BIKE>Είδη αυτοκινήτου>Προβολείς  φώτα όγκου LED
107956,Προβολέας οχημάτων LED - R-D12101-03 - 110004,Προβολέας οχημάτων LED - R-D12101-03 - 110004,in stock,new,5.4 EUR,,https://www.tradesor.gr/wp-content/uploads/2023/06/6692aec3a377a8968b5fada61ea9d47e.jpg,OEM,No Color,0.8,,AUTO-MOTO-BIKE>Είδη αυτοκινήτου>Προβολείς  φώτα όγκου LED
107959,Προβολέας οχημάτων LED - R-D12101-02Y - 110003,Προβολέας οχημάτων LED - R-D12101-02Y - 110003,in stock,new,5.4 EUR,,https://www.tradesor.gr/wp-content/uploads/2023/06/a0d32ca95c7d01c407f3aa4fd3bdb8fc.jpg,OEM,No Color,0.8,,AUTO-MOTO-BIKE>Είδη αυτοκινήτου>Προβολείς  φώτα όγκου LED
107962,Προβολέας οχημάτων LED - R-D12101-02 - 110002,Προβολέας οχημάτων LED - R-D12101-02 - 110002,in stock,new,5.4 EUR,,https://www.tradesor.gr/wp-content/uploads/2023/06/9733cb4a031c973a2f6682b70672aa3f.jpg,OEM,No Color,0.8,,AUTO-MOTO-BIKE>Είδη αυτοκινήτου>Προβολείς  φώτα όγκου LED
