id,title,description,availability,condition,price,link,image_link,brand,color,shipping_weight,rich_text_description,fb_product_category
37710,Ψεύτικη κάμερα – Dummy Cam – 883266,Ψεύτικη κάμερα – Dummy Cam – 883266,in stock,new,7.2 EUR,,https://www.tradesor.gr/wp-content/uploads/2023/04/2005_883266-1.jpg,OEM,No Color,0.6,"Χαρακτηριστικά:

    Διαθέτει κόκκινη λυχνία που αναβοσβήνει
    Λειτουργεί με μπαταρίες
    Περιλαμβάνεται αυτοκόλλητο και βίδες εγκατάστασης",ΕΙΔΗ ΤΕΧΝΟΛΟΓΙΑΣ>Συστήματα ασφαλείας>Ψεύτικες κάμερες
