id,title,description,availability,condition,price,link,image_link,brand,color,shipping_weight,rich_text_description,fb_product_category
35924,Αυτόματη ομπρέλα - Tradesor - 673059,Αυτόματη ομπρέλα - Tradesor - 673059,in stock,new,3.96 EUR,,https://www.tradesor.gr/wp-content/uploads/2023/04/673059.png,OEM,No Color,0.7,"<p>Ομπρέλα Tradesor με αυτόματο μηχανισμό ανοίγματος και εργονομική λαβή. Διαθέτει υψηλής ποιότητας, ανθεκτικό ύφασμα που στεγνώνει άμεσα.</p>",ΕΠΟΧΙΑΚΑ - ΤΟΥΡΙΣΤΙΚΑ  HOBBY>Ομπρέλες  αδιάβροχα>Σπαστές ομπρέλες
38868,Αυτόματη ομπρέλα - 307 - Tradesor - 714857 - Black,Αυτόματη ομπρέλα - 307 - Tradesor - 714857 - Black,in stock,new,5.4 EUR,,https://www.tradesor.gr/wp-content/uploads/2023/04/714857_1009.jpg,OEM,No Color,0.7,<p>Ομπρέλα Tradesor με αυτόματο μηχανισμό ανοίγματος και εργονομική λαβή. <br />Υψηλής ποιότητας κατασκευή και ανθεκτικό ύφασμα που στεγνώνει άμεσα.<br />Χρώμα: μαύρο</p>,ΕΠΟΧΙΑΚΑ - ΤΟΥΡΙΣΤΙΚΑ  HOBBY>Ομπρέλες  αδιάβροχα>Σπαστές ομπρέλες
38951,Αυτόματη ομπρέλα - 307 - Tradesor - 714765 - Purpl,Αυτόματη ομπρέλα - 307 - Tradesor - 714765 - Purple,in stock,new,5.4 EUR,,https://www.tradesor.gr/wp-content/uploads/2023/04/714765_pu.jpg,OEM,No Color,0.7,"<p>Ομπρέλα Tradesor πτυσσόμενη, με αυτόματο μηχανισμό ανοίγματος και εργονομική λαβή. <br />Υψηλής ποιότητας κατασκευή και ανθεκτικό ύφασμα που στεγνώνει άμεσα.<br />Διαθέτει υφασμάτινη θήκη.<br />Χρώμα: μαύρο</p>",ΕΠΟΧΙΑΚΑ - ΤΟΥΡΙΣΤΙΚΑ  HOBBY>Ομπρέλες  αδιάβροχα>Σπαστές ομπρέλες
38952,Αυτόματη ομπρέλα - 307 - Tradesor - 714765 - Red,Αυτόματη ομπρέλα - 307 - Tradesor - 714765 - Red,in stock,new,5.4 EUR,,https://www.tradesor.gr/wp-content/uploads/2023/04/714765_r.jpg,OEM,No Color,0.7,"<p>Ομπρέλα Tradesor πτυσσόμενη, με αυτόματο μηχανισμό ανοίγματος και εργονομική λαβή. <br />Υψηλής ποιότητας κατασκευή και ανθεκτικό ύφασμα που στεγνώνει άμεσα.<br />Διαθέτει υφασμάτινη θήκη.<br />Χρώμα: μαύρο</p>",ΕΠΟΧΙΑΚΑ - ΤΟΥΡΙΣΤΙΚΑ  HOBBY>Ομπρέλες  αδιάβροχα>Σπαστές ομπρέλες
38953,Αυτόματη ομπρέλα - 307 - Tradesor - 714765 - Green,Αυτόματη ομπρέλα - 307 - Tradesor - 714765 - Green,in stock,new,5.4 EUR,,https://www.tradesor.gr/wp-content/uploads/2023/04/714765_g.jpg,OEM,No Color,0.7,"<p>Ομπρέλα Tradesor πτυσσόμενη, με αυτόματο μηχανισμό ανοίγματος και εργονομική λαβή. <br />Υψηλής ποιότητας κατασκευή και ανθεκτικό ύφασμα που στεγνώνει άμεσα.<br />Διαθέτει υφασμάτινη θήκη.<br />Χρώμα: μαύρο</p>",ΕΠΟΧΙΑΚΑ - ΤΟΥΡΙΣΤΙΚΑ  HOBBY>Ομπρέλες  αδιάβροχα>Σπαστές ομπρέλες
38954,Αυτόματη ομπρέλα - 307 - Tradesor - 714765 - Blue,Αυτόματη ομπρέλα - 307 - Tradesor - 714765 - Blue,in stock,new,5.4 EUR,,https://www.tradesor.gr/wp-content/uploads/2023/04/714765_bl.jpg,OEM,No Color,0.7,"<p>Ομπρέλα Tradesor πτυσσόμενη, με αυτόματο μηχανισμό ανοίγματος και εργονομική λαβή. <br />Υψηλής ποιότητας κατασκευή και ανθεκτικό ύφασμα που στεγνώνει άμεσα.<br />Διαθέτει υφασμάτινη θήκη.<br />Χρώμα: μαύρο</p>",ΕΠΟΧΙΑΚΑ - ΤΟΥΡΙΣΤΙΚΑ  HOBBY>Ομπρέλες  αδιάβροχα>Σπαστές ομπρέλες
39223,Αυτόματη ομπρέλα - Tradesor - 705038 - Blue,Αυτόματη ομπρέλα - Tradesor - 705038 - Blue,in stock,new,2.34 EUR,,https://www.tradesor.gr/wp-content/uploads/2023/04/705038_bl.jpg,OEM,No Color,0.7,<p>Ομπρέλα Tradesor με αυτόματο μηχανισμό ανοίγματος και εργονομική λαβή. <br />Υψηλής ποιότητας κατασκευή και ανθεκτικό ύφασμα που στεγνώνει άμεσα.</p>,ΕΠΟΧΙΑΚΑ - ΤΟΥΡΙΣΤΙΚΑ  HOBBY>Ομπρέλες  αδιάβροχα>Σπαστές ομπρέλες
39224,Αυτόματη ομπρέλα - Tradesor - 705021 - Black,Αυτόματη ομπρέλα - Tradesor - 705021 - Black,in stock,new,2.34 EUR,,https://www.tradesor.gr/wp-content/uploads/2023/04/705021_b.png,OEM,No Color,0.7,<p>Ομπρέλα Tradesor με αυτόματο μηχανισμό ανοίγματος και εργονομική λαβή. Υψηλής ποιότητας κατασκευή και ανθεκτικό ύφασμα που στεγνώνει άμεσα.</p>,ΕΠΟΧΙΑΚΑ - ΤΟΥΡΙΣΤΙΚΑ  HOBBY>Ομπρέλες  αδιάβροχα>Σπαστές ομπρέλες
39227,Αυτόματη ομπρέλα - 70cm - Tradesor - 908017 - Blac,Αυτόματη ομπρέλα - 70cm - Tradesor - 908017 - Black,in stock,new,4.5 EUR,,https://www.tradesor.gr/wp-content/uploads/2023/04/908017-PhotoRoom.jpg,OEM,No Color,0.7,<p>Ομπρέλα Tradesor με αυτόματο μηχανισμό ανοίγματος και εργονομική λαβή. <br />Υψηλής ποιότητας κατασκευή και ανθεκτικό ύφασμα που στεγνώνει άμεσα.</p>,ΕΠΟΧΙΑΚΑ - ΤΟΥΡΙΣΤΙΚΑ  HOBBY>Ομπρέλες  αδιάβροχα>Σπαστές ομπρέλες
39228,Αυτόματη ομπρέλα - 70cm - Tradesor - 908000 - Blac,Αυτόματη ομπρέλα - 70cm - Tradesor - 908000 - Black,in stock,new,4.5 EUR,,https://www.tradesor.gr/wp-content/uploads/2023/04/908000_b.jpg,OEM,No Color,0.7,<p>Ομπρέλα Tradesor με αυτόματο μηχανισμό ανοίγματος και εργονομική λαβή. <br />Υψηλής ποιότητας κατασκευή και ανθεκτικό ύφασμα που στεγνώνει άμεσα.</p>,ΕΠΟΧΙΑΚΑ - ΤΟΥΡΙΣΤΙΚΑ  HOBBY>Ομπρέλες  αδιάβροχα>Σπαστές ομπρέλες
39287,Αυτόματη ομπρέλα - Tradesor - 705038 - Red,Αυτόματη ομπρέλα - Tradesor - 705038 - Red,in stock,new,2.34 EUR,,https://www.tradesor.gr/wp-content/uploads/2023/04/705038_dr.png,OEM,No Color,0.7,<p>Ομπρέλα Tradesor με αυτόματο μηχανισμό ανοίγματος και εργονομική λαβή. <br />Υψηλής ποιότητας κατασκευή και ανθεκτικό ύφασμα που στεγνώνει άμεσα.</p>,ΕΠΟΧΙΑΚΑ - ΤΟΥΡΙΣΤΙΚΑ  HOBBY>Ομπρέλες  αδιάβροχα>Σπαστές ομπρέλες
39288,Αυτόματη ομπρέλα - Tradesor - 705038 - Black,Αυτόματη ομπρέλα - Tradesor - 705038 - Black,in stock,new,2.34 EUR,,https://www.tradesor.gr/wp-content/uploads/2023/04/705038_b.png,OEM,No Color,0.7,<p>Ομπρέλα Tradesor με αυτόματο μηχανισμό ανοίγματος και εργονομική λαβή. <br />Υψηλής ποιότητας κατασκευή και ανθεκτικό ύφασμα που στεγνώνει άμεσα.</p>,ΕΠΟΧΙΑΚΑ - ΤΟΥΡΙΣΤΙΚΑ  HOBBY>Ομπρέλες  αδιάβροχα>Σπαστές ομπρέλες
58008,Αυτόματη ομπρέλα – 70# - Tradesor - 585960,Αυτόματη ομπρέλα – 70# - Tradesor - 585960,in stock,new,8.1 EUR,,https://www.tradesor.gr/wp-content/uploads/2023/05/e34148a699ac9b41e4ff899e07dbab76.jpg,OEM,No Color,0.8,"Ομπρέλα Tradesor πτυσσόμενη, με αυτόματο μηχανισμό ανοίγματος και εργονομική λαβή.
Υψηλής ποιότητας κατασκευή και ανθεκτικό ύφασμα που στεγνώνει άμεσα.
Διαθέτει υφασμάτινη θήκη.",ΕΠΟΧΙΑΚΑ - ΤΟΥΡΙΣΤΙΚΑ  HOBBY>Ομπρέλες  αδιάβροχα>Σπαστές ομπρέλες
58011,Αυτόματη ομπρέλα – 3502E - Tradesor - 635026,Αυτόματη ομπρέλα – 3502E - Tradesor - 635026,in stock,new,5.4 EUR,,https://www.tradesor.gr/wp-content/uploads/2023/05/2155c264c187e1e7ec5f8f66c10c44e4.jpg,OEM,No Color,0.8,"Ομπρέλα Tradesor πτυσσόμενη, με αυτόματο μηχανισμό ανοίγματος και εργονομική λαβή.
Υψηλής ποιότητας κατασκευή και ανθεκτικό ύφασμα που στεγνώνει άμεσα.
Διαθέτει υφασμάτινη θήκη.",ΕΠΟΧΙΑΚΑ - ΤΟΥΡΙΣΤΙΚΑ  HOBBY>Ομπρέλες  αδιάβροχα>Σπαστές ομπρέλες
58014,Αυτόματη ομπρέλα – 70# - 8K - Tradesor - 586004,Αυτόματη ομπρέλα – 70# - 8K - Tradesor - 586004,in stock,new,6.3 EUR,,https://www.tradesor.gr/wp-content/uploads/2023/05/c71fd3f010beb145312d140a6cd881bc.jpg,OEM,No Color,0.8,"Ομπρέλα Tradesor πτυσσόμενη, με αυτόματο μηχανισμό ανοίγματος και εργονομική λαβή.
Υψηλής ποιότητας κατασκευή και ανθεκτικό ύφασμα που στεγνώνει άμεσα.
Διαθέτει υφασμάτινη θήκη.",ΕΠΟΧΙΑΚΑ - ΤΟΥΡΙΣΤΙΚΑ  HOBBY>Ομπρέλες  αδιάβροχα>Σπαστές ομπρέλες
58099,Αυτόματη ομπρέλα σπαστή – 65# - 10K - Trad,Αυτόματη ομπρέλα σπαστή – 65# - 10K - Tradesor - 258576,in stock,new,5.4 EUR,,https://www.tradesor.gr/wp-content/uploads/2023/05/d61c4f6e219654154d032a24a79bff44.jpg,OEM,No Color,0.8,"Ομπρέλα Tradesor πτυσσόμενη, με αυτόματο μηχανισμό ανοίγματος και εργονομική λαβή.
Υψηλής ποιότητας κατασκευή και ανθεκτικό ύφασμα που στεγνώνει άμεσα.
Διαθέτει υφασμάτινη θήκη.",ΕΠΟΧΙΑΚΑ - ΤΟΥΡΙΣΤΙΚΑ  HOBBY>Ομπρέλες  αδιάβροχα>Σπαστές ομπρέλες
58102,Αυτόματη ομπρέλα σπαστή – 65# - 10K - Trad,Αυτόματη ομπρέλα σπαστή – 65# - 10K - Tradesor - 258575,in stock,new,5.4 EUR,,https://www.tradesor.gr/wp-content/uploads/2023/05/b9b651a31de02fae8f441ddd2d5b773b.jpg,OEM,No Color,0.8,"Ομπρέλα Tradesor πτυσσόμενη, με αυτόματο μηχανισμό ανοίγματος και εργονομική λαβή.
Υψηλής ποιότητας κατασκευή και ανθεκτικό ύφασμα που στεγνώνει άμεσα.
Διαθέτει υφασμάτινη θήκη.",ΕΠΟΧΙΑΚΑ - ΤΟΥΡΙΣΤΙΚΑ  HOBBY>Ομπρέλες  αδιάβροχα>Σπαστές ομπρέλες
58105,Αυτόματη ομπρέλα σπαστή – 58# - 8K - Trade,Αυτόματη ομπρέλα σπαστή – 58# - 8K - Tradesor - 258574,in stock,new,5.4 EUR,,https://www.tradesor.gr/wp-content/uploads/2023/05/a83de80d246ee38298e235377b80c1c7.jpg,OEM,No Color,0.8,"Ομπρέλα Tradesor πτυσσόμενη, με αυτόματο μηχανισμό ανοίγματος και εργονομική λαβή.
Υψηλής ποιότητας κατασκευή και ανθεκτικό ύφασμα που στεγνώνει άμεσα.
Διαθέτει υφασμάτινη θήκη.",ΕΠΟΧΙΑΚΑ - ΤΟΥΡΙΣΤΙΚΑ  HOBBY>Ομπρέλες  αδιάβροχα>Σπαστές ομπρέλες
58108,Αυτόματη ομπρέλα σπαστή – 59# - 10K - Trad,Αυτόματη ομπρέλα σπαστή – 59# - 10K - Tradesor - 258573,in stock,new,5.4 EUR,,https://www.tradesor.gr/wp-content/uploads/2023/05/0306d58a80346d43591d01ea8e672dbd.jpg,OEM,No Color,0.8,"Ομπρέλα Tradesor πτυσσόμενη, με αυτόματο μηχανισμό ανοίγματος και εργονομική λαβή.
Υψηλής ποιότητας κατασκευή και ανθεκτικό ύφασμα που στεγνώνει άμεσα.
Διαθέτει υφασμάτινη θήκη.",ΕΠΟΧΙΑΚΑ - ΤΟΥΡΙΣΤΙΚΑ  HOBBY>Ομπρέλες  αδιάβροχα>Σπαστές ομπρέλες
58111,Αυτόματη ομπρέλα σπαστή – 70# - 8K - Trade,Αυτόματη ομπρέλα σπαστή – 70# - 8K - Tradesor - 585724,in stock,new,5.4 EUR,,https://www.tradesor.gr/wp-content/uploads/2023/05/bdb679c91bcbb11d08c300db9d21463e.jpg,OEM,No Color,0.8,"Ομπρέλα Tradesor πτυσσόμενη, με αυτόματο μηχανισμό ανοίγματος και εργονομική λαβή.
Υψηλής ποιότητας κατασκευή και ανθεκτικό ύφασμα που στεγνώνει άμεσα.
Διαθέτει υφασμάτινη θήκη.",ΕΠΟΧΙΑΚΑ - ΤΟΥΡΙΣΤΙΚΑ  HOBBY>Ομπρέλες  αδιάβροχα>Σπαστές ομπρέλες
58114,Αυτόματη ομπρέλα σπαστή – 58# - 8K - Trade,Αυτόματη ομπρέλα σπαστή – 58# - 8K - Tradesor - 258571,in stock,new,6.3 EUR,,https://www.tradesor.gr/wp-content/uploads/2023/05/5f199256318bc5ac25e22d55716bde54.jpg,OEM,No Color,0.8,"Ομπρέλα Tradesor πτυσσόμενη, με αυτόματο μηχανισμό ανοίγματος και εργονομική λαβή.
Υψηλής ποιότητας κατασκευή και ανθεκτικό ύφασμα που στεγνώνει άμεσα.
Διαθέτει υφασμάτινη θήκη.",ΕΠΟΧΙΑΚΑ - ΤΟΥΡΙΣΤΙΚΑ  HOBBY>Ομπρέλες  αδιάβροχα>Σπαστές ομπρέλες
58117,Αυτόματη ομπρέλα σπαστή – 55# - 8K - Trade,Αυτόματη ομπρέλα σπαστή – 55# - 8K - Tradesor - 585700,in stock,new,4.5 EUR,,https://www.tradesor.gr/wp-content/uploads/2023/05/43564ea8a979e45873854dbbf79aa9dc.jpg,OEM,No Color,0.8,"Ομπρέλα Tradesor πτυσσόμενη, με αυτόματο μηχανισμό ανοίγματος και εργονομική λαβή.
Υψηλής ποιότητας κατασκευή και ανθεκτικό ύφασμα που στεγνώνει άμεσα.
Διαθέτει υφασμάτινη θήκη.",ΕΠΟΧΙΑΚΑ - ΤΟΥΡΙΣΤΙΚΑ  HOBBY>Ομπρέλες  αδιάβροχα>Σπαστές ομπρέλες
58120,Αυτόματη ομπρέλα σπαστή – 55# - 8K - Trade,Αυτόματη ομπρέλα σπαστή – 55# - 8K - Tradesor - 258569,in stock,new,5.4 EUR,,https://www.tradesor.gr/wp-content/uploads/2023/05/9926cf892ea9f30c1076b43cd573fb8e.jpg,OEM,No Color,0.8,"Ομπρέλα Tradesor πτυσσόμενη, με αυτόματο μηχανισμό ανοίγματος και εργονομική λαβή.
Υψηλής ποιότητας κατασκευή και ανθεκτικό ύφασμα που στεγνώνει άμεσα.
Διαθέτει υφασμάτινη θήκη.",ΕΠΟΧΙΑΚΑ - ΤΟΥΡΙΣΤΙΚΑ  HOBBY>Ομπρέλες  αδιάβροχα>Σπαστές ομπρέλες
58123,Αυτόματη ομπρέλα σπαστή – 65# - 8K - Trade,Αυτόματη ομπρέλα σπαστή – 65# - 8K - Tradesor - 258568,in stock,new,4.5 EUR,,https://www.tradesor.gr/wp-content/uploads/2023/05/135d7f0aae7a29d047bbc8d32121687b.jpg,OEM,No Color,0.8,"Ομπρέλα Tradesor πτυσσόμενη, με αυτόματο μηχανισμό ανοίγματος και εργονομική λαβή.
Υψηλής ποιότητας κατασκευή και ανθεκτικό ύφασμα που στεγνώνει άμεσα.
Διαθέτει υφασμάτινη θήκη.",ΕΠΟΧΙΑΚΑ - ΤΟΥΡΙΣΤΙΚΑ  HOBBY>Ομπρέλες  αδιάβροχα>Σπαστές ομπρέλες
58126,Αυτόματη ομπρέλα σπαστή – 60# - 10K - Trad,Αυτόματη ομπρέλα σπαστή – 60# - 10K - Tradesor - 258567,in stock,new,9 EUR,,https://www.tradesor.gr/wp-content/uploads/2023/05/fc24234413ab658f3e376c633f3b0c7f.jpg,OEM,No Color,0.8,"Ομπρέλα Tradesor πτυσσόμενη, με αυτόματο μηχανισμό ανοίγματος και εργονομική λαβή.
Υψηλής ποιότητας κατασκευή και ανθεκτικό ύφασμα που στεγνώνει άμεσα.
Διαθέτει υφασμάτινη θήκη.",ΕΠΟΧΙΑΚΑ - ΤΟΥΡΙΣΤΙΚΑ  HOBBY>Ομπρέλες  αδιάβροχα>Σπαστές ομπρέλες
58129,Αυτόματη ομπρέλα σπαστή – 65# - 10K - Trad,Αυτόματη ομπρέλα σπαστή – 65# - 10K - Tradesor - 585663,in stock,new,5.4 EUR,,https://www.tradesor.gr/wp-content/uploads/2023/05/9888b15c1c3adc281d84734fbb571696.jpg,OEM,No Color,0.8,"Ομπρέλα Tradesor πτυσσόμενη, με αυτόματο μηχανισμό ανοίγματος και εργονομική λαβή.
Υψηλής ποιότητας κατασκευή και ανθεκτικό ύφασμα που στεγνώνει άμεσα.
Διαθέτει υφασμάτινη θήκη.",ΕΠΟΧΙΑΚΑ - ΤΟΥΡΙΣΤΙΚΑ  HOBBY>Ομπρέλες  αδιάβροχα>Σπαστές ομπρέλες
58132,Αυτόματη ομπρέλα σπαστή – 58# - 8K - Trade,Αυτόματη ομπρέλα σπαστή – 58# - 8K - Tradesor - 585656,in stock,new,4.5 EUR,,https://www.tradesor.gr/wp-content/uploads/2023/05/91eb99137832c74932401e88e23c16d4.jpg,OEM,No Color,0.8,"Ομπρέλα Tradesor πτυσσόμενη, με αυτόματο μηχανισμό ανοίγματος και εργονομική λαβή.
Υψηλής ποιότητας κατασκευή και ανθεκτικό ύφασμα που στεγνώνει άμεσα.
Διαθέτει υφασμάτινη θήκη.",ΕΠΟΧΙΑΚΑ - ΤΟΥΡΙΣΤΙΚΑ  HOBBY>Ομπρέλες  αδιάβροχα>Σπαστές ομπρέλες
58135,Αυτόματη ομπρέλα σπαστή – 7K - Tradesor - ,Αυτόματη ομπρέλα σπαστή – 7K - Tradesor - 585649,in stock,new,3.06 EUR,,https://www.tradesor.gr/wp-content/uploads/2023/05/550874d1049a544c84d45261fc0c43e4.jpg,OEM,No Color,0.8,"Ομπρέλα Tradesor πτυσσόμενη, με αυτόματο μηχανισμό ανοίγματος και εργονομική λαβή.
Υψηλής ποιότητας κατασκευή και ανθεκτικό ύφασμα που στεγνώνει άμεσα.
Διαθέτει υφασμάτινη θήκη.",ΕΠΟΧΙΑΚΑ - ΤΟΥΡΙΣΤΙΚΑ  HOBBY>Ομπρέλες  αδιάβροχα>Σπαστές ομπρέλες
58138,Αυτόματη ομπρέλα σπαστή – 7K - Tradesor - ,Αυτόματη ομπρέλα σπαστή – 7K - Tradesor - 585632,in stock,new,3.06 EUR,,https://www.tradesor.gr/wp-content/uploads/2023/05/65b27a7b64487804a952541d531df161.jpg,OEM,No Color,0.8,"Ομπρέλα Tradesor πτυσσόμενη, με αυτόματο μηχανισμό ανοίγματος και εργονομική λαβή.
Υψηλής ποιότητας κατασκευή και ανθεκτικό ύφασμα που στεγνώνει άμεσα.
Διαθέτει υφασμάτινη θήκη.",ΕΠΟΧΙΑΚΑ - ΤΟΥΡΙΣΤΙΚΑ  HOBBY>Ομπρέλες  αδιάβροχα>Σπαστές ομπρέλες
58141,Αυτόματη ομπρέλα σπαστή - 327E - 10K - Trade,Αυτόματη ομπρέλα σπαστή - 327E - 10K - Tradesor - 370002,in stock,new,5.4 EUR,,https://www.tradesor.gr/wp-content/uploads/2023/05/e38249a31b10a78cd2237a7ef43e05ed.jpg,OEM,No Color,0.8,"Ομπρέλα Tradesor πτυσσόμενη, με αυτόματο μηχανισμό ανοίγματος και εργονομική λαβή.
Υψηλής ποιότητας κατασκευή και ανθεκτικό ύφασμα που στεγνώνει άμεσα.
Διαθέτει υφασμάτινη θήκη.",ΕΠΟΧΙΑΚΑ - ΤΟΥΡΙΣΤΙΚΑ  HOBBY>Ομπρέλες  αδιάβροχα>Σπαστές ομπρέλες
58144,Αυτόματη ομπρέλα σπαστή - 70# - Tradesor - 1,Αυτόματη ομπρέλα σπαστή - 70# - Tradesor - 111534,in stock,new,5.4 EUR,,https://www.tradesor.gr/wp-content/uploads/2023/05/ad0f9deb2a8c6fd5002f9d27dac7285d.jpg,OEM,No Color,0.8,"Ομπρέλα Tradesor πτυσσόμενη, με αυτόματο μηχανισμό ανοίγματος και εργονομική λαβή.
Υψηλής ποιότητας κατασκευή και ανθεκτικό ύφασμα που στεγνώνει άμεσα.
Διαθέτει υφασμάτινη θήκη.",ΕΠΟΧΙΑΚΑ - ΤΟΥΡΙΣΤΙΚΑ  HOBBY>Ομπρέλες  αδιάβροχα>Σπαστές ομπρέλες
58147,Αυτόματη ομπρέλα σπαστή - 5030 - Tradesor - ,Αυτόματη ομπρέλα σπαστή - 5030 - Tradesor - 650302,in stock,new,5.4 EUR,,https://www.tradesor.gr/wp-content/uploads/2023/05/08fc0810f5708cb2d6af6cbbb2460c83.jpg,OEM,No Color,0.8,"Ομπρέλα Tradesor πτυσσόμενη, με αυτόματο μηχανισμό ανοίγματος και εργονομική λαβή.
Υψηλής ποιότητας κατασκευή και ανθεκτικό ύφασμα που στεγνώνει άμεσα.
Διαθέτει υφασμάτινη θήκη.",ΕΠΟΧΙΑΚΑ - ΤΟΥΡΙΣΤΙΚΑ  HOBBY>Ομπρέλες  αδιάβροχα>Σπαστές ομπρέλες
58150,Αυτόματη ομπρέλα σπαστή - 5039 - Tradesor - ,Αυτόματη ομπρέλα σπαστή - 5039 - Tradesor - 375205,in stock,new,5.4 EUR,,https://www.tradesor.gr/wp-content/uploads/2023/05/de462a2e4621a6c43e8eeac78df19a5c.jpg,OEM,No Color,0.8,"Ομπρέλα Tradesor πτυσσόμενη, με αυτόματο μηχανισμό ανοίγματος και εργονομική λαβή.
Υψηλής ποιότητας κατασκευή και ανθεκτικό ύφασμα που στεγνώνει άμεσα.
Διαθέτει υφασμάτινη θήκη.",ΕΠΟΧΙΑΚΑ - ΤΟΥΡΙΣΤΙΚΑ  HOBBY>Ομπρέλες  αδιάβροχα>Σπαστές ομπρέλες
58153,Αυτόματη ομπρέλα σπαστή - 5033 - Tradesor - ,Αυτόματη ομπρέλα σπαστή - 5033 - Tradesor - 375144,in stock,new,5.4 EUR,,https://www.tradesor.gr/wp-content/uploads/2023/05/8007ddd5935431d4e09081f79133d300.jpg,OEM,No Color,0.8,"Ομπρέλα Tradesor πτυσσόμενη, με αυτόματο μηχανισμό ανοίγματος και εργονομική λαβή.
Υψηλής ποιότητας κατασκευή και ανθεκτικό ύφασμα που στεγνώνει άμεσα.
Διαθέτει υφασμάτινη θήκη.",ΕΠΟΧΙΑΚΑ - ΤΟΥΡΙΣΤΙΚΑ  HOBBY>Ομπρέλες  αδιάβροχα>Σπαστές ομπρέλες
58156,Αυτόματη ομπρέλα σπαστή - 5041 - Tradesor - ,Αυτόματη ομπρέλα σπαστή - 5041 - Tradesor - 375229,in stock,new,5.4 EUR,,https://www.tradesor.gr/wp-content/uploads/2023/05/6cd11630fe692fb064939b0b0aaf0537.jpg,OEM,No Color,0.8,"Ομπρέλα Tradesor πτυσσόμενη, με αυτόματο μηχανισμό ανοίγματος και εργονομική λαβή.
Υψηλής ποιότητας κατασκευή και ανθεκτικό ύφασμα που στεγνώνει άμεσα.
Διαθέτει υφασμάτινη θήκη.",ΕΠΟΧΙΑΚΑ - ΤΟΥΡΙΣΤΙΚΑ  HOBBY>Ομπρέλες  αδιάβροχα>Σπαστές ομπρέλες
58159,Αυτόματη ομπρέλα σπαστή - 7K - Tradesor - 11,Αυτόματη ομπρέλα σπαστή - 7K - Tradesor - 111527,in stock,new,3.6 EUR,,https://www.tradesor.gr/wp-content/uploads/2023/05/715d9e0853177c854e9d4e8060fa20b1.jpg,OEM,No Color,0.8,"Ομπρέλα Tradesor πτυσσόμενη, με αυτόματο μηχανισμό ανοίγματος και εργονομική λαβή.
Υψηλής ποιότητας κατασκευή και ανθεκτικό ύφασμα που στεγνώνει άμεσα.
Διαθέτει υφασμάτινη θήκη.",ΕΠΟΧΙΑΚΑ - ΤΟΥΡΙΣΤΙΚΑ  HOBBY>Ομπρέλες  αδιάβροχα>Σπαστές ομπρέλες
58162,Αυτόματη ομπρέλα σπαστή - 8K - Tradesor - 11,Αυτόματη ομπρέλα σπαστή - 8K - Tradesor - 111510,in stock,new,3.6 EUR,,https://www.tradesor.gr/wp-content/uploads/2023/05/81ba648ab4147143f0bbc697b827388e.jpg,OEM,No Color,0.8,"Ομπρέλα Tradesor πτυσσόμενη, με αυτόματο μηχανισμό ανοίγματος και εργονομική λαβή.
Υψηλής ποιότητας κατασκευή και ανθεκτικό ύφασμα που στεγνώνει άμεσα.
Διαθέτει υφασμάτινη θήκη.",ΕΠΟΧΙΑΚΑ - ΤΟΥΡΙΣΤΙΚΑ  HOBBY>Ομπρέλες  αδιάβροχα>Σπαστές ομπρέλες
58165,Αυτόματη ομπρέλα σπαστή - 70# - 10K - Trades,Αυτόματη ομπρέλα σπαστή - 70# - 10K - Tradesor - 111497,in stock,new,5.4 EUR,,https://www.tradesor.gr/wp-content/uploads/2023/05/10ac2ba541ad0656290a884fa1725cea.jpg,OEM,No Color,0.8,"Ομπρέλα Tradesor πτυσσόμενη, με αυτόματο μηχανισμό ανοίγματος και εργονομική λαβή.
Υψηλής ποιότητας κατασκευή και ανθεκτικό ύφασμα που στεγνώνει άμεσα.
Διαθέτει υφασμάτινη θήκη.",ΕΠΟΧΙΑΚΑ - ΤΟΥΡΙΣΤΙΚΑ  HOBBY>Ομπρέλες  αδιάβροχα>Σπαστές ομπρέλες
58168,Αυτόματη ομπρέλα σπαστή - 70# - 10K - Trades,Αυτόματη ομπρέλα σπαστή - 70# - 10K - Tradesor - 111480,in stock,new,5.4 EUR,,https://www.tradesor.gr/wp-content/uploads/2023/05/8a74c8a52a434311e905708029e2a54f.jpg,OEM,No Color,0.8,"Ομπρέλα Tradesor πτυσσόμενη, με αυτόματο μηχανισμό ανοίγματος και εργονομική λαβή.
Υψηλής ποιότητας κατασκευή και ανθεκτικό ύφασμα που στεγνώνει άμεσα.
Διαθέτει υφασμάτινη θήκη.",ΕΠΟΧΙΑΚΑ - ΤΟΥΡΙΣΤΙΚΑ  HOBBY>Ομπρέλες  αδιάβροχα>Σπαστές ομπρέλες
58171,Αυτόματη ομπρέλα σπαστή - 70# - 10K - Trades,Αυτόματη ομπρέλα σπαστή - 70# - 10K - Tradesor - 111473,in stock,new,5.4 EUR,,https://www.tradesor.gr/wp-content/uploads/2023/05/9e47eb64712bb9f8f8f036ebb63dc6e2.jpg,OEM,No Color,0.8,"Ομπρέλα Tradesor πτυσσόμενη, με αυτόματο μηχανισμό ανοίγματος και εργονομική λαβή.
Υψηλής ποιότητας κατασκευή και ανθεκτικό ύφασμα που στεγνώνει άμεσα.
Διαθέτει υφασμάτινη θήκη.",ΕΠΟΧΙΑΚΑ - ΤΟΥΡΙΣΤΙΚΑ  HOBBY>Ομπρέλες  αδιάβροχα>Σπαστές ομπρέλες
58174,Αυτόματη ομπρέλα σπαστή - 70# - 10K - Trades,Αυτόματη ομπρέλα σπαστή - 70# - 10K - Tradesor - 111466,in stock,new,5.4 EUR,,https://www.tradesor.gr/wp-content/uploads/2023/05/fed8bf942d77e6cdc9571198efacf2ce.jpg,OEM,No Color,0.8,"Ομπρέλα Tradesor πτυσσόμενη, με αυτόματο μηχανισμό ανοίγματος και εργονομική λαβή.
Υψηλής ποιότητας κατασκευή και ανθεκτικό ύφασμα που στεγνώνει άμεσα.
Διαθέτει υφασμάτινη θήκη.",ΕΠΟΧΙΑΚΑ - ΤΟΥΡΙΣΤΙΚΑ  HOBBY>Ομπρέλες  αδιάβροχα>Σπαστές ομπρέλες
58177,Αυτόματη ομπρέλα σπαστή - 70# - 10K - Trades,Αυτόματη ομπρέλα σπαστή - 70# - 10K - Tradesor - 111459,in stock,new,5.4 EUR,,https://www.tradesor.gr/wp-content/uploads/2023/05/c8ad089724c47610f02ac9739ba41213.jpg,OEM,No Color,0.8,"Ομπρέλα Tradesor πτυσσόμενη, με αυτόματο μηχανισμό ανοίγματος και εργονομική λαβή.
Υψηλής ποιότητας κατασκευή και ανθεκτικό ύφασμα που στεγνώνει άμεσα.
Διαθέτει υφασμάτινη θήκη.",ΕΠΟΧΙΑΚΑ - ΤΟΥΡΙΣΤΙΚΑ  HOBBY>Ομπρέλες  αδιάβροχα>Σπαστές ομπρέλες
58180,Αυτόματη ομπρέλα σπαστή - 70# - 8K - Tradeso,Αυτόματη ομπρέλα σπαστή - 70# - 8K - Tradesor - 111435,in stock,new,5.4 EUR,,https://www.tradesor.gr/wp-content/uploads/2023/05/9baf4ac7d70d919aefe1884a9ec5322b.jpg,OEM,No Color,0.8,"Ομπρέλα Tradesor πτυσσόμενη, με αυτόματο μηχανισμό ανοίγματος και εργονομική λαβή.
Υψηλής ποιότητας κατασκευή και ανθεκτικό ύφασμα που στεγνώνει άμεσα.
Διαθέτει υφασμάτινη θήκη.",ΕΠΟΧΙΑΚΑ - ΤΟΥΡΙΣΤΙΚΑ  HOBBY>Ομπρέλες  αδιάβροχα>Σπαστές ομπρέλες
58183,Αυτόματη ομπρέλα σπαστή - 75# - Tradesor - 1,Αυτόματη ομπρέλα σπαστή - 75# - Tradesor - 111411,in stock,new,4.5 EUR,,https://www.tradesor.gr/wp-content/uploads/2023/05/d47a0ff9b3d6fd6367406c97074d558f.jpg,OEM,No Color,0.8,"Ομπρέλα Tradesor πτυσσόμενη, με αυτόματο μηχανισμό ανοίγματος και εργονομική λαβή.
Υψηλής ποιότητας κατασκευή και ανθεκτικό ύφασμα που στεγνώνει άμεσα.
Διαθέτει υφασμάτινη θήκη.",ΕΠΟΧΙΑΚΑ - ΤΟΥΡΙΣΤΙΚΑ  HOBBY>Ομπρέλες  αδιάβροχα>Σπαστές ομπρέλες
58186,Αυτόματη ομπρέλα σπαστή - 75# - 8K - Tradeso,Αυτόματη ομπρέλα σπαστή - 75# - 8K - Tradesor - 111367,in stock,new,6.3 EUR,,https://www.tradesor.gr/wp-content/uploads/2023/05/759517fa86fcdffde7e02839652503e6.jpg,OEM,No Color,0.8,"Ομπρέλα Tradesor πτυσσόμενη, με αυτόματο μηχανισμό ανοίγματος και εργονομική λαβή.
Υψηλής ποιότητας κατασκευή και ανθεκτικό ύφασμα που στεγνώνει άμεσα.
Διαθέτει υφασμάτινη θήκη.",ΕΠΟΧΙΑΚΑ - ΤΟΥΡΙΣΤΙΚΑ  HOBBY>Ομπρέλες  αδιάβροχα>Σπαστές ομπρέλες
58189,Αυτόματη ομπρέλα σπαστή - 70# - 8K - Tradeso,Αυτόματη ομπρέλα σπαστή - 70# - 8K - Tradesor - 111336,in stock,new,5.4 EUR,,https://www.tradesor.gr/wp-content/uploads/2023/05/97d0efcf532862a0a082032768c3e1eb.jpg,OEM,No Color,0.8,"Ομπρέλα Tradesor πτυσσόμενη, με αυτόματο μηχανισμό ανοίγματος και εργονομική λαβή.
Υψηλής ποιότητας κατασκευή και ανθεκτικό ύφασμα που στεγνώνει άμεσα.
Διαθέτει υφασμάτινη θήκη.",ΕΠΟΧΙΑΚΑ - ΤΟΥΡΙΣΤΙΚΑ  HOBBY>Ομπρέλες  αδιάβροχα>Σπαστές ομπρέλες
58192,Αυτόματη ομπρέλα σπαστή - 70# - 8K - Tradeso,Αυτόματη ομπρέλα σπαστή - 70# - 8K - Tradesor - 111329,in stock,new,8.1 EUR,,https://www.tradesor.gr/wp-content/uploads/2023/05/186db5ddfdcb44342d2700dc4eca7ffb.jpg,OEM,No Color,0.8,"Ομπρέλα Tradesor πτυσσόμενη, με αυτόματο μηχανισμό ανοίγματος και εργονομική λαβή.
Υψηλής ποιότητας κατασκευή και ανθεκτικό ύφασμα που στεγνώνει άμεσα.
Διαθέτει υφασμάτινη θήκη.",ΕΠΟΧΙΑΚΑ - ΤΟΥΡΙΣΤΙΚΑ  HOBBY>Ομπρέλες  αδιάβροχα>Σπαστές ομπρέλες
58195,Αυτόματη ομπρέλα σπαστή - 70# - 8K - Tradeso,Αυτόματη ομπρέλα σπαστή - 70# - 8K - Tradesor - 111312,in stock,new,6.3 EUR,,https://www.tradesor.gr/wp-content/uploads/2023/05/ab960cc4c91b5b02b546c049f5e1612d.jpg,OEM,No Color,0.8,"Ομπρέλα Tradesor πτυσσόμενη, με αυτόματο μηχανισμό ανοίγματος και εργονομική λαβή.
Υψηλής ποιότητας κατασκευή και ανθεκτικό ύφασμα που στεγνώνει άμεσα.
Διαθέτει υφασμάτινη θήκη.",ΕΠΟΧΙΑΚΑ - ΤΟΥΡΙΣΤΙΚΑ  HOBBY>Ομπρέλες  αδιάβροχα>Σπαστές ομπρέλες
