id,title,description,availability,condition,price,link,image_link,brand,color,shipping_weight,rich_text_description,fb_product_category
35133,Mπαταρίες AG7/LR927H/395A - 1.5V - 10pcs - 681071,Mπαταρίες AG7/LR927H/395A - 1.5V - 10pcs - 681071,in stock,new,0.9 EUR,,https://www.tradesor.gr/wp-content/uploads/2023/04/1-28.png,OEM,No Color,0.1,<p>Σετ 5Χ μπαταρίες τύπου AG7/LR927H/395A - 1.5V</p>,ΦΩΤΙΣΜΟΣ  ΕΝΕΡΓΕΙΑ>Μπαταρίες
35171,Mπαταρίες - 23A - 12V - 5pcs - 012136,Mπαταρίες - 23A - 12V - 5pcs - 012136,in stock,new,1.8 EUR,,https://www.tradesor.gr/wp-content/uploads/2023/04/sku_504210_1.jpg,OEM,No Color,0.1,<p>Σετ 5Χ μπαταρίες τύπου 23A - 12V</p>,ΦΩΤΙΣΜΟΣ  ΕΝΕΡΓΕΙΑ>Μπαταρίες
35260,Δοκιμαστής μπαταριών με πίνακες έν�,Δοκιμαστής μπαταριών με πίνακες ένδειξης - 6481,in stock,new,450 EUR,,https://www.tradesor.gr/wp-content/uploads/2023/04/1543129269079.jpg,OEM,No Color,4.2,"<div class=""Disp2DetailsTextBlue"">Έχετε γεμίσει τα συρτάρια σας με παλιές μπαταρίες και δεν ξέρετε ποια είναι χρήσιμη και ποια όχι?
Με τον δοκιμαστή αυτό μπορείτε να τσεκάρετε πόση ενέργεια έχει η μπαταρία σας.
Κατάλληλο για κλασσικές μπαταρίες των 1.5 V και 9 V αλλά και μπαταρίες - πλακέ (cell)

</div>
-  Με τον δοκιμαστή αυτό μπορείτε να τεστάρετε τους εξής τύπους μπαταρίας 1.5 V : AAA, HP16, MN2400, R03, AA, HP7, MN1500, UM3, C, HP11, MN1400, SP11, LR14, UM2, D, HP2, MN1300, SP2, R20, UM1
-   Με τον δοκιμαστή αυτό μπορείτε να τεστάρετε τους εξής τύπους μπαταρίας 9 V : PP3, MN1604, 6F22, 006P
-   Διαθέτει LCD οθόνη, στην οποία φαίνεται η ένδειξη των volt της μπαταρίας
-   Για τις μπαταρίες των 1.5 V, εάν η ένδειξη είναι 1.5 ~ 1.28 V η μπαταρία είναι καλή
-   Για τις μπαταρίες των 1.5 V, εάν η ένδειξη είναι 1.27 ~ 1.15 V η μπαταρία είναι χαμηλής ενέργειας
-   Για τις μπαταρίες των 1.5 V, εάν η ένδειξη είναι κάτω από 1.14 V η μπαταρία θέλει αντικατάσταση
-   Για τις μπαταρίες των 9 V, εάν η ένδειξη είναι 9.0 ~ 7.8 V η μπαταρία είναι καλή
-   Για τις μπαταρίες των 9 V, εάν η ένδειξη είναι 7.7 ~ 6.0 V η μπαταρία είναι χαμηλής ενέργειας
-   Για τις μπαταρίες των 9 V, εάν η ένδειξη είναι κάτω από 5.9 V η μπαταρία θέλει αντικατάσταση
-   Η διάρκεια τεσταρίσματος της μπαταρίας πρέπει να είναι η συντομότερη δυνατή, για την αποφυγή άσκοπης αποφόρτισης της μπαταρίας",ΦΩΤΙΣΜΟΣ  ΕΝΕΡΓΕΙΑ>Μπαταρίες
37641,Αλκαλικές μπαταρίες - AG1 - 1.55V - 10pcs - 681,Αλκαλικές μπαταρίες - AG1 - 1.55V - 10pcs - 681019,in stock,new,0.9 EUR,,https://www.tradesor.gr/wp-content/uploads/2023/04/681019.jpg,OEM,No Color,0.1,<p>Αλκαλικές μπαταρίες τύπου AG1 - 1.55V<br />Σετ 10 τεμαχίων.</p>,ΦΩΤΙΣΜΟΣ  ΕΝΕΡΓΕΙΑ>Μπαταρίες
38390,Σετ μπαταριών - 24pcs - 700180,Σετ μπαταριών - 24pcs - 700180,in stock,new,1.26 EUR,,https://www.tradesor.gr/wp-content/uploads/2023/04/700180.jpg,OEM,No Color,0.2,"<p>Σετ μπαταριών 24 τεμαχίων, διαφόρων τύπων.</p>",ΦΩΤΙΣΜΟΣ  ΕΝΕΡΓΕΙΑ>Μπαταρίες
38615,Αλκαλική μπαταρία - 9V - 682047,Αλκαλική μπαταρία - 9V - 682047,in stock,new,1.8 EUR,,https://www.tradesor.gr/wp-content/uploads/2023/04/682047.jpg,OEM,No Color,0.1,<p>Αλκαλική μπαταρία - 9V.<br />Περιλαμβάνεται 1 τεμάχιο.</p>,ΦΩΤΙΣΜΟΣ  ΕΝΕΡΓΕΙΑ>Μπαταρίες
