id,title,description,availability,condition,price,link,image_link,brand,color,shipping_weight,rich_text_description,fb_product_category
38376,Επαγγελματική ψηφιακή ζυγαριά πάγκ,Επαγγελματική ψηφιακή ζυγαριά πάγκου - 40kg - ACS-822B - 910535,in stock,new,45 EUR,,https://www.tradesor.gr/wp-content/uploads/2023/04/910535.jpg,OEM,No Color,2.1,"<p class=""product_title entry-title"">Επαγγελματική ψηφιακή ζυγαριά πάγκου</p><div id=""content_tab_description"" class=""tab-content tab-description""><div class=""tab-content-inner""><div class=""tab-content-scroll""><p>Μέγιστη ζύγιση 40 κιλά.<br />Διαβάθμιση ανά 5 γραμμάρια.<br />Ρύθμιση απόβαρου<br />Η αξία του προϊόντος μπορεί να είναι μέχρι 5 ψηφία.<br />Η αξία του συνόλου μπορεί να είναι μέχρι 6 ψηφία.<br /><span class=""VIiyi"" lang=""el""><span class=""JLqJ4b ChMk0b"" data-language-for-alternatives=""el"" data-language-to-translate-into=""en"" data-phrase-index=""6"" data-number-of-phrases=""29""><span class=""Q4iAWc"">Οθόνη LCD με backlight</span></span></span><br />Λειτουργεί στην πρίζα με μετασχηματιστή.<br />Διαθέτει επαναφορτιζόμενη μπαταρία για να λειτουργήσει και χωρίς ρεύμα, η μπαταρία κρατάει από 15 έως 30 ημέρες αναλόγως της χρήσης. <br />Όταν δεν χρησιμοποιείται, για λόγους οικονομίας σβήνει η οθόνη και ανάβει πάλι αυτόματα όταν εναποθέσουμε βάρος στην πλατφόρμα.<br />Ακρίβεια ζύγισης 1/3000F.S<br />Βάρος συσκευής 5,8 κιλά.<br />Διαστάσεις 33 Χ 37 Χ 12cm<br />Διαθέτει ρυθμίσεις εισαγωγής χρέωσης ανά κιλό και υπολογισμό αξίας. <br />Η ζυγαριά δεν διαθέτει κολώνα παρά μόνο τριπλή οθόνη στο κάτω αριστερά μέρος της συσκευής. </p></div></div></div>",ΕΡΓΑΛΕΙΑ  ΕΠΑΓΓΕΛΜΑΤΙΚΟΣ ΕΞΟΠΛΙΣΜΟΣ>Επαγγελματικές ζυγαριές  θερμοκολλητικά>Ζυγαριές πάγκου
54391,Επαγγελματική αναλογική ζυγαριά με,Επαγγελματική αναλογική ζυγαριά με κάδο - 20KG - ATZ-20,in stock,new,16.2 EUR,,https://www.tradesor.gr/wp-content/uploads/2023/05/7b4274362adecb9bd4bd21df8e75e6b0.jpg,OEM,No Color,2.0,"Επαγγελματική αναλογική ζυγαριά με κάδο για ζύγιση έως 20KG. Χαρακτηριστικά
Μέγιστο μετρήσιμο βάρος 20Κg
Μονάδα μέτρησης ανά 0.100gr
Μεταλλικό μπόλ inox με διάμετρο 24εκ
Διαστάσεις: 26X18X(Υ)31cm
Δυνατότητα αφαίρεσης απόβαρου",ΕΡΓΑΛΕΙΑ  ΕΠΑΓΓΕΛΜΑΤΙΚΟΣ ΕΞΟΠΛΙΣΜΟΣ>Επαγγελματικές ζυγαριές  θερμοκολλητικά>Ζυγαριές πάγκου
54394,Αναλογική ζυγαριά κουζίνας με κάδο ,Αναλογική ζυγαριά κουζίνας με κάδο - KS-04 - 211243 - Orange,in stock,new,6.3 EUR,,https://www.tradesor.gr/wp-content/uploads/2023/05/4306eec06e5964fd7031fb467c5d12e5.jpg,OEM,No Color,2.0,"Αναλογική ζυγαριά κουζίνας με πλαστικό κάδο για ζύγιση έως και 5kg/11 lbs
Υποδιαίρεση ανά: 40γρ
Αφαιρούμενο μπoλ ζύγισης για εύκολο καθάρισμα/πλύσιμο.",ΕΡΓΑΛΕΙΑ  ΕΠΑΓΓΕΛΜΑΤΙΚΟΣ ΕΞΟΠΛΙΣΜΟΣ>Επαγγελματικές ζυγαριές  θερμοκολλητικά>Ζυγαριές πάγκου
54397,Αναλογική ζυγαριά κουζίνας με κάδο ,Αναλογική ζυγαριά κουζίνας με κάδο - KS-015 - 211242,in stock,new,5.4 EUR,,https://www.tradesor.gr/wp-content/uploads/2023/05/39d5f3e35c9412354cec01bda1426214.jpg,OEM,No Color,2.0,"Αναλογική ζυγαριά κουζίνας με πλαστικό κάδο για ζύγιση έως και 3kg, με διαφανές πρωτοποριακό design.
Υποδιαίρεση ανά: 40γρ
Αφαιρούμενο μπoλ ζύγισης για εύκολο καθάρισμα/πλύσιμο. Διαστάσεις: 11 x 23 x 14 cm",ΕΡΓΑΛΕΙΑ  ΕΠΑΓΓΕΛΜΑΤΙΚΟΣ ΕΞΟΠΛΙΣΜΟΣ>Επαγγελματικές ζυγαριές  θερμοκολλητικά>Ζυγαριές πάγκου
54400,Ψηφιακή ζυγαριά κουζίνας - WY-217 - 211241,Ψηφιακή ζυγαριά κουζίνας - WY-217 - 211241,in stock,new,9 EUR,,https://www.tradesor.gr/wp-content/uploads/2023/05/3333fc88b3ffd65ee7a7b89a1a07b001.jpg,OEM,No Color,1.0,"Ένδειξη χαμηλής μπαταρίας & Υπερφόρτωση.
Μονάδες ζύγισης: g / oz / lb
Λειτουργία απόβαρου.
Αυτόματη απενεργοποίηση σε 60 δευτερόλεπτα.
Λειτουργεί με 2 μπαταρίες AA (Δεν περιλαμβάνονται)
Διαστάσεις συνολικές: 225 x 160 x 43 mm
Μέγεθος πλατφόρμας: 150 x150 mm
Zυγίζει απο 1 γραμμάριo εώς 5 κιλά",ΕΡΓΑΛΕΙΑ  ΕΠΑΓΓΕΛΜΑΤΙΚΟΣ ΕΞΟΠΛΙΣΜΟΣ>Επαγγελματικές ζυγαριές  θερμοκολλητικά>Ζυγαριές πάγκου
54406,Ψηφιακή ζυγαριά κουζίνας με κάδο - DM,Ψηφιακή ζυγαριά κουζίνας με κάδο - DM3 - 211238,in stock,new,9 EUR,,https://www.tradesor.gr/wp-content/uploads/2023/05/211238.jpeg,OEM,No Color,1.0,"Πρακτική ψηφιακή ζυγαριά ακριβείας για την κουζίνα που ζυγίζει από 0.01gr έως 500gr.
Ευδιάκριτη ψηφιακή οθόνη LCD.
Μονάδες μέτρησης: gr, oz, dwt, gn,ct.
Έχει λειτουργία αυτόματου σβησίματος όταν είναι σε αδράνεια και ένδειξη Low Battery.
Λειτουργεί με 2 μπαταρίες ΑΑA (δεν περιλαμβάνονται)",ΕΡΓΑΛΕΙΑ  ΕΠΑΓΓΕΛΜΑΤΙΚΟΣ ΕΞΟΠΛΙΣΜΟΣ>Επαγγελματικές ζυγαριές  θερμοκολλητικά>Ζυγαριές πάγκου
54439,Επαγγελματική ζυγαριά πάγκου - 789 - 21,Επαγγελματική ζυγαριά πάγκου - 789 - 211229,in stock,new,41.4 EUR,,https://www.tradesor.gr/wp-content/uploads/2023/05/211229.jpg,OEM,No Color,4.0,"Ζυγαριά Πάγκου max 40kg.

Xαρακτηριστικά

    Ικανότητα ζύγισης 40kg/200gr 
    2 Οθόνες μπρος-πίσω φωτιζόμενες
    Yποδιαίρεση ανά 5 γραμμάρια    
    Διαθέτει επαναφορτιζόμενη μπαταρία για λειτουργία και χωρίς ρεύμα.
    Διαστάσεις πλατφόρμας: 32 x 23",ΕΡΓΑΛΕΙΑ  ΕΠΑΓΓΕΛΜΑΤΙΚΟΣ ΕΞΟΠΛΙΣΜΟΣ>Επαγγελματικές ζυγαριές  θερμοκολλητικά>Ζυγαριές πάγκου
54442,Επαγγελματική ζυγαριά πάγκου - 769 - 21,Επαγγελματική ζυγαριά πάγκου - 769 - 211228,in stock,new,41.4 EUR,,https://www.tradesor.gr/wp-content/uploads/2023/05/211229.jpg,OEM,No Color,4.0,"Ζυγαριά Πάγκου max 40kg.

Xαρακτηριστικά

    Ικανότητα ζύγισης 40kg/200gr 
    2 Οθόνες μπρος-πίσω φωτιζόμενες
    Yποδιαίρεση ανά 5 γραμμάρια    
    Διαθέτει επαναφορτιζόμενη μπαταρία για λειτουργία και χωρίς ρεύμα.
    Διαστάσεις πλατφόρμας: 32 x 23",ΕΡΓΑΛΕΙΑ  ΕΠΑΓΓΕΛΜΑΤΙΚΟΣ ΕΞΟΠΛΙΣΜΟΣ>Επαγγελματικές ζυγαριές  θερμοκολλητικά>Ζυγαριές πάγκου
54478,Ψηφιακή ζυγαριά κουζίνας - DT540 - 211215,Ψηφιακή ζυγαριά κουζίνας - DT540 - 211215,in stock,new,18 EUR,,https://www.tradesor.gr/wp-content/uploads/2023/05/689216d6d7cb7aaf47a36c984e648385.jpg,OEM,No Color,1.0,"Ψηφιακή ζυγαριά κουζίνας μεγάλης εμβέλειας με μέγιστη ζύγιση έως 30kg. Ένδειξη χαμηλής μπαταρίας & Υπερφόρτωσης.
Μονάδες ζύγισης: g / oz / lb
Λειτουργία απόβαρου.
Αυτόματη απενεργοποίηση σε 60 δευτερόλεπτα.
Λειτουργεί με 2 μπαταρίες AA (περιλαμβάνονται)",ΕΡΓΑΛΕΙΑ  ΕΠΑΓΓΕΛΜΑΤΙΚΟΣ ΕΞΟΠΛΙΣΜΟΣ>Επαγγελματικές ζυγαριές  θερμοκολλητικά>Ζυγαριές πάγκου
54481,Ψηφιακή ζυγαριά ακριβείας - TS200 - 211214,Ψηφιακή ζυγαριά ακριβείας - TS200 - 211214,in stock,new,10.8 EUR,,https://www.tradesor.gr/wp-content/uploads/2023/05/211214.jpg,OEM,No Color,1.0,"Υψηλής ποιότητας ηλεκτρονική ψηφιακή ζυγαριά Fuzion TS-200, μέγιστο βάρος ζύγισης 10Kg και ακρίβεια 1gr.

Εύχρηστη  και ιδανική για πολλαπλές χρήσεις(κουζίνα, επαγγελματικούς χώρους κλπ)
Δυνατότητα αναγραφής  απόβαρου.
Άλλα χαρακτηριστικά:
– Φορητή για εύκολη αποθήκευση και μεταφορά.
– Over -load / ένδειξη χαμηλής μπαταρίας.
– Μονάδες μέτρησης: Kg/g/oz/lb/Pcs
– Αυτόματη επαναφορά μηδέν on / off
– Αυτόματη απενεργοποίηση
– Ευδιάκριτη φωτιζόμενη οθόνη με μεγάλα ψηφία
– Διαστάσεις : 215 x 145 x 45 χιλιοστά
– Διαστάσεις πλατφόρμας: 145 x 145 χιλιοστά
– Τροφοδοσία: 2 μπαταρίες ΑΑ",ΕΡΓΑΛΕΙΑ  ΕΠΑΓΓΕΛΜΑΤΙΚΟΣ ΕΞΟΠΛΙΣΜΟΣ>Επαγγελματικές ζυγαριές  θερμοκολλητικά>Ζυγαριές πάγκου
54484,Ψηφιακή ζυγαριά κουζίνας με κάδο - WY,Ψηφιακή ζυγαριά κουζίνας με κάδο - WY220 - 211213,in stock,new,6.3 EUR,,https://www.tradesor.gr/wp-content/uploads/2023/05/211213.jpg,OEM,No Color,1.0,"Ψηφιακή ζυγαριά κουζίνας, ακριβείας, με κάδο τοποθέτησης τροφίμων, αποσπώμενο για εύκολο καθάρισμα και πλύσιμο.

Χαρακτηριστικά:

    Για στερεά και υγρά
    Μέτρηση έως 5 kg ανά 1g
    Ψηφιακή οθόνη LCD
    Μέτρηση απόβαρου
    Αυτόματη-Χειροκίνητη απενεργοποίηση
    Λειτουργεί με 2 μπαταρίες ΑAΑ (περιλαμβάνονται)

*Διαθέσιμη σε λευκό χρώμα, με βάση κάδου χρωμάτων πράσινου, μπλε, πορτοκαλί και λευκού",ΕΡΓΑΛΕΙΑ  ΕΠΑΓΓΕΛΜΑΤΙΚΟΣ ΕΞΟΠΛΙΣΜΟΣ>Επαγγελματικές ζυγαριές  θερμοκολλητικά>Ζυγαριές πάγκου
54487,Ψηφιακή ζυγαριά κουζίνας - KE-5 - 211212,Ψηφιακή ζυγαριά κουζίνας - KE-5 - 211212,in stock,new,6.3 EUR,,https://www.tradesor.gr/wp-content/uploads/2023/05/211212.jpg,OEM,No Color,1.0,"ΧΑΡΑΚΤΗΡΙΣΤΙΚΑ

Ιδανική για μέτρηση βάρους στη μαγειρική και τη ζαχαροπλαστική στο σπίτι
Κουμπί ενεργοποίησης και αλλαγής μονάδας μέτρησης
LCD οθόνη
Αυτόματη απενεργοποίηση έπειτα από 60 δευτερόλεπτα αδράνειας ή χειροκίνητη απενεργοποίηση
Ένδειξη χαμηλής μπαταρίας
Ένδειξη υπέρβαρων αποσκευών
4 μονάδες μέτρησης: Γραμμάριο, κιλό, λίβρα, ουγγιά
Μέγιστη μέτρηση: 5kg
Ακρίβεια: 1 γραμμάριο
Τροφοδοσία: 2 x A 1.5V μπαταρίες (περιλαμβάνονται)
Υλικό: Πλαστικό και γυαλί 
Διαστάσεις (Μ x Π x Υ): 14 x 37 x 185 mm
Διάμετρος γυάλινης πλάκας: 149 mm
Βάρος: 361 gr",ΕΡΓΑΛΕΙΑ  ΕΠΑΓΓΕΛΜΑΤΙΚΟΣ ΕΞΟΠΛΙΣΜΟΣ>Επαγγελματικές ζυγαριές  θερμοκολλητικά>Ζυγαριές πάγκου
54490,Ψηφιακή ζυγαριά κουζίνας - SF400A - 211211,Ψηφιακή ζυγαριά κουζίνας - SF400A - 211211,in stock,new,5.4 EUR,,https://www.tradesor.gr/wp-content/uploads/2023/05/211211.jpg,OEM,No Color,1.0,"Μέγιστη ζύγιση 10kg
     Ακρίβεια 1gr
     Ένδειξη χαμηλής μπαταρίας & υπερφόρτωσης
     Μονάδες ζύγισης: g /oz / lb
     Λειτουργία μέτρησης
     Συνάρτηση απόβαρου
     Αυτόματη απενεργοποίηση εάν δεν χρησιμοποιηθεί για 60 δευτερόλεπτα.
     Τροφοδοτείται από μετασχηματιστή DC 6V – 12V ή 2 μπαταρίες AA (Δεν περιλαμβάνονται)
     Διαστάσεις: 225 x 160 x 43 mm
     Μέγεθος πλατφόρμας: 151 x 151 mm
     Βάρος ζυγαριάς: 350g",ΕΡΓΑΛΕΙΑ  ΕΠΑΓΓΕΛΜΑΤΙΚΟΣ ΕΞΟΠΛΙΣΜΟΣ>Επαγγελματικές ζυγαριές  θερμοκολλητικά>Ζυγαριές πάγκου
54493,Ψηφιακή ζυγαριά κουζίνας - A019 - 211210,Ψηφιακή ζυγαριά κουζίνας - A019 - 211210,in stock,new,9 EUR,,https://www.tradesor.gr/wp-content/uploads/2023/05/89f3d8690990d620c847808ff335c055.jpg,OEM,No Color,1.0,"Εξαιρετικά λεπτή ζυγαριά κουζίνας Livoo DOM354 με διαχρονικό σχεδιασμό, μέγιστο βάρος ζύγισης έως 5 κιλά, οθόνη LCD, λειτουργία TARE και αυτόματη απενεργοποίηση. Η Livoo DΟΜ354 είναι μια ζυγαριά κουζίνας ακριβείας που ζυγίζει έως και 5 κιλά με λειτουργία TARE για πιο ακριβή ζύγιση. Οι τιμές εμφανίζονται σε οθόνη LCD, ενώ η δυνατότητα αυτόματης απενεργοποίησης εξοικονομεί σημαντικά μπαταρία.

    Ευαίσθητα πλήκτρα χειρισμού
    Λεπτός σχεδιασμός
    Οθόνη ενδείξεων LCD
    Αυτόματη απενεργοποίηση
    Μέγιστη χωρητικότητα βάρους έως 5 κιλά
    Δυνατότητα αφαίρεσης βάρους δοχείου ή σταδιακού TARE
    Βάρος: 1.10 kg
    Διαστάσεις: 20.4 x 15.5 x 1.3 cm",ΕΡΓΑΛΕΙΑ  ΕΠΑΓΓΕΛΜΑΤΙΚΟΣ ΕΞΟΠΛΙΣΜΟΣ>Επαγγελματικές ζυγαριές  θερμοκολλητικά>Ζυγαριές πάγκου
54496,Ψηφιακή ζυγαριά ακριβείας κουζίνας,Ψηφιακή ζυγαριά ακριβείας κουζίνας - SF2012 - 211224,in stock,new,6.3 EUR,,https://www.tradesor.gr/wp-content/uploads/2023/05/211224.png,OEM,No Color,1.0,"Μεγάλη και ευανάγνωστη οθόνη LCD 
Μέγιστο βάρος μέτρησης: 10kg 
Μετράει ανά ένα 1gr 
Μέγεθος οθόνης: 41*19 χιλιοστά
Ακρίβεια ±1%
Αυτόματη απενεργοποίηση μετά από 60 δευτερόλεπτα
Διαθέτει επιλογή λειτουργίας απόβαρου και πρόσθεσης
Μονάδες μέτρησης g, lb, oz, kg, ml
Βάρος ζυγαριάς 0.3kg
Πλάτος : 13.8cm
Μήκος: 18cm
Ένδειξη χαμηλής μπαταρίας
Λειτουργεί με μπαταρίες ΑΑΑ",ΕΡΓΑΛΕΙΑ  ΕΠΑΓΓΕΛΜΑΤΙΚΟΣ ΕΞΟΠΛΙΣΜΟΣ>Επαγγελματικές ζυγαριές  θερμοκολλητικά>Ζυγαριές πάγκου
54499,Ψηφιακή ζυγαριά χειρός κουζίνας - κ�,Ψηφιακή ζυγαριά χειρός κουζίνας - κουτάλι - 807A - 211209,in stock,new,5.4 EUR,,https://www.tradesor.gr/wp-content/uploads/2023/05/a5dea71266c48a90e3bc9a5e437a31c8.jpg,OEM,No Color,1.0,"BRUNO ψηφιακή ζυγαριά-κουτάλι κουζίνας BRN-0074, έως 500g, λευκή Ψηφιακή ζυγαριά κουζίνας από την Bruno με δυνατότητα ζυγίσματος έως 500g. Διαθέτει μεγάλη ευανάγνωστη οθόνη LCD, ενδείξεις για χαμηλή μπαταρία και υπερφόρτωση, αλλά και λειτουργίες απόβαρου και κλειδώματος μέτρησης. Τροφοδοτείται από CR2032 μπαταρία (συμπεριλαμβάνεται), ενώ όταν δεν χρησιμοποιείται, απενεργοποιείται αυτόματα για εξοικονόμηση ενέργειας. Οι ζυγαριές της Bruno κατασκευάζονται από ποιοτικά υλικά, με σύγχρονες μεθόδους και σύμφωνα με αυστηρά κριτήρια ποιοτικού ελέγχου, διασφαλίζοντας απρόσκοπτη, αξιόπιστη και μακροχρόνια λειτουργία. -4 μονάδες μέτρησης: g, oz, ct, gn -δυνατότητα ζυγίσματος έως 500g -μεγάλη και ευανάγνωστη οθόνη LCD -ένδειξη χαμηλής μπαταρίας -ένδειξη υπερφόρτωσης -λειτουργία απόβαρου -αυτόματη απενεργοποίηση -λειτουργία κλειδώματος μέτρησης -αφαιρούμενη κεφαλή κουταλιού για εύκολο καθάρισμα Τεχνικά χαρακτηριστικά Μονάδα μέτρησης: g, oz, ct, gn Φορτίο: Έως 500kg Ακρίβεια: 0.1kg Οθόνη LCD: 28 x 10mm Τροφοδοσία: 1x CR2032 μπαταρία (συμπεριλαμβάνεται)",ΕΡΓΑΛΕΙΑ  ΕΠΑΓΓΕΛΜΑΤΙΚΟΣ ΕΞΟΠΛΙΣΜΟΣ>Επαγγελματικές ζυγαριές  θερμοκολλητικά>Ζυγαριές πάγκου
