id,title,description,availability,condition,price,link,image_link,brand,color,shipping_weight,rich_text_description,fb_product_category
36267,Ηχοσύστημα αυτοκινήτου 1DIN - Xplod - X1100 ,Ηχοσύστημα αυτοκινήτου 1DIN - Xplod - X1100 - 001269,in stock,new,54 EUR,,https://www.tradesor.gr/wp-content/uploads/2023/04/3007_001269.jpg,OEM,No Color,1,"<p> </p><ul><li>Μορφή συστήματος πλοήγησης πολυμέσων 1DIN</li><li>Οθόνη με αντιανακλαστική επικάλυψη.</li><li>Ραδιόφωνο FM.</li><li>Μονάδα BlueTooth με ενσωματωμένο μικρόφωνο.</li><li>Θύρα USB με υποστήριξη για μορφές AVI, MPEG, WMA, MP3, MP4</li><li>Ενσωματωμένος ενισχυτής: κανάλι 4 x 50 W</li><li>Διαστάσεις συσκευασίας: 27 x 24 cm</li></ul><p> </p>",AUTO-MOTO-BIKE>Είδη αυτοκινήτου>Ηχοσυστήματα 1DIN
36742,Ηχοσύστημα αυτοκινήτου 1DIN με αναδι�,Ηχοσύστημα αυτοκινήτου 1DIN με αναδιπλούμενη οθόνη – M706 - 001528,in stock,new,108 EUR,,https://www.tradesor.gr/wp-content/uploads/2023/04/2806_001528.png,OEM,No Color,4.5,"<div class=""product_theme_description""><p>Το απόλυτο, ασύρματα τηλεχειριζόμενο, πολύ-σύστημα για το ταμπλό του αυτοκινήτου καθώς διαθέτει 7 ιντσών TFT 1DIN πτυσσόμενη / αναδιπλούμενη οθόνη αφής, ενσωματωμένο ενισχυτή ήχου, bluetooth για σύνδεση με το κινητό, θύρες USB, SD, AUX, έλεγχο τιμονιού, FM ραδιόφωνο και άλλα πολλά!</p><p>Με ενσωματωμένο μικρόφωνο και bluetooth για να μπορείτε να διεκπεραιώνεται τις κλήσεις σας εντελώς handsfree, απευθείας από τα ηχεία του αυτοκινήτου σας. Δώστε προτεραιότητα στην ασφαλή οδήγηση με αυτή την Multimedia Bluetooth οθόνη αυτοκινήτου.</p><p>Διαθέτει διάφορες εισόδους & εξόδους audio / video. Συνδέστε εξωτερικό subwoofer ή ακόμα και κάποια εξωτερική κάμερα (πχ οπισθοπορείας - parking) και δείτε live στην οθόνη το πίσω μέρος του αυτοκινήτου όταν παρκάρετε.</p><p>Υψηλής ποιότητας στιβαρή κατασκευή, με ανθεκτικά κουμπιά. Η πρόσοψη είναι μεταλλική για ακόμη μεγαλύτερη αντοχή σε γρατσουνιές και φθορές! Κρατήστε διαχρονικά το στυλ του αυτοκινήτου σας.</p><p><strong>Κύρια Χαρακτηριστικά:</strong></p><ul><li><p>Ενσωματωμένο Bluetooth</p></li><li><p>Τηλεχειριζόμενο</p></li><li><p>Υποστήριξη SD/USB</p></li><li><p>Οθόνη Αφής</p></li><li><p>Native Resolution: 800 x 480</p></li><li><p>Support Max Resolution: 1920 x 1080p</p></li></ul><p> <strong>Γενικά Χαρακτηριστικά:</strong></p><ul><li><p>Χρώμα: Μαύρο</p></li><li><p>Μέγεθος οθόνης: 7""</p></li><li><p>Τύπος Μέσων:  WMA, WAV, Mp3, WMV, Mp4, JPEG</p></li><li><p>Εύρος Ζώνης Απόκρισης Ραδιοφώνου: AM: 522 KHz-1620 KHz;FM: 875 MHz-108 MHz</p></li><li><p>Σύστημα Λειτουργίας:  Windows CE 6.0 - Δεν διαθέτει GPS.</p></li><li><p>Μέγιστη Ισχύς Εξόδου / Ποσότητα Καναλιών Ενισχυτή:  45 Watts x 4</p></li><li><p>Είδος Βυσμάτων:  1 x A/V Έξοδος, 1 x A/V Είσοδος, 1 x RCA Είσοδοι, 1 x RCA Έξοδοι, 1x USB, 1 x subwoofer out, 1 x Βύσμα τροφοδοσία, 1 x Camera in</p></li><li><p>Διαστάσεις εγκατάστασης : Πλάτος 18,3 εκ , Βάθος 16,5 εκ, Υψος 5,3 εκ</p></li><li><p>Άλλα Χαρακτηριστικά:  Ενσωματωμένο Bluetooth, Υποστήριξη SD/USB, Οθόνη Αφής, FM, Έλεγχος Τιμονιού, RDS.</p></li><li><p>Με δυνατότητα ψηφιακής ή αναλογικής Τηλεόρασης - ( απαιτείται εξωτερικό tuner )</p></li><li><p>Διαθέτει ασύρματο τηλεχειριστήριο</p></li><li>Διαστάσεις συσκευασίας: 29 x 23 cm</li></ul></div>",AUTO-MOTO-BIKE>Είδη αυτοκινήτου>Ηχοσυστήματα 1DIN
39574,Ηχοσύστημα αυτοκινήτου 1DIN με οθόνη ,Ηχοσύστημα αυτοκινήτου 1DIN με οθόνη 4'' - Bluetooth - 4051A - 000184,in stock,new,41.4 EUR,,https://www.tradesor.gr/wp-content/uploads/2023/04/9.1_000184.jpg,OEM,No Color,3.0,"<p>Το ηχοσύστημα MP5 Player 4051AI διαθέτει multimedia οθόνη. Υποστηρίζει USB και Bluetooth συνδέσεις, για να ακούτε μουσική από στικάκι ή το κινητό σας, αλλά και να πραγματοποιείτε κλήσεις. Το ηχοσύστημα είναι συμβατό με την πλειοψηφία των αυτοκινήτων Universal</p><p>Χαρακτηριστικά:</p><p>– 4″ Tft Hd Led Monitor</p><p>– Bluetooth / Fm Radio/ Tf Card/ Usb/ Mp5</p><p>– Rearview Camera</p><p>– Είσοδος AUX</p><p>– Υποδοχή USB και κάρτα SD</p><p>– Ενσωματωμένο FM stereo</p><p>Διαστάσεις συσκευασίας: 21 x 18 cm</p>",AUTO-MOTO-BIKE>Είδη αυτοκινήτου>Ηχοσυστήματα 1DIN
39575,Ηχοσύστημα αυτοκινήτου 1DIN - 4' - MP5 - 404,Ηχοσύστημα αυτοκινήτου 1DIN - 4' - MP5 - 4042 - 000222,in stock,new,41.4 EUR,,https://www.tradesor.gr/wp-content/uploads/2023/04/9.1_000222.png,OEM,No Color,3.0,"<p>Ηχοσύστημα MP5 με TFT HD οθόνη 4.1″ με BT/USB/SD/AUX και χειριστήριο – GBT 4042UM</p><p><br />Χαρακτηριστικά:<br />- TFT LED οθόνη 4.1″ υψηλής ευκρίνειας<br />- Υποδοχή εξωτερικής κάρτας μνήμης SD/MMC και θύρα USB 2.0<br />- Ραδιόφωνο FM<br />- Bluetooth και μικρόφωνο για να πραγματοποιείτε κλήσεις με τα χέρια σας ελεύθερα<br />- Έξοδος AUX για να συνδέετε συσκευές ήχου όπως, κινητό τηλέφωνο, tablet ή mp3<br />- Video format: 1080P (1920×1080)<br />- Υποστήριξη IR ασύρματου χειριστηρίου<br />- Eπιλογή για τον χρωματισμό της κεντρικής ροδέλας, για να ταιριάζει απόλυτα στο εσωτερικό του αυτοκινήτου σας και χειριστήριο</p><p><br />Τεχνικά Χαρακτηριστικά:<br />- Μέγεθος οθόνης: 4.1″<br />- Εύρος συχνότητας: 20Hz – 20KHz<br />- Ισχύς: 4 x 50W<br />- Μορφές βίντεο: RM/RMVB/DVD(VOB)/VCD(DAT)/MP1/MP2/DIVX/XVID/MP4/H263/H264/FLV/3GP/SWF/AVI /ASF/MGPEG<br />- Μορφές ήχου: MP3/WMA/WAV/OGG/APE/FLAC<br />- Μορφές εικόνας: JPEG/BMP/GIF/TIF<br />- FM συχνότητα: 87.5MHz – 108MHz<br />- AM συχνότητα: 522KHz – 1620KHz<br />- Τάση: 12V<br />- Διαστάσεις συσκευασίας: 21 x 18 cm</p><p><br />Η συσκευασία περιλαμβάνει:<br />- 1 x Mp5 ηχοσύστημα<br />- 1 x Χειριστήριο<br />- 2 x Σετ καλωδίων<br />- 1 x Οδηγίες χρήσεως (στα Αγγλικά)</p>",AUTO-MOTO-BIKE>Είδη αυτοκινήτου>Ηχοσυστήματα 1DIN
39578,Ηχοσύστημα αυτοκινήτου 1DIN - Pervoi - CTC-4,Ηχοσύστημα αυτοκινήτου 1DIN - Pervoi - CTC-4066 - 000223,in stock,new,45 EUR,,https://www.tradesor.gr/wp-content/uploads/2023/04/9.1_000223.png,OEM,No Color,3.5,"<p>Διαθέτει:<br />Οθόνη TFT μεγέθους 4.1''<br />Ανάλυση: 1080p<br />Ραδιόφωνο FM<br />Λειτουργία GPS<br />Bluetooth 4.2<br />Θύρες: <span class=""HwtZe"" lang=""el""><span class=""jCAhz ChMk0b""><span class=""ryNqvb"">AUX, 2 x USB, microSD</span></span></span><br />Universal εφαρμογή<br />Τάση: DC 12V<br />Ισχύς: 4x50W</p><p>Διαστάσεις συσκευασίας: 21 x 18 cm</p><div class=""notranslate"" style=""all: initial;""> </div>",AUTO-MOTO-BIKE>Είδη αυτοκινήτου>Ηχοσυστήματα 1DIN
106631,Ηχοσύστημα αυτοκινήτου 1DIN - Bluetooth - 17,Ηχοσύστημα αυτοκινήτου 1DIN - Bluetooth - 1787 - 000373,in stock,new,23.4 EUR,,https://www.tradesor.gr/wp-content/uploads/2023/06/787998ddc6d722c17d3a339baa6c2008.jpg,OEM,No Color,1.0,,AUTO-MOTO-BIKE>Είδη αυτοκινήτου>Ηχοσυστήματα 1DIN
106634,Ηχοσύστημα αυτοκινήτου 1DIN - Bluetooth - 17,Ηχοσύστημα αυτοκινήτου 1DIN - Bluetooth - 1786 - 000372,in stock,new,23.4 EUR,,https://www.tradesor.gr/wp-content/uploads/2023/06/98e32fca199dab4e28fde09f5bae9fda.jpg,OEM,No Color,1.0,,AUTO-MOTO-BIKE>Είδη αυτοκινήτου>Ηχοσυστήματα 1DIN
106637,Ηχοσύστημα αυτοκινήτου 1DIN - Bluetooth - 24,Ηχοσύστημα αυτοκινήτου 1DIN - Bluetooth - 24V - 1801 - 000371,in stock,new,21.6 EUR,,https://www.tradesor.gr/wp-content/uploads/2023/06/b4c6200bb19dbb59903d5c08395c6164.jpg,OEM,No Color,1.0,,AUTO-MOTO-BIKE>Είδη αυτοκινήτου>Ηχοσυστήματα 1DIN
106640,Ηχοσύστημα αυτοκινήτου 1DIN - Bluetooth - 52,Ηχοσύστημα αυτοκινήτου 1DIN - Bluetooth - 520 - 000370,in stock,new,18 EUR,,https://www.tradesor.gr/wp-content/uploads/2023/06/8e8b4629590828eb7eed26d476e0236c.jpg,OEM,No Color,1.0,,AUTO-MOTO-BIKE>Είδη αυτοκινήτου>Ηχοσυστήματα 1DIN
106643,Ηχοσύστημα αυτοκινήτου 1DIN - Bluetooth - 62,Ηχοσύστημα αυτοκινήτου 1DIN - Bluetooth - 6230 - 000369,in stock,new,18 EUR,,https://www.tradesor.gr/wp-content/uploads/2023/06/05b1237a2e10a4fb96b6f5088f9f62f1.jpg,OEM,No Color,1.0,,AUTO-MOTO-BIKE>Είδη αυτοκινήτου>Ηχοσυστήματα 1DIN
106646,Ηχοσύστημα αυτοκινήτου 1DIN - Bluetooth - 62,Ηχοσύστημα αυτοκινήτου 1DIN - Bluetooth - 6225 - 000203,in stock,new,18 EUR,,https://www.tradesor.gr/wp-content/uploads/2023/06/0b8fe3c5269a3d930fb65eca84b61173.jpg,OEM,No Color,1.0,,AUTO-MOTO-BIKE>Είδη αυτοκινήτου>Ηχοσυστήματα 1DIN
106653,Ηχοσύστημα αυτοκινήτου 1DIN - Bluetooth - 4',Ηχοσύστημα αυτοκινήτου 1DIN - Bluetooth - 4'' - 4080 - 000366,in stock,new,54 EUR,,https://www.tradesor.gr/wp-content/uploads/2023/06/d9bde313749b228de2e9c60f15ef719d.jpg,OEM,No Color,1.0,,AUTO-MOTO-BIKE>Είδη αυτοκινήτου>Ηχοσυστήματα 1DIN
106656,Ηχοσύστημα αυτοκινήτου 1DIN - Bluetooth - 4',Ηχοσύστημα αυτοκινήτου 1DIN - Bluetooth - 4'' - 4022 - 000365,in stock,new,45 EUR,,https://www.tradesor.gr/wp-content/uploads/2023/06/d491bb7bfab11fe74274a4d4e0e31317.jpg,OEM,No Color,1.0,,AUTO-MOTO-BIKE>Είδη αυτοκινήτου>Ηχοσυστήματα 1DIN
106659,Ηχοσύστημα αυτοκινήτου 1DIN - Bluetooth - 4',Ηχοσύστημα αυτοκινήτου 1DIN - Bluetooth - 4'' - 4066 - 000363,in stock,new,45 EUR,,https://www.tradesor.gr/wp-content/uploads/2023/06/de7ec40bb73cbcf0cb23bbbc901bf9ae.jpg,OEM,No Color,1.0,,AUTO-MOTO-BIKE>Είδη αυτοκινήτου>Ηχοσυστήματα 1DIN
106665,Ηχοσύστημα αυτοκινήτου 1DIN - Bluetooth - 32,Ηχοσύστημα αυτοκινήτου 1DIN - Bluetooth - 3205 - 000357,in stock,new,54 EUR,,https://www.tradesor.gr/wp-content/uploads/2023/06/a39904ff83b88e19d59efe565717e76b.jpg,OEM,No Color,1.0,,AUTO-MOTO-BIKE>Είδη αυτοκινήτου>Ηχοσυστήματα 1DIN
106668,Ηχοσύστημα αυτοκινήτου 1DIN - Bluetooth - 32,Ηχοσύστημα αυτοκινήτου 1DIN - Bluetooth - 3206 - 000356,in stock,new,54 EUR,,https://www.tradesor.gr/wp-content/uploads/2023/06/7d936d756356ceff0eeab5e863e7cb01.jpg,OEM,No Color,1.0,,AUTO-MOTO-BIKE>Είδη αυτοκινήτου>Ηχοσυστήματα 1DIN
106678,Ηχοσύστημα αυτοκινήτου 1DIN με οθόνη ,Ηχοσύστημα αυτοκινήτου 1DIN με οθόνη - 705 - 000351,in stock,new,99 EUR,,https://www.tradesor.gr/wp-content/uploads/2023/06/b938ff0bbfc821620c925157e60e148c.jpg,OEM,No Color,1.0,,AUTO-MOTO-BIKE>Είδη αυτοκινήτου>Ηχοσυστήματα 1DIN
106681,Ηχοσύστημα αυτοκινήτου 1DIN με οθόνη ,Ηχοσύστημα αυτοκινήτου 1DIN με οθόνη - 704- 000350,in stock,new,99 EUR,,https://www.tradesor.gr/wp-content/uploads/2023/06/274caf2bff3e493f46c84eab179e5a3f.jpg,OEM,No Color,1.0,,AUTO-MOTO-BIKE>Είδη αυτοκινήτου>Ηχοσυστήματα 1DIN
106684,Ηχοσύστημα αυτοκινήτου 1DIN με οθόνη ,Ηχοσύστημα αυτοκινήτου 1DIN με οθόνη - 703 - 000349,in stock,new,99 EUR,,https://www.tradesor.gr/wp-content/uploads/2023/06/79226e533d3a78ce5e6c22ab6d70994b.jpg,OEM,No Color,1.0,,AUTO-MOTO-BIKE>Είδη αυτοκινήτου>Ηχοσυστήματα 1DIN
106687,Ηχοσύστημα αυτοκινήτου 1DIN με οθόνη ,Ηχοσύστημα αυτοκινήτου 1DIN με οθόνη - 706 - 000348,in stock,new,99 EUR,,https://www.tradesor.gr/wp-content/uploads/2023/06/1cafb514046c925455827b46dd9eedea.jpg,OEM,No Color,1.0,,AUTO-MOTO-BIKE>Είδη αυτοκινήτου>Ηχοσυστήματα 1DIN
106690,Ηχοσύστημα αυτοκινήτου 1DIN με οθόνη ,Ηχοσύστημα αυτοκινήτου 1DIN με οθόνη - 7'' - FO-701 - 000347,in stock,new,99 EUR,,https://www.tradesor.gr/wp-content/uploads/2023/06/9998b8273decfa3019653697f985de46.jpg,OEM,No Color,1.0,,AUTO-MOTO-BIKE>Είδη αυτοκινήτου>Ηχοσυστήματα 1DIN
106693,Ηχοσύστημα αυτοκινήτου 1DIN με οθόνη ,Ηχοσύστημα αυτοκινήτου 1DIN με οθόνη - FO-701 - Android 1+16G - 000352,in stock,new,180 EUR,,https://www.tradesor.gr/wp-content/uploads/2023/06/b14766ee616e253ef9305e9785a40a5a.jpg,OEM,No Color,1.0,,AUTO-MOTO-BIKE>Είδη αυτοκινήτου>Ηχοσυστήματα 1DIN
107061,Ηχοσύστημα αυτοκινήτου 1DIN - Bluetooth - 12,Ηχοσύστημα αυτοκινήτου 1DIN - Bluetooth - 1280 LCD - 004383,in stock,new,18 EUR,,https://www.tradesor.gr/wp-content/uploads/2023/06/b2234e199be1d7dee38db2d98b279970.jpg,OEM,No Color,1.0,,AUTO-MOTO-BIKE>Είδη αυτοκινήτου>Ηχοσυστήματα 1DIN
107064,Ηχοσύστημα αυτοκινήτου 1DIN - Bluetooth - S4,Ηχοσύστημα αυτοκινήτου 1DIN - Bluetooth - S410UDVD - 001573,in stock,new,54 EUR,,https://www.tradesor.gr/wp-content/uploads/2023/06/22e30ee0059d4dad638b01f2e59ae682.jpg,OEM,No Color,1.0,,AUTO-MOTO-BIKE>Είδη αυτοκινήτου>Ηχοσυστήματα 1DIN
107077,Ηχοσύστημα αυτοκινήτου 1DIN - Bluetooth - 62,Ηχοσύστημα αυτοκινήτου 1DIN - Bluetooth - 6225 - 002037,in stock,new,18 EUR,,https://www.tradesor.gr/wp-content/uploads/2023/06/e78328e1068d891440a08135c0339479.jpg,OEM,No Color,1.0,,AUTO-MOTO-BIKE>Είδη αυτοκινήτου>Ηχοσυστήματα 1DIN
107107,Ηχοσύστημα αυτοκινήτου 1DIN - Bluetooth - 20,Ηχοσύστημα αυτοκινήτου 1DIN - Bluetooth - 2025 - 004437,in stock,new,27 EUR,,https://www.tradesor.gr/wp-content/uploads/2023/06/37d0f14d8294e952669b9575f64a808d.jpg,OEM,No Color,1.0,,AUTO-MOTO-BIKE>Είδη αυτοκινήτου>Ηχοσυστήματα 1DIN
107110,Ηχοσύστημα αυτοκινήτου 1DIN - Bluetooth - 52,Ηχοσύστημα αυτοκινήτου 1DIN - Bluetooth - 521 - 004420,in stock,new,27 EUR,,https://www.tradesor.gr/wp-content/uploads/2023/06/61dcd1705c67a4194a592fb36914e093.jpg,OEM,No Color,1.0,,AUTO-MOTO-BIKE>Είδη αυτοκινήτου>Ηχοσυστήματα 1DIN
107113,Ηχοσύστημα αυτοκινήτου 1DIN - Bluetooth - 50,Ηχοσύστημα αυτοκινήτου 1DIN - Bluetooth - 505 - 004413,in stock,new,18 EUR,,https://www.tradesor.gr/wp-content/uploads/2023/06/c309420cbd5b5702ae0a481e2ea8a65c.jpg,OEM,No Color,1.0,,AUTO-MOTO-BIKE>Είδη αυτοκινήτου>Ηχοσυστήματα 1DIN
107116,Ηχοσύστημα αυτοκινήτου 1DIN - Bluetooth - 50,Ηχοσύστημα αυτοκινήτου 1DIN - Bluetooth - 503 - 004406,in stock,new,18 EUR,,https://www.tradesor.gr/wp-content/uploads/2023/06/4e1d41b1d8ad286be53c92a47bb435bc.jpg,OEM,No Color,1.0,,AUTO-MOTO-BIKE>Είδη αυτοκινήτου>Ηχοσυστήματα 1DIN
107119,Ηχοσύστημα αυτοκινήτου 1DIN - Bluetooth - 60,Ηχοσύστημα αυτοκινήτου 1DIN - Bluetooth - 6064 - 004390,in stock,new,18 EUR,,https://www.tradesor.gr/wp-content/uploads/2023/06/86df6104689c3653cd248d97e055fb76.jpg,OEM,No Color,1.0,,AUTO-MOTO-BIKE>Είδη αυτοκινήτου>Ηχοσυστήματα 1DIN
109017,Ηχοσύστημα αυτοκινήτου 1DIN - Bluetooth - 60,Ηχοσύστημα αυτοκινήτου 1DIN - Bluetooth - 6083 - 001566,in stock,new,21.6 EUR,,https://www.tradesor.gr/wp-content/uploads/2023/06/001566.jpg,OEM,No Color,1.0,"<p>Το ηχοσύστημα CDX-6083ΒΤ τοποθετείται με εφαρμογή 1 DIN (18×5 cm) και εφαρμόζει στα περισσότερα ταμπλό. Υποστηρίζει USB και Bluetooth συνδέσεις, για να ακούτε μουσική από στικάκι ή το κινητό σας, αλλά και να πραγματοποιείτε κλήσεις. ​Συμβατό με την πλειοψηφία των αυτοκινήτων – Universal.</p><p><strong>Χαρακτηριστικά</strong></p><p>• Τοποθέτηση κάρτας SD. mmc και USB stick στην πρόσοψη<br />• Οθόνη LED πολλαπλών ενδείξεων<br />• Τηλεχειριστήριο<br />• Ροδέλα αυξομείωσης της έντασης<br />• Κουμπιά ON/OFF, Play, Stop, Pause, Equalizer, νούμερα από το 1 έως το 10 για την επιλογή αρχείων ή φακέλων.<br />• Ψηφιακό ρολόι<br />• Υποστήριξη bluetooth για να μπορείτε να μιλάτε και από το κινητό σας με ανοιχτή ακρόαση στα ηχεία του αυτοκινήτου<br />• Ενσωματωμένο μικρόφωνο και κουμπιά on/off για τις κλήσεις του κινητού<br />• Έξοδος ήχου σε RCA για την σύνδεση με εξωτερικούς ενισχυτές ήχου.</p><p><strong>Τεχνικά Χαρακτηριστικά</strong></p><p>• Τάση: 12V ή 24V<br />• Αντίσταση Ηχείου: 4~8Ω<br />• Ισχύς εξόδου: 4x25W<br />• Μέγιστη χωρητικότητα USB/SD κάρτας: 16GB<br />• Διαστάσεις: 18,8 x 5.7 x 13.5 εκατοστά (μέτρηση με την πρόσοψη)</p><p><strong>Ραδιόφωνο<br /></strong><br />• Εύρος Συχνότητας: 87.5MHz~108MHz<br />• Επιλογή: ≥45dB(400kHz)<br />• Όριο ευαισθησίας ήχου: 25dB<br />• SNR: 40dB</p><p><strong>MP3 Player<br /></strong><br />• Διαχωρισμός καναλιών: ≥25dB<br />• Parallel Channel Stereo Playback: ≤3dB<br />• Παραμόρφωση: ≤5%<br />• Χαρακτηριστικά Συχνότητας Τάσης: (100Hz~10kHz)±6dB<br />• SNR: ≤50dB</p>",AUTO-MOTO-BIKE>Είδη αυτοκινήτου>Ηχοσυστήματα 1DIN
