id,title,description,availability,condition,price,link,image_link,brand,color,shipping_weight,rich_text_description,fb_product_category
39243,Σακούλες δώρου – Σετ 10Χ - 48x60cm - 561654,Σακούλες δώρου – Σετ 10Χ - 48x60cm - 561654,in stock,new,9.9 EUR,,https://www.tradesor.gr/wp-content/uploads/2023/04/561654.png,OEM,No Color,0.5,"<p>Σακούλες δώρου, πλαστικές, διαστάσεων 48*60cm, σε ποικιλία σχεδίων (αποστολή σχεδίου κατόπιν διαθεσιμότητας).</p>",ΕΡΓΑΛΕΙΑ  ΕΠΑΓΓΕΛΜΑΤΙΚΟΣ ΕΞΟΠΛΙΣΜΟΣ>Επαγγελματικές ζυγαριές  θερμοκολλητικά>Σακούλες  είδη συσκευασίας
39244,Σακούλες δώρου – Σετ 10Χ - 40x50cm - 096042,Σακούλες δώρου – Σετ 10Χ - 40x50cm - 096042,in stock,new,6.3 EUR,,https://www.tradesor.gr/wp-content/uploads/2023/04/096035.png,OEM,No Color,0.5,"<p>Σακούλες δώρου, πλαστικές, διαστάσεων 40*50cm, σε ποικιλία σχεδίων (αποστολή σχεδίου κατόπιν διαθεσιμότητας).</p>",ΕΡΓΑΛΕΙΑ  ΕΠΑΓΓΕΛΜΑΤΙΚΟΣ ΕΞΟΠΛΙΣΜΟΣ>Επαγγελματικές ζυγαριές  θερμοκολλητικά>Σακούλες  είδη συσκευασίας
39245,Σακούλες δώρου – Σετ 10Χ - 45x35cm - 096035,Σακούλες δώρου – Σετ 10Χ - 45x35cm - 096035,in stock,new,5.4 EUR,,https://www.tradesor.gr/wp-content/uploads/2023/04/096035.png,OEM,No Color,0.5,"<p>Σακούλες δώρου, πλαστικές, διαστάσεων 45*35cm, σε ποικιλία σχεδίων (αποστολή σχεδίου κατόπιν διαθεσιμότητας).</p><div class=""notranslate"" style=""all: initial;""> </div>",ΕΡΓΑΛΕΙΑ  ΕΠΑΓΓΕΛΜΑΤΙΚΟΣ ΕΞΟΠΛΙΣΜΟΣ>Επαγγελματικές ζυγαριές  θερμοκολλητικά>Σακούλες  είδη συσκευασίας
39408,Σακούλες δώρου – Σετ 10Χ – 42x31cm – 16114,Σακούλες δώρου – Σετ 10Χ – 42x31cm – 161141,in stock,new,6.3 EUR,,https://www.tradesor.gr/wp-content/uploads/2023/04/161141_811.jpg,OEM,No Color,0.5,"<p>Σακούλες δώρου, σετ 10 τεμαχίων, διαστάσεων 42×31cm.</p>",ΕΡΓΑΛΕΙΑ  ΕΠΑΓΓΕΛΜΑΤΙΚΟΣ ΕΞΟΠΛΙΣΜΟΣ>Επαγγελματικές ζυγαριές  θερμοκολλητικά>Σακούλες  είδη συσκευασίας
39409,Σακούλες δώρου – Σετ 10Χ – 36.5×27.5cm – ,Σακούλες δώρου – Σετ 10Χ – 36.5×27.5cm – 161134,in stock,new,5.4 EUR,,https://www.tradesor.gr/wp-content/uploads/2023/04/161134_811.jpg,OEM,No Color,0.5,"<p>Σακούλες δώρου, σετ 10 τεμαχίων, διαστάσεων 36.5×27.5cm.</p>",ΕΡΓΑΛΕΙΑ  ΕΠΑΓΓΕΛΜΑΤΙΚΟΣ ΕΞΟΠΛΙΣΜΟΣ>Επαγγελματικές ζυγαριές  θερμοκολλητικά>Σακούλες  είδη συσκευασίας
49195,Σετ σακούλες δώρου - 32*9.5*45cm - 111763,Σετ σακούλες δώρου - 32*9.5*45cm - 111763,in stock,new,6.3 EUR,,https://www.tradesor.gr/wp-content/uploads/2023/05/111763.png,OEM,No Color,1.5,Σακούλες δώρου χάρτινες με γυαλιστερή χρωματιστή επίστρωση. Σετ 10 τεμαχίων. Διαστάσεις: 32*9.5*45cm. *Επιλογή χρώματος κατόπιν διαθεσιμότητας.,ΕΡΓΑΛΕΙΑ  ΕΠΑΓΓΕΛΜΑΤΙΚΟΣ ΕΞΟΠΛΙΣΜΟΣ>Επαγγελματικές ζυγαριές  θερμοκολλητικά>Σακούλες  είδη συσκευασίας
49198,Σετ σακούλες δώρου - 29*9*38cm - 111756,Σετ σακούλες δώρου - 29*9*38cm - 111756,in stock,new,5.4 EUR,,https://www.tradesor.gr/wp-content/uploads/2023/05/111763.png,OEM,No Color,1.0,Σακούλες δώρου χάρτινες με γυαλιστερή χρωματιστή επίστρωση. Σετ 10 τεμαχίων. Διαστάσεις: 29*9*38cm. *Επιλογή χρώματος κατόπιν διαθεσιμότητας.,ΕΡΓΑΛΕΙΑ  ΕΠΑΓΓΕΛΜΑΤΙΚΟΣ ΕΞΟΠΛΙΣΜΟΣ>Επαγγελματικές ζυγαριές  θερμοκολλητικά>Σακούλες  είδη συσκευασίας
49201,Σετ σακούλες δώρου - 26*8*34cm - 111749,Σετ σακούλες δώρου - 26*8*34cm - 111749,in stock,new,5.4 EUR,,https://www.tradesor.gr/wp-content/uploads/2023/05/111756.png,OEM,No Color,1.0,Σακούλες δώρου χάρτινες με γυαλιστερή χρωματιστή επίστρωση. Σετ 10 τεμαχίων. Διαστάσεις: 26*8*34cm. *Επιλογή χρώματος κατόπιν διαθεσιμότητας.,ΕΡΓΑΛΕΙΑ  ΕΠΑΓΓΕΛΜΑΤΙΚΟΣ ΕΞΟΠΛΙΣΜΟΣ>Επαγγελματικές ζυγαριές  θερμοκολλητικά>Σακούλες  είδη συσκευασίας
49204,Σετ σακούλες δώρου - 23*8*27cm - 111732,Σετ σακούλες δώρου - 23*8*27cm - 111732,in stock,new,4.5 EUR,,https://www.tradesor.gr/wp-content/uploads/2023/05/111732.png,OEM,No Color,1.0,Σακούλες δώρου χάρτινες με γυαλιστερή χρωματιστή επίστρωση. Σετ 10 τεμαχίων. Διαστάσεις: 23*8*27cm. *Επιλογή χρώματος κατόπιν διαθεσιμότητας.,ΕΡΓΑΛΕΙΑ  ΕΠΑΓΓΕΛΜΑΤΙΚΟΣ ΕΞΟΠΛΙΣΜΟΣ>Επαγγελματικές ζυγαριές  θερμοκολλητικά>Σακούλες  είδη συσκευασίας
49207,Σετ σακούλες δώρου - 21.5*7.5*18cm - 111725,Σετ σακούλες δώρου - 21.5*7.5*18cm - 111725,in stock,new,3.6 EUR,,https://www.tradesor.gr/wp-content/uploads/2023/05/111725.png,OEM,No Color,1.0,Σακούλες δώρου χάρτινες με γυαλιστερή χρωματιστή επίστρωση. Σετ 10 τεμαχίων. Διαστάσεις: 21.5*7.5*18cm. *Επιλογή χρώματος κατόπιν διαθεσιμότητας.,ΕΡΓΑΛΕΙΑ  ΕΠΑΓΓΕΛΜΑΤΙΚΟΣ ΕΞΟΠΛΙΣΜΟΣ>Επαγγελματικές ζυγαριές  θερμοκολλητικά>Σακούλες  είδη συσκευασίας
49210,Σετ χάρτινες σακούλες δώρου - 31*12*42cm ,Σετ χάρτινες σακούλες δώρου - 31*12*42cm - 111718,in stock,new,5.4 EUR,,https://www.tradesor.gr/wp-content/uploads/2023/05/111718.png,OEM,No Color,1.5,"Σακούλες δώρου χάρτινες, οικολογικές, μονόχρωμες. Σετ 10 τεμαχίων. Διαστάσεις: 31*12*42cm. *Επιλογή χρώματος κατόπιν διαθεσιμότητας.",ΕΡΓΑΛΕΙΑ  ΕΠΑΓΓΕΛΜΑΤΙΚΟΣ ΕΞΟΠΛΙΣΜΟΣ>Επαγγελματικές ζυγαριές  θερμοκολλητικά>Σακούλες  είδη συσκευασίας
49213,Σετ χάρτινες σακούλες δώρου - 26*12*32cm ,Σετ χάρτινες σακούλες δώρου - 26*12*32cm - 111701,in stock,new,4.5 EUR,,https://www.tradesor.gr/wp-content/uploads/2023/05/111701.png,OEM,No Color,1.0,"Σακούλες δώρου χάρτινες, οικολογικές, μονόχρωμες. Σετ 10 τεμαχίων. Διαστάσεις: 26*12*32cm. *Επιλογή χρώματος κατόπιν διαθεσιμότητας.",ΕΡΓΑΛΕΙΑ  ΕΠΑΓΓΕΛΜΑΤΙΚΟΣ ΕΞΟΠΛΙΣΜΟΣ>Επαγγελματικές ζυγαριές  θερμοκολλητικά>Σακούλες  είδη συσκευασίας
49216,Σετ χάρτινες σακούλες δώρου - 22*11*27cm ,Σετ χάρτινες σακούλες δώρου - 22*11*27cm - 111695,in stock,new,3.6 EUR,,https://www.tradesor.gr/wp-content/uploads/2023/05/111695.png,OEM,No Color,1.0,"Σακούλες δώρου χάρτινες, οικολογικές, μονόχρωμες. Σετ 10 τεμαχίων. Διαστάσεις: 22*11*27cm. *Επιλογή χρώματος κατόπιν διαθεσιμότητας.",ΕΡΓΑΛΕΙΑ  ΕΠΑΓΓΕΛΜΑΤΙΚΟΣ ΕΞΟΠΛΙΣΜΟΣ>Επαγγελματικές ζυγαριές  θερμοκολλητικά>Σακούλες  είδη συσκευασίας
49219,Σετ χάρτινες σακούλες δώρου - 16*8*22cm -,Σετ χάρτινες σακούλες δώρου - 16*8*22cm - 111688,in stock,new,2.7 EUR,,https://www.tradesor.gr/wp-content/uploads/2023/05/111668.png,OEM,No Color,1.0,"Σακούλες δώρου χάρτινες, χρωματιστές. Σετ 10 τεμαχίων. Διαστάσεις: 16*8*22cm. *Επιλογή χρώματος κατόπιν διαθεσιμότητας.",ΕΡΓΑΛΕΙΑ  ΕΠΑΓΓΕΛΜΑΤΙΚΟΣ ΕΞΟΠΛΙΣΜΟΣ>Επαγγελματικές ζυγαριές  θερμοκολλητικά>Σακούλες  είδη συσκευασίας
49222,Σετ χάρτινες σακούλες δώρου - 31*12*42cm ,Σετ χάρτινες σακούλες δώρου - 31*12*42cm - 111671,in stock,new,5.4 EUR,,https://www.tradesor.gr/wp-content/uploads/2023/05/111671.png,OEM,No Color,1.5,"Σακούλες δώρου χάρτινες, οικολογικές, σετ 10 τεμαχίων. Διαστάσεις: 31*12*42cm.",ΕΡΓΑΛΕΙΑ  ΕΠΑΓΓΕΛΜΑΤΙΚΟΣ ΕΞΟΠΛΙΣΜΟΣ>Επαγγελματικές ζυγαριές  θερμοκολλητικά>Σακούλες  είδη συσκευασίας
49225,Σετ χάρτινες σακούλες δώρου - 26*12*32cm ,Σετ χάρτινες σακούλες δώρου - 26*12*32cm - 111664,in stock,new,4.5 EUR,,https://www.tradesor.gr/wp-content/uploads/2023/05/111664.png,OEM,No Color,1.0,"Σακούλες δώρου χάρτινες, οικολογικές, σετ 10 τεμαχίων. Διαστάσεις: 26*12*32cm.",ΕΡΓΑΛΕΙΑ  ΕΠΑΓΓΕΛΜΑΤΙΚΟΣ ΕΞΟΠΛΙΣΜΟΣ>Επαγγελματικές ζυγαριές  θερμοκολλητικά>Σακούλες  είδη συσκευασίας
49228,Σετ χάρτινες σακούλες δώρου - 22*11*27cm ,Σετ χάρτινες σακούλες δώρου - 22*11*27cm - 111657,in stock,new,3.6 EUR,,https://www.tradesor.gr/wp-content/uploads/2023/05/111657.png,OEM,No Color,1.0,"Σακούλες δώρου χάρτινες, οικολογικές, σετ 10 τεμαχίων. Διαστάσεις: 22*11*27cm.",ΕΡΓΑΛΕΙΑ  ΕΠΑΓΓΕΛΜΑΤΙΚΟΣ ΕΞΟΠΛΙΣΜΟΣ>Επαγγελματικές ζυγαριές  θερμοκολλητικά>Σακούλες  είδη συσκευασίας
49231,Σετ χάρτινες σακούλες δώρου - 16*8*22cm -,Σετ χάρτινες σακούλες δώρου - 16*8*22cm - 111640,in stock,new,2.7 EUR,,https://www.tradesor.gr/wp-content/uploads/2023/05/111640.png,OEM,No Color,1.0,"Σακούλες δώρου χάρτινες, οικολογικές, σετ 10 τεμαχίων. Διαστάσεις: 16*8*22cm.",ΕΡΓΑΛΕΙΑ  ΕΠΑΓΓΕΛΜΑΤΙΚΟΣ ΕΞΟΠΛΙΣΜΟΣ>Επαγγελματικές ζυγαριές  θερμοκολλητικά>Σακούλες  είδη συσκευασίας
49234,Σετ χάρτινες σακούλες δώρου - 31*12*42cm ,Σετ χάρτινες σακούλες δώρου - 31*12*42cm - 111633,in stock,new,5.4 EUR,,https://www.tradesor.gr/wp-content/uploads/2023/05/111633.png,OEM,No Color,1.5,"Σακούλες δώρου χάρτινες, οικολογικές, σετ 10 τεμαχίων. Διαστάσεις: 31*12*42cm.",ΕΡΓΑΛΕΙΑ  ΕΠΑΓΓΕΛΜΑΤΙΚΟΣ ΕΞΟΠΛΙΣΜΟΣ>Επαγγελματικές ζυγαριές  θερμοκολλητικά>Σακούλες  είδη συσκευασίας
49237,Σετ χάρτινες σακούλες δώρου - 26*12*32cm ,Σετ χάρτινες σακούλες δώρου - 26*12*32cm - 111626,in stock,new,4.5 EUR,,https://www.tradesor.gr/wp-content/uploads/2023/05/111626.png,OEM,No Color,1.0,"Σακούλες δώρου χάρτινες, οικολογικές, σετ 10 τεμαχίων. Διαστάσεις: 26*12*32cm.",ΕΡΓΑΛΕΙΑ  ΕΠΑΓΓΕΛΜΑΤΙΚΟΣ ΕΞΟΠΛΙΣΜΟΣ>Επαγγελματικές ζυγαριές  θερμοκολλητικά>Σακούλες  είδη συσκευασίας
49240,Σετ χάρτινες σακούλες δώρου - 22*11*27cm ,Σετ χάρτινες σακούλες δώρου - 22*11*27cm - 111619,in stock,new,3.6 EUR,,https://www.tradesor.gr/wp-content/uploads/2023/05/111619.png,OEM,No Color,1.0,"Σακούλες δώρου χάρτινες, οικολογικές, σετ 10 τεμαχίων. Διαστάσεις: 22*11*27cm.",ΕΡΓΑΛΕΙΑ  ΕΠΑΓΓΕΛΜΑΤΙΚΟΣ ΕΞΟΠΛΙΣΜΟΣ>Επαγγελματικές ζυγαριές  θερμοκολλητικά>Σακούλες  είδη συσκευασίας
49243,Σετ χάρτινες σακούλες δώρου - 16*8*22cm -,Σετ χάρτινες σακούλες δώρου - 16*8*22cm - 111602,in stock,new,2.7 EUR,,https://www.tradesor.gr/wp-content/uploads/2023/05/111602.png,OEM,No Color,1.0,"Σακούλες δώρου χάρτινες, οικολογικές, σετ 10 τεμαχίων. Διαστάσεις: 16*8*22cm.",ΕΡΓΑΛΕΙΑ  ΕΠΑΓΓΕΛΜΑΤΙΚΟΣ ΕΞΟΠΛΙΣΜΟΣ>Επαγγελματικές ζυγαριές  θερμοκολλητικά>Σακούλες  είδη συσκευασίας
49246,Σετ σακούλες δώρου ποτού - JD009 - 802281,Σετ σακούλες δώρου ποτού - JD009 - 802281,in stock,new,6.3 EUR,,https://www.tradesor.gr/wp-content/uploads/2023/05/802281.png,OEM,No Color,1.0,"Σακούλες δώρου για κρασί/ποτό, με σχέδιο, ανθεκτικές. Σετ 10 τεμαχίων. *Επιλογή σχεδίου κατόπιν διαθεσιμότητας.",ΕΡΓΑΛΕΙΑ  ΕΠΑΓΓΕΛΜΑΤΙΚΟΣ ΕΞΟΠΛΙΣΜΟΣ>Επαγγελματικές ζυγαριές  θερμοκολλητικά>Σακούλες  είδη συσκευασίας
49249,JΣετ σακούλες δώρου ποτού - D006 - 802280,JΣετ σακούλες δώρου ποτού - D006 - 802280,in stock,new,6.3 EUR,,https://www.tradesor.gr/wp-content/uploads/2023/05/802280.png,OEM,No Color,1.0,"Σακούλες δώρου για κρασί/ποτό, με σχέδιο, ανθεκτικές. Σετ 10 τεμαχίων. *Επιλογή σχεδίου κατόπιν διαθεσιμότητας.",ΕΡΓΑΛΕΙΑ  ΕΠΑΓΓΕΛΜΑΤΙΚΟΣ ΕΞΟΠΛΙΣΜΟΣ>Επαγγελματικές ζυγαριές  θερμοκολλητικά>Σακούλες  είδη συσκευασίας
49252,Σετ σακούλες δώρου ποτού - JD010 - 802279,Σετ σακούλες δώρου ποτού - JD010 - 802279,in stock,new,6.3 EUR,,https://www.tradesor.gr/wp-content/uploads/2023/05/802279.png,OEM,No Color,1.0,"Σακούλες δώρου για κρασί/ποτό, με σχέδιο, ανθεκτικές. Σετ 10 τεμαχίων. *Επιλογή σχεδίου κατόπιν διαθεσιμότητας.",ΕΡΓΑΛΕΙΑ  ΕΠΑΓΓΕΛΜΑΤΙΚΟΣ ΕΞΟΠΛΙΣΜΟΣ>Επαγγελματικές ζυγαριές  θερμοκολλητικά>Σακούλες  είδη συσκευασίας
49255,Σετ σακούλες δώρου ποτού - JD007 - 802278,Σετ σακούλες δώρου ποτού - JD007 - 802278,in stock,new,6.3 EUR,,https://www.tradesor.gr/wp-content/uploads/2023/05/802278.png,OEM,No Color,1.0,"Σακούλες δώρου για κρασί/ποτό, με σχέδιο, ανθεκτικές. Σετ 10 τεμαχίων. *Επιλογή σχεδίου κατόπιν διαθεσιμότητας.",ΕΡΓΑΛΕΙΑ  ΕΠΑΓΓΕΛΜΑΤΙΚΟΣ ΕΞΟΠΛΙΣΜΟΣ>Επαγγελματικές ζυγαριές  θερμοκολλητικά>Σακούλες  είδη συσκευασίας
49258,Σετ σακούλες δώρου ποτού - JD022 - 802277,Σετ σακούλες δώρου ποτού - JD022 - 802277,in stock,new,8.1 EUR,,https://www.tradesor.gr/wp-content/uploads/2023/05/802277.png,OEM,No Color,1.0,"Σακούλες δώρου για κρασί/ποτό, με σχέδιο, ανθεκτικές. Σετ 10 τεμαχίων. *Επιλογή σχεδίου κατόπιν διαθεσιμότητας.",ΕΡΓΑΛΕΙΑ  ΕΠΑΓΓΕΛΜΑΤΙΚΟΣ ΕΞΟΠΛΙΣΜΟΣ>Επαγγελματικές ζυγαριές  θερμοκολλητικά>Σακούλες  είδη συσκευασίας
49261,Σετ σακούλες δώρου - DF-281M - 828130,Σετ σακούλες δώρου - DF-281M - 828130,in stock,new,9 EUR,,https://www.tradesor.gr/wp-content/uploads/2023/05/828132.png,OEM,No Color,1.0,"Σακούλες δώρου χρωματιστές, με φιόγκο και χειρολαβή κορδέλα. Σετ 10 τεμαχίων-μεγάλο μέγεθος. *Επιλογή χρώματος κατόπιν διαθεσιμότητας.",ΕΡΓΑΛΕΙΑ  ΕΠΑΓΓΕΛΜΑΤΙΚΟΣ ΕΞΟΠΛΙΣΜΟΣ>Επαγγελματικές ζυγαριές  θερμοκολλητικά>Σακούλες  είδη συσκευασίας
49264,Σετ σακούλες δώρου - DF-281S - 828132,Σετ σακούλες δώρου - DF-281S - 828132,in stock,new,6.3 EUR,,https://www.tradesor.gr/wp-content/uploads/2023/05/828130.png,OEM,No Color,1.0,"Σακούλες δώρου χρωματιστές, με φιόγκο και χειρολαβή κορδέλα. Σετ 10 τεμαχίων-μεσαίο μέγεθος. *Επιλογή χρώματος κατόπιν διαθεσιμότητας.",ΕΡΓΑΛΕΙΑ  ΕΠΑΓΓΕΛΜΑΤΙΚΟΣ ΕΞΟΠΛΙΣΜΟΣ>Επαγγελματικές ζυγαριές  θερμοκολλητικά>Σακούλες  είδη συσκευασίας
49267,Σετ σακούλες δώρου - DF-281XS - 828116,Σετ σακούλες δώρου - DF-281XS - 828116,in stock,new,4.5 EUR,,https://www.tradesor.gr/wp-content/uploads/2023/05/828116.png,OEM,No Color,1.0,"Σακούλες δώρου χρωματιστές, με φιόγκο και χειρολαβή κορδέλα. Σετ 10 τεμαχίων-μικρό μέγεθος. *Επιλογή χρώματος κατόπιν διαθεσιμότητας.",ΕΡΓΑΛΕΙΑ  ΕΠΑΓΓΕΛΜΑΤΙΚΟΣ ΕΞΟΠΛΙΣΜΟΣ>Επαγγελματικές ζυγαριές  θερμοκολλητικά>Σακούλες  είδη συσκευασίας
49270,Σετ σακούλες δώρου - DF-657M - 865739,Σετ σακούλες δώρου - DF-657M - 865739,in stock,new,9 EUR,,https://www.tradesor.gr/wp-content/uploads/2023/05/865739.png,OEM,No Color,1.0,"Σακούλες δώρου χρωματιστές, με χρυσά σχέδια. Σετ 10 τεμαχίων-μεγάλο μέγεθος. *Επιλογή χρώματος κατόπιν διαθεσιμότητας.",ΕΡΓΑΛΕΙΑ  ΕΠΑΓΓΕΛΜΑΤΙΚΟΣ ΕΞΟΠΛΙΣΜΟΣ>Επαγγελματικές ζυγαριές  θερμοκολλητικά>Σακούλες  είδη συσκευασίας
49273,Σετ σακούλες δώρου - DF-657S - 865722,Σετ σακούλες δώρου - DF-657S - 865722,in stock,new,7.2 EUR,,https://www.tradesor.gr/wp-content/uploads/2023/05/865722.png,OEM,No Color,1.0,"Σακούλες δώρου χρωματιστές, με χρυσά σχέδια. Σετ 10 τεμαχίων-μεσαίο μέγεθος. *Επιλογή χρώματος κατόπιν διαθεσιμότητας.",ΕΡΓΑΛΕΙΑ  ΕΠΑΓΓΕΛΜΑΤΙΚΟΣ ΕΞΟΠΛΙΣΜΟΣ>Επαγγελματικές ζυγαριές  θερμοκολλητικά>Σακούλες  είδη συσκευασίας
49276,Σετ σακούλες δώρου - DF-657XS - 865715,Σετ σακούλες δώρου - DF-657XS - 865715,in stock,new,5.4 EUR,,https://www.tradesor.gr/wp-content/uploads/2023/05/865715.png,OEM,No Color,1.0,"Σακούλες δώρου χρωματιστές, με χρυσά σχέδια. Σετ 10 τεμαχίων-μικρό μέγεθος. *Επιλογή χρώματος κατόπιν διαθεσιμότητας.",ΕΡΓΑΛΕΙΑ  ΕΠΑΓΓΕΛΜΑΤΙΚΟΣ ΕΞΟΠΛΙΣΜΟΣ>Επαγγελματικές ζυγαριές  θερμοκολλητικά>Σακούλες  είδη συσκευασίας
49279,Σετ σακούλες δώρου - DF-655M - 865531,Σετ σακούλες δώρου - DF-655M - 865531,in stock,new,9 EUR,,https://www.tradesor.gr/wp-content/uploads/2023/05/865531.png,OEM,No Color,1.5,"Σακούλες δώρου χρωματιστές, με χρυσά σχέδια. Σετ 10 τεμαχίων-μεγάλο μέγεθος. *Επιλογή χρώματος κατόπιν διαθεσιμότητας.",ΕΡΓΑΛΕΙΑ  ΕΠΑΓΓΕΛΜΑΤΙΚΟΣ ΕΞΟΠΛΙΣΜΟΣ>Επαγγελματικές ζυγαριές  θερμοκολλητικά>Σακούλες  είδη συσκευασίας
49282,Σετ σακούλες δώρου - DF-655S - 865524,Σετ σακούλες δώρου - DF-655S - 865524,in stock,new,7.2 EUR,,https://www.tradesor.gr/wp-content/uploads/2023/05/865524.png,OEM,No Color,1.0,"Σακούλες δώρου χρωματιστές, με χρυσά σχέδια. Σετ 10 τεμαχίων-μεσαίο μέγεθος. *Επιλογή χρώματος κατόπιν διαθεσιμότητας.",ΕΡΓΑΛΕΙΑ  ΕΠΑΓΓΕΛΜΑΤΙΚΟΣ ΕΞΟΠΛΙΣΜΟΣ>Επαγγελματικές ζυγαριές  θερμοκολλητικά>Σακούλες  είδη συσκευασίας
49285,Σετ σακούλες δώρου - DF-655XS - 865517,Σετ σακούλες δώρου - DF-655XS - 865517,in stock,new,5.4 EUR,,https://www.tradesor.gr/wp-content/uploads/2023/05/865517.png,OEM,No Color,1.0,"Σακούλες δώρου χρωματιστές, με χρυσά σχέδια. Σετ 10 τεμαχίων-μικρό μέγεθος. *Επιλογή χρώματος κατόπιν διαθεσιμότητας.",ΕΡΓΑΛΕΙΑ  ΕΠΑΓΓΕΛΜΑΤΙΚΟΣ ΕΞΟΠΛΙΣΜΟΣ>Επαγγελματικές ζυγαριές  θερμοκολλητικά>Σακούλες  είδη συσκευασίας
49288,Σετ σακούλες δώρου - DF-638M - 863834,Σετ σακούλες δώρου - DF-638M - 863834,in stock,new,9 EUR,,https://www.tradesor.gr/wp-content/uploads/2023/05/863834.png,OEM,No Color,1.5,"Σακούλες δώρου χρωματιστές, με σχέδιο και χειρολαβή-κορδέλα. Σετ 10 τεμαχίων-μεγάλο μέγεθος. *Επιλογή χρώματος κατόπιν διαθεσιμότητας.",ΕΡΓΑΛΕΙΑ  ΕΠΑΓΓΕΛΜΑΤΙΚΟΣ ΕΞΟΠΛΙΣΜΟΣ>Επαγγελματικές ζυγαριές  θερμοκολλητικά>Σακούλες  είδη συσκευασίας
49291,Σετ σακούλες δώρου - DF-638S - 863827,Σετ σακούλες δώρου - DF-638S - 863827,in stock,new,6.3 EUR,,https://www.tradesor.gr/wp-content/uploads/2023/05/863827.png,OEM,No Color,1.0,"Σακούλες δώρου χρωματιστές, με σχέδιο και χειρολαβή-κορδέλα. Σετ 10 τεμαχίων-μεσαίο μέγεθος. *Επιλογή χρώματος κατόπιν διαθεσιμότητας.",ΕΡΓΑΛΕΙΑ  ΕΠΑΓΓΕΛΜΑΤΙΚΟΣ ΕΞΟΠΛΙΣΜΟΣ>Επαγγελματικές ζυγαριές  θερμοκολλητικά>Σακούλες  είδη συσκευασίας
49294,Σετ σακούλες δώρου - DF-638XS - 863810,Σετ σακούλες δώρου - DF-638XS - 863810,in stock,new,4.5 EUR,,https://www.tradesor.gr/wp-content/uploads/2023/05/863810.png,OEM,No Color,1.0,"Σακούλες δώρου χρωματιστές, με σχέδιο και χειρολαβή-κορδέλα. Σετ 10 τεμαχίων-μικρό μέγεθος. *Επιλογή χρώματος κατόπιν διαθεσιμότητας.",ΕΡΓΑΛΕΙΑ  ΕΠΑΓΓΕΛΜΑΤΙΚΟΣ ΕΞΟΠΛΙΣΜΟΣ>Επαγγελματικές ζυγαριές  θερμοκολλητικά>Σακούλες  είδη συσκευασίας
49297,Σετ σακούλες δώρου - DF-603M - 860338,Σετ σακούλες δώρου - DF-603M - 860338,in stock,new,9 EUR,,https://www.tradesor.gr/wp-content/uploads/2023/05/860338.png,OEM,No Color,1.5,"Σακούλες δώρου χρωματιστές, με σχέδια. Σετ 10 τεμαχίων-μεγάλο μέγεθος. *Επιλογή χρώματος κατόπιν διαθεσιμότητας.",ΕΡΓΑΛΕΙΑ  ΕΠΑΓΓΕΛΜΑΤΙΚΟΣ ΕΞΟΠΛΙΣΜΟΣ>Επαγγελματικές ζυγαριές  θερμοκολλητικά>Σακούλες  είδη συσκευασίας
49300,Σετ σακούλες δώρου - DF-603S - 860321,Σετ σακούλες δώρου - DF-603S - 860321,in stock,new,7.2 EUR,,https://www.tradesor.gr/wp-content/uploads/2023/05/860321.png,OEM,No Color,1.0,"Σακούλες δώρου χρωματιστές, με σχέδια. Σετ 10 τεμαχίων-μεσαίο μέγεθος. *Επιλογή χρώματος κατόπιν διαθεσιμότητας.",ΕΡΓΑΛΕΙΑ  ΕΠΑΓΓΕΛΜΑΤΙΚΟΣ ΕΞΟΠΛΙΣΜΟΣ>Επαγγελματικές ζυγαριές  θερμοκολλητικά>Σακούλες  είδη συσκευασίας
49303,Σετ σακούλες δώρου - DF-603XS - 860314,Σετ σακούλες δώρου - DF-603XS - 860314,in stock,new,5.4 EUR,,https://www.tradesor.gr/wp-content/uploads/2023/05/860314.png,OEM,No Color,1.0,"Σακούλες δώρου χρωματιστές, με σχέδια. Σετ 10 τεμαχίων-μικρό μέγεθος. *Επιλογή χρώματος κατόπιν διαθεσιμότητας.",ΕΡΓΑΛΕΙΑ  ΕΠΑΓΓΕΛΜΑΤΙΚΟΣ ΕΞΟΠΛΙΣΜΟΣ>Επαγγελματικές ζυγαριές  θερμοκολλητικά>Σακούλες  είδη συσκευασίας
