id,title,description,availability,condition,price,link,image_link,brand,color,shipping_weight,rich_text_description,fb_product_category
35140,Πλαστική βάση εγκατάστασης οθόνης 2,Πλαστική βάση εγκατάστασης οθόνης 2DIN - 7inch - 001474 - 001474,in stock,new,16.2 EUR,,https://www.tradesor.gr/wp-content/uploads/2023/04/πλαστική-βάση-οθόνης-2din-7inch.jpg,OEM,No Color,2,<p>Πλαστική βάση οθόνης 2DIN - 7inch για άνετη εγκατάσταση ηχοσυστημάτων και αίσθηση σταθερότητας. </p>,AUTO-MOTO-BIKE>Είδη αυτοκινήτου>Ηχοσυστήματα 2DIN
35193,Ηχοσύστημα αυτοκινήτου 2DIN - Skoda Octavia ,Ηχοσύστημα αυτοκινήτου 2DIN - Skoda Octavia - 8305 - Android - 000965,in stock,new,378 EUR,,https://www.tradesor.gr/wp-content/uploads/2023/04/15570659922242162.jpg,OEM,No Color,8.0,"<strong>Συμβατή με:</strong>
Skoda Octavia II A5 2009-2013
Superb Fabia Yeti 2008-2014
VW Passat

<strong>Διαθέτει:</strong>
UltraHD οθόνη αφής
Λογισμικό Android
Επεξεργαστή PX5
Σύστημα έξυπνης διαχείρισης RAM
RAM 2GB
ROM 16GB
Δέκτη Wifi/3G/4G
Bluetooth
Ενσωματωμένο GPS & κεραία
Δέχεται κάρτα SD
Ραδιόφωνο με RDS

<strong>Υποστηρίζει:</strong>
Σύνδεση με τα χειριστήρια του τιμονιού χωρίς αντάπτορες
Σύνδεση με κάμερα οπισθοπορείας (δεν περιλαμβάνεται)
Σύνδεση με δέκτη τηλεόρασης (δεν περιλαμβάνεται)
Σύνδεση με κάμερα καταγραφής DVR (δεν περιλαμβάνεται)
Σύνδεση με OBDII + DAB",AUTO-MOTO-BIKE>Είδη αυτοκινήτου>Ηχοσυστήματα 2DIN
35194,Ηχοσύστημα αυτοκινήτου 2DIN – Ford – DVD,Ηχοσύστημα αυτοκινήτου 2DIN – Ford – DVD/GPS - 001344 - 001344,in stock,new,324 EUR,,https://www.tradesor.gr/wp-content/uploads/2023/04/fordfiest.jpg,OEM,No Color,8.0,"*DDR3 2G RAM +16GB ROM/Quad Core T3
<strong>*1024*600 Resolution</strong>
<strong>*Support 2K Video</strong>
<strong>*Split Screen Mode</strong>
*Screen Mirroring Function
<strong>*Full RCA Output</strong>
<strong>*Dual Zone Function</strong>
*Built-in Radio Tuner
*USB/SD
*Supports OBD2 Function
*Supports DAB+ Tuner
*Support Bluetooth 5.0
*Multi-touch screen
<strong>*Σύνδεση με τα χειριστήρια του τιμονιού</strong>
*Ενσωματωμένο DVD

<strong>Συμβατή με:</strong>
Ford/Fiesta 2005
Ford/Galaxy 2000-2009
Ford/fusión 2006-2011
Ford/C-MAX 2006-2010
Ford/S-MAX 2005-2009
Ford/Kuga 2008-2011
Ford/Mondeo 2003-2007
Ford/Conectar 2007-2009",AUTO-MOTO-BIKE>Είδη αυτοκινήτου>Ηχοσυστήματα 2DIN
35266,Ηχοσύστημα αυτοκινήτου 2DIN – BMW E90 – ,Ηχοσύστημα αυτοκινήτου 2DIN – BMW E90 – Android - 111904,in stock,new,360 EUR,,https://www.tradesor.gr/wp-content/uploads/2023/04/3-Αντιγραφή.jpg,OEM,No Color,8.0,"<p><strong>Διαθέτει:</strong> Λογισμικό Android Επεξεργαστή CPU: R16 Cortex A7 Quad Core RAM : DDR3 1GB ROM : EMM 16GB GPS, Bluetooth, Wifi, 3G, CD/DVD Σταθερή και εύκολη εγκατάσταση Plug and play Απευθείας σύνδεση με χειριστήρια, χωρίς αντάπτορες Σύστημα έξυπνης διαχείρισης μνήμης RAM Υποδοχές USB & SD & χειριστήριο Υποστηρίζει OBDII, σύνδεση με κάμερα οπισθοπορείας και δέκτη τηλεόρασης (δεν περιλαμβάνονται στο δέμα) <strong>Συμβατή με (μοντέλα 2005 και μετά):</strong> 3 Series E90 3 Series E91 3 Series E92 3 Series E93</p>",AUTO-MOTO-BIKE>Είδη αυτοκινήτου>Ηχοσυστήματα 2DIN
35285,Ηχοσύστημα αυτοκινήτου 2DIN – Honda CRV �,Ηχοσύστημα αυτοκινήτου 2DIN – Honda CRV – Android - 774596,in stock,new,270 EUR,,https://www.tradesor.gr/wp-content/uploads/2023/04/hondacrv.jpg,OEM,No Color,8.0,"Διαθέτει:
Λογισμικό Android
Επεξεργαστή CPU: R16 Cortex A7 Quad Core
RAM : DDR3 1GB
ROM : EMM 16GB
GPS, Bluetooth, Wifi, 3G, CD/DVD
Σταθερή και εύκολη εγκατάσταση
Plug and play
Απευθείας σύνδεση με χειριστήρια, χωρίς αντάπτορες
Σύστημα έξυπνης διαχείρισης μνήμης RAM
Υποδοχές USB & SD & χειριστήριο
Υποστηρίζει OBDII, σύνδεση με κάμερα οπισθοπορείας και δέκτη τηλεόρασης (δεν περιλαμβάνονται στο δέμα)

<strong>Συμβατή με:</strong>
CRV (2006-2011)",AUTO-MOTO-BIKE>Είδη αυτοκινήτου>Ηχοσυστήματα 2DIN
35355,Ηχοσύστημα αυτοκινήτου 2DIN – Seat Ibiza �,Ηχοσύστημα αυτοκινήτου 2DIN – Seat Ibiza – Android - KD-7004,in stock,new,378 EUR,,https://www.tradesor.gr/wp-content/uploads/2023/04/ηχοσύστημα-αυτοκινήτου-2din-seat-ibiza-android.jpg,OEM,No Color,8.0,<p>Διαθέτει:<br />UltraHD οθόνη αφής<br />Λογισμικό Android 8.1.2<br />Οκταπύρηνο επεξεργαστή PX5<br />Σύστημα έξυπνης διαχείρισης RAM<br />RAM 2GB<br />ROM 16GB<br />Δέκτη Wifi/3G/4G<br />Bluetooth<br />Ενσωματωμένο GPS & κεραία<br />Δέχεται κάρτα SD<br />Ραδιόφωνο με RDS</p><p>Υποστηρίζει:<br />Σύνδεση με τα χειριστήρια του τιμονιού χωρίς αντάπτορες<br />Σύνδεση με κάμερα οπισθοπορείας (δεν περιλαμβάνεται)<br />Σύνδεση με δέκτη τηλεόρασης (δεν περιλαμβάνεται)<br />Σύνδεση με κάμερα καταγραφής DVR (δεν περιλαμβάνεται)<br />Σύνδεση με OBDII + DAB</p><p>Seat Ιbiza (2013)</p>,AUTO-MOTO-BIKE>Είδη αυτοκινήτου>Ηχοσυστήματα 2DIN
35356,Ηχοσύστημα αυτοκινήτου 2DIN – BMW E39 – ,Ηχοσύστημα αυτοκινήτου 2DIN – BMW E39 – Android - JA-7235,in stock,new,360 EUR,,https://www.tradesor.gr/wp-content/uploads/2023/04/ηχοσύστημα-αυτοκινήτου-2din-bmw-e39-android.jpg,OEM,No Color,8.0,"<p>Διαθέτει:<br />Λογισμικό Android <br />Επεξεργαστή CPU: R16 Cortex A7 Quad Core<br />RAM : DDR3 1GB<br />ROM : EMM 16GB <br />GPS, Bluetooth, Wifi, 3G, CD/DVD<br />Σταθερή και εύκολη εγκατάσταση<br />Plug and play<br />Απευθείας σύνδεση με χειριστήρια, χωρίς αντάπτορες<br />Σύστημα έξυπνης διαχείρισης μνήμης RAM<br />Υποδοχές USB & SD & χειριστήριο<br />Υποστηρίζει OBDII, σύνδεση με κάμερα οπισθοπορείας και δέκτη τηλεόρασης (δεν περιλαμβάνονται στο δέμα)</p><p>Συμβατή με:<br />BMW 5 E39 Series 1996-2001 <br />BMW 5 E39 Series 2002-2003 <br />BMW X5 E53 Series 2000-2001 <br />BMW X5 E53 Series 2002-2007</p><p>Συνολικές διαστάσεις: 28.7 x 12.5cm</p>",AUTO-MOTO-BIKE>Είδη αυτοκινήτου>Ηχοσυστήματα 2DIN
35357,Ηχοσύστημα αυτοκινήτου 2DIN – BMW E90 – ,Ηχοσύστημα αυτοκινήτου 2DIN – BMW E90 – Android - FT - JA-9223,in stock,new,342 EUR,,https://www.tradesor.gr/wp-content/uploads/2023/04/ηχοσύστημα-αυτοκινήτου-2din-bmw-e90-android-ft.jpg,OEM,No Color,8.0,"<p>Διαθέτει:<br />Λογισμικό Android 8.1<br />Επεξεργαστή CPU: R16 Cortex A7 Quad Core<br />RAM : DDR3 2GB<br />ROM : EMM 16GB <br />GPS, Bluetooth, Wifi, 3G<br />Σταθερή και εύκολη εγκατάσταση<br />Plug and play<br />Απευθείας σύνδεση με χειριστήρια, χωρίς αντάπτορες<br />Σύστημα έξυπνης διαχείρισης μνήμης RAM<br />Υποδοχές USB & SD <br />Υποστηρίζει OBDII, σύνδεση με κάμερα οπισθοπορείας και δέκτη τηλεόρασης (δεν περιλαμβάνονται στο δέμα)<br /><br /></p><p>Συμβατή με:<br />E90 (2005-2012)<br />E91 (2005-2012)<br />E92 (2005-2012)<br />E93 (2005-2012)</p>",AUTO-MOTO-BIKE>Είδη αυτοκινήτου>Ηχοσυστήματα 2DIN
35358,Ηχοσύστημα αυτοκινήτου 2DIN - Mercedes - C-C,Ηχοσύστημα αυτοκινήτου 2DIN - Mercedes - C-Class - Android - 1GB/16GB - JA-1059,in stock,new,513 EUR,,https://www.tradesor.gr/wp-content/uploads/2023/04/ηχοσύστημα-αυτοκινήτου-2din-mercedes-c-class-android-11-14.jpg,OEM,No Color,8.0,"<p>Διαθέτει:<br />UltraHD οθόνη αφής<br />Λογισμικό Android 8.1.2<br />Οκταπύρηνο επεξεργαστή PX5<br />Σύστημα έξυπνης διαχείρισης RAM<br />RAM 1GB<br />ROM 16GB<br />Δέκτη Wifi/3G/4G<br />Bluetooth<br />Ενσωματωμένο GPS & κεραία<br />Δέχεται κάρτα SD<br />Ραδιόφωνο με RDS</p><p>Υποστηρίζει:<br />Σύνδεση με τα χειριστήρια του τιμονιού χωρίς αντάπτορες<br />Σύνδεση με κάμερα οπισθοπορείας (δεν περιλαμβάνεται)<br />Σύνδεση με δέκτη τηλεόρασης (δεν περιλαμβάνεται)<br />Σύνδεση με κάμερα καταγραφής DVR (δεν περιλαμβάνεται)<br />Σύνδεση με OBDII + DAB</p><p>Συμβατή με:<br />Mercedes C (2015 και μετά)<br />GLC, GLA, CLA, A-Class (2016 και μετά)</p>",AUTO-MOTO-BIKE>Είδη αυτοκινήτου>Ηχοσυστήματα 2DIN
35359,Ηχοσύστημα αυτοκινήτου 2DIN - Mercedes - GLK,Ηχοσύστημα αυτοκινήτου 2DIN - Mercedes - GLK - Android - 08'-12' - JA-1038,in stock,new,532.8 EUR,,https://www.tradesor.gr/wp-content/uploads/2023/04/ηχοσύστημα-αυτοκινήτου-2din-mercedes-c-class-android-11-14.jpg,OEM,No Color,8.0,<p>Διαθέτει:<br />UltraHD οθόνη αφής<br />Λογισμικό Android 8.1.2<br />Οκταπύρηνο επεξεργαστή PX5<br />Σύστημα έξυπνης διαχείρισης RAM<br />RAM 1GB<br />ROM 16GB<br />Δέκτη Wifi/3G/4G<br />Bluetooth<br />Ενσωματωμένο GPS & κεραία<br />Δέχεται κάρτα SD<br />Ραδιόφωνο με RDS</p><p>Υποστηρίζει:<br />Σύνδεση με τα χειριστήρια του τιμονιού χωρίς αντάπτορες<br />Σύνδεση με κάμερα οπισθοπορείας (δεν περιλαμβάνεται)<br />Σύνδεση με δέκτη τηλεόρασης (δεν περιλαμβάνεται)<br />Σύνδεση με κάμερα καταγραφής DVR (δεν περιλαμβάνεται)<br />Σύνδεση με OBDII + DAB</p><p>Συμβατή με:<br />Mercedes GLK (2008-2012)</p>,AUTO-MOTO-BIKE>Είδη αυτοκινήτου>Ηχοσυστήματα 2DIN
35360,Ηχοσύστημα αυτοκινήτου 2DIN - Mercedes - GLK,Ηχοσύστημα αυτοκινήτου 2DIN - Mercedes - GLK - Android - 13'-15' - JA-1033,in stock,new,532.8 EUR,,https://www.tradesor.gr/wp-content/uploads/2023/04/ηχοσύστημα-αυτοκινήτου-2din-mercedes-c-class-android-11-14.jpg,OEM,No Color,8.0,<p>Διαθέτει:<br />UltraHD οθόνη αφής<br />Λογισμικό Android 8.1.2<br />Οκταπύρηνο επεξεργαστή PX5<br />Σύστημα έξυπνης διαχείρισης RAM<br />RAM 1GB<br />ROM 16GB<br />Δέκτη Wifi/3G/4G<br />Bluetooth<br />Ενσωματωμένο GPS & κεραία<br />Δέχεται κάρτα SD<br />Ραδιόφωνο με RDS</p><p>Υποστηρίζει:<br />Σύνδεση με τα χειριστήρια του τιμονιού χωρίς αντάπτορες<br />Σύνδεση με κάμερα οπισθοπορείας (δεν περιλαμβάνεται)<br />Σύνδεση με δέκτη τηλεόρασης (δεν περιλαμβάνεται)<br />Σύνδεση με κάμερα καταγραφής DVR (δεν περιλαμβάνεται)<br />Σύνδεση με OBDII + DAB</p><p>Συμβατή με:<br />Mercedes GLK (2013-2015)</p>,AUTO-MOTO-BIKE>Είδη αυτοκινήτου>Ηχοσυστήματα 2DIN
35361,Ηχοσύστημα αυτοκινήτου 2DIN - Mercedes - E-C,Ηχοσύστημα αυτοκινήτου 2DIN - Mercedes - E-Class - Android - 10'-12' - JA-1039,in stock,new,532.8 EUR,,https://www.tradesor.gr/wp-content/uploads/2023/04/ηχοσύστημα-αυτοκινήτου-2din-mercedes-c-class-android-11-14.jpg,OEM,No Color,8.0,<p>Διαθέτει:<br />UltraHD οθόνη αφής<br />Λογισμικό Android 8.1.2<br />Οκταπύρηνο επεξεργαστή PX5<br />Σύστημα έξυπνης διαχείρισης RAM<br />RAM 1GB<br />ROM 16GB<br />Δέκτη Wifi/3G/4G<br />Bluetooth<br />Ενσωματωμένο GPS & κεραία<br />Δέχεται κάρτα SD<br />Ραδιόφωνο με RDS</p><p>Υποστηρίζει:<br />Σύνδεση με τα χειριστήρια του τιμονιού χωρίς αντάπτορες<br />Σύνδεση με κάμερα οπισθοπορείας (δεν περιλαμβάνεται)<br />Σύνδεση με δέκτη τηλεόρασης (δεν περιλαμβάνεται)<br />Σύνδεση με κάμερα καταγραφής DVR (δεν περιλαμβάνεται)<br />Σύνδεση με OBDII + DAB</p><p>Συμβατή με:<br />Mercedes E-Class (2010-2012)</p>,AUTO-MOTO-BIKE>Είδη αυτοκινήτου>Ηχοσυστήματα 2DIN
35362,Ηχοσύστημα αυτοκινήτου 2DIN - Mercedes - E-C,Ηχοσύστημα αυτοκινήτου 2DIN - Mercedes - E-Class - Android - 13'-15' - JA-1035,in stock,new,532.8 EUR,,https://www.tradesor.gr/wp-content/uploads/2023/04/ηχοσύστημα-αυτοκινήτου-2din-mercedes-c-class-android-11-14.jpg,OEM,No Color,8.0,<p>Διαθέτει:<br />UltraHD οθόνη αφής<br />Λογισμικό Android 8.1.2<br />Οκταπύρηνο επεξεργαστή PX5<br />Σύστημα έξυπνης διαχείρισης RAM<br />RAM 1GB<br />ROM 16GB<br />Δέκτη Wifi/3G/4G<br />Bluetooth<br />Ενσωματωμένο GPS & κεραία<br />Δέχεται κάρτα SD<br />Ραδιόφωνο με RDS</p><p>Υποστηρίζει:<br />Σύνδεση με τα χειριστήρια του τιμονιού χωρίς αντάπτορες<br />Σύνδεση με κάμερα οπισθοπορείας (δεν περιλαμβάνεται)<br />Σύνδεση με δέκτη τηλεόρασης (δεν περιλαμβάνεται)<br />Σύνδεση με κάμερα καταγραφής DVR (δεν περιλαμβάνεται)<br />Σύνδεση με OBDII + DAB</p><p>Συμβατή με:<br />Mercedes E-Class (2013-2015)</p>,AUTO-MOTO-BIKE>Είδη αυτοκινήτου>Ηχοσυστήματα 2DIN
35363,Ηχοσύστημα αυτοκινήτου 2DIN - Mercedes - C-C,Ηχοσύστημα αυτοκινήτου 2DIN - Mercedes - C-Class - Android - 08'-10' - JA-1037,in stock,new,532.8 EUR,,https://www.tradesor.gr/wp-content/uploads/2023/04/ηχοσύστημα-αυτοκινήτου-2din-mercedes-c-class-android-11-14.jpg,OEM,No Color,8.0,<p>Διαθέτει:<br />UltraHD οθόνη αφής<br />Λογισμικό Android 8.1.2<br />Οκταπύρηνο επεξεργαστή PX5<br />Σύστημα έξυπνης διαχείρισης RAM<br />RAM 1GB<br />ROM 16GB<br />Δέκτη Wifi/3G/4G<br />Bluetooth<br />Ενσωματωμένο GPS & κεραία<br />Δέχεται κάρτα SD<br />Ραδιόφωνο με RDS</p><p>Υποστηρίζει:<br />Σύνδεση με τα χειριστήρια του τιμονιού χωρίς αντάπτορες<br />Σύνδεση με κάμερα οπισθοπορείας (δεν περιλαμβάνεται)<br />Σύνδεση με δέκτη τηλεόρασης (δεν περιλαμβάνεται)<br />Σύνδεση με κάμερα καταγραφής DVR (δεν περιλαμβάνεται)<br />Σύνδεση με OBDII + DAB</p><p>Συμβατή με:<br />Mercedes C-Class (2008-2010)</p>,AUTO-MOTO-BIKE>Είδη αυτοκινήτου>Ηχοσυστήματα 2DIN
35364,Ηχοσύστημα αυτοκινήτου 2DIN - Mercedes - C-C,Ηχοσύστημα αυτοκινήτου 2DIN - Mercedes - C-Class - Android - 11'-14' - JA-1036,in stock,new,532.8 EUR,,https://www.tradesor.gr/wp-content/uploads/2023/04/ηχοσύστημα-αυτοκινήτου-2din-mercedes-c-class-android-11-14.jpg,OEM,No Color,8.0,<p>Διαθέτει:<br />UltraHD οθόνη αφής<br />Λογισμικό Android 8.1.2<br />Οκταπύρηνο επεξεργαστή PX5<br />Σύστημα έξυπνης διαχείρισης RAM<br />RAM 1GB<br />ROM 16GB<br />Δέκτη Wifi/3G/4G<br />Bluetooth<br />Ενσωματωμένο GPS & κεραία<br />Δέχεται κάρτα SD<br />Ραδιόφωνο με RDS</p><p>Υποστηρίζει:<br />Σύνδεση με τα χειριστήρια του τιμονιού χωρίς αντάπτορες<br />Σύνδεση με κάμερα οπισθοπορείας (δεν περιλαμβάνεται)<br />Σύνδεση με δέκτη τηλεόρασης (δεν περιλαμβάνεται)<br />Σύνδεση με κάμερα καταγραφής DVR (δεν περιλαμβάνεται)<br />Σύνδεση με OBDII + DAB</p><p>Συμβατή με:<br />Mercedes C-Class (2011-2014)</p>,AUTO-MOTO-BIKE>Είδη αυτοκινήτου>Ηχοσυστήματα 2DIN
35365,Ηχοσύστημα αυτοκινήτου 2DIN - Smart - Androi,Ηχοσύστημα αυτοκινήτου 2DIN - Smart - Android - 12'-15' - JA-7262,in stock,new,351 EUR,,https://www.tradesor.gr/wp-content/uploads/2023/04/ηχοσύστημα-αυτοκινήτου-2din-smart-android-12-15.jpg,OEM,No Color,8.0,"<p>Διαθέτει:<br />- Λειτουργικό σύστημα Android<br />- Οθόνη 7' touch screen<br />- Ελληνικό μενού<br />- GPS με χάρτες Ελλάδας & Ευρώπης<br />- DVD-CD-USB-SD/MMC CARD<br />- Bluetooth για κλήσεις από το κινητό σας<br />- Αναπαράγει όλες τις μορφές ήχου, βίντεο και εικόνας<br />- Ραδιόφωνο<br />- Ενσωματωμένο μικρόφωνο για ομιλία.<br />- Ισχύς 4X50W</p><p>Για Smart 451 (2012-2015)</p>",AUTO-MOTO-BIKE>Είδη αυτοκινήτου>Ηχοσυστήματα 2DIN
35366,Ηχοσύστημα αυτοκινήτου 2DIN - Mercedes - R-C,Ηχοσύστημα αυτοκινήτου 2DIN - Mercedes - R-Class - Android - 06'-12' - FT - JA-9219,in stock,new,342 EUR,,https://www.tradesor.gr/wp-content/uploads/2023/04/ηχοσύστημα-αυτοκινήτου-2din-mercedes-r-class-android-06-12-ft.jpg,OEM,No Color,8.0,"<p>Διαθέτει:<br />Λογισμικό Android 8.1<br />Επεξεργαστή CPU: R16 Cortex A7 Quad Core<br />RAM : DDR3 2GB<br />ROM : EMM 16GB <br />GPS, Bluetooth, Wifi, 3G, CD/DVD<br />Σταθερή και εύκολη εγκατάσταση<br />Plug and play<br />Απευθείας σύνδεση με χειριστήρια, χωρίς αντάπτορες<br />Σύστημα έξυπνης διαχείρισης μνήμης RAM<br />Υποδοχές USB & SD & χειριστήριο<br />Υποστηρίζει OBDII, σύνδεση με κάμερα οπισθοπορείας και δέκτη τηλεόρασης (δεν περιλαμβάνονται στο δέμα)<br /><br /></p><p>Συμβατή με:<br />R-Class W251,R180,R300,R320,R350 (2006-2012)</p>",AUTO-MOTO-BIKE>Είδη αυτοκινήτου>Ηχοσυστήματα 2DIN
35367,Ηχοσύστημα αυτοκινήτου 2DIN - Mercedes - R-C,Ηχοσύστημα αυτοκινήτου 2DIN - Mercedes - R-Class - Android - 06'-12' - JA-7257,in stock,new,360 EUR,,https://www.tradesor.gr/wp-content/uploads/2023/04/ηχοσύστημα-αυτοκινήτου-2din-mercedes-r-class-android-06-12.jpg,OEM,No Color,8.0,"<p>Διαθέτει:<br />Λογισμικό Android <br />Επεξεργαστή CPU: R16 Cortex A7 Quad Core<br />RAM : DDR3 1GB<br />ROM : EMM 16GB <br />GPS, Bluetooth, Wifi, 3G, CD/DVD<br />Σταθερή και εύκολη εγκατάσταση<br />Plug and play<br />Απευθείας σύνδεση με χειριστήρια, χωρίς αντάπτορες<br />Σύστημα έξυπνης διαχείρισης μνήμης RAM<br />Υποδοχές USB & SD & χειριστήριο<br />Υποστηρίζει OBDII, σύνδεση με κάμερα οπισθοπορείας και δέκτη τηλεόρασης (δεν περιλαμβάνονται στο δέμα)<br /><br /></p><p>Συμβατή με:<br />Class R-W251,R280, R300, R320, R350 (2006 - 2012)<br /><br /></p>",AUTO-MOTO-BIKE>Είδη αυτοκινήτου>Ηχοσυστήματα 2DIN
35369,Ηχοσύστημα αυτοκινήτου 2DIN - Mercedes - E-C,Ηχοσύστημα αυτοκινήτου 2DIN - Mercedes - E-Class - Android - 02'-08' - JA-8370,in stock,new,342 EUR,,https://www.tradesor.gr/wp-content/uploads/2023/04/ηχοσύστημα-αυτοκινήτου-2din-mercedes-e-class-android-02-08.jpg,OEM,No Color,8.0,"<p>Διαθέτει:<br />Λογισμικό Android 8.1<br />Επεξεργαστή CPU: R16 Cortex A7 Quad Core<br />RAM : DDR3 2GB<br />ROM : EMM 16GB <br />GPS, Bluetooth, Wifi, 3G, CD/DVD<br />Σταθερή και εύκολη εγκατάσταση<br />Plug and play<br />Απευθείας σύνδεση με χειριστήρια, χωρίς αντάπτορες<br />Σύστημα έξυπνης διαχείρισης μνήμης RAM<br />Υποδοχές USB & SD & χειριστήριο<br />Υποστηρίζει OBDII, σύνδεση με κάμερα οπισθοπορείας και δέκτη τηλεόρασης (δεν περιλαμβάνονται στο δέμα)<br /><br /></p><p>Συμβατή με:<br />W211 (2002-2008) <br />W219 (2002-2008)</p>",AUTO-MOTO-BIKE>Είδη αυτοκινήτου>Ηχοσυστήματα 2DIN
35370,Ηχοσύστημα αυτοκινήτου 2DIN - Mercedes - S-C,Ηχοσύστημα αυτοκινήτου 2DIN - Mercedes - S-Class - Android - 95'-05' - JA-8377,in stock,new,360 EUR,,https://www.tradesor.gr/wp-content/uploads/2023/04/ηχοσύστημα-αυτοκινήτου-2din-mercedes-s-class-android-95-05.jpg,OEM,No Color,8.0,"Διαθέτει:
Λογισμικό Android 8.1
Επεξεργαστή CPU: R16 Cortex A7 Quad Core
RAM : DDR3 2GB
ROM : EMM 16GB
GPS, Bluetooth, Wifi, 3G, CD/DVD
Σταθερή και εύκολη εγκατάσταση
Plug and play
Απευθείας σύνδεση με χειριστήρια, χωρίς αντάπτορες
Σύστημα έξυπνης διαχείρισης μνήμης RAM
Υποδοχές USB & SD & χειριστήριο
Υποστηρίζει OBDII, σύνδεση με κάμερα οπισθοπορείας και δέκτη τηλεόρασης (δεν περιλαμβάνονται στο δέμα)

Συμβατή με:
S-Class W220 W215 S430 S500 (1998-2005)",AUTO-MOTO-BIKE>Είδη αυτοκινήτου>Ηχοσυστήματα 2DIN
37986,Ηχοσύστημα αυτοκινήτου 2DIN – Touch Screen,Ηχοσύστημα αυτοκινήτου 2DIN – Touch Screen - CTC-8700 - 8'' - 002006,in stock,new,81 EUR,,https://www.tradesor.gr/wp-content/uploads/2023/04/002006.jpg,OEM,No Color,5.5,"<div><div><p>Το ηχοσύστημα CTC-8700 διαθέτει multimedia οθόνη αφής με ανάλυση 800 x 480 και λειτουργικό σύστημα Android. <br />Υποστηρίζει USB και Bluetooth συνδέσεις, για να ακούτε μουσική από στικάκι ή το κινητό σας, αλλά και να πραγματοποιείτε κλήσεις. ​<br />Το ηχοσύστημα είναι συμβατό με την πλειοψηφία των αυτοκινήτων, ενώ μπορεί να συνδεθεί και με εξωτερικές συσκευές.</p><ul><li>Οθόνη αφής 8'', 800 x 480p</li><li>Δυνατότητα Mirrorlink με Κινητά Android/iOs</li><li>Θύρα USB 2.0</li><li>Θύρα TF Card</li><li>Θύρα AUX</li><li>Ανάλυση βίντεο 1080p</li><li>Υποστήριξη αρχείων: MP3/WMA/WAV/MKV/FLAC/OPE κ.α</li><li>Ισχύς εξόδου: 4 χ 60W</li><li>Ραδιόφωνο</li><li>Bluetooth 4.2</li><li>Τηλεχειριστήριο</li><li>Διαστάσεις συσκευασίας: 25 x 17cm</li></ul></div></div>",AUTO-MOTO-BIKE>Είδη αυτοκινήτου>Ηχοσυστήματα 2DIN
106662,Ηχοσύστημα αυτοκινήτου 2DIN - 9880A - Androi,Ηχοσύστημα αυτοκινήτου 2DIN - 9880A - Android 1+16G - 000360,in stock,new,144 EUR,,https://www.tradesor.gr/wp-content/uploads/2023/06/a95e8d146a83e8196e5dd144fa811382.jpg,OEM,No Color,1.0,,AUTO-MOTO-BIKE>Είδη αυτοκινήτου>Ηχοσυστήματα 2DIN
106672,Ηχοσύστημα αυτοκινήτου 2DIN - 6.2'' - 6606 -,Ηχοσύστημα αυτοκινήτου 2DIN - 6.2'' - 6606 - 000354,in stock,new,117 EUR,,https://www.tradesor.gr/wp-content/uploads/2023/06/fc5f3b54dcd7e225c00372cba6f5db4b.jpg,OEM,No Color,1.0,,AUTO-MOTO-BIKE>Είδη αυτοκινήτου>Ηχοσυστήματα 2DIN
106675,Ηχοσύστημα αυτοκινήτου 2DIN - 6.2'' - 6605 -,Ηχοσύστημα αυτοκινήτου 2DIN - 6.2'' - 6605 - 000353,in stock,new,117 EUR,,https://www.tradesor.gr/wp-content/uploads/2023/06/8daf5883731b66a2f653cae9c0b29780.jpg,OEM,No Color,1.0,,AUTO-MOTO-BIKE>Είδη αυτοκινήτου>Ηχοσυστήματα 2DIN
106696,Ηχοσύστημα αυτοκινήτου 2DIN - 7'' - CTC-7880,Ηχοσύστημα αυτοκινήτου 2DIN - 7'' - CTC-7880 - Android 1+16G - 000346,in stock,new,117 EUR,,https://www.tradesor.gr/wp-content/uploads/2023/06/b78d865b5d6a02420fd214ac817c05ef.jpg,OEM,No Color,1.0,,AUTO-MOTO-BIKE>Είδη αυτοκινήτου>Ηχοσυστήματα 2DIN
106699,Ηχοσύστημα αυτοκινήτου 2DIN - 7'' - CTC-8227,Ηχοσύστημα αυτοκινήτου 2DIN - 7'' - CTC-8227 - Android 1+16G - 000345,in stock,new,117 EUR,,https://www.tradesor.gr/wp-content/uploads/2023/06/0ea19e7b9eaeca5d877a8742cbb26677.jpg,OEM,No Color,1.0,,AUTO-MOTO-BIKE>Είδη αυτοκινήτου>Ηχοσυστήματα 2DIN
106702,Ηχοσύστημα αυτοκινήτου 2DIN - CTC-1086D - 00,Ηχοσύστημα αυτοκινήτου 2DIN - CTC-1086D - 000344,in stock,new,180 EUR,,https://www.tradesor.gr/wp-content/uploads/2023/06/9cb13fd460bd86ad77726da857ca41ed.jpg,OEM,No Color,1.0,,AUTO-MOTO-BIKE>Είδη αυτοκινήτου>Ηχοσυστήματα 2DIN
106705,Ηχοσύστημα αυτοκινήτου 2DIN - 10'' - 1088A -,Ηχοσύστημα αυτοκινήτου 2DIN - 10'' - 1088A - Android - 000343,in stock,new,180 EUR,,https://www.tradesor.gr/wp-content/uploads/2023/06/ac1df899a2b5c0f5806b70968e50c9ad.jpg,OEM,No Color,1.0,,AUTO-MOTO-BIKE>Είδη αυτοκινήτου>Ηχοσυστήματα 2DIN
106708,Ηχοσύστημα αυτοκινήτου 2DIN - 7'' - 7066 - 0,Ηχοσύστημα αυτοκινήτου 2DIN - 7'' - 7066 - 000342,in stock,new,48.6 EUR,,https://www.tradesor.gr/wp-content/uploads/2023/06/ef3a383dfc04601c21160915ba545224.jpg,OEM,No Color,1.0,,AUTO-MOTO-BIKE>Είδη αυτοκινήτου>Ηχοσυστήματα 2DIN
106711,Ηχοσύστημα αυτοκινήτου 2DIN - 7'' - 7030 - 0,Ηχοσύστημα αυτοκινήτου 2DIN - 7'' - 7030 - 000341,in stock,new,41.4 EUR,,https://www.tradesor.gr/wp-content/uploads/2023/06/479815f442fb8a374af2b9e6be4f624c.jpg,OEM,No Color,1.0,,AUTO-MOTO-BIKE>Είδη αυτοκινήτου>Ηχοσυστήματα 2DIN
106714,Ηχοσύστημα αυτοκινήτου 2DIN - 7'' - 7065 - 0,Ηχοσύστημα αυτοκινήτου 2DIN - 7'' - 7065 - 000340,in stock,new,41.4 EUR,,https://www.tradesor.gr/wp-content/uploads/2023/06/c8095958b1c946d0e32ce917f388b535.jpg,OEM,No Color,1.0,,AUTO-MOTO-BIKE>Είδη αυτοκινήτου>Ηχοσυστήματα 2DIN
106717,Ηχοσύστημα αυτοκινήτου 2DIN - 7'' - 7708 - 0,Ηχοσύστημα αυτοκινήτου 2DIN - 7'' - 7708 - 000338,in stock,new,48.6 EUR,,https://www.tradesor.gr/wp-content/uploads/2023/06/8da21afbc36a825b53727e83616dcebb.jpg,OEM,No Color,1.0,,AUTO-MOTO-BIKE>Είδη αυτοκινήτου>Ηχοσυστήματα 2DIN
106720,Ηχοσύστημα αυτοκινήτου 2DIN - 7'' - 7018 - 0,Ηχοσύστημα αυτοκινήτου 2DIN - 7'' - 7018 - 000337,in stock,new,41.4 EUR,,https://www.tradesor.gr/wp-content/uploads/2023/06/001985a2b273ad4d9d54db41a11750c5.jpg,OEM,No Color,1.0,,AUTO-MOTO-BIKE>Είδη αυτοκινήτου>Ηχοσυστήματα 2DIN
106723,Ηχοσύστημα αυτοκινήτου 2DIN - 7'' - 7012 - 0,Ηχοσύστημα αυτοκινήτου 2DIN - 7'' - 7012 - 000336,in stock,new,41.4 EUR,,https://www.tradesor.gr/wp-content/uploads/2023/06/8d565e6fff209488eb5a2f702d275d38.jpg,OEM,No Color,1.0,,AUTO-MOTO-BIKE>Είδη αυτοκινήτου>Ηχοσυστήματα 2DIN
106727,Ηχοσύστημα αυτοκινήτου 2DIN - 7'' - 7010 - 0,Ηχοσύστημα αυτοκινήτου 2DIN - 7'' - 7010 - 000334,in stock,new,41.4 EUR,,https://www.tradesor.gr/wp-content/uploads/2023/06/c25a14975fe8dd7ec7742698c00ff478.jpg,OEM,No Color,1.0,,AUTO-MOTO-BIKE>Είδη αυτοκινήτου>Ηχοσυστήματα 2DIN
106730,Ηχοσύστημα αυτοκινήτου 2DIN - 7'' - CTC-7080,Ηχοσύστημα αυτοκινήτου 2DIN - 7'' - CTC-7080 - 000332,in stock,new,41.4 EUR,,https://www.tradesor.gr/wp-content/uploads/2023/06/91dd50b7c292a470bc429d5119218320.jpg,OEM,No Color,1.0,,AUTO-MOTO-BIKE>Είδη αυτοκινήτου>Ηχοσυστήματα 2DIN
106733,Ηχοσύστημα αυτοκινήτου 2DIN - 7'' - 7063 - 0,Ηχοσύστημα αυτοκινήτου 2DIN - 7'' - 7063 - 000331,in stock,new,48.6 EUR,,https://www.tradesor.gr/wp-content/uploads/2023/06/392347854829ce42e86018ad74e5d3a3.jpg,OEM,No Color,1.0,,AUTO-MOTO-BIKE>Είδη αυτοκινήτου>Ηχοσυστήματα 2DIN
106736,Ηχοσύστημα αυτοκινήτου 2DIN - 8'' - 8700 - 0,Ηχοσύστημα αυτοκινήτου 2DIN - 8'' - 8700 - 000330,in stock,new,63 EUR,,https://www.tradesor.gr/wp-content/uploads/2023/06/4c0f53be083ab39137712b33b6df5eb1.jpg,OEM,No Color,1.0,,AUTO-MOTO-BIKE>Είδη αυτοκινήτου>Ηχοσυστήματα 2DIN
106740,Ηχοσύστημα αυτοκινήτου 2DIN - 10'' - 1081 - ,Ηχοσύστημα αυτοκινήτου 2DIN - 10'' - 1081 - 1+16GB - Android - 000208,in stock,new,108 EUR,,https://www.tradesor.gr/wp-content/uploads/2023/06/aad71ecf33397e5ff76461e8065a527f.jpg,OEM,No Color,1.0,,AUTO-MOTO-BIKE>Είδη αυτοκινήτου>Ηχοσυστήματα 2DIN
106743,Ηχοσύστημα αυτοκινήτου 2DIN - 9'' - 9802 - 2,Ηχοσύστημα αυτοκινήτου 2DIN - 9'' - 9802 - 2+32GB - Android - 000328,in stock,new,117 EUR,,https://www.tradesor.gr/wp-content/uploads/2023/06/957a2fdb44ffa26d7bfd9029f84d44c7.jpg,OEM,No Color,1.0,,AUTO-MOTO-BIKE>Είδη αυτοκινήτου>Ηχοσυστήματα 2DIN
106746,Ηχοσύστημα αυτοκινήτου 2DIN - 9'' - 9801 - 1,Ηχοσύστημα αυτοκινήτου 2DIN - 9'' - 9801 - 1+16GB - Android - 000327,in stock,new,108 EUR,,https://www.tradesor.gr/wp-content/uploads/2023/06/8f3cff8fcd5f9a7ba15db3ce12d2e86a.jpg,OEM,No Color,1.0,,AUTO-MOTO-BIKE>Είδη αυτοκινήτου>Ηχοσυστήματα 2DIN
106749,Ηχοσύστημα αυτοκινήτου 2DIN - 8'' - 8803 - 1,Ηχοσύστημα αυτοκινήτου 2DIN - 8'' - 8803 - 1+16GB - Android - 000326,in stock,new,117 EUR,,https://www.tradesor.gr/wp-content/uploads/2023/06/fa8bb21018143432901764a5e7fc866c.jpg,OEM,No Color,1.0,,AUTO-MOTO-BIKE>Είδη αυτοκινήτου>Ηχοσυστήματα 2DIN
106752,Ηχοσύστημα αυτοκινήτου 2DIN - 7'' - 7805 - 2,Ηχοσύστημα αυτοκινήτου 2DIN - 7'' - 7805 - 2+32GB - Android - 000325,in stock,new,117 EUR,,https://www.tradesor.gr/wp-content/uploads/2023/06/41df71340b5c7ced5ba4f59e966fd79f.jpg,OEM,No Color,1.0,,AUTO-MOTO-BIKE>Είδη αυτοκινήτου>Ηχοσυστήματα 2DIN
107015,Ηχοσύστημα αυτοκινήτου 2DIN - 7'' - CTC-7801,Ηχοσύστημα αυτοκινήτου 2DIN - 7'' - CTC-7801 - Android - 000209,in stock,new,117 EUR,,https://www.tradesor.gr/wp-content/uploads/2023/06/8fbc96221af8508b04c75fd421183c09.jpg,OEM,No Color,1.0,,AUTO-MOTO-BIKE>Είδη αυτοκινήτου>Ηχοσυστήματα 2DIN
107030,Ηχοσύστημα αυτοκινήτου 2DIN - 9560A - 1+16G ,Ηχοσύστημα αυτοκινήτου 2DIN - 9560A - 1+16G - 000362,in stock,new,198 EUR,,https://www.tradesor.gr/wp-content/uploads/2023/06/218fdf87e6a80e3f4de548589a91a661.jpg,OEM,No Color,1.0,,AUTO-MOTO-BIKE>Είδη αυτοκινήτου>Ηχοσυστήματα 2DIN
107033,Ηχοσύστημα αυτοκινήτου 2DIN - 9501A - 000361,Ηχοσύστημα αυτοκινήτου 2DIN - 9501A - 000361,in stock,new,117 EUR,,https://www.tradesor.gr/wp-content/uploads/2023/06/837031e8f4988315d9a1968eb4a3551a.jpg,OEM,No Color,1.0,,AUTO-MOTO-BIKE>Είδη αυτοκινήτου>Ηχοσυστήματα 2DIN
107036,Ηχοσύστημα αυτοκινήτου 2DIN - 9019A - Androi,Ηχοσύστημα αυτοκινήτου 2DIN - 9019A - Android - 000359,in stock,new,126 EUR,,https://www.tradesor.gr/wp-content/uploads/2023/06/675fb5c1331cef820dfbdb0367e6e757.jpg,OEM,No Color,1.0,,AUTO-MOTO-BIKE>Είδη αυτοκινήτου>Ηχοσυστήματα 2DIN
107039,Ηχοσύστημα αυτοκινήτου 2DIN - 9019A - Androi,Ηχοσύστημα αυτοκινήτου 2DIN - 9019A - Android - 000358,in stock,new,99 EUR,,https://www.tradesor.gr/wp-content/uploads/2023/06/7f5e0dfd5a88c02ea01713777440de69.jpg,OEM,No Color,1.0,,AUTO-MOTO-BIKE>Είδη αυτοκινήτου>Ηχοσυστήματα 2DIN
107042,Ηχοσύστημα αυτοκινήτου 2DIN - 7'' - 7052 - 0,Ηχοσύστημα αυτοκινήτου 2DIN - 7'' - 7052 - 000339,in stock,new,41.4 EUR,,https://www.tradesor.gr/wp-content/uploads/2023/06/91b9398737488d1d55220246f98ecded.jpg,OEM,No Color,1.0,,AUTO-MOTO-BIKE>Είδη αυτοκινήτου>Ηχοσυστήματα 2DIN
