id,title,description,availability,condition,price,link,image_link,brand,color,shipping_weight,rich_text_description,fb_product_category
35463,Βάση ψύξης και στήριξης Laptop - N168 - 67280,Βάση ψύξης και στήριξης Laptop - N168 - 672809,in stock,new,9 EUR,,https://www.tradesor.gr/wp-content/uploads/2023/04/636075744965360428_HAPK-DE-TAN-NHIET-NOTEBOOK-N168-00006134.png,OEM,No Color,0.3,"<p>Για λαπτοπ από 9” έως 15” ίντσες. Το Cooler N168 15”, Διαθέτει ρυθμιζόμενη γωνία κλήσης για καλύτερη εργονομία, Σουπερ σλιμ σχεδιασμός (2cm) για να το χεις πάντα μαζί σου!  Με μεγάλο ανεμιστήρα 135mm στα 750-1500RPM. Το notebook σας δεν θα ζεσταθεί ποτέ! Ελαφρύ και απόλυτα αθόρυβο</p><hr /><p>Διαστάσεις προϊόντος: 30 x 22 cm</p><p>Διαστάσεις κουτιού: 32 x 25 cm</p><p>Βάρος προϊόντος: 0,36kg</p><p>Βάρος κουτιού: 0,5kg</p>",Είδη TV  Η/Υ  laptop
36096,Κεραία - Δέκτης WiFi - USB - 881056,Κεραία - Δέκτης WiFi - USB - 881056,in stock,new,5.4 EUR,,https://www.tradesor.gr/wp-content/uploads/2023/04/0107_881056_1.jpg,OEM,No Color,0.1,"<p>Η πολυκατευθυντική κεραία εσωτερικής χρήσης μπορεί να αυξήσει το αποτελεσματικό εύρος ασύρματης λειτουργίας για ασύρματες συσκευές.</p><p>Δεδομένου ότι η κεραία παρέχει κέρδος <strong>4.5dBi</strong> μπορεί να συνδεθεί σε ένα ασύρματο access point ή router για να βελτιώσει τη μετάδοση και τη λήψη του σήματος σε κατεύθυνση 360 μοιρών και να παρέχει ασύρματη κάλυψη σήματος από ένα σημείο σε πολλαπλά σημεία. <br />Η κεραία μπορεί να χρησιμοποιηθεί σε ασύρματες συσκευές με αποσπώμενες κεραίες μικρότερου κέρδους για μετάδοση/λήψη σήματος.</p><p>Διαθέτει βύσμα <strong>RP-SMA </strong>και μπορεί να συνδεθεί με ασύρματη συσκευή εξοπλισμένη με δέκτη RP SMA. Απλώς καταργήστε την υπάρχουσα αποσπώμενη κεραία από το ασύρματο access point ή το router και να συνδέσετε την κεραία, στο δέκτη RP-SMA της ασύρματης συσκευής.</p><table class=""c-pip__specification-table c-specification-table""><tbody><tr><td class=""c-specification-table__td c-specification-table__td--first last""><label id=""param_432"">Μεταφορά </label></td><td class=""c-specification-table__td c-specification-table__td--middle last"">150Mbps</td></tr></tbody></table>",Είδη TV  Η/Υ  laptop
36384,Κάμερα Η/Υ - Webcam - Full HD - USB - Q25 - 882566,Κάμερα Η/Υ - Webcam - Full HD - USB - Q25 - 882566,in stock,new,16.2 EUR,,https://www.tradesor.gr/wp-content/uploads/2023/04/2912_882566.jpg,OEM,No Color,0.4,"<p><span class=""VIiyi"" lang=""el""><span class=""JLqJ4b"" data-language-for-alternatives=""el"" data-language-to-translate-into=""it"" data-phrase-index=""0"" data-number-of-phrases=""1""> <strong>Χαρακτηριστικά</strong>:</span></span></p><p>- Video Resolution: 2592 x 1944 pixel<br />- Camera: 4 Megapixel<br />- Field of view: 106°<br />- Frame Rate: 30fps<br />- Διαθέτει μικρόφωνο<br />- Plug Type: USB 2.0<br />- Μήκος καλωδίου: 1.4 μέτρα<br />- Διαστάσεις: 73x26x33mm<br />- Weight : 87gr</p>",Είδη TV  Η/Υ  laptop
36386,Κάμερα Η/Υ - Webcam - Full HD - USB - X55 - 882610,Κάμερα Η/Υ - Webcam - Full HD - USB - X55 - 882610,in stock,new,14.4 EUR,,https://www.tradesor.gr/wp-content/uploads/2023/04/2912_882610.jpg,OEM,No Color,0.4,"<p><span class=""VIiyi"" lang=""el""><span class=""JLqJ4b ChMk0b"" data-language-for-alternatives=""el"" data-language-to-translate-into=""auto"" data-phrase-index=""0""><span class=""JLqJ4b"" data-language-for-alternatives=""el"" data-language-to-translate-into=""it"" data-phrase-index=""0"" data-number-of-phrases=""1""> <strong>Χαρακτηριστικά</strong>:</span></span></span></p><p><span class=""VIiyi"" lang=""el""> <span class=""JLqJ4b ChMk0b"" data-language-for-alternatives=""el"" data-language-to-translate-into=""auto"" data-phrase-index=""2"">Pixels: 2 Mega</span> </span></p><p><span class=""VIiyi"" lang=""el""><span class=""JLqJ4b ChMk0b"" data-language-for-alternatives=""el"" data-language-to-translate-into=""auto"" data-phrase-index=""4"">Μέγιστη</span> <span class=""JLqJ4b ChMk0b"" data-language-for-alternatives=""el"" data-language-to-translate-into=""auto"" data-phrase-index=""5"">Ανάλυση: 1920x1080</span> </span></p><p><span class=""VIiyi"" lang=""el""><span class=""JLqJ4b ChMk0b"" data-language-for-alternatives=""el"" data-language-to-translate-into=""auto"" data-phrase-index=""7"">Απεικόνιση: Ψηφιακή</span> </span></p><p><span class=""VIiyi"" lang=""el""><span class=""JLqJ4b ChMk0b"" data-language-for-alternatives=""el"" data-language-to-translate-into=""auto"" data-phrase-index=""9"">Εύρος εστίασης: 3 cm</span> </span></p><p><span class=""VIiyi"" lang=""el""><span class=""JLqJ4b ChMk0b"" data-language-for-alternatives=""el"" data-language-to-translate-into=""auto"" data-phrase-index=""11"">Τύπος διασύνδεσης: USB</span> </span></p><p><span class=""VIiyi"" lang=""el""><span class=""JLqJ4b ChMk0b"" data-language-for-alternatives=""el"" data-language-to-translate-into=""auto"" data-phrase-index=""15"">Αισθητήρας εικόνας: CMOS</span> </span></p><p><span class=""VIiyi"" lang=""el""><span class=""JLqJ4b ChMk0b"" data-language-for-alternatives=""el"" data-language-to-translate-into=""auto"" data-phrase-index=""17"">Αυτόματη εστίαση: Όχι</span></span></p><p>Μικρόφωνο: Ναι</p>",Είδη TV  Η/Υ  laptop
36387,Κάμερα Η/Υ - Webcam - Full HD - USB - X82 - 882603,Κάμερα Η/Υ - Webcam - Full HD - USB - X82 - 882603,in stock,new,14.4 EUR,,https://www.tradesor.gr/wp-content/uploads/2023/04/2912_882603.jpg,OEM,No Color,0.4,"<p>USB Webcam Mobilis X82 Full HD 1080P 1920×1080 με Ενσωματωμένο Μικρόφωνο 3.5mm Μαύρη.</p><p>Ένα ολοκληρωμένο πακέτο περιφερειακών για τον υπολογιστή σας σε μία μικρή συσκευασία!</p><p>Η κάμερα με ενσωματωμένο μικρόφωνο σας επιτρέπει να έχετε μια ολοκληρωμένη εμπειρία βιντεοκλήσεων και τηλεσυνδιασκέψεων σε οποιαδήποτε πλατφόρμα με ανάλυση Full High Definition.</p><p>Δεν απαιτεί την εγκατάσταση πολύπλοκων εφαρμογών και είναι έτοιμη με μια απλή σύνδεση να δουλέψει. Το μικρόφωνο δουλεύει με τεχνολογία μείωσης θορύβου και συνδέεται μέσω jack 3.5mm, ενώ ο σχεδιασμός της σας επιτρέπει να την στηρίξετε σε κάθε επιφάνεια.</p>",Είδη TV  Η/Υ  laptop
36418,Ενισχυτής σήματος Wifi - Wifi Repeater – PIX-LI,Ενισχυτής σήματος Wifi - Wifi Repeater – PIX-LINK - WR03 - 080339,in stock,new,16.2 EUR,,https://www.tradesor.gr/wp-content/uploads/2023/04/0107_080339.jpg,OEM,No Color,0.3,"<div id=""tab-description"" class=""tab-pane""><p>Επέκταση κάλυψης Wi-Fi: Παρέχει σήμα Wi-Fi σε δυσπρόσιτες περιοχές του σπιτιού ή του γραφείου σας, εξαλείφοντας σχεδόν τα νεκρά σημεία</p><p>Ενισχύστε τη συνδεσιμότητα σας: Επιταχύνει έως και 300Mbps για streaming βίντεο</p><p>Εύκολη εγκατάσταση: Η εύκολη εγκατάσταση μπορεί να πραγματοποιηθεί μέσω φορητού υπολογιστή, συσκευής smartphone ή συσκευής tablet.</p><p>Συνδέεται σε μια τυπική πρίζα τοίχου.</p><p>Ευρεία συμβατότητα: Λειτουργεί με όλες τις μάρκες router και μόντεμ router 2.4GHz</p><p>WiFi παντού<br />Σχεδιασμένο για να επεκτείνει ένα υπάρχον ασύρματο δίκτυο για να παρέχει αξιόπιστο σταθερό και ισχυρό σήμα σε δύσκολη περιοχή, έτσι ώστε να εξαλειφθούν οι νεκρές ζώνες.<br />Επέκταση ασύρματης κάλυψης σε όλα τα δίκτυα WLAN (*προϋπόθεση ο ορισμός τοy υπάρχοντος WiFi ως «ορατό»)</p><p>Η ενσωματωμένη κεραμική κεραία 2dBi παρέχει αξιόπιστη μετάδοση σήματος<br />Μεταδώστε βίντεο και αναπαράγετε παιχνίδια χωρίς να περιμένετε προσωρινή αποθήκευση</p><p>Δημιουργεί ένα wifi hotspot ώστε πολλοί διαφορετικοί χρήστες να μοιράζονται το ίδιο δίκτυο</p><p>Πατώντας το πλήκτρο WPS καθιστάτε ασφαλές το ασύρματο δίκτυο σας</p><p>Λειτουργία αναμετάδοσης<br />Επέκταση υπάρχοντος ασύρματου δικτύου, βελτίωση της ισχύος του σήματος και μεγιστοποίηση της κάλυψης</p><p>Λειτουργία σημείου πρόσβασης (access point)<br />Δημιουργήστε ένα ασύρματο δίκτυο για άλλες συσκευές Wi-Fi, μοιραστείτε το με τους φίλους σας</p><p>Ενσωματωμένη κεραία<br />Δύο εσωτερικές ενσωματωμένες κεραίες μειώνουν την παρεμβολή σήματος</p><p><strong>Προδιαγραφές:</strong><br />1. Λειτουργία: 040<br />2. Αποθήκευση: 1070<br />3. Τάση: 110V-240V<br />4. 2,4 GHz<br />5. Μέγιστη ασφάλεια WLAN με WPA2, WPA και WEP (128/64)</p><p><strong>Η συσκευασία περιλαμβάνει:</strong><br />1 x Wireless-N Mini Repeater<br />1 x RJ-45 καλώδιο δικτύου<br />1 x Εγχειρίδιο χρήστη στα Αγγλικά</p></div>",Είδη TV  Η/Υ  laptop
36605,Ενισχυτής σήματος Wifi - Wifi Repeater – PIX-LI,Ενισχυτής σήματος Wifi - Wifi Repeater – PIX-LINK - WR09 - 080308,in stock,new,19.8 EUR,,https://www.tradesor.gr/wp-content/uploads/2023/04/1305_080308.jpg,OEM,No Color,0.3,"<div class=""rte""><div id=""column_e1a378e"" data-title=""Column"" data-image=""https://www.fb.gr/image/cache/no_image-40x40.png""><div data-id=""column_e1a378e""><div id=""image_c5fe763"" data-id=""image_c5fe763"" data-title=""Image"" data-image=""https://www.fb.gr/image/catalog/d_visual_designer/image.svg""><div data-id=""image_c5fe763""><strong>Χαρακτηριστικά:</strong></div><div data-id=""image_c5fe763""><ul><li>Περιοχή κάλυψης: εσωτερική 30 μ., εξωτερική 50 μ.</li><li>Θύρα WAN, θύρα LAN (1 x 10 / 100Mbps)</li><li>Ρυθμός σήματος: 2,4GHz, 300Mbps</li><li>Ασύρματη ασφάλεια: υποστήριξη 64/128 bit WEP, WPA - PSK / WPA2 - PSK, 802.1x</li><li>Ισχύς μετάδοσης: μικρότερη από 20dBm</li><li>Θερμοκρασία λειτουργίας: 0 - 40 °C</li><li>Θερμοκρασία αποθήκευσης: -40 - 70 °C</li><li>Υγρασία λειτουργίας: 10 - 90% (χωρίς συμπύκνωση)</li><li>Υγρασία αποθήκευσης: 5 - 90% (χωρίς συμπύκνωση)</li><li>Είσοδος: AC 100 - 240V, 50/60Hz</li><li>Έξοδος: 5V/1A</li><li>Πρότυπα και πρωτόκολλα: Wi-Fi 802.11a, Wi-Fi 802.11b/g/n</li><li>Υποστηρίζει WPS</li><li>Υποστηριζόμενη συχνότητα Wi-Fi: 2.4G</li><li>Ενσύρματο ποσοστό μεταφοράς: 10 / 100Mbps</li><li>Ασύρματη σύνδεση: Ναι</li><li>Διαστάσεις: 18,3 x 6,1 x 3 εκ.</li></ul><strong>Περιεχόμενα συσκευασίας:</strong><br />1 x PIX-LINK LV-WR09<br />Οδηγίες χρήσης στα Αγγλικά</div></div></div></div></div>",Είδη TV  Η/Υ  laptop
36627,Κάμερα Η/Υ - Webcam - Full HD - Q16 - USB - 883273,Κάμερα Η/Υ - Webcam - Full HD - Q16 - USB - 883273,in stock,new,14.4 EUR,,https://www.tradesor.gr/wp-content/uploads/2023/04/2005_883273.jpg,OEM,No Color,0.4,"<p>Web Κάμερα Q16</p><p><strong>Χαρακτηριστικά</strong>:</p><ul><li>Φακός: φακός HD</li><li>Τύπος αισθητήρα: CMOS</li><li>Μορφή βίντεο: AVI</li><li>Ρυθμός καρέ: 30FPS</li><li>Μήκος καλωδίου USB: 120cm</li><li>Μορφή φωτογραφίας: BMP JPG</li><li>Ανάλυση: 1920 * 1080 P</li><li>Μορφή εξόδου: M-JPEG</li><li>Τύπος διασύνδεσης: USB2.0</li><li>Έλεγχος Flicker: 50Hz</li><li>Μικρόφωνο: ενσωματωμένο μικρόφωνο</li><li>Εύρος εστίασης: 20mm</li><li>Μέγεθος προϊόντος: 70mm * 50.7mm * 44mm</li><li>Εξοπλισμός υποστήριξης: υποστήριξη υπολογιστών mainstream windows 2000, XP, Vista, Win7, Win8, Win10, Mac OS, Linux και άλλα λειτουργικά συστήματα.</li></ul>",Είδη TV  Η/Υ  laptop
36676,Gaming Mousepad - K9 - Weibo - 650094,Gaming Mousepad - K9 - Weibo - 650094,in stock,new,5.4 EUR,,https://www.tradesor.gr/wp-content/uploads/2023/04/1106_650094.jpg,OEM,No Color,0.2,<p>Gaming Mousepad K9 Weibo</p><p>Διαστάσεις: 70 x 35cm</p><p>Χρώμα: μαύρο με κόκκινη περιμετρική ραφή</p>,Είδη TV  Η/Υ  laptop
36851,Βάση ψύξης και στήριξης Laptop - N192 - 78389,Βάση ψύξης και στήριξης Laptop - N192 - 783894,in stock,new,9.9 EUR,,https://www.tradesor.gr/wp-content/uploads/2023/04/1308_783894.png,OEM,No Color,1.0,"<p>Βάση ψύξης Laptop με ισχυρούς ανεμιστήρες και αθόρυβη λειτουργία.</p><p><span class=""VIiyi"" lang=""el""><span class=""JLqJ4b"" data-language-for-alternatives=""el"" data-language-to-translate-into=""it"" data-phrase-index=""0"" data-number-of-phrases=""1""> <strong>Χαρακτηριστικά</strong>:</span></span></p><ul><li>Αντιολισθητική βάση</li><li>Υψηλή απόδοση ψύξης</li><li>Αθόρυβος ανεμιστήρας</li><li>Διαστάσεις: 33 x 25 x 2.5cm</li><li><span class=""VIiyi"" lang=""el""><span class=""JLqJ4b ChMk0b"" data-language-for-alternatives=""el"" data-language-to-translate-into=""en"" data-phrase-index=""32"">Διαστάσεις ανεμιστήρα: 2x 140x 140x 15 mm</span> </span></li><li><span class=""VIiyi"" lang=""el""><span class=""JLqJ4b ChMk0b"" data-language-for-alternatives=""el"" data-language-to-translate-into=""en"" data-phrase-index=""34"">Ταχύτητα ανεμιστήρα: 750 - 1500rpm</span></span></li><li><span class=""VIiyi"" lang=""el""><span class=""JLqJ4b ChMk0b"" data-language-for-alternatives=""el"" data-language-to-translate-into=""en"" data-phrase-index=""36"">Ροή αέρα: 23 - 44 cfm</span> </span></li><li><span class=""VIiyi"" lang=""el""><span class=""JLqJ4b ChMk0b"" data-language-for-alternatives=""el"" data-language-to-translate-into=""en"" data-phrase-index=""46"">Τάση: </span></span><span class=""VIiyi"" lang=""el""><span class=""JLqJ4b ChMk0b"" data-language-for-alternatives=""el"" data-language-to-translate-into=""en"" data-phrase-index=""46"">DC</span> </span><span class=""VIiyi"" lang=""el""><span class=""JLqJ4b ChMk0b"" data-language-for-alternatives=""el"" data-language-to-translate-into=""en"" data-phrase-index=""46""> 5V <br /></span></span></li><li><span class=""VIiyi"" lang=""el""><span class=""JLqJ4b ChMk0b"" data-language-for-alternatives=""el"" data-language-to-translate-into=""en"" data-phrase-index=""48"">Ισχύς εισόδου: 3W</span> </span></li><li><span class=""VIiyi"" lang=""el""><span class=""JLqJ4b ChMk0b"" data-language-for-alternatives=""el"" data-language-to-translate-into=""en"" data-phrase-index=""50"">Καθαρό βάρος: 1,0 kg</span> </span></li><li>Κατάλληλο για Laptop έως 17""""</li><li>Σύνδεση στην θύρα USB του Η/Υ</li></ul>",Είδη TV  Η/Υ  laptop
36852,Βάση ψύξης και στήριξης Laptop - 339 - 366951,Βάση ψύξης και στήριξης Laptop - 339 - 366951,in stock,new,10.8 EUR,,https://www.tradesor.gr/wp-content/uploads/2023/04/1308_366951.jpg,OEM,No Color,1.0,"<p>Βάση ψύξης Laptop με ισχυρό ανεμιστήρα και εργονομικό σχεδιασμό για ξεκούραστη χρήση του υπολογιστή.</p><p><span class=""VIiyi"" lang=""el""><span class=""JLqJ4b"" data-language-for-alternatives=""el"" data-language-to-translate-into=""it"" data-phrase-index=""0"" data-number-of-phrases=""1""> <strong>Χαρακτηριστικά</strong>:</span></span></p><ul><li>Ρυθμιζόμενο ύψος βάσης</li><li>Αντιολισθητική βάση</li><li>Υψηλή απόδοση ψύξης</li><li>Αθόρυβος ανεμιστήρας</li><li>Κατάλληλο για Laptop έως 17""""</li><li>2 θύρες USB</li><li>Πλευρικές λαβές</li><li>Διαστάσεις: 37 x 26.5 x 33-58cm</li></ul>",Είδη TV  Η/Υ  laptop
36893,Android TV Box - Stride Box A2 - 880585,Android TV Box - Stride Box A2 - 880585,in stock,new,72 EUR,,https://www.tradesor.gr/wp-content/uploads/2023/04/880585_and.jpg,OEM,No Color,0.3,"<p><span class=""VIiyi"" lang=""el""><span class=""JLqJ4b"" data-language-for-alternatives=""el"" data-language-to-translate-into=""it"" data-phrase-index=""0"" data-number-of-phrases=""1""> <strong>Χαρακτηριστικά</strong>:</span></span></p><ul><li>Μέγιστη ανάλυση: 4K ULTRA HD 3840 x 2116</li><li>Μοντέλο: A2</li><li>Λειτουργικό σύστημα: Ovo UI 3.0 @ Android</li><li>Τάση εισόδου: DC 5V/2A, AC 100-240V, 50-60Hz</li><li>CPU: Quad Core ARM Cortex-A53 CPU 2GHz</li><li>GPU: 4Core Mali-450</li><li>MPN: HTV</li><li>Θύρα: HDMI</li><li>10/100 Mbps Ethernet</li><li>Εσωτερική μνήμη: 16GB</li><li>Μνήμη RAM: 2GB</li><li>Διαστάσεις: 10 x 10 x 2cm</li><li>Βάρος: 150 γρ.</li></ul><p><strong>Περιλαμβάνονται</strong>:</p><ul><li>TV Box</li><li>Τηλεχειριστήριο</li><li>Καλώδιο HDMI</li><li>Τροφοδοτικό πρίζας</li><li>Οδηγίες χρήσης στα Αγγλικά</li></ul>",Είδη TV  Η/Υ  laptop
37185,Βάση ψύξης και στήριξης Laptop - N191 - 32100,Βάση ψύξης και στήριξης Laptop - N191 - 321005,in stock,new,5.4 EUR,,https://www.tradesor.gr/wp-content/uploads/2023/04/321005_812.jpg,OEM,No Color,0.8,"<div class=""woocommerce-product-details__short-description""><p><strong>Χαρακτηριστικά:</strong></p><ul><li>Σύνδεση με USB - Διαθέτει διπλό USB, αρσενικό και θηλυκό</li><li>Φωτισμός LED στον ανεμιστήρα, μπλε χρώματος</li><li>Κατάλληλο για Laptop έως 17""""</li><li>Διαστάσεις βάσης: 35*25*2.5cm</li><li>Διαστάσεις ανεμιστήρα: 14*1.5cm</li><li>Μήκος καλωδίου: περ. 20cm</li><li>Ταχύτητα ανεμιστήρα: Ρυθμιζόμενη 150-1500RPM</li><li>Air Flow: 23-44CFM</li><li>Fan Noise: 11DBA</li><li>Κατανάλωση ρεύματος: 0.4A (Max)</li><li>Τάση: 5v DC</li><li>Ισχύς: 1.5W</li><li>Βάρος: 0.365Kg</li></ul></div>",Είδη TV  Η/Υ  laptop
37562,Βάση Cooler για laptop - N130 - 783863,Βάση Cooler για laptop - N130 - 783863,in stock,new,9 EUR,,https://www.tradesor.gr/wp-content/uploads/2023/04/0911_783863-1.jpg,OEM,No Color,0.2,<p>Διατηρήστε την θερμοκρασία του υπολογιστή σας στα φυσιολογικά επίπεδα ενώ ταυτόχρονα παρατείνετε την διάρκεια του κύκλου ζωής του.</p><p><strong>Χαρακτηριστικά</strong>:</p><p>Τροφοδοτείται από την usb θύρα του υπολογιστή σας και δεν χρειάζεται εξωτερική τροφοδοσία.<br />Φωτιζόμενος διπλός ανεμιστήρας. <br />Κατάλληλος για λαπτοπ έως 15.7΄.</p>,Είδη TV  Η/Υ  laptop
37563,Βάση Cooler για laptop - N139 - 783887,Βάση Cooler για laptop - N139 - 783887,in stock,new,9 EUR,,https://www.tradesor.gr/wp-content/uploads/2023/04/0911_783887-1.jpg,OEM,No Color,0.5,"<div class=""summary""><div class=""description bullets""><p>Διατηρήστε την θερμοκρασία του υπολογιστή σας στα φυσιολογικά επίπεδα ενώ ταυτόχρονα παρατείνετε την διάρκεια του κύκλου ζωής του.</p><p><strong>Χαρακτηριστικά</strong>:</p><p>Τροφοδοτείται από την usb θύρα του υπολογιστή σας και δεν χρειάζεται εξωτερική τροφοδοσία.</p><ul><li>Μέγιστη διάσταση laptop 15.7""</li><li>Φωτισμός LED</li></ul></div></div>",Είδη TV  Η/Υ  laptop
38022,Βάση ασύρματης φόρτισης Smarthphone & Smartw,Βάση ασύρματης φόρτισης Smarthphone & Smartwatch - 3in1 - H6 - 15W - 164453,in stock,new,23.4 EUR,,https://www.tradesor.gr/wp-content/uploads/2023/04/164453.jpg,OEM,No Color,0.4,"<p>Η βάση φόρτισης 3 in 1 είναι μια πρακτική βάση που σας επιτρέπει να φορτίσετε τις αγαπημένες συσκευές Apple όλες μαζί χωρίς μπερδεμένα καλώδια.</p><p>Πρόκειται για μια ανθεκτική βάση στήριξης για το iPhone, iWatch & τα AirPods σας που περιλαμβάνει εγκοπές για τις υποδοχές φόρτισης των καλωδίων ή των φορτιστών σας.</p><p>Προσεγμένος σχεδιασμός με απίστευτη ανθεκτικότητα, θα γίνει το απόλυτο αξεσουάρ του γραφείου σας. Περιλαμβάνονται καλώδια φόρτισης. Λειτουργεί μέσω σύνδεσης με USB, η βάση δεν είναι επαναφορτιζόμενη.</p>",Είδη TV  Η/Υ  laptop
38095,Τηλεχειριστήριο τηλεόρασης  - Universal ,Τηλεχειριστήριο τηλεόρασης  - Universal - RM-L1080 - 250983,in stock,new,2.7 EUR,,https://www.tradesor.gr/wp-content/uploads/2023/04/2904_250983-1.jpg,OEM,No Color,0.4,"<div id=""tab-description""><p>Τηλεχειριστήριο TV – Universal – RM-L1080</p><ul><li><p>Το universal τηλεκοντρόλ RM-L1080 λειτουργεί αυτόνομα με κάθε τύπο τηλεόρασης, dvd και sat παράλληλα με κάθε άλλο χειριστήριο που χρησιμοποιείτε.</p></li><li><p>Για την ρύθμισή του, απλά πατάτε το on και τον τύπο της μάρκας τηλεόρασης που έχετε.</p></li><li><p>Με τον ίδιο τρόπο συνδέεται με κάθε άλλη συσκευή που έχετε.</p></li><li><p>Δεν καταργεί τα τηλεκοντρόλ που ήδη χρησιμοποιείτε, αλλά μπορεί να είναι το κύριο ή δεύτερο τηλεκοντρόλ μέσα στο σπίτι, με την ευκολία ότι χειρίζεται όλες τις συσκευές σας.</p></li><li><p>Συμβατό με όλες τις μάρκες και τύπους.</p><p>Ενδεικτικά αναφέρονται οι υποστηριζόμενες μάρκες:</p><p>SHARP, SONY, PANASONIC, SANYO, HITACHI, TOSHIBA, PHILIPS, LG, SAMSUNG, HISENSE, SKYWORTH, CHANGHONG , DAEWOO, JVC, THOMSON, GRUNDIG, PIONER, KONKA</p></li></ul></div>",Είδη TV  Η/Υ  laptop
38373,Ενισχυτής σήματος Wifi - Wifi Repeater - LV-WR39 ,Ενισχυτής σήματος Wifi - Wifi Repeater - LV-WR39 - 884577,in stock,new,21.6 EUR,,https://www.tradesor.gr/wp-content/uploads/2023/04/884577.jpg,OEM,No Color,0.3,"<p><strong><span class=""VIiyi"" lang=""el""><span class=""JLqJ4b"" data-language-for-alternatives=""el"" data-language-to-translate-into=""es"" data-phrase-index=""0"" data-number-of-phrases=""1""><span class=""Q4iAWc""><span class=""JLqJ4b ChMk0b"" data-language-for-alternatives=""el"" data-language-to-translate-into=""en"" data-phrase-index=""44"" data-number-of-phrases=""51"">Χαρακτηριστικά:</span></span></span></span></strong></p><p><span class=""VIiyi"" lang=""el""><span class=""JLqJ4b"" data-language-for-alternatives=""el"" data-language-to-translate-into=""es"" data-phrase-index=""0"" data-number-of-phrases=""1""><span class=""Q4iAWc"">Θύρα Ethernet: Θύρα RJ45 1x0/100Mbps <br />Κουμπί WPS/Reset <br />Κατανάλωση ενέργειας: POE802.3 <br />Πρότυπο AF <br />Διαστάσεις (μήκος × πλάτος × ύψος): 80x70x77mm <br />Πρότυπα ασύρματης σύνδεσης: IEEE 802.11b/g/n <br />Συχνότητα: 2,4 GHz · <br />Ταχύτητα: <br />2,4 GHz: 11b + g + n: έως 300 Mbps (δυναμική) <br />11n: έως 300 Mbps (δυναμική) <br />11 g: έως 54 Mbps (δυναμική) <br />11b: έως 11 Mbps (δυναμική) <br />Ισχύς μετάδοσης: 15dB <br />Ευαισθησία λήψης: <br />270M:-61dBm <br />135M:-65dBm <br />54M:-68dBm <br />11M: -85dBm <br />6M:-88dBm <br />1M:-90dBm <br />Έλεγχος ταυτότητας, κωδικός πρόσβασης. <br />Λειτουργία ελέγχου ταυτότητας: Καμία, WPA-PSK, WPA2-PSK, WPA/WPA2-PSK <br />Θερμοκρασία λειτουργίας: 0°C ~ 40°C <br />Θερμοκρασία αποθήκευσης: -40°C ~ 70°C <br />Υγρασία λειτουργίας: 10% ~ 90% <br />Υγρασία αποθήκευσης: 5% ~ 90% <br /></span></span></span></p>",Είδη TV  Η/Υ  laptop
38476,Gaming Mousepad - S2000 - 651534,Gaming Mousepad - S2000 - 651534,in stock,new,7.2 EUR,,https://www.tradesor.gr/wp-content/uploads/2023/04/2005_651534-1.jpg,OEM,No Color,0.5,"<p>Gaming Mousepad – S2000 – μεγέθους XLarge</p><p>Μήκος: 800 mm , Πλάτος : 300mm, Ύψος : 3mm</p>",Είδη TV  Η/Υ  laptop
38477,Gaming Mousepad - S4000 - LED RGB - 651640,Gaming Mousepad - S4000 - LED RGB - 651640,in stock,new,12.6 EUR,,https://www.tradesor.gr/wp-content/uploads/2023/04/2005_651640-1.jpg,OEM,No Color,0.5,<p>Gaming Mousepad - S4000 με φωτισμό LED RGB<strong><br /></strong></p><p>Εξασφαλίζει την εξαιρετικά γρήγορη κίνηση του ποντικιού για τους λάτρεις του Gaming. Μπορείτε να επιλέξετε ανάμεσα σε διάφορες λειτουργίες φωτισμού με διαφορετικά χρώματα LED.</p><p>Διαθέτει βαρέως τύπου επιφανειακό ύφασμα για βέλτιστη ακρίβεια και ομαλό έλεγχο και ανθεκτικό αντιολισθητικό κάτω μέρος από καουτσούκ.</p><p>Υλικά: αφρός από φυσικό καουτσούκ και ύφασμα.</p><ul><li>Διαστάσεις: 80cm x 30cm x 0.4cm</li><li>Καλώδιο 1.8μ USB</li></ul>,Είδη TV  Η/Υ  laptop
38806,Ψηφιακός δέκτης TV - MPEG4 - T2 - 556998,Ψηφιακός δέκτης TV - MPEG4 - T2 - 556998,in stock,new,27 EUR,,https://www.tradesor.gr/wp-content/uploads/2023/04/2005_556998-1.jpg,OEM,No Color,1.5,"<div class=""product-page--block"" data-product-block="""" data-block-type=""description""><div class=""product-page--description"" data-item=""rte-content""><p><strong>Χαρακτηριστικά</strong>:</p><ul><li>Επίγειος Ψηφιακός Δέκτης Mpeg-4 Full High Definιtion Dvb-T2</li><li>Αποκωδικοποίηση Mpeg-2 Mpeg-4 Dvb-T Dvb-T2 Standard Definition Kai Full High Definιtion</li><li>Mstar Processor Mpeg-4 Avc/ H.264 Hp@L4</li><li>950 Κανάλια, Λήψη 170 – 230μηz Και 470-860μhz , Bandwith 7/8mhz, Modulation Qpsk,16qam, 64qam</li><li>Ανάλυση 480i, 480p, 576i, 576p, 720p, 1080i, 1080p, Aspect Ratio 16:9 4:3 Auto</li><li>Ελληνικό μενού – ελληνικό epg (εβδομαδιαίο) – ελληνικό teletext.</li><li>Multimedia player. Αναπαραγωγή multimedia αρχείων της usb συσκευής, στην tv. Video files : avi .mpg .dat .vob .div .mov .mkv .ts .trp .m2ts (decoding up to 1080p). Audio files : wma, mp3, aac, wav, ogg. Photo decoding : jpeg, bmp, png . Subtitle decoding: smi, srt, ssa , sub, txt, ass</li><li>8 λίστες αγαπημένων , πολλαπλές λειτουργείες menu, γενικό κλείδωμα, αν κοπεί το ρεύμα, ξανανοίγει στο ίδιο κανάλι.</li><li>Αναβάθμιση λογισμικού μέσω usb port.</li><li>Ταξινόμηση καναλιών με τη σειρά που επιθυμούμε.</li></ul></div></div>",Είδη TV  Η/Υ  laptop
38807,Διαχωριστής HDMI - HDMI Splitter - 4 Ports - 880516,Διαχωριστής HDMI - HDMI Splitter - 4 Ports - 880516,in stock,new,10.8 EUR,,https://www.tradesor.gr/wp-content/uploads/2023/04/880516.jpg,OEM,No Color,0.7,"<p>HDMI Splitter, 4 καναλιών, Full HD 1080p</p><p>Επιτρέπει την εικόνα και τον ήχο από μια πηγή με έξοδο HDΜΙ να εμφανίζεται ταυτόχρονα σε 4 οθόνες (τηλεόραση υψηλής ευκρίνειας ή HD προβολέα) με εισόδους HDMI.</p>",Είδη TV  Η/Υ  laptop
38808,Διαχωριστής HDMI - HDMI Splitter - 2 Ports - 880509,Διαχωριστής HDMI - HDMI Splitter - 2 Ports - 880509,in stock,new,9 EUR,,https://www.tradesor.gr/wp-content/uploads/2023/04/3007_880509-1.jpg,OEM,No Color,0.7,<p>FullHD HDMI Splitter 1x2 1 εισόδου και 2 εξόδων με υποστήριξη 3D. Tαυτόχρονη προβολή του HDMI σήματος σας σε 2 τηλεοράσεις. <br />Επιτρέπει την εικόνα και τον ήχο από μια πηγή με έξοδο HDΜΙ να εμφανίζεται ταυτόχρονα σε 2 οθόνες (τηλεόραση υψηλής ευκρίνειας ή HD προβολέα) με εισόδους HDMI.</p>,Είδη TV  Η/Υ  laptop
38929,Αναλογικός πομπός σήματος HDCVI Transmitte,Αναλογικός πομπός σήματος HDCVI Transmitter - Passive BNC - AHD/CVI/TVI - 195196,in stock,new,2.7 EUR,,https://www.tradesor.gr/wp-content/uploads/2023/04/195196.jpg,OEM,No Color,0.3,"<p>Εξοπλισμός μετάδοσης βίντεο ζεύγους Ahd tvi cvi και μπορεί να χρησιμοποιηθεί για αποστολή και λήψη, δεν χρειάζεται παροχή ρεύματος. <br /><strong>Διαθέτει:</strong> <br />Συμβατό με σήμα AHD/CVI/TVI <br />Σήμα μετάδοσης: 720P/1080P <br />Καλώδιο: CAT 5/5e/6 <br />Απόσταση μετάδοσης έως 300 μέτρα για CVA/AHD, 200 μέτρα για TVI <br />Δεν απαιτείται ρεύμα <br />Ενσωματωμένη προστασία από υπερτάσεις<br />Απόρριψη παρεμβολών <br /><strong>Χαρακτηριστικά:</strong> <br />Τροφοδοτικό: χωρίς πρόσθετο τροφοδοτικό. <br />Εφέ μετάδοσης: μετάδοση σήματος βίντεο AHD / HDCVI / HDTVI σε πραγματικό χρόνο, καθαρό και σταθερό βίντεο. Απόσταση μετάδοσης: 0 ~ 400 μέτρα (με τον παθητικό πομπό με). <br />Η κύρια λειτουργία: η χρήση ενός ζεύγους μετάδοσης σήματος βίντεο ενός καναλιού. <br />Προστασία από παρεμβολές: εξαιρετική για αντικεραυνική προστασία, αντιστατική ικανότητα. <br /><br /></p>",Είδη TV  Η/Υ  laptop
