id,title,description,availability,condition,price,link,image_link,brand,color,shipping_weight,rich_text_description,fb_product_category
36614,Φακός κεφαλής LED – Headlamp - 196-T6 - 501964,Φακός κεφαλής LED – Headlamp - 196-T6 - 501964,in stock,new,8.1 EUR,,https://www.tradesor.gr/wp-content/uploads/2023/04/1305_501964.jpg,OEM,No Color,0.6,"<p>Λειτουργεί με 2 μπαταρίες ΑΑ, είναι αδιάβροχος. Το λουράκι προσαρμόζεται εύκολα σε κάθε κεφάλι. </p>",ΦΩΤΙΣΜΟΣ  ΕΝΕΡΓΕΙΑ>Φακοί>Φακοί κεφαλής
37193,Φακός κεφαλής LED – Headlamp - BL-2199-T6 - 521993,Φακός κεφαλής LED – Headlamp - BL-2199-T6 - 521993,in stock,new,10.8 EUR,,https://www.tradesor.gr/wp-content/uploads/2023/04/521993_812.jpg,OEM,No Color,0.6,"<div class=""simple-description js-description-html""><p>Επαναφορτιζόμενος φακός κεφαλής Led με Ζoom Bailong BL-2199-T6.<br />Κατασκευή από σκληρό αλουμίνιο, ανθεκτικός στο νερό και την υγρασία, κατάλληλος για δραστηριότητες-χόμπι και επαγγελματική χρήση.</p></div><div class=""rich-components""><section class=""one-column""><p>Χαρακτηριστικά:</p><div class=""body-text""><ul><li>1 Led ultra bright</li><li>Ισχύς: 10 watt</li><li>1200 lumens</li><li>3 Διαφορετικές σκάλες λειτουργίας - δυνατό, χαμηλό και λειτουργία SOS</li><li>Ρύθμιση δέσμης και έντασης με τη λειτουργία zoom</li><li>Ανθεκτικός στη βροχή και τις καιρικές συνθήκες</li><li>Αυτονομία μπαταρίας 3 ώρες</li><li>Λειτουργεί με 2 επαναφορτιζόμενες μπαταρίες λιθίου 8800mAh 3.7V 18650</li></ul></div></section></div>",ΦΩΤΙΣΜΟΣ  ΕΝΕΡΓΕΙΑ>Φακοί>Φακοί κεφαλής
37347,Φακός κεφαλής LED – Headlamp - BL-K85-T6 - 500856,Φακός κεφαλής LED – Headlamp - BL-K85-T6 - 500856,in stock,new,12.6 EUR,,https://www.tradesor.gr/wp-content/uploads/2023/04/0911_500856-1.jpg,OEM,No Color,0.6,"<div class=""features-list""><div class=""item-tag"">Σύνολο Πομπών: 3</div></div><div class=""features-list""><div class=""item-tag"">Λειτουργία Εναλλαγής: ( Υψηλή &gt; Μεσαία &gt; Χαμηλή)</div></div><div class=""features-list""><div class=""item-tag"">Φωτεινότητα (lm): 2400</div></div><div class=""features-list""><div class=""item-tag"">Περιλαμβάνει: Μπαταρίες και φορτιστή</div></div><div class=""features-list""><div class=""item-tag"">Υλικό Σώματος: Κράμα Αλουμινίου</div></div><div class=""features-list""><div class=""number-tag"">Αδιάβροχος: IPX-4</div></div>",ΦΩΤΙΣΜΟΣ  ΕΝΕΡΓΕΙΑ>Φακοί>Φακοί κεφαλής
37348,Φακός κεφαλής LED – Headlamp - BL-T76-T6 - 500769,Φακός κεφαλής LED – Headlamp - BL-T76-T6 - 500769,in stock,new,14.4 EUR,,https://www.tradesor.gr/wp-content/uploads/2023/04/0911_500769-1.jpeg,OEM,No Color,0.6,"<div class=""features-list""><div class=""item-tag"">Σύνολο Πομπών: 7</div></div><div class=""features-list""><div class=""item-tag"">Λειτουργία Εναλλαγής: ( Υψηλή &gt; Μεσαία &gt; Χαμηλή)</div></div><div class=""features-list""><div class=""item-tag"">Φωτεινότητα (lm): 2400</div></div><div class=""features-list""><div class=""item-tag"">Περιλαμβάνει: Μπαταρίες και φορτιστή</div></div><div class=""features-list""><div class=""item-tag"">Υλικό Σώματος: Αλουμίνιο</div></div><div class=""features-list""><div class=""number-tag"">Αδιάβροχος: IPX-4</div></div>",ΦΩΤΙΣΜΟΣ  ΕΝΕΡΓΕΙΑ>Φακοί>Φακοί κεφαλής
37513,Φακός κεφαλής LED – Headlamp - 8806 - 238063,Φακός κεφαλής LED – Headlamp - 8806 - 238063,in stock,new,4.5 EUR,,https://www.tradesor.gr/wp-content/uploads/2023/04/238063_1009.jpg,OEM,No Color,0.6,"<div id=""tab-description"" class=""panel entry-content wc-tab""><p>Επαναφορτιζόμενος προβολέας κεφαλής LED, με ισχυρό φωτισμό και μεγάλη αυτονομία μπαταρίας, κατάλληλος για επαγγελματική χρήση. Είναι κατασκευασμένος από πλαστικό ABS με μέγιστη ανθεκτικότητα.</p><p>Με ενσωματωμένη επαναφορτιζόμενη μπαταρία Λιθίου. Φορτίζει με καλώδιο USB (περιλαμβάνεται).</p><p>Χρόνος ζωής: 10.000 ώρες</p></div>",ΦΩΤΙΣΜΟΣ  ΕΝΕΡΓΕΙΑ>Φακοί>Φακοί κεφαλής
37714,Φακός κεφαλής LED – Headlamp – T83-B6-T6 – 5008,Φακός κεφαλής LED – Headlamp – T83-B6-T6 – 500837,in stock,new,10.8 EUR,,https://www.tradesor.gr/wp-content/uploads/2023/04/16492198235044431.jpg,OEM,No Color,0.6,"<div class=""features-list""><div class=""item-tag"">Σύνολο Πομπών: 3</div></div><div class=""features-list""><div class=""item-tag"">Λειτουργία Εναλλαγής: ( Υψηλή &gt; Μεσαία &gt; Χαμηλή)</div></div><div class=""features-list""><div class=""item-tag"">Φωτεινότητα (lm): 2400</div></div><div class=""features-list""><div class=""item-tag"">Περιλαμβάνει: Μπαταρίες και φορτιστή</div></div><div class=""features-list""><div class=""item-tag"">Υλικό Σώματος: Κράμα Αλουμινίου</div></div><div class=""features-list""><div class=""number-tag"">Αδιάβροχος: IPX-4</div></div>",ΦΩΤΙΣΜΟΣ  ΕΝΕΡΓΕΙΑ>Φακοί>Φακοί κεφαλής
37777,Φακός κεφαλής LED – Headlamp - GB40 - 180117,Φακός κεφαλής LED – Headlamp - GB40 - 180117,in stock,new,8.1 EUR,,https://www.tradesor.gr/wp-content/uploads/2023/04/180117_811.jpg,OEM,No Color,0.6,"Επαναφορτιζόμενος φακός κεφαλής υψηλής φωτεινότητας και ισχύος με 2 λαμπτήρες LED.
Ρυθμιζόμενο λουρί εφαρμογής.
Εύρος φωτισμού: 270°",ΦΩΤΙΣΜΟΣ  ΕΝΕΡΓΕΙΑ>Φακοί>Φακοί κεφαλής
38039,Φακός κεφαλής LED – Headlamp - 109-3 - 181243,Φακός κεφαλής LED – Headlamp - 109-3 - 181243,in stock,new,14.4 EUR,,https://www.tradesor.gr/wp-content/uploads/2023/04/181243.jpg,OEM,No Color,0.6,"<p>Επαναφορτιζόμενος προβολέας κεφαλής LED, με ισχυρό φωτισμό και μεγάλη αυτονομία μπαταρίας, κατάλληλος για επαγγελματική χρήση. Είναι κατασκευασμένος από πλαστικό ABS με μέγιστη ανθεκτικότητα.</p><p>Με ενσωματωμένη επαναφορτιζόμενη μπαταρία Λιθίου. <br />Φορτίζει με καλώδιο USB (περιλαμβάνεται). <br />Διαθέτει ρυθμιζόμενο λουρί εφαρμογής.</p>",ΦΩΤΙΣΜΟΣ  ΕΝΕΡΓΕΙΑ>Φακοί>Φακοί κεφαλής
38041,Φακός κεφαλής LED – Headlamp - T113-1 - 630080,Φακός κεφαλής LED – Headlamp - T113-1 - 630080,in stock,new,23.4 EUR,,https://www.tradesor.gr/wp-content/uploads/2023/04/630080.png,OEM,No Color,0.6,"Επαναφορτιζόμενος προβολέας κεφαλής LED, με ισχυρό φωτισμό και μεγάλη αυτονομία μπαταρίας, κατάλληλος για επαγγελματική χρήση. Είναι κατασκευασμένος από πλαστικό ABS με μέγιστη ανθεκτικότητα.

Με ενσωματωμένη επαναφορτιζόμενη μπαταρία Λιθίου.
Φορτίζει με καλώδιο USB (περιλαμβάνεται).
Διαθέτει ρυθμιζόμενο λουρί εφαρμογής.",ΦΩΤΙΣΜΟΣ  ΕΝΕΡΓΕΙΑ>Φακοί>Φακοί κεφαλής
38043,Φακός κεφαλής LED – Headlamp - T125 - 630004,Φακός κεφαλής LED – Headlamp - T125 - 630004,in stock,new,5.4 EUR,,https://www.tradesor.gr/wp-content/uploads/2023/04/630004.jpg,OEM,No Color,0.6,"<p>Επαναφορτιζόμενος προβολέας κεφαλής LED, με ισχυρό φωτισμό και μεγάλη αυτονομία μπαταρίας, κατάλληλος για επαγγελματική χρήση. Είναι κατασκευασμένος από πλαστικό ABS με μέγιστη ανθεκτικότητα.</p><p>Με ενσωματωμένη επαναφορτιζόμενη μπαταρία Λιθίου. <br />Φορτίζει με καλώδιο USB (περιλαμβάνεται). <br />Διαθέτει ρυθμιζόμενο λουρί εφαρμογής.</p>",ΦΩΤΙΣΜΟΣ  ΕΝΕΡΓΕΙΑ>Φακοί>Φακοί κεφαλής
38264,Φακός κεφαλής LED - Headlamp - 0158A - 186156,Φακός κεφαλής LED - Headlamp - 0158A - 186156,in stock,new,4.5 EUR,,https://www.tradesor.gr/wp-content/uploads/2023/04/186156.jpg,OEM,No Color,0.6,"<p>Επαναφορτιζόμενος προβολέας κεφαλής LED, με ισχυρό φωτισμό 3 πομπών και μεγάλη αυτονομία μπαταρίας, κατάλληλος για επαγγελματική χρήση. Είναι κατασκευασμένος από πλαστικό ABS με μέγιστη ανθεκτικότητα.</p><p>Με ενσωματωμένη επαναφορτιζόμενη μπαταρία Λιθίου. <br />Φορτίζει με καλώδιο USB (περιλαμβάνεται). <br />Διαθέτει ρυθμιζόμενο λουρί εφαρμογής.<br />Αυτονομία μπαταρίας: έως 3 ώρες.</p>",ΦΩΤΙΣΜΟΣ  ΕΝΕΡΓΕΙΑ>Φακοί>Φακοί κεφαλής
38265,Φακός κεφαλής LED – Headlamp - SL11 - 182813,Φακός κεφαλής LED – Headlamp - SL11 - 182813,in stock,new,9.9 EUR,,https://www.tradesor.gr/wp-content/uploads/2023/04/182813.jpg,OEM,No Color,0.6,"<p>Επαναφορτιζόμενος προβολέας κεφαλής LED, με ισχυρό φωτισμό και μεγάλη αυτονομία μπαταρίας, κατάλληλος για επαγγελματική χρήση. Είναι κατασκευασμένος από πλαστικό ABS με μέγιστη ανθεκτικότητα.</p><p>Με ενσωματωμένη επαναφορτιζόμενη μπαταρία Λιθίου. <br />Φορτίζει με καλώδιο USB (περιλαμβάνεται). <br />Διαθέτει ρυθμιζόμενο λουρί εφαρμογής.</p>",ΦΩΤΙΣΜΟΣ  ΕΝΕΡΓΕΙΑ>Φακοί>Φακοί κεφαλής
38267,Φακός κεφαλής LED – Headlamp - 502 - 186163,Φακός κεφαλής LED – Headlamp - 502 - 186163,in stock,new,4.5 EUR,,https://www.tradesor.gr/wp-content/uploads/2023/04/186163-1.jpg,OEM,No Color,0.6,"Επαναφορτιζόμενος προβολέας κεφαλής LED, με ισχυρό φωτισμό 5 πομπών και μεγάλη αυτονομία μπαταρίας, κατάλληλος για επαγγελματική χρήση. Είναι κατασκευασμένος από πλαστικό ABS με μέγιστη ανθεκτικότητα.

Με ενσωματωμένη επαναφορτιζόμενη μπαταρία Λιθίου.
Φορτίζει με καλώδιο USB (περιλαμβάνεται).
Διαθέτει ρυθμιζόμενο λουρί εφαρμογής.",ΦΩΤΙΣΜΟΣ  ΕΝΕΡΓΕΙΑ>Φακοί>Φακοί κεφαλής
38269,Φακός κεφαλής LED – Headlamp - J802 - 186132,Φακός κεφαλής LED – Headlamp - J802 - 186132,in stock,new,14.4 EUR,,https://www.tradesor.gr/wp-content/uploads/2023/04/186132.jpg,OEM,No Color,0.6,"<p>Επαναφορτιζόμενος προβολέας κεφαλής LED, με ισχυρό φωτισμό και μεγάλη αυτονομία μπαταρίας, κατάλληλος για επαγγελματική χρήση. Είναι κατασκευασμένος από πλαστικό ABS με μέγιστη ανθεκτικότητα.</p><p>Με ενσωματωμένη επαναφορτιζόμενη μπαταρία Λιθίου. <br />Φορτίζει με καλώδιο USB (περιλαμβάνεται). <br />Διαθέτει ρυθμιζόμενο λουρί εφαρμογής.</p>",ΦΩΤΙΣΜΟΣ  ΕΝΕΡΓΕΙΑ>Φακοί>Φακοί κεφαλής
38383,Φακός κεφαλής LED – Headlamp - 1683 - 800191,Φακός κεφαλής LED – Headlamp - 1683 - 800191,in stock,new,5.4 EUR,,https://www.tradesor.gr/wp-content/uploads/2023/04/800191.png,OEM,No Color,0.6,"<p>Επαναφορτιζόμενος προβολέας κεφαλής LED, με ισχυρό φωτισμό 3 πομπών και μεγάλη αυτονομία μπαταρίας, κατάλληλος για επαγγελματική χρήση. Είναι κατασκευασμένος από πλαστικό ABS με μέγιστη ανθεκτικότητα.</p><p>Με ενσωματωμένη επαναφορτιζόμενη μπαταρία Λιθίου. <br />Φορτίζει με καλώδιο USB (περιλαμβάνεται). <br />Διαθέτει ρυθμιζόμενο λουρί εφαρμογής.</p>",ΦΩΤΙΣΜΟΣ  ΕΝΕΡΓΕΙΑ>Φακοί>Φακοί κεφαλής
38468,Φακός κεφαλής LED - Headlamp - 725-2 - 179012,Φακός κεφαλής LED - Headlamp - 725-2 - 179012,in stock,new,9 EUR,,https://www.tradesor.gr/wp-content/uploads/2023/04/179012.jpg,OEM,No Color,0.6,"<div class=""prod-descr""><div class=""prod-descr""><p>Επαναφορτιζόμενος προβολέας κεφαλής LED, με ισχυρό φωτισμό και μεγάλη αυτονομία μπαταρίας, κατάλληλος για επαγγελματική χρήση. Είναι κατασκευασμένος από πλαστικό ABS με μέγιστη ανθεκτικότητα.</p><p>Με ενσωματωμένη επαναφορτιζόμενη μπαταρία Λιθίου. <br />Φορτίζει με καλώδιο USB (περιλαμβάνεται).<br />Αυτονομία έως και 4 ώρες<br />Ρυθμιζόμενο λουρί στήριξης.<br />Βάρος: περ. 350gr<br />Χρόνος ζωής: 10.000 ώρες</p></div></div>",ΦΩΤΙΣΜΟΣ  ΕΝΕΡΓΕΙΑ>Φακοί>Φακοί κεφαλής
38469,Φακός κεφαλής LED - Headlamp - W683 - 179135,Φακός κεφαλής LED - Headlamp - W683 - 179135,in stock,new,5.4 EUR,,https://www.tradesor.gr/wp-content/uploads/2023/04/179135.jpg,OEM,No Color,0.6,"<div class=""prod-descr""><div class=""prod-descr""><div class=""prod-descr""><div class=""prod-descr""><div class=""prod-descr""><p>Επαναφορτιζόμενος προβολέας κεφαλής LED, με ισχυρό φωτισμό 6 πομπών και μεγάλη αυτονομία μπαταρίας, κατάλληλος για επαγγελματική χρήση. <br />Είναι κατασκευασμένος από πλαστικό ABS με μέγιστη ανθεκτικότητα.</p><p>Με ενσωματωμένη επαναφορτιζόμενη μπαταρία Λιθίου. <br />Φορτίζει με καλώδιο USB (περιλαμβάνεται).<br />Αυτονομία μπαταρίας: έως 3 ώρες<br />Ρυθμιζόμενο λουρί στήριξης.</p><p>Χρόνος ζωής: 10.000 ώρες</p></div></div></div></div></div>",ΦΩΤΙΣΜΟΣ  ΕΝΕΡΓΕΙΑ>Φακοί>Φακοί κεφαλής
38765,Φακός κεφαλής LED - Headlamp - SB-501 - 679501 - 2918,Φακός κεφαλής LED - Headlamp - SB-501 - 679501 - 291899,in stock,new,2.34 EUR,,https://www.tradesor.gr/wp-content/uploads/2023/04/679501_1511.jpeg,OEM,No Color,0.6,"<div id=""tab-description"" class=""tab-pane""><p>Προβολέας κεφαλής Led SB501 με μπαταρία. <br />Μικρός και βολικός στο μέγεθος για εύκολη μεταφορά. <br />Περιστρέφεται κατά 180 μοίρες για να το προσαρμόζετε όπως εσείς θέλετε. Τα leds εκπέμπουν δυνατό λευκό φως. <br />Τύπος λυχνίας: LED 200 LUMENS <br />Λειτουργεί με 3 απλές μπαταρίες ΑΑΑ (δεν περιλαμβάνονται)</p></div>",ΦΩΤΙΣΜΟΣ  ΕΝΕΡΓΕΙΑ>Φακοί>Φακοί κεφαλής
38770,Φακός κεφαλής LED - Headlamp - T123 - 180155,Φακός κεφαλής LED - Headlamp - T123 - 180155,in stock,new,6.3 EUR,,https://www.tradesor.gr/wp-content/uploads/2023/04/180155_811.jpg,OEM,No Color,0.6,<p>Μοντέλο: T-126<br />Υλικό: ABS<br />Βάρος φακού: 83g<br />Τύπος LED: XPE+COB<br />Επαναφορτιζόμενη μπαταρία: 1200mAh<br />Διαθέτει ρυθμιζόμενο ιμάντα τοποθέτησης κεφαλής</p>,ΦΩΤΙΣΜΟΣ  ΕΝΕΡΓΕΙΑ>Φακοί>Φακοί κεφαλής
39168,Φακός κεφαλής LED - Headlamp - W691-1 - 630011,Φακός κεφαλής LED - Headlamp - W691-1 - 630011,in stock,new,9 EUR,,https://www.tradesor.gr/wp-content/uploads/2023/04/630011.jpg,OEM,No Color,0.6,"<div id=""tab-description"" class=""panel entry-content wc-tab""><p>Επαναφορτιζόμενος προβολέας κεφαλής LED, με ισχυρό φωτισμό και μεγάλη αυτονομία μπαταρίας, κατάλληλος για επαγγελματική χρήση. Είναι κατασκευασμένος από πλαστικό ABS με μέγιστη ανθεκτικότητα.</p><p>Με ενσωματωμένη επαναφορτιζόμενη μπαταρία Λιθίου. <br />Φορτίζει με καλώδιο USB (περιλαμβάνεται). <br />Διαθέτει ρυθμιζόμενο λουρί εφαρμογής.<br />Αυτονομία μπαταρίας: έως και 3 ώρες</p></div>",ΦΩΤΙΣΜΟΣ  ΕΝΕΡΓΕΙΑ>Φακοί>Φακοί κεφαλής
39169,Φακός κεφαλής LED - Headlamp - T22-P50 - 630073,Φακός κεφαλής LED - Headlamp - T22-P50 - 630073,in stock,new,18 EUR,,https://www.tradesor.gr/wp-content/uploads/2023/04/630073.jpg,OEM,No Color,0.6,"<p>Επαναφορτιζόμενος προβολέας κεφαλής LED, με ισχυρό φωτισμό και μεγάλη αυτονομία μπαταρίας, κατάλληλος για επαγγελματική χρήση. Είναι κατασκευασμένος από πλαστικό ABS με μέγιστη ανθεκτικότητα.</p><p>2000 Lumens<br />4 επίπεδα φωτισμού<br />Περιστρεφόμενη κεφαλή 180°<br />Eνσωματωμένη επαναφορτιζόμενη μπαταρία Λιθίου.<br />Φορτίζει με καλώδιο USB (περιλαμβάνεται).<br />Ρυθμιζόμενο λουρί εφαρμογής.<br /><span class=""ux-textspans"">Waterproof grade: </span><span class=""ux-textspans"">IPX4<br /></span>Διάμετρος φακού: 180mm<br />Πλάτος (απο μπρος προς πίσω μαζί με φακό): 290mm<br />Βάρος: 460g</p>",ΦΩΤΙΣΜΟΣ  ΕΝΕΡΓΕΙΑ>Φακοί>Φακοί κεφαλής
39439,Φακός κεφαλής LED - Headlamp - 819T - 708199,Φακός κεφαλής LED - Headlamp - 819T - 708199,in stock,new,5.4 EUR,,https://www.tradesor.gr/wp-content/uploads/2023/04/708199_712.jpg,OEM,No Color,0.6,"<p>Επαναφορτιζόμενος προβολέας κεφαλής LED, με ισχυρό φωτισμό και μεγάλη αυτονομία μπαταρίας, κατάλληλος για επαγγελματική χρήση. Είναι κατασκευασμένος από πλαστικό ABS με μέγιστη ανθεκτικότητα.</p><p>Με ενσωματωμένη επαναφορτιζόμενη μπαταρία Λιθίου. <br />Φορτίζει με καλώδιο USB (περιλαμβάνεται).<br />Αυτονομία έως και 4 ώρες<br />Ρυθμιζόμενο λουρί στήριξης.<br />Βάρος: περ. 350gr<br />Χρόνος ζωής: 10.000 ώρες</p>",ΦΩΤΙΣΜΟΣ  ΕΝΕΡΓΕΙΑ>Φακοί>Φακοί κεφαλής
39440,Φακός κεφαλής LED - Headlamp - JN816 - 708168,Φακός κεφαλής LED - Headlamp - JN816 - 708168,in stock,new,4.5 EUR,,https://www.tradesor.gr/wp-content/uploads/2023/04/708168_712.jpg,OEM,No Color,0.6,"<p>Επαναφορτιζόμενος προβολέας κεφαλής LED, με ισχυρό φωτισμό και μεγάλη αυτονομία μπαταρίας, κατάλληλος για επαγγελματική χρήση. Είναι κατασκευασμένος από πλαστικό ABS με μέγιστη ανθεκτικότητα.</p><p>Με ενσωματωμένη επαναφορτιζόμενη μπαταρία Λιθίου. <br />Φορτίζει με καλώδιο USB (περιλαμβάνεται).<br />Αυτονομία έως και 4 ώρες<br />Ρυθμιζόμενο λουρί στήριξης.<br />Βάρος: περ. 350gr<br />Χρόνος ζωής: 10.000 ώρες</p>",ΦΩΤΙΣΜΟΣ  ΕΝΕΡΓΕΙΑ>Φακοί>Φακοί κεφαλής
39588,Φακός κεφαλής LED – Headlamp - 326 - 503265,Φακός κεφαλής LED – Headlamp - 326 - 503265,in stock,new,4.5 EUR,,https://www.tradesor.gr/wp-content/uploads/2023/04/503265.png,OEM,No Color,0.6,<p>Είναι επαναφορτιζόμενος και αδιάβροχος. Το λουράκι προσαρμόζεται εύκολα σε κάθε κεφάλι. Είναι ελαφρύς και εύχρηστος. <br /><br />Η διάρκεια φόρτισης είναι έως 1 ώρα και η διάρκεια χρήσης έως 3 ώρες. </p>,ΦΩΤΙΣΜΟΣ  ΕΝΕΡΓΕΙΑ>Φακοί>Φακοί κεφαλής
39661,Φακός κεφαλής LED – Headlamp - 010 - 630042,Φακός κεφαλής LED – Headlamp - 010 - 630042,in stock,new,10.8 EUR,,https://www.tradesor.gr/wp-content/uploads/2023/04/630042.jpg,OEM,No Color,0.6,"<p>Επαναφορτιζόμενος προβολέας κεφαλής LED, με ισχυρό φωτισμό και μεγάλη αυτονομία μπαταρίας, κατάλληλος για επαγγελματική χρήση. Είναι κατασκευασμένος από πλαστικό ABS με μέγιστη ανθεκτικότητα.</p><p>Με ενσωματωμένη επαναφορτιζόμενη μπαταρία Λιθίου.<br />Φορτίζει με καλώδιο USB (περιλαμβάνεται).<br />Διαθέτει ρυθμιζόμενο λουρί εφαρμογής.</p>",ΦΩΤΙΣΜΟΣ  ΕΝΕΡΓΕΙΑ>Φακοί>Φακοί κεφαλής
50783,Φακός κεφαλής LED - 210 - 630110,Φακός κεφαλής LED - 210 - 630110,in stock,new,6.3 EUR,,https://www.tradesor.gr/wp-content/uploads/2023/05/af5d4f97e61b506787851c0fa83edc80.jpg,OEM,No Color,0.4,"Επαναφορτιζόμενος προβολέας κεφαλής LED, με ισχυρό φωτισμό και μεγάλη αυτονομία μπαταρίας, κατάλληλος για επαγγελματική χρήση. Είναι κατασκευασμένος από πλαστικό ABS με μέγιστη ανθεκτικότητα.

Με ενσωματωμένη επαναφορτιζόμενη μπαταρία Λιθίου.
Φορτίζει με καλώδιο USB (περιλαμβάνεται).
Διαθέτει ρυθμιζόμενο λουρί εφαρμογής.",ΦΩΤΙΣΜΟΣ  ΕΝΕΡΓΕΙΑ>Φακοί>Φακοί κεφαλής
50786,Φακός κεφαλής LED - W689-3 - 182806,Φακός κεφαλής LED - W689-3 - 182806,in stock,new,9 EUR,,https://www.tradesor.gr/wp-content/uploads/2023/05/3a248e75e764992d6494bd5bc76de76d.jpg,OEM,No Color,0.4,"Επαναφορτιζόμενος προβολέας κεφαλής LED, με ισχυρό φωτισμό και μεγάλη αυτονομία μπαταρίας, κατάλληλος για επαγγελματική χρήση. Είναι κατασκευασμένος από πλαστικό ABS με μέγιστη ανθεκτικότητα.

Με ενσωματωμένη επαναφορτιζόμενη μπαταρία Λιθίου.
Φορτίζει με καλώδιο USB (περιλαμβάνεται).
Διαθέτει ρυθμιζόμενο λουρί εφαρμογής.",ΦΩΤΙΣΜΟΣ  ΕΝΕΡΓΕΙΑ>Φακοί>Φακοί κεφαλής
50789,Φακός κεφαλής LED - W685-1 - 289102,Φακός κεφαλής LED - W685-1 - 289102,in stock,new,8.1 EUR,,https://www.tradesor.gr/wp-content/uploads/2023/05/00878e7d75308e8e3172ed6b00f78349.jpg,OEM,No Color,0.4,"Επαναφορτιζόμενος προβολέας κεφαλής LED, με ισχυρό φωτισμό και μεγάλη αυτονομία μπαταρίας, κατάλληλος για επαγγελματική χρήση.
Είναι κατασκευασμένος από πλαστικό ABS με μέγιστη ανθεκτικότητα.

Με ενσωματωμένη επαναφορτιζόμενη μπαταρία Λιθίου.
Φορτίζει με καλώδιο USB (περιλαμβάνεται).
Διαθέτει ρυθμιζόμενο λουρί εφαρμογής.

Φωτεινότητα (lm): 2400

Χρόνος ζωής: 10.000 ώρες",ΦΩΤΙΣΜΟΣ  ΕΝΕΡΓΕΙΑ>Φακοί>Φακοί κεφαλής
50792,Φακός κεφαλής LED - 107-P50 - 630066,Φακός κεφαλής LED - 107-P50 - 630066,in stock,new,11.7 EUR,,https://www.tradesor.gr/wp-content/uploads/2023/05/ebac01eb07bb3a5588f6b1959c2241bb.jpg,OEM,No Color,0.4,"Επαναφορτιζόμενος προβολέας κεφαλής LED, με ισχυρό φωτισμό και μεγάλη αυτονομία μπαταρίας, κατάλληλος για επαγγελματική χρήση. Είναι κατασκευασμένος από πλαστικό ABS με μέγιστη ανθεκτικότητα. Χαρακτηριστικά:
zoom in/out
4000 Lumens
Απόσταση φωτισμού: έως 100m
Waterproof grade: IPX-6,
Ρυθμιζόμενο λουράκι.
Περιλαμβάνονται: 2 μπαταρίες λιθίου 18650, συνολικά 8400mAh, Καλώδιο φόρτισης USB",ΦΩΤΙΣΜΟΣ  ΕΝΕΡΓΕΙΑ>Φακοί>Φακοί κεφαλής
50795,Φακός κεφαλής LED - T26 - 800184,Φακός κεφαλής LED - T26 - 800184,in stock,new,4.5 EUR,,https://www.tradesor.gr/wp-content/uploads/2023/05/e142d1550f87383e3b9e80b94b12ee8f.jpg,OEM,No Color,0.4,"Επαναφορτιζόμενος προβολέας κεφαλής LED, με ισχυρό φωτισμό 7 πομπών και μεγάλη αυτονομία μπαταρίας, κατάλληλος για επαγγελματική χρήση. Είναι κατασκευασμένος από πλαστικό ABS με μέγιστη ανθεκτικότητα. Χαρακτηριστικά:
Υλικό: Πλαστικό
Αριθμός LED: 7SMD
Χρώμα φωτισμού: Λευκό
Λειτουργίες φωτισμού: 3 + 1 strobe
Τροφοδοσία: επαναφορτιζόμενη μπαταρία
Χρώμα: Μαύρο
Καλώδιο φόρτισης USB",ΦΩΤΙΣΜΟΣ  ΕΝΕΡΓΕΙΑ>Φακοί>Φακοί κεφαλής
50798,Φακός κεφαλής LED - 209 - 630103,Φακός κεφαλής LED - 209 - 630103,in stock,new,5.4 EUR,,https://www.tradesor.gr/wp-content/uploads/2023/05/a4e8b39a4d6f010123908649816aab09.jpg,OEM,No Color,0.4,"Επαναφορτιζόμενος προβολέας κεφαλής LED, με ισχυρό φωτισμό και μεγάλη αυτονομία μπαταρίας, κατάλληλος για επαγγελματική χρήση. Είναι κατασκευασμένος από πλαστικό ABS με μέγιστη ανθεκτικότητα.

Με ενσωματωμένη επαναφορτιζόμενη μπαταρία Λιθίου.
Φορτίζει με καλώδιο USB (περιλαμβάνεται).
Διαθέτει ρυθμιζόμενο λουρί εφαρμογής.",ΦΩΤΙΣΜΟΣ  ΕΝΕΡΓΕΙΑ>Φακοί>Φακοί κεφαλής
50801,Φακός κεφαλής LED - XQ210-2T6 - 186149,Φακός κεφαλής LED - XQ210-2T6 - 186149,in stock,new,11.7 EUR,,https://www.tradesor.gr/wp-content/uploads/2023/04/186149.jpg,OEM,No Color,0.4,"Επαναφορτιζόμενος προβολέας κεφαλής LED, με ισχυρό φωτισμό και μεγάλη αυτονομία μπαταρίας, κατάλληλος για επαγγελματική χρήση. Είναι κατασκευασμένος από πλαστικό ABS με μέγιστη ανθεκτικότητα.

Με ενσωματωμένη επαναφορτιζόμενη μπαταρία Λιθίου.
Φορτίζει με καλώδιο USB (περιλαμβάνεται).
Διαθέτει ρυθμιζόμενο λουρί εφαρμογής.",ΦΩΤΙΣΜΟΣ  ΕΝΕΡΓΕΙΑ>Φακοί>Φακοί κεφαλής
50804,Φακός κεφαλής LED - 815-1 - 179074,Φακός κεφαλής LED - 815-1 - 179074,in stock,new,5.4 EUR,,https://www.tradesor.gr/wp-content/uploads/2023/05/111079ac4912280910bbf13dba3bc0fe.jpg,OEM,No Color,0.4,"Επαναφορτιζόμενος προβολέας κεφαλής LED, με ισχυρό φωτισμό 5 πομπών και μεγάλη αυτονομία μπαταρίας, κατάλληλος για επαγγελματική χρήση. Είναι κατασκευασμένος από πλαστικό ABS με μέγιστη ανθεκτικότητα.

Με ενσωματωμένη επαναφορτιζόμενη μπαταρία Λιθίου. 3 πομποί ψυχρού φωτισμού και 2 θερμού. Φορτίζει με καλώδιο USB (περιλαμβάνεται). Διαστάσεις φακού: 8.3x5.6x5.7cm.

Χρόνος ζωής: 10.000 ώρες",ΦΩΤΙΣΜΟΣ  ΕΝΕΡΓΕΙΑ>Φακοί>Φακοί κεφαλής
54070,Φακός κεφαλής LED - 2302 - 706584,Φακός κεφαλής LED - 2302 - 706584,in stock,new,5.4 EUR,,https://www.tradesor.gr/wp-content/uploads/2023/05/706584.jpg,OEM,No Color,0.8,"Επαναφορτιζόμενος φακός κεφαλής LED με 3 πομπούς LED και 1 LED COB. Φωτισμός υψηλής ισχύος και εργονομική σχεδίαση, με ρυθμιζόμενο λουρί εφαρμογής. Κατάλληλος για επαγγελματική χρήση. Αυτονομία μπαταρίας: έως 3 ώρες. Διαστάσεις φακού: 8x4x2.5cm. Περιλαμβάνεται καλώδιο φόρτισης.",ΦΩΤΙΣΜΟΣ  ΕΝΕΡΓΕΙΑ>Φακοί>Φακοί κεφαλής
54073,Φακός κεφαλής LED - 362 - 706577,Φακός κεφαλής LED - 362 - 706577,in stock,new,9 EUR,,https://www.tradesor.gr/wp-content/uploads/2023/05/706577.jpg,OEM,No Color,0.8,"Επαναφορτιζόμενος φακός κεφαλής LED με 4 πομπούς LED και 2 LED COB. Φωτισμός υψηλής ισχύος και εργονομική σχεδίαση, με ρυθμιζόμενο λουρί εφαρμογής. Κατάλληλος για επαγγελματική χρήση. Αυτονομία μπαταρίας: έως 3 ώρες. Διαστάσεις φακού: 6x9cm. Περιλαμβάνεται καλώδιο φόρτισης.",ΦΩΤΙΣΜΟΣ  ΕΝΕΡΓΕΙΑ>Φακοί>Φακοί κεφαλής
54076,Φακός κεφαλής LED - 361 - 706560,Φακός κεφαλής LED - 361 - 706560,in stock,new,9 EUR,,https://www.tradesor.gr/wp-content/uploads/2023/05/706560.jpg,OEM,No Color,0.8,"Επαναφορτιζόμενος φακός κεφαλής LED με 3 πομπούς LED και 2 LED COB. Φωτισμός υψηλής ισχύος και εργονομική σχεδίαση, με ρυθμιζόμενο λουρί εφαρμογής. Κατάλληλος για επαγγελματική χρήση. Αυτονομία μπαταρίας: έως 3 ώρες. Διαστάσεις φακού: 5.5x9cm. Περιλαμβάνεται καλώδιο φόρτισης.",ΦΩΤΙΣΜΟΣ  ΕΝΕΡΓΕΙΑ>Φακοί>Φακοί κεφαλής
54079,Φακός κεφαλής LED - G21 - 706553,Φακός κεφαλής LED - G21 - 706553,in stock,new,9 EUR,,https://www.tradesor.gr/wp-content/uploads/2023/05/706553.jpg,OEM,No Color,0.8,"Επαναφορτιζόμενος φακός κεφαλής LED με αποσπώμενη μαγνητική κεφαλή και έξτρα τρίποδο στήριξης για χρήση και ως σταθερός προβολέας. Η κεφαλή διαθέτει επιπλέον πτυσσόμενο στήριγμα στην πίσω όψη για στήριξη σε οποιαδήποτε επιφάνεια. Φωτισμός υψηλής ισχύος και εργονομική σχεδίαση, με ρυθμιζόμενο λουρί εφαρμογής. Κατάλληλος για επαγγελματική χρήση. Αυτονομία μπαταρίας: έως 3 ώρες. Διαστάσεις φακού: 4.5x7cm. Περιλαμβάνεται καλώδιο φόρτισης.",ΦΩΤΙΣΜΟΣ  ΕΝΕΡΓΕΙΑ>Φακοί>Φακοί κεφαλής
54082,Φακός κεφαλής LED -  White/Red - 5808 - 200514,Φακός κεφαλής LED -  White/Red - 5808 - 200514,in stock,new,8.1 EUR,,https://www.tradesor.gr/wp-content/uploads/2023/05/200514.jpg,OEM,No Color,1.0,"Επαναφορτιζόμενος φακός κεφαλής LED πολλαπλών χρήσεων με φωτισμό λευκό και κόκκινο. Διαθέτει 5 διαφορετικές λειτουργίες: Φακός υψηλής έντασης, Φακός χαμηλής έντασης, Μόνο λευκός φωτισμός, Μόνο κόκκινος φωτισμός, λειτουργία strobe. Φωτισμός υψηλής ισχύος και εργονομική σχεδίαση, με ρυθμιζόμενο λουρί εφαρμογής. Κατάλληλος για επαγγελματική χρήση. Αυτονομία μπαταρίας: έως 3 ώρες. Περιλαμβάνεται καλώδιο φόρτισης.",ΦΩΤΙΣΜΟΣ  ΕΝΕΡΓΕΙΑ>Φακοί>Φακοί κεφαλής
96764,Φακός κεφαλής LED - 605 - 200491,Φακός κεφαλής LED - 605 - 200491,in stock,new,3.6 EUR,,https://www.tradesor.gr/wp-content/uploads/2023/06/200491.jpg,OEM,No Color,1.0,,ΦΩΤΙΣΜΟΣ  ΕΝΕΡΓΕΙΑ>Φακοί>Φακοί κεφαλής
96765,Φακός κεφαλής LED - 83 - 200484,Φακός κεφαλής LED - 83 - 200484,in stock,new,3.6 EUR,,https://www.tradesor.gr/wp-content/uploads/2023/06/200484.jpg,OEM,No Color,1.0,,ΦΩΤΙΣΜΟΣ  ΕΝΕΡΓΕΙΑ>Φακοί>Φακοί κεφαλής
96766,Φακός κεφαλής LED - Α18 T6 - 200477,Φακός κεφαλής LED - Α18 T6 - 200477,in stock,new,9 EUR,,https://www.tradesor.gr/wp-content/uploads/2023/06/200453.jpg,OEM,No Color,1.0,,ΦΩΤΙΣΜΟΣ  ΕΝΕΡΓΕΙΑ>Φακοί>Φακοί κεφαλής
96767,Φακός κεφαλής LED - T125 - 200453,Φακός κεφαλής LED - T125 - 200453,in stock,new,5.4 EUR,,https://www.tradesor.gr/wp-content/uploads/2023/06/200453.jpg,OEM,No Color,1.0,,ΦΩΤΙΣΜΟΣ  ΕΝΕΡΓΕΙΑ>Φακοί>Φακοί κεφαλής
96768,Φακός κεφαλής LED - 611 - 200446,Φακός κεφαλής LED - 611 - 200446,in stock,new,4.5 EUR,,https://www.tradesor.gr/wp-content/uploads/2023/06/200446.jpg,OEM,No Color,1.0,,ΦΩΤΙΣΜΟΣ  ΕΝΕΡΓΕΙΑ>Φακοί>Φακοί κεφαλής
96769,Φακός κεφαλής LED - 818 - 200439,Φακός κεφαλής LED - 818 - 200439,in stock,new,4.5 EUR,,https://www.tradesor.gr/wp-content/uploads/2023/06/200439.jpg,OEM,No Color,1.0,,ΦΩΤΙΣΜΟΣ  ΕΝΕΡΓΕΙΑ>Φακοί>Φακοί κεφαλής
96770,Φακός κεφαλής LED - 813 - 200422,Φακός κεφαλής LED - 813 - 200422,in stock,new,4.5 EUR,,https://www.tradesor.gr/wp-content/uploads/2023/06/200422.jpg,OEM,No Color,1.0,,ΦΩΤΙΣΜΟΣ  ΕΝΕΡΓΕΙΑ>Φακοί>Φακοί κεφαλής
96771,Φακός κεφαλής LED - 802 - 200415,Φακός κεφαλής LED - 802 - 200415,in stock,new,3.6 EUR,,https://www.tradesor.gr/wp-content/uploads/2023/06/200415.jpg,OEM,No Color,1.0,,ΦΩΤΙΣΜΟΣ  ΕΝΕΡΓΕΙΑ>Φακοί>Φακοί κεφαλής
96772,Φακός κεφαλής LED - 801 - 200408,Φακός κεφαλής LED - 801 - 200408,in stock,new,2.7 EUR,,https://www.tradesor.gr/wp-content/uploads/2023/06/200408.jpg,OEM,No Color,1.0,,ΦΩΤΙΣΜΟΣ  ΕΝΕΡΓΕΙΑ>Φακοί>Φακοί κεφαλής
96773,Φακός κεφαλής LED - 851 - 200392,Φακός κεφαλής LED - 851 - 200392,in stock,new,1.8 EUR,,https://www.tradesor.gr/wp-content/uploads/2023/06/200392.jpg,OEM,No Color,1.0,,ΦΩΤΙΣΜΟΣ  ΕΝΕΡΓΕΙΑ>Φακοί>Φακοί κεφαλής
96774,Φακός κεφαλής LED - SQ501 - 3xAA - 200385,Φακός κεφαλής LED - SQ501 - 3xAA - 200385,in stock,new,2.34 EUR,,https://www.tradesor.gr/wp-content/uploads/2023/06/200385.jpg,OEM,No Color,1.0,,ΦΩΤΙΣΜΟΣ  ΕΝΕΡΓΕΙΑ>Φακοί>Φακοί κεφαλής
96775,Φακός κεφαλής LED - 068 - COB - 200378,Φακός κεφαλής LED - 068 - COB - 200378,in stock,new,1.8 EUR,,https://www.tradesor.gr/wp-content/uploads/2023/06/200378.jpg,OEM,No Color,1.0,,ΦΩΤΙΣΜΟΣ  ΕΝΕΡΓΕΙΑ>Φακοί>Φακοί κεφαλής
96776,Φακός κεφαλής LED - 303 - COB - 200361,Φακός κεφαλής LED - 303 - COB - 200361,in stock,new,1.8 EUR,,https://www.tradesor.gr/wp-content/uploads/2023/06/200361.jpg,OEM,No Color,1.0,,ΦΩΤΙΣΜΟΣ  ΕΝΕΡΓΕΙΑ>Φακοί>Φακοί κεφαλής
96777,Φακός κεφαλής LED - 102 - COB - 200354,Φακός κεφαλής LED - 102 - COB - 200354,in stock,new,2.7 EUR,,https://www.tradesor.gr/wp-content/uploads/2023/06/200354.jpg,OEM,No Color,1.0,,ΦΩΤΙΣΜΟΣ  ΕΝΕΡΓΕΙΑ>Φακοί>Φακοί κεφαλής
108839,Φακός κεφαλής LED - 915 - 416009,Φακός κεφαλής LED - 915 - 416009,in stock,new,4.5 EUR,,https://www.tradesor.gr/wp-content/uploads/2023/06/436f0b538d3f1a014d04e49660d8941b.jpg,OEM,No Color,1.0,,ΦΩΤΙΣΜΟΣ  ΕΝΕΡΓΕΙΑ>Φακοί>Φακοί κεφαλής
108842,Φακός κεφαλής LED - 918 - 416016,Φακός κεφαλής LED - 918 - 416016,in stock,new,5.4 EUR,,https://www.tradesor.gr/wp-content/uploads/2023/06/0ec1df3cbe0549db70b9c167cf52a8d4.jpg,OEM,No Color,1.0,,ΦΩΤΙΣΜΟΣ  ΕΝΕΡΓΕΙΑ>Φακοί>Φακοί κεφαλής
108845,Φακός κεφαλής LED - 810 - 416023,Φακός κεφαλής LED - 810 - 416023,in stock,new,4.5 EUR,,https://www.tradesor.gr/wp-content/uploads/2023/06/3c58748c118885e1b7ce635134209e17.jpg,OEM,No Color,1.0,,ΦΩΤΙΣΜΟΣ  ΕΝΕΡΓΕΙΑ>Φακοί>Φακοί κεφαλής
108848,Φακός κεφαλής LED - HL88 - 416030,Φακός κεφαλής LED - HL88 - 416030,in stock,new,6.3 EUR,,https://www.tradesor.gr/wp-content/uploads/2023/06/5326bfdc6d913d38032045af632be55a.jpg,OEM,No Color,1.0,,ΦΩΤΙΣΜΟΣ  ΕΝΕΡΓΕΙΑ>Φακοί>Φακοί κεφαλής
