id,title,description,availability,condition,price,link,image_link,brand,color,shipping_weight,rich_text_description,fb_product_category
36087,Πυκνωτικό μικρόφωνο - BM-980 - 881285,Πυκνωτικό μικρόφωνο - BM-980 - 881285,in stock,new,21.6 EUR,,https://www.tradesor.gr/wp-content/uploads/2023/04/881285.png,OEM,No Color,0.6,"<p>Είναι ιδανικό για εφαρμογές ηχογράφησης και broadcasting.<br />Συνοδεύεται από καλώδιο μικροφώνου 3 μέτρα, αντιανέμιο και αντικραδασμική βάση.</p><p><strong>Χαρακτηριστικά</strong>:</p><p>• Μονοκατευθυντικό πολικό διάγραμμα,<br />• Συχνότητας: 20Hz - 20kHz,<br />• Ευαισθησία: 35dB±2dB,<br />• Αντίσταση εξόδου 1500Ω ±30%,<br />• Οδηγίες χρήσης στα Αγγλικά<br />• Αποστολή χρώματος κατόπιν διαθεσιμότητας</p><p>ΓΙΑ ΝΑ ΛΕΙΤΟΥΡΓΗΣΕΙ ΜΕ ΥΠΟΛΟΓΙΣΤΗ ΤΟ BM-800 ΠΡΕΠΕΙ ΠΡΩΤΑ ΝΑ ΣΥΝΔΕΘΕΙ ΕΙΤΕ ΜΕ ΠΡΟΕΝΙΣΧΥΤΗ ΜΙΚΡΟΦΩΝΟΥ, ΕΙΤΕ ΜΕ ΕΞΩΤΕΡΙΚΗ ΚΑΡΤΑ ΗΧΟΥ ΜΕ PHANTOM POWER 48V.<br />Αυτό είναι ένα πυκνωτικό μικρόφωνο και λειτουργεί μόνο με συσκευές που μπορούν να του παρέχουν αρκετή ενέργεια.<br />Εάν η συσκευή σας δεν παρέχει επαρκή ισχύ (όταν χρησιμοποιείται με ενισχυτή ή μίκτη κ.λπ.), η ένταση ήχου ενδέχεται να είναι χαμηλή. Σε αυτήν τη περίπτωση χρησιμοποιήστε έναν πρόσθετο προσαρμογέα τροφοδοσίας 48V phantom για να το συνδέσετε (δεν περιλαμβάνεται ο προσαρμογέας τροφοδοσίας phantom).</p>",ΕΙΔΗ ΤΕΧΝΟΛΟΓΙΑΣ>Gadgets>Μικρόφωνα studio  karaoke
36088,Πυκνωτικό μικρόφωνο - BM-700 - 881278,Πυκνωτικό μικρόφωνο - BM-700 - 881278,in stock,new,18 EUR,,https://www.tradesor.gr/wp-content/uploads/2023/04/881278.jpeg,OEM,No Color,0.6,"<p>Είναι ιδανικό για εφαρμογές ηχογράφησης και broadcasting.<br />Συνοδεύεται από καλώδιο μικροφώνου 3 μέτρα, αντιανέμιο και αντικραδασμική βάση.</p><p><strong>Χαρακτηριστικά</strong>:</p><p>• Μονοκατευθυντικό πολικό διάγραμμα,<br />• Συχνότητας: 20Hz - 20kHz,<br />• Ευαισθησία: 45dB±1dB,<br />• Αντίσταση εξόδου 1500Ω ±30%,<br />• Οδηγίες χρήσης στα Αγγλικά<br />• Αποστολή χρώματος κατόπιν διαθεσιμότητας</p><p><strong>Στη συσκευασία περιλαμβάνονται:</strong><br />1. Μικρόφωνο BM 700<br />2. Καλώδιο σύνδεσης XLR σε Mini Jack<br />3. Βάση μικροφώνου <br />4. Σφουγγαράκι για μικρόφωνο.</p><p>ΠΡΟΣΟΧΗ!<br />• ΓΙΑ ΝΑ ΛΕΙΤΟΥΡΓΗΣΕΙ ΜΕ ΥΠΟΛΟΓΙΣΤΗ ΤΟ BM-700 ΠΡΕΠΕΙ ΠΡΩΤΑ ΝΑ ΣΥΝΔΕΘΕΙ ΕΙΤΕ ΜΕ ΠΡΟΕΝΙΣΧΥΤΗ ΜΙΚΡΟΦΩΝΟΥ, ΕΙΤΕ ΜΕ ΕΞΩΤΕΡΙΚΗ ΚΑΡΤΑ ΗΧΟΥ ΜΕ PHANTOM POWER 48V.<br />• Αυτό είναι ένα πυκνωτικό μικρόφωνο και λειτουργεί μόνο με συσκευές που μπορούν να του παρέχουν αρκετή ενέργεια.<br />• Εάν η συσκευή σας δεν παρέχει επαρκή ισχύ (όταν χρησιμοποιείται με ενισχυτή ή μίκτη κ.λπ.), η ένταση ήχου ενδέχεται να είναι χαμηλή. Σε αυτήν τη περίπτωση χρησιμοποιήστε έναν πρόσθετο προσαρμογέα τροφοδοσίας 48V phantom για να το συνδέσετε (δεν περιλαμβάνεται ο προσαρμογέας τροφοδοσίας phantom).<br />• Δεν είναι δυνατή η χρήση με κινητά τηλέφωνα και υπολογιστές tablet.<br />• Εάν θέλετε καλύτερη ηχητική λειτουργία χρησιμοποιήστε κάρτα ήχου.<br />• Κατά την εγγραφή, κρατήστε το μικρόφωνο μακριά από τον ενισχυτή για να αποτρέψετε τον θόρυβο εγγραφής λόγω του ενισχυτή.</p>",ΕΙΔΗ ΤΕΧΝΟΛΟΓΙΑΣ>Gadgets>Μικρόφωνα studio  karaoke
36295,Ασύρματο μικρόφωνο Karaoke  – WS-838 - 868380,Ασύρματο μικρόφωνο Karaoke  – WS-838 - 868380,in stock,new,14.4 EUR,,https://www.tradesor.gr/wp-content/uploads/2023/04/1008_868380.jpg,OEM,No Color,0.4,"<p><span class=""tlid-translation translation"" lang=""el"">Ασύρματο μικρόφωνο Καραοκε με υψηλής ποιότητας ήχο και </span><br /><span class=""tlid-translation translation"" lang=""el""><span class="""" title="""">Bluetooth.</span></span></p><p><strong>Χαρακτηριστικά</strong>:</p><ul><li><span class=""tlid-translation translation"" lang=""el""><span class="""" title="""">Υποστηρίζει: Ραδιόφωνο, </span></span><span class=""tlid-translation translation"" lang=""el""><span title="""">Φωνητικές κλήσεις, </span></span><span class=""tlid-translation translation"" lang=""el""><span class="""" title="""">Ηχογράφηση τραγουδιού, </span></span><span class=""tlid-translation translation"" lang=""el""><span class="""" title="""">MP3</span></span></li><li><span class=""tlid-translation translation"" lang=""el""><span class="""" title="""">Ηχείο: 40MM</span></span></li><li>Θύρες: USB, TF Card, AUX, 3,5 Jack</li><li><span class=""tlid-translation translation"" lang=""el""><span class="""" title="""">Μπαταρία: 1200mHA</span></span></li><li><span class=""tlid-translation translation"" lang=""el""><span class="""" title="""">Απόκριση συχνότητας: 100-18Khz</span></span></li><li><span class=""tlid-translation translation"" lang=""el""><span class="""" title="""">Χρόνος λειτουργίας: 3 ώρες</span><br /></span></li><li>Διαστάσεις: 19.5 x 5cm</li></ul>",ΕΙΔΗ ΤΕΧΝΟΛΟΓΙΑΣ>Gadgets>Μικρόφωνα studio  karaoke
36435,Ενσύρματο σύστημα ενδοεπικοινωνία�,Ενσύρματο σύστημα ενδοεπικοινωνίας - RL9908 - 486062,in stock,new,37.8 EUR,,https://www.tradesor.gr/wp-content/uploads/2023/04/0202_486062.jpg,OEM,No Color,3.1,"<p>Αμφίδρομο σύστημα ενδοεπικοινωνίας ειδικό για προστατευόμενους χώρους όπως ταμεία τραπεζών, γκισέ υπηρεσιών, Ferry Boat κτλ.</p><p> <strong>Χαρακτηριστικά</strong>:</p><ul><li>Διαστάσεις κεντρικής μονάδας: 158 x 87 x 46 mm,</li><li>Διαστάσεις εξωτερικής μονάδας: 91 x 77 x 23 mm.</li><li>Τάση λειτουργίας: 9V DC / 500 mA (Περιλαμβάνεται το τροφοδοτικό),</li><li>Ακουστική Ισχύς: 2W 100Hz-15KHz,</li></ul><p>Η σύνδεση μεταξύ των δυο μονάδων γίνεται με καλώδιο 3,5 mm Αρσενικό σε 3,5 mm Αρσενικό (Περιλαμβάνεται καλώδιο 1,5 μ), ως προέκταση μπορεί να χρησιμοποιηθεί το καλώδιο CR-155 (μήκος καλωδίου 5 μ.)</p>",ΕΙΔΗ ΤΕΧΝΟΛΟΓΙΑΣ>Gadgets>Μικρόφωνα studio  karaoke
36527,Ασύρματο μικρόφωνο Karaoke με ηχείο - M10,Ασύρματο μικρόφωνο Karaoke με ηχείο - M10 - 961867 - Yellow,in stock,new,18 EUR,,https://www.tradesor.gr/wp-content/uploads/2023/04/961867-2.jpg,OEM,No Color,0.3,"<p>Αυτή η καταπληκτική συσκευή θα σας λύσει τα χέρια. Το μόνο που έχετε να κάνετε είναι να την ενεργοποιήσετε και να τραγουδήσετε τα αγαπημένα σας τραγούδια. Πείτε τέλος στις συνδεσμολογίες με καλώδια για να τραγουδήσετε καραόκε. Τώρα καλέστε τους φίλους σας, βάλτε την μουσική της επιλογής σας απο μια ξεχωριστή πηγή, ενεργοποιήστε το μικρόφωνο και τραγουδήστε.</p><p>Ένα επιπλέον χαρακτηριστικό αυτού του μικρόφωνου καραόκε που το κάνει μοναδικό είναι η δυνατότητα Bluetooth σύνδεσης με το smartphone ή το tablet σας. Έτσι μπορείτε να το χρησιμοποιήσετε ως ηχείο παίζοντας την αγαπημένη σας μουσική που έχετε στο κινητό σας, ενώ ταυτόχρονα τραγουδάτε.</p><p>Τέλος, μπορεί να χρησιμοποιηθεί και για τις τηλεφωνικές σας κλήσεις. Συνδέστε το κινητό σας μέσω Bluetooth και θα ακούτε το συνομιλητή σας καθαρά και δυνατά, ενώ με το ενσωματωμένο μικρόφωνο δε θα χρειάζεται να χρησιμοποιείτε το μικρόφωνο του κινητού σας.</p><p>Είναι μικρό, φορητό, επαναφορτιζόμενο και διαθέτει και κουμπιά για να χειρίζεστε την μουσική σας από μακριά. Και φυσικά, μπορούν να λειτουργήσουν ταυτόχρονα στον ίδιο χώρο όσα μικρόφωνα επιθυμείτε!</p><p><strong>Χαρακτηριστικά:</strong></p><ul><li>Ισχύς: 5W RMS</li><li>Συχνότητα: 20HZ-20KHZ</li><li>SNR&gt;90dB</li><li>Support agreement: HSP,HFP,A2DP,AVRCP</li><li>Wireless frequency: 2.40GHz-2.48GHz</li><li>Wireless transmit power : Class ll (-6dBm~+4dBm)</li><li>Distortion : &lt;0.5%</li><li>Μπαταρία: 3.7V 1800mAh</li><li>Bluetooth έκδοση: 4.0</li><li>Διαστάσεις 27 x 7 x 7 cm</li></ul>",ΕΙΔΗ ΤΕΧΝΟΛΟΓΙΑΣ>Gadgets>Μικρόφωνα studio  karaoke
36600,Ενσύρματο μικρόφωνο - AWEI - MK1 - 000512,Ενσύρματο μικρόφωνο - AWEI - MK1 - 000512,in stock,new,6.3 EUR,,https://www.tradesor.gr/wp-content/uploads/2023/04/1305_000512.jpeg,OEM,No Color,0.2,"<p>Το Awei MK1 είναι ένα ελαφρύ μικρόφωνο με κλιπ που μπορεί να τοποθετηθεί εύκολα πάνω στα ρούχα. Το βάρος του είναι μόλις 20gr και το καλώδιο 3 μέτρων παρέχει ελευθερία κινήσεων. Είναι συμβατό με οποιοδήποτε συσκευή που διαθέτει είσοδο μικροφώνου 3,5 mm.</p><p>Παρέχει πλήρη κάλυψη 360°, υψηλή ποιότητα ήχου και απομόνωση θορύβου. Αποτελεί ιδανική επιλογή για δημοσιογράφους, καθηγητές, youtubers κτλ.</p>",ΕΙΔΗ ΤΕΧΝΟΛΟΓΙΑΣ>Gadgets>Μικρόφωνα studio  karaoke
36688,Πυκνωτικό μικρόφωνο & σετ ηχογράφησ,Πυκνωτικό μικρόφωνο & σετ ηχογράφησης - BM800 - 882740,in stock,new,36 EUR,,https://www.tradesor.gr/wp-content/uploads/2023/04/882740_b.png,OEM,No Color,0.8,"<p>BM-800 Πυκνωτικό μικρόφωνο με βάση στήριξης</p><p><strong>Χαρακτηριστικά</strong>:</p><p>Μονοκατευθυντικό πολικό διάγραμμα<br />• απόκριση συχνότητας 20Hz - 20kHz<br />• ευαισθησία 45dB±1dB<br />• αντίσταση εξόδου 1500 Ω ±30%<br />• λόγος σήματος προς θόρυβο 60dB<br />• Είναι ιδανικό για εφαρμογές ηχογράφησης και broadcasting. </p><p><strong>Η συσκευασία περιλαμβάνει:</strong></p><p>Kαλώδιο μικροφώνου 3 μέτρα, αντιανέμιο και αντικραδασμική βάση.<br />• Οδηγίες χρήσης στα Αγγλικά</p><p>ΠΡΟΣΟΧΗ!<br />• ΓΙΑ ΝΑ ΛΕΙΤΟΥΡΓΗΣΕΙ ΜΕ ΥΠΟΛΟΓΙΣΤΗ ΤΟ BM-800 ΠΡΕΠΕΙ ΠΡΩΤΑ ΝΑ ΣΥΝΔΕΘΕΙ ΕΙΤΕ ΜΕ ΠΡΟΕΝΙΣΧΥΤΗ ΜΙΚΡΟΦΩΝΟΥ, ΕΙΤΕ ΜΕ ΕΞΩΤΕΡΙΚΗ ΚΑΡΤΑ ΗΧΟΥ ΜΕ PHANTOM POWER 48V.</p>",ΕΙΔΗ ΤΕΧΝΟΛΟΓΙΑΣ>Gadgets>Μικρόφωνα studio  karaoke
36692,Ασύρματο μικρόφωνο Karaoke με ηχείο - WS-,Ασύρματο μικρόφωνο Karaoke με ηχείο - WS-868 - 881575,in stock,new,18 EUR,,https://www.tradesor.gr/wp-content/uploads/2023/04/0707_881575.jpg,OEM,No Color,0.6,<p>Ασύρματο μικρόφωνο καραόκε με ενσωματωμένο ηχείο και φώτα LED για το πιο εντυπωσιακό καραόκε πάρτυ!</p><p><strong>Χαρακτηριστικά</strong>:</p><ul><li>LED φωτισμός</li><li>Ευρος Bluetooth: 10m</li><li>Ηχογράφηση</li><li>Μπαταρία: 1800mAh</li><li>Χρόνος λειτουργίας: 5-6 hours</li><li>Τάση: 3.7V</li><li>Audio noise ratio ≥90db</li><li>Μέγεθος ηχείου: 50mm</li><li>Ισχύς ηχείου: 4 Ω / 8 w</li><li>Συχνότητα: 120hz-20khz</li></ul>,ΕΙΔΗ ΤΕΧΝΟΛΟΓΙΑΣ>Gadgets>Μικρόφωνα studio  karaoke
37188,Τηλεβόας με σειρήνα - Pocket Size - HQ-08 - 8890,Τηλεβόας με σειρήνα - Pocket Size - HQ-08 - 889076,in stock,new,7.2 EUR,,https://www.tradesor.gr/wp-content/uploads/2023/04/889076_812.jpg,OEM,No Color,1.0,"<div id=""tab_description"" class=""tab-pane active""><p>Τηλεβόας με σειρήνα σε Pocket Size, με πτυσσόμενη λαβή.</p><ul><li>Διακόπτης ομιλίας</li><li>Eλεγχος έντασης ήχου</li><li>Κουμπί ενεργοποίησης/απενεργοποίησης</li><li>Τεχνολογία ελαχιστοποίησης θορύβων για καθαρό ήχο</li><li>Υλικό: πλαστικό PVC</li><li>Αξεσουάρ: Λουράκι καρπού</li><li>Τροφοδοσία: μπαταρίες 6 x AA (δεν περιλαμβάνονται)</li><li>Διαστάσεις: 15 x 16 x 9 εκ.</li></ul></div>",ΕΙΔΗ ΤΕΧΝΟΛΟΓΙΑΣ>Gadgets>Μικρόφωνα studio  karaoke
37484,Ασύρματο μικρόφωνο Karaoke με ηχείο - WS2,Ασύρματο μικρόφωνο Karaoke με ηχείο - WS2911 - 829114 - Black,in stock,new,16.2 EUR,,https://www.tradesor.gr/wp-content/uploads/2023/04/829114.png,OEM,No Color,0.5,"<p>Ασύρματο μικρόφωνο Karaoke με ενσωματωμένο ηχείο και εξαιρετικό ήχο, ιδανικό για ένα συναρπαστικό Karaoke πάρτυ!</p><p><strong>Χαρακτηριστικά</strong>:</p><ul><li>Συνδεσιμότητα: Bluetooth/ TF card/ USB/ AUX/ FM</li><li>Χωρητικότητα μπαταρίας 18650: 1200mHA</li><li>Τάση τροφοδοσίας: 5V</li><li>Ισχύς εξόδου: 5W</li><li>Ηχείο: 52MM, 4 ohms, εξωτερικό μαγνητικό</li><li>Απόκριση συχνότητας: 100-18Khz</li><li>Δυνατότητα πραγματοποίησης κλήσεων handsfree</li><li>Δυνατότητα ηχογράφησης</li><li>Ένδειξη φόρτισης</li><li>Αυτονομία μπαταρίας σε χρήση: έως 3 ώρες</li><li>Ραδιόφωνο FM: 88-108</li><li>Διαστάσεις: 8,5 × 22,3 cm</li></ul>",ΕΙΔΗ ΤΕΧΝΟΛΟΓΙΑΣ>Gadgets>Μικρόφωνα studio  karaoke
37630,Ασύρματο μικρόφωνο Karaoke με ηχείο - WS2,Ασύρματο μικρόφωνο Karaoke με ηχείο - WS2911 - 829114 - Orange,in stock,new,16.2 EUR,,https://www.tradesor.gr/wp-content/uploads/2023/04/829114_or.jpg,OEM,No Color,0.5,"<p>Ασύρματο μικρόφωνο Karaoke με ενσωματωμένο ηχείο και εξαιρετικό ήχο, ιδανικό για ένα συναρπαστικό Karaoke πάρτυ!</p><p><strong>Χαρακτηριστικά</strong>:</p><ul><li>Συνδεσιμότητα: Bluetooth/ TF card/ USB/ AUX/ FM</li><li>Χωρητικότητα μπαταρίας 18650: 1200mHA</li><li>Τάση τροφοδοσίας: 5V</li><li>Ισχύς εξόδου: 5W</li><li>Ηχείο: 52MM, 4 ohms, εξωτερικό μαγνητικό</li><li>Απόκριση συχνότητας: 100-18Khz</li><li>Δυνατότητα πραγματοποίησης κλήσεων handsfree</li><li>Δυνατότητα ηχογράφησης</li><li>Ένδειξη φόρτισης</li><li>Αυτονομία μπαταρίας σε χρήση: έως 3 ώρες</li><li>Ραδιόφωνο FM: 88-108</li><li>Διαστάσεις: 8,5 × 22,3 cm</li></ul>",ΕΙΔΗ ΤΕΧΝΟΛΟΓΙΑΣ>Gadgets>Μικρόφωνα studio  karaoke
37631,Ασύρματο μικρόφωνο Karaoke με ηχείο - WS2,Ασύρματο μικρόφωνο Karaoke με ηχείο - WS2911 - 829114 - Red,in stock,new,16.2 EUR,,https://www.tradesor.gr/wp-content/uploads/2023/04/829114_r.jpg,OEM,No Color,0.5,"<p>Ασύρματο μικρόφωνο Karaoke με ενσωματωμένο ηχείο και εξαιρετικό ήχο, ιδανικό για ένα συναρπαστικό Karaoke πάρτυ!</p><p><strong>Χαρακτηριστικά</strong>:</p><ul><li>Συνδεσιμότητα: Bluetooth/ TF card/ USB/ AUX/ FM</li><li>Χωρητικότητα μπαταρίας 18650: 1200mHA</li><li>Τάση τροφοδοσίας: 5V</li><li>Ισχύς εξόδου: 5W</li><li>Ηχείο: 52MM, 4 ohms, εξωτερικό μαγνητικό</li><li>Απόκριση συχνότητας: 100-18Khz</li><li>Δυνατότητα πραγματοποίησης κλήσεων handsfree</li><li>Δυνατότητα ηχογράφησης</li><li>Ένδειξη φόρτισης</li><li>Αυτονομία μπαταρίας σε χρήση: έως 3 ώρες</li><li>Ραδιόφωνο FM: 88-108</li><li>Διαστάσεις: 8,5 × 22,3 cm</li></ul>",ΕΙΔΗ ΤΕΧΝΟΛΟΓΙΑΣ>Gadgets>Μικρόφωνα studio  karaoke
37632,Ασύρματο μικρόφωνο Karaoke με ηχείο - WS2,Ασύρματο μικρόφωνο Karaoke με ηχείο - WS2911 - 829114 - Army Green,in stock,new,16.2 EUR,,https://www.tradesor.gr/wp-content/uploads/2023/04/829114_arg.jpg,OEM,No Color,0.5,"<p>Ασύρματο μικρόφωνο Karaoke με ενσωματωμένο ηχείο και εξαιρετικό ήχο, ιδανικό για ένα συναρπαστικό Karaoke πάρτυ!</p><p><strong>Χαρακτηριστικά</strong>:</p><ul><li>Συνδεσιμότητα: Bluetooth/ TF card/ USB/ AUX/ FM</li><li>Χωρητικότητα μπαταρίας 18650: 1200mHA</li><li>Τάση τροφοδοσίας: 5V</li><li>Ισχύς εξόδου: 5W</li><li>Ηχείο: 52MM, 4 ohms, εξωτερικό μαγνητικό</li><li>Απόκριση συχνότητας: 100-18Khz</li><li>Δυνατότητα πραγματοποίησης κλήσεων handsfree</li><li>Δυνατότητα ηχογράφησης</li><li>Ένδειξη φόρτισης</li><li>Αυτονομία μπαταρίας σε χρήση: έως 3 ώρες</li><li>Ραδιόφωνο FM: 88-108</li><li>Διαστάσεις: 8,5 × 22,3 cm</li></ul>",ΕΙΔΗ ΤΕΧΝΟΛΟΓΙΑΣ>Gadgets>Μικρόφωνα studio  karaoke
37966,Επαγγελματικό ασύρματο μικρόφωνο - ,Επαγγελματικό ασύρματο μικρόφωνο - WM-238 - 809512,in stock,new,18 EUR,,https://www.tradesor.gr/wp-content/uploads/2023/04/809512-1.jpg,OEM,No Color,0.6,"<p>Ασύρματο μικρόφωνο με 1 κανάλι για επαγγελματική χρήση με πολύ καλή ποιότητα ήχου.</p><p><strong>Χαρακτηριστικά</strong>:</p><ul><li>Συχνότητα 100-10000Hz,</li><li>600ohm,</li><li>Dynamic range,</li><li>Μετάδοση FM,</li><li>Εμβέλεια 20m</li><li>Λειτουργία με 2 μπαταρίες ΑΑ.</li></ul>",ΕΙΔΗ ΤΕΧΝΟΛΟΓΙΑΣ>Gadgets>Μικρόφωνα studio  karaoke
38014,Ασύρματο μικρόφωνο Karaoke - WS-900 - 883846 - B,Ασύρματο μικρόφωνο Karaoke - WS-900 - 883846 - Black,in stock,new,14.4 EUR,,https://www.tradesor.gr/wp-content/uploads/2023/04/883846_b.png,OEM,No Color,0.3,"<p><span lang=""el""><span data-language-for-alternatives=""el"" data-language-to-translate-into=""en"" data-phrase-index=""0"" data-number-of-phrases=""35"">Ασύρματο μικρόφωνο Καραόκε με ενσωματωμένο ηχείο, ήχο υψηλής ευκρίνειας και εντυπωσιακά πολύχρωμα φώτα led.</span></span></p><p><strong>Χαρακτηριστικά</strong>:</p><table border=""1"" cellspacing=""0"" cellpadding=""0""><tbody><tr><td><p align=""left""><span data-spm-anchor-id=""a2700.wholesale.0.i20.68ff7a516xEHad"">Bluetooth έκδοση</span></p></td><td><p align=""left""> V5.0</p></td></tr><tr><td><p align=""left"">Εύρος μετάδοσης</p></td><td><p align=""left""> Up to 10meters</p></td></tr><tr><td><p align=""left""> Μπαταρία</p></td><td><p align=""left""> 1800mAh / 5V</p></td></tr><tr><td><p align=""left"">Ισχύς εξόδου</p></td><td><p align=""left""> 5W stereo speaker</p></td></tr><tr><td><p align=""left"">Θύρα AUX</p></td><td><p align=""left""> Jack 3.5mm</p></td></tr><tr><td><p align=""left"">Συχνότητα</p></td><td><p align=""left""> 60-20KHZ</p></td></tr><tr><td><p align=""left""> Signal-Noise Ratio</p></td><td><p align=""left""> ≥80dB</p></td></tr><tr><td><p align=""left"">Λειτουργίες</p></td><td><p align=""left""> BT/Θύρες: USB/TF card/AUX, Ραδιόφωνο FM</p></td></tr><tr><td><p align=""left"">Χρόνος φόρτισης</p></td><td><p align=""left""> 2-3 ώρες</p></td></tr><tr><td><p align=""left"">Χρόνος χρήσης</p></td><td><p align=""left""> 90-130 λεπτά</p></td></tr><tr><td> </td><td> </td></tr><tr><td><p align=""left""> Περιλαμβάνονται</p></td><td><p align=""left""> USB cable,  Aux cable, User  manual</p></td></tr></tbody></table>",ΕΙΔΗ ΤΕΧΝΟΛΟΓΙΑΣ>Gadgets>Μικρόφωνα studio  karaoke
38293,Ασύρματο μικρόφωνο Karaoke με ηχείο - WS-,Ασύρματο μικρόφωνο Karaoke με ηχείο - WS-2011 - 883686 - Red,in stock,new,16.2 EUR,,https://www.tradesor.gr/wp-content/uploads/2023/04/883686.jpg,OEM,No Color,0.4,"<div class=""large-10 col pb-0 mb-0""><div class=""panel entry-content""><p>Ασύρματο μικρόφωνο Karaoke με ενσωματωμένο ηχείο και πολύχρωμο φωτισμό LED, με πρωτοποριακό σχεδιασμό, πλήκτρα εύκολου χειρισμού και πράκτικο μέγεθος.</p><p><strong>Χαρακτηριστικά</strong>:</p><ul><li><span class=""VIiyi"" lang=""el""><span class=""JLqJ4b ChMk0b"" data-language-for-alternatives=""el"" data-language-to-translate-into=""en"" data-phrase-index=""4"" data-number-of-phrases=""35"">Δυνατότητα σύνδεσης δύο συσκευών</span></span></li><li>Ηχογράφηση</li><li>Echo εφέ</li><li>Bluetooth 4.0</li><li>Εμβέλεια μετάδοσης: 10m</li><li><span class=""VIiyi"" lang=""el""><span class=""JLqJ4b ChMk0b"" data-language-for-alternatives=""el"" data-language-to-translate-into=""en"" data-phrase-index=""14"" data-number-of-phrases=""35"">Θύρες: Aux, USB</span></span></li><li><span class=""VIiyi"" lang=""el""><span class=""JLqJ4b ChMk0b"" data-language-for-alternatives=""el"" data-language-to-translate-into=""en"" data-phrase-index=""18"" data-number-of-phrases=""35"">Υποστήριξη κάρτας μνήμης: Ναι</span></span></li><li><span class=""VIiyi"" lang=""el""><span class=""JLqJ4b ChMk0b"" data-language-for-alternatives=""el"" data-language-to-translate-into=""en"" data-phrase-index=""0"" data-number-of-phrases=""11"">Μπαταρία: </span></span><span class=""VIiyi"" lang=""el""><span class=""JLqJ4b ChMk0b"" data-language-for-alternatives=""el"" data-language-to-translate-into=""en"" data-phrase-index=""2"" data-number-of-phrases=""11"">3,7 V, </span></span><span class=""VIiyi"" lang=""el""><span class=""JLqJ4b ChMk0b"" data-language-for-alternatives=""el"" data-language-to-translate-into=""en"" data-phrase-index=""0"" data-number-of-phrases=""11"">1200 mAh</span></span></li><li><span class=""VIiyi"" lang=""el""><span class=""JLqJ4b ChMk0b"" data-language-for-alternatives=""el"" data-language-to-translate-into=""en"" data-phrase-index=""4"" data-number-of-phrases=""11"">Αυτονομία μπαταρίας: έως 6 ώρες (σε μέση ένταση)</span></span></li><li><span class=""VIiyi"" lang=""el""><span class=""JLqJ4b ChMk0b"" data-language-for-alternatives=""el"" data-language-to-translate-into=""en"" data-phrase-index=""6"" data-number-of-phrases=""11"">Ισχύς ηχείων: 4 ohms/10 W (x2)</span></span></li><li><span class=""VIiyi"" lang=""el""><span class=""JLqJ4b ChMk0b"" data-language-for-alternatives=""el"" data-language-to-translate-into=""en"" data-phrase-index=""8"" data-number-of-phrases=""11"">Απόκριση συχνότητας: 120Hz-20 kHz</span></span></li><li><span class=""VIiyi"" lang=""el""><span class=""JLqJ4b ChMk0b"" data-language-for-alternatives=""el"" data-language-to-translate-into=""en"" data-phrase-index=""10"" data-number-of-phrases=""11"">Τάση φόρτισης: 5V/500mA</span></span></li><li><span class=""VIiyi"" lang=""el""><span class=""JLqJ4b ChMk0b"" data-language-for-alternatives=""el"" data-language-to-translate-into=""en"" data-phrase-index=""26"" data-number-of-phrases=""35"">Εύρος συχνοτήτων: 60Hz-23 kHz</span></span></li><li>Περιλαμβάνονται:USB καλώδιο, AUX καλώδιο, User Manual</li></ul></div></div>",ΕΙΔΗ ΤΕΧΝΟΛΟΓΙΑΣ>Gadgets>Μικρόφωνα studio  karaoke
38354,Ασύρματο μικρόφωνο Karaoke με ηχείο - WS-,Ασύρματο μικρόφωνο Karaoke με ηχείο - WS-2011 - 883686 - Black,in stock,new,16.2 EUR,,https://www.tradesor.gr/wp-content/uploads/2023/04/883686_b.jpg,OEM,No Color,0.4,"<div class=""large-10 col pb-0 mb-0""><div class=""panel entry-content""><p>Ασύρματο μικρόφωνο Karaoke με ενσωματωμένο ηχείο και πολύχρωμο φωτισμό LED, με πρωτοποριακό σχεδιασμό, πλήκτρα εύκολου χειρισμού και πράκτικο μέγεθος.</p><p><strong>Χαρακτηριστικά</strong>:</p><ul><li><span class=""VIiyi"" lang=""el""><span class=""JLqJ4b ChMk0b"" data-language-for-alternatives=""el"" data-language-to-translate-into=""en"" data-phrase-index=""4"" data-number-of-phrases=""35"">Δυνατότητα σύνδεσης δύο συσκευών</span></span></li><li>Ηχογράφηση</li><li>Echo εφέ</li><li>Bluetooth 4.0</li><li>Εμβέλεια μετάδοσης: 10m</li><li><span class=""VIiyi"" lang=""el""><span class=""JLqJ4b ChMk0b"" data-language-for-alternatives=""el"" data-language-to-translate-into=""en"" data-phrase-index=""14"" data-number-of-phrases=""35"">Θύρες: Aux, USB</span></span></li><li><span class=""VIiyi"" lang=""el""><span class=""JLqJ4b ChMk0b"" data-language-for-alternatives=""el"" data-language-to-translate-into=""en"" data-phrase-index=""18"" data-number-of-phrases=""35"">Υποστήριξη κάρτας μνήμης: Ναι</span></span></li><li><span class=""VIiyi"" lang=""el""><span class=""JLqJ4b ChMk0b"" data-language-for-alternatives=""el"" data-language-to-translate-into=""en"" data-phrase-index=""0"" data-number-of-phrases=""11"">Μπαταρία: </span></span><span class=""VIiyi"" lang=""el""><span class=""JLqJ4b ChMk0b"" data-language-for-alternatives=""el"" data-language-to-translate-into=""en"" data-phrase-index=""2"" data-number-of-phrases=""11"">3,7 V, </span></span><span class=""VIiyi"" lang=""el""><span class=""JLqJ4b ChMk0b"" data-language-for-alternatives=""el"" data-language-to-translate-into=""en"" data-phrase-index=""0"" data-number-of-phrases=""11"">1200 mAh</span></span></li><li><span class=""VIiyi"" lang=""el""><span class=""JLqJ4b ChMk0b"" data-language-for-alternatives=""el"" data-language-to-translate-into=""en"" data-phrase-index=""4"" data-number-of-phrases=""11"">Αυτονομία μπαταρίας: έως 6 ώρες (σε μέση ένταση)</span></span></li><li><span class=""VIiyi"" lang=""el""><span class=""JLqJ4b ChMk0b"" data-language-for-alternatives=""el"" data-language-to-translate-into=""en"" data-phrase-index=""6"" data-number-of-phrases=""11"">Ισχύς ηχείων: 4 ohms/10 W (x2)</span></span></li><li><span class=""VIiyi"" lang=""el""><span class=""JLqJ4b ChMk0b"" data-language-for-alternatives=""el"" data-language-to-translate-into=""en"" data-phrase-index=""8"" data-number-of-phrases=""11"">Απόκριση συχνότητας: 120Hz-20 kHz</span></span></li><li><span class=""VIiyi"" lang=""el""><span class=""JLqJ4b ChMk0b"" data-language-for-alternatives=""el"" data-language-to-translate-into=""en"" data-phrase-index=""10"" data-number-of-phrases=""11"">Τάση φόρτισης: 5V/500mA</span></span></li><li><span class=""VIiyi"" lang=""el""><span class=""JLqJ4b ChMk0b"" data-language-for-alternatives=""el"" data-language-to-translate-into=""en"" data-phrase-index=""26"" data-number-of-phrases=""35"">Εύρος συχνοτήτων: 60Hz-23 kHz</span></span></li><li>Περιλαμβάνονται:USB καλώδιο, AUX καλώδιο, User Manual</li></ul></div></div>",ΕΙΔΗ ΤΕΧΝΟΛΟΓΙΑΣ>Gadgets>Μικρόφωνα studio  karaoke
38355,Ασύρματο μικρόφωνο Karaoke με ηχείο - WS-,Ασύρματο μικρόφωνο Karaoke με ηχείο - WS-2011 - 883686 - Green,in stock,new,16.2 EUR,,https://www.tradesor.gr/wp-content/uploads/2023/04/883686_gr.jpeg,OEM,No Color,0.4,"<div class=""large-10 col pb-0 mb-0""><div class=""panel entry-content""><p>Ασύρματο μικρόφωνο Karaoke με ενσωματωμένο ηχείο και πολύχρωμο φωτισμό LED, με πρωτοποριακό σχεδιασμό, πλήκτρα εύκολου χειρισμού και πράκτικο μέγεθος.</p><p><strong>Χαρακτηριστικά</strong>:</p><ul><li><span class=""VIiyi"" lang=""el""><span class=""JLqJ4b ChMk0b"" data-language-for-alternatives=""el"" data-language-to-translate-into=""en"" data-phrase-index=""4"" data-number-of-phrases=""35"">Δυνατότητα σύνδεσης δύο συσκευών</span></span></li><li>Ηχογράφηση</li><li>Echo εφέ</li><li>Bluetooth 4.0</li><li>Εμβέλεια μετάδοσης: 10m</li><li><span class=""VIiyi"" lang=""el""><span class=""JLqJ4b ChMk0b"" data-language-for-alternatives=""el"" data-language-to-translate-into=""en"" data-phrase-index=""14"" data-number-of-phrases=""35"">Θύρες: Aux, USB</span></span></li><li><span class=""VIiyi"" lang=""el""><span class=""JLqJ4b ChMk0b"" data-language-for-alternatives=""el"" data-language-to-translate-into=""en"" data-phrase-index=""18"" data-number-of-phrases=""35"">Υποστήριξη κάρτας μνήμης: Ναι</span></span></li><li><span class=""VIiyi"" lang=""el""><span class=""JLqJ4b ChMk0b"" data-language-for-alternatives=""el"" data-language-to-translate-into=""en"" data-phrase-index=""0"" data-number-of-phrases=""11"">Μπαταρία: </span></span><span class=""VIiyi"" lang=""el""><span class=""JLqJ4b ChMk0b"" data-language-for-alternatives=""el"" data-language-to-translate-into=""en"" data-phrase-index=""2"" data-number-of-phrases=""11"">3,7 V, </span></span><span class=""VIiyi"" lang=""el""><span class=""JLqJ4b ChMk0b"" data-language-for-alternatives=""el"" data-language-to-translate-into=""en"" data-phrase-index=""0"" data-number-of-phrases=""11"">1200 mAh</span></span></li><li><span class=""VIiyi"" lang=""el""><span class=""JLqJ4b ChMk0b"" data-language-for-alternatives=""el"" data-language-to-translate-into=""en"" data-phrase-index=""4"" data-number-of-phrases=""11"">Αυτονομία μπαταρίας: έως 6 ώρες (σε μέση ένταση)</span></span></li><li><span class=""VIiyi"" lang=""el""><span class=""JLqJ4b ChMk0b"" data-language-for-alternatives=""el"" data-language-to-translate-into=""en"" data-phrase-index=""6"" data-number-of-phrases=""11"">Ισχύς ηχείων: 4 ohms/10 W (x2)</span></span></li><li><span class=""VIiyi"" lang=""el""><span class=""JLqJ4b ChMk0b"" data-language-for-alternatives=""el"" data-language-to-translate-into=""en"" data-phrase-index=""8"" data-number-of-phrases=""11"">Απόκριση συχνότητας: 120Hz-20 kHz</span></span></li><li><span class=""VIiyi"" lang=""el""><span class=""JLqJ4b ChMk0b"" data-language-for-alternatives=""el"" data-language-to-translate-into=""en"" data-phrase-index=""10"" data-number-of-phrases=""11"">Τάση φόρτισης: 5V/500mA</span></span></li><li><span class=""VIiyi"" lang=""el""><span class=""JLqJ4b ChMk0b"" data-language-for-alternatives=""el"" data-language-to-translate-into=""en"" data-phrase-index=""26"" data-number-of-phrases=""35"">Εύρος συχνοτήτων: 60Hz-23 kHz</span></span></li><li>Περιλαμβάνονται:USB καλώδιο, AUX καλώδιο, User Manual</li></ul></div></div>",ΕΙΔΗ ΤΕΧΝΟΛΟΓΙΑΣ>Gadgets>Μικρόφωνα studio  karaoke
38356,Ασύρματο μικρόφωνο Karaoke με ηχείο - WS-,Ασύρματο μικρόφωνο Karaoke με ηχείο - WS-2011 - 883686 - Pink,in stock,new,16.2 EUR,,https://www.tradesor.gr/wp-content/uploads/2023/04/883686_pi.jpeg,OEM,No Color,0.4,"<div class=""large-10 col pb-0 mb-0""><div class=""panel entry-content""><p>Ασύρματο μικρόφωνο Karaoke με ενσωματωμένο ηχείο και πολύχρωμο φωτισμό LED, με πρωτοποριακό σχεδιασμό, πλήκτρα εύκολου χειρισμού και πράκτικο μέγεθος.</p><p><strong>Χαρακτηριστικά</strong>:</p><ul><li><span class=""VIiyi"" lang=""el""><span class=""JLqJ4b ChMk0b"" data-language-for-alternatives=""el"" data-language-to-translate-into=""en"" data-phrase-index=""4"" data-number-of-phrases=""35"">Δυνατότητα σύνδεσης δύο συσκευών</span></span></li><li>Ηχογράφηση</li><li>Echo εφέ</li><li>Bluetooth 4.0</li><li>Εμβέλεια μετάδοσης: 10m</li><li><span class=""VIiyi"" lang=""el""><span class=""JLqJ4b ChMk0b"" data-language-for-alternatives=""el"" data-language-to-translate-into=""en"" data-phrase-index=""14"" data-number-of-phrases=""35"">Θύρες: Aux, USB</span></span></li><li><span class=""VIiyi"" lang=""el""><span class=""JLqJ4b ChMk0b"" data-language-for-alternatives=""el"" data-language-to-translate-into=""en"" data-phrase-index=""18"" data-number-of-phrases=""35"">Υποστήριξη κάρτας μνήμης: Ναι</span></span></li><li><span class=""VIiyi"" lang=""el""><span class=""JLqJ4b ChMk0b"" data-language-for-alternatives=""el"" data-language-to-translate-into=""en"" data-phrase-index=""0"" data-number-of-phrases=""11"">Μπαταρία: </span></span><span class=""VIiyi"" lang=""el""><span class=""JLqJ4b ChMk0b"" data-language-for-alternatives=""el"" data-language-to-translate-into=""en"" data-phrase-index=""2"" data-number-of-phrases=""11"">3,7 V, </span></span><span class=""VIiyi"" lang=""el""><span class=""JLqJ4b ChMk0b"" data-language-for-alternatives=""el"" data-language-to-translate-into=""en"" data-phrase-index=""0"" data-number-of-phrases=""11"">1200 mAh</span></span></li><li><span class=""VIiyi"" lang=""el""><span class=""JLqJ4b ChMk0b"" data-language-for-alternatives=""el"" data-language-to-translate-into=""en"" data-phrase-index=""4"" data-number-of-phrases=""11"">Αυτονομία μπαταρίας: έως 6 ώρες (σε μέση ένταση)</span></span></li><li><span class=""VIiyi"" lang=""el""><span class=""JLqJ4b ChMk0b"" data-language-for-alternatives=""el"" data-language-to-translate-into=""en"" data-phrase-index=""6"" data-number-of-phrases=""11"">Ισχύς ηχείων: 4 ohms/10 W (x2)</span></span></li><li><span class=""VIiyi"" lang=""el""><span class=""JLqJ4b ChMk0b"" data-language-for-alternatives=""el"" data-language-to-translate-into=""en"" data-phrase-index=""8"" data-number-of-phrases=""11"">Απόκριση συχνότητας: 120Hz-20 kHz</span></span></li><li><span class=""VIiyi"" lang=""el""><span class=""JLqJ4b ChMk0b"" data-language-for-alternatives=""el"" data-language-to-translate-into=""en"" data-phrase-index=""10"" data-number-of-phrases=""11"">Τάση φόρτισης: 5V/500mA</span></span></li><li><span class=""VIiyi"" lang=""el""><span class=""JLqJ4b ChMk0b"" data-language-for-alternatives=""el"" data-language-to-translate-into=""en"" data-phrase-index=""26"" data-number-of-phrases=""35"">Εύρος συχνοτήτων: 60Hz-23 kHz</span></span></li><li>Περιλαμβάνονται:USB καλώδιο, AUX καλώδιο, User Manual</li></ul></div></div>",ΕΙΔΗ ΤΕΧΝΟΛΟΓΙΑΣ>Gadgets>Μικρόφωνα studio  karaoke
38888,Ασύρματο μικρόφωνο Karaoke - WS-899 - Weisre - 8,Ασύρματο μικρόφωνο Karaoke - WS-899 - Weisre - 883358 - Red,in stock,new,18 EUR,,https://www.tradesor.gr/wp-content/uploads/2023/04/1106_883358-1.jpg,OEM,No Color,0.5,"<p>Ασύρματο μικρόφωνο Bluetooth με ενσωματωμένο ηχείο και πανέμορφο design για το πιο εντυπωσιακό πάρτι Καραόκε. Άψογη ποιότητα ήχου χωρίς θορύβους και παράσιτα. Σας επιτρέπει να μεταφέρεται την αγαπημένη σας μουσική από USB stick ή κάρτα μνήμης ενώ λειτουργεί ασύρματα μέσω Bluetooth ή και ενσύρματα (περιλαμβάνεται καλώδιο ήχου)</p><p><strong>Χαρακτηριστικά</strong>:<br />Ισχύς ηχείου: 10W<br />Θύρες: USB, TF Card, AUX<br />Μπαταρία: 1200mAh<br />Echo εφέ<br />Τεχνολογία Noise cancellation<br />Συχνότητα: 100HZ- 10KHZ<br />Τάση φόρτισης: DC-5V<br />Διαστάσεις: 19 x 6cm<br /><br /></p>",ΕΙΔΗ ΤΕΧΝΟΛΟΓΙΑΣ>Gadgets>Μικρόφωνα studio  karaoke
38941,Ασύρματο μικρόφωνο Karaoke - WS-899 - Weisre - 8,Ασύρματο μικρόφωνο Karaoke - WS-899 - Weisre - 883358 - Black,in stock,new,18 EUR,,https://www.tradesor.gr/wp-content/uploads/2023/04/883358_b.jpg,OEM,No Color,0.5,"<p>Ασύρματο μικρόφωνο Bluetooth με ενσωματωμένο ηχείο και πανέμορφο design για το πιο εντυπωσιακό πάρτι Καραόκε. Άψογη ποιότητα ήχου χωρίς θορύβους και παράσιτα. Σας επιτρέπει να μεταφέρεται την αγαπημένη σας μουσική από USB stick ή κάρτα μνήμης ενώ λειτουργεί ασύρματα μέσω Bluetooth ή και ενσύρματα (περιλαμβάνεται καλώδιο ήχου)</p><p><strong>Χαρακτηριστικά</strong>:<br />Ισχύς ηχείου: 10W<br />Θύρες: USB, TF Card, AUX<br />Μπαταρία: 1200mAh<br />Echo εφέ<br />Τεχνολογία Noise cancellation<br />Συχνότητα: 100HZ- 10KHZ<br />Τάση φόρτισης: DC-5V<br />Διαστάσεις: 19 x 6cm<br /><br /></p>",ΕΙΔΗ ΤΕΧΝΟΛΟΓΙΑΣ>Gadgets>Μικρόφωνα studio  karaoke
38942,Ασύρματο μικρόφωνο Karaoke - WS-899 - Weisre - 8,Ασύρματο μικρόφωνο Karaoke - WS-899 - Weisre - 883358 - White,in stock,new,18 EUR,,https://www.tradesor.gr/wp-content/uploads/2023/04/883358_w.jpg,OEM,No Color,0.5,"<p>Ασύρματο μικρόφωνο Bluetooth με ενσωματωμένο ηχείο και πανέμορφο design για το πιο εντυπωσιακό πάρτι Καραόκε. Άψογη ποιότητα ήχου χωρίς θορύβους και παράσιτα. Σας επιτρέπει να μεταφέρεται την αγαπημένη σας μουσική από USB stick ή κάρτα μνήμης ενώ λειτουργεί ασύρματα μέσω Bluetooth ή και ενσύρματα (περιλαμβάνεται καλώδιο ήχου)</p><p><strong>Χαρακτηριστικά</strong>:<br />Ισχύς ηχείου: 10W<br />Θύρες: USB, TF Card, AUX<br />Μπαταρία: 1200mAh<br />Echo εφέ<br />Τεχνολογία Noise cancellation<br />Συχνότητα: 100HZ- 10KHZ<br />Τάση φόρτισης: DC-5V<br />Διαστάσεις: 19 x 6cm<br /><br /></p>",ΕΙΔΗ ΤΕΧΝΟΛΟΓΙΑΣ>Gadgets>Μικρόφωνα studio  karaoke
38943,Ασύρματο μικρόφωνο Karaoke - WS-899 - Weisre - 8,Ασύρματο μικρόφωνο Karaoke - WS-899 - Weisre - 883358 - Gold,in stock,new,18 EUR,,https://www.tradesor.gr/wp-content/uploads/2023/04/883358_g.jpg,OEM,No Color,0.5,"<p>Ασύρματο μικρόφωνο Bluetooth με ενσωματωμένο ηχείο και πανέμορφο design για το πιο εντυπωσιακό πάρτι Καραόκε. Άψογη ποιότητα ήχου χωρίς θορύβους και παράσιτα. Σας επιτρέπει να μεταφέρεται την αγαπημένη σας μουσική από USB stick ή κάρτα μνήμης ενώ λειτουργεί ασύρματα μέσω Bluetooth ή και ενσύρματα (περιλαμβάνεται καλώδιο ήχου)</p><p><strong>Χαρακτηριστικά</strong>:<br />Ισχύς ηχείου: 10W<br />Θύρες: USB, TF Card, AUX<br />Μπαταρία: 1200mAh<br />Echo εφέ<br />Τεχνολογία Noise cancellation<br />Συχνότητα: 100HZ- 10KHZ<br />Τάση φόρτισης: DC-5V<br />Διαστάσεις: 19 x 6cm<br /><br /></p>",ΕΙΔΗ ΤΕΧΝΟΛΟΓΙΑΣ>Gadgets>Μικρόφωνα studio  karaoke
39643,Τηλεβόας με σειρήνα - Pocket Size - HQ-08 - 9915,Τηλεβόας με σειρήνα - Pocket Size - HQ-08 - 991500 - White,in stock,new,7.2 EUR,,https://www.tradesor.gr/wp-content/uploads/2023/04/991500.png,OEM,No Color,2.0,"<p>Διακόπτης ομιλίας, διακόπτης μουσικής, έλεγχος έντασης ήχου, ενσωματωμένο μικρόφωνο<br />Ελαφρύ και φορητό<br />Κουμπί ενεργοποίησης/ απενεργοποίησης<br />Σύστημα κατά των δονήσεων που εξαλείφει πιθανές στρεβλώσεις στην αναπαραγωγή<br />Αναδιπλούμενο<br />Υλικό πλαστικό PVC<br />Αξεσουάρ: Λουράκι καρπού<br />Τροφοδοσία: μπαταρίες 6 x AA (δεν περιλαμβάνονται)<br />Διαστάσεις: περίπου 15 x 16 x 9 εκ.</p>",ΕΙΔΗ ΤΕΧΝΟΛΟΓΙΑΣ>Gadgets>Μικρόφωνα studio  karaoke
39702,Τηλεβόας - DH-10 - 20W - 991524,Τηλεβόας - DH-10 - 20W - 991524,in stock,new,36 EUR,,https://www.tradesor.gr/wp-content/uploads/2023/04/991524.png,OEM,No Color,5.5,"<p>Ισχυρό φορητό μεγάφωνο ανακοινώσεων κατάλληλο για όλες τις υπαίθριες εκδηλώσεις. Με ισχύ 20W και μικρόφωνο χειρός υψηλής ευκρίνειας μπορεί να αναπαράγει καθαρό ήχο έως 400m. Διαθέτει διακόπτες on/off, μελωδίας, σειρήνας και συρόμενο διακόπτη ρύθμισης έντασης. Είναι κατασκευασμένο από ανθεκτικό ABS πλαστικό, ενώ διαθέτει ιμάντα καρπού για εύκολη μεταφορά. <br /><br />Τροφοδοτείται με 6x μπαταρίες R20(δεν συμπεριλαμβάνονται).</p><p><strong>Τεχνικά χαρακτηριστικά</strong><br />Power: 20W<br />Sound range: 400m<br />Power supply: 6x R14<br />Harmonic distortion: 7%<br />Diameter: 205mm<br />Lenght: 337mm<br />Weight: 715g</p>",ΕΙΔΗ ΤΕΧΝΟΛΟΓΙΑΣ>Gadgets>Μικρόφωνα studio  karaoke
39704,Τηλεβόας - NO-150 - 30W - 991555,Τηλεβόας - NO-150 - 30W - 991555,in stock,new,18 EUR,,https://www.tradesor.gr/wp-content/uploads/2023/04/9915551.jpg,OEM,No Color,3.5,"<p>Τηλεβοάς χειρός 30 Watt με USB και επαναφορτιζόμενη μπαταρία. </p><p>Ο τηλεβόας 30 Watt με USB έχει σχεδιαστεί για να παρέχει ευέλικτη μετάδοση ήχου με ισχύ. Η μέγιστη ισχύς των 30 Watt σας επιτρέπει να ακούτε από απόσταση έως και 0,7 χλμ, καθώς ενισχύει τη φωνή σας με καθαρότητα. Διαθέτει λειτουργία συναγερμού σειρήνας που βοηθάει σε κατάσταση έκτακτης ανάγκης με ρυθμιζόμενο έλεγχο έντασης μέσω του τηλεβόα, ώστε να τραβάτε γρήγορα την προσοχή όλων.</p><p>Η μονάδα flash USB και η λειτουργία ανάγνωσης καρτών μνήμης SD επιτρέπουν την αναπαραγωγή ψηφιακού αρχείου ήχου MP3.<br /><br />Προδιαγραφές</p><p>Μάρκα: ΟΕΜ</p><p>Κωδικός προϊόντος: NO-150</p><p>Ισχύς: 30 watt</p><p>Εύρος φωνής: έως και 0,7χλμ</p><p>Διάρκεια μπαταρίας: 5-8 ώρες</p><p> </p>",ΕΙΔΗ ΤΕΧΝΟΛΟΓΙΑΣ>Gadgets>Μικρόφωνα studio  karaoke
51018,Επαγγελματικό σετ ηχογράφησης - 240+V8,Επαγγελματικό σετ ηχογράφησης - 240+V8S - 884218,in stock,new,41.4 EUR,,https://www.tradesor.gr/wp-content/uploads/2023/05/3407bd65662db73f59d9289755be7d16.jpg,OEM,No Color,3.0,"Πλήρες σετ εγγραφής ήχου V8 Set. Το πακέτο περιλαμβάνει:

    κάρτα ήχου V8
    πυκνωτικό μικρόφωνο μικρού διαφράγματος
    βάση μικροφώνου
    καλώδιο μικροφώνου
    ακουστικά ψείρες
    3 καλώδια Micro USB σε 3.5mm Jack
    καλώδιο Micro USB",ΕΙΔΗ ΤΕΧΝΟΛΟΓΙΑΣ>Gadgets>Μικρόφωνα studio  karaoke
61025,Ψηφιακός καταγραφέας φωνής – R-70 – N,Ψηφιακός καταγραφέας φωνής – R-70 – Novacom – 8GB – 880196,in stock,new,27 EUR,,https://www.tradesor.gr/wp-content/uploads/2023/04/1106_880196-1.jpg,OEM,No Color,0.6,"Χαρακτηριστικά:
Οθόνη LCD
Εσωτερική μνήμη: 8GB
Έλεγχος καταγραφής φωνής
Ενσωματωμένο ηχείο
Υποστήριξη αρχείων ήχου MP3 Audio, WAV
Ενσωματωμένη επαναφορτιζόμενη μπαταρία: 3.6V 300mah lithium battery
Αυτονομία μπαταρίας: έως και 20 ώρες καταγραφής
Θύρα Jack 3.5mm
Περιλαμβάνεται 1 ζευγάρι ακουστικά και καλώδιο φόρτισης.",ΕΙΔΗ ΤΕΧΝΟΛΟΓΙΑΣ>Gadgets>Μικρόφωνα studio  karaoke
61063,Ασύρματο μικρόφωνο Karaoke με ηχείο - KMC,Ασύρματο μικρόφωνο Karaoke με ηχείο - KMC500 - 889435 - Black,in stock,new,18 EUR,,https://www.tradesor.gr/wp-content/uploads/2023/05/889435_b.jpg,OEM,No Color,0.8,"Ασύρματο μικρόφωνο Karaoke με ενσωματωμένο ηχείο και εξαιρετικό ήχο, ιδανικό για ένα συναρπαστικό Karaoke πάρτυ!

Χαρακτηριστικά:
Συνδεσιμότητα: Bluetooth/ AUX
Χωρητικότητα μπαταρίας: 2600 mAh
Τάση τροφοδοσίας: 5V
Ισχύς εξόδου: 5W
Αυτονομία μπαταρίας σε χρήση: έως 3 ώρες 
Bluetooth έκδοση: 5.0, Τάση φόρτισης: DC 5V, Εύρος απόκρισης συχνότητας:200Hz-20KHz, 115db 1khz",ΕΙΔΗ ΤΕΧΝΟΛΟΓΙΑΣ>Gadgets>Μικρόφωνα studio  karaoke
61066,Ασύρματο μικρόφωνο Karaoke με ηχείο - ZX8,Ασύρματο μικρόφωνο Karaoke με ηχείο - ZX800 - 889442 - Black,in stock,new,16.2 EUR,,https://www.tradesor.gr/wp-content/uploads/2023/05/889442_b-PhotoRoom.png,OEM,No Color,0.8,"Ασύρματο μικρόφωνο Karaoke με ενσωματωμένο ηχείο και εξαιρετικό ήχο, με ψηφιακή οθόνη LED με πολύχρωμο φωτισμό που προσαρμόζεται στο ρυθμό και την ένταση της μουσικής σας. Ιδανικό για ένα συναρπαστικό Karaoke πάρτυ!

Χαρακτηριστικά:
Συνδεσιμότητα: Bluetooth/ TF Card/ AUX
Χωρητικότητα μπαταρίας: 1200 mAh
Τάση τροφοδοσίας: 5V
Ισχύς εξόδου: 5W
Αυτονομία μπαταρίας σε χρήση: έως 5 ώρες 
Bluetooth έκδοση: 5.0, Τάση φόρτισης: DC 5V, Διαστάσεις: 24.5x7.9cm.",ΕΙΔΗ ΤΕΧΝΟΛΟΓΙΑΣ>Gadgets>Μικρόφωνα studio  karaoke
61509,Ασύρματο μικρόφωνο Karaoke με ηχείο - ZX8,Ασύρματο μικρόφωνο Karaoke με ηχείο - ZX800 - 889442 - Pink,in stock,new,16.2 EUR,,https://www.tradesor.gr/wp-content/uploads/2023/05/889442_pi-PhotoRoom.png,OEM,No Color,0.8,"Ασύρματο μικρόφωνο Karaoke με ενσωματωμένο ηχείο και εξαιρετικό ήχο, με ψηφιακή οθόνη LED με πολύχρωμο φωτισμό που προσαρμόζεται στο ρυθμό και την ένταση της μουσικής σας. Ιδανικό για ένα συναρπαστικό Karaoke πάρτυ!

Χαρακτηριστικά:
Συνδεσιμότητα: Bluetooth/ TF Card/ AUX
Χωρητικότητα μπαταρίας: 1200 mAh
Τάση τροφοδοσίας: 5V
Ισχύς εξόδου: 5W
Αυτονομία μπαταρίας σε χρήση: έως 5 ώρες 
Bluetooth έκδοση: 5.0, Τάση φόρτισης: DC 5V, Διαστάσεις: 24.5x7.9cm.",ΕΙΔΗ ΤΕΧΝΟΛΟΓΙΑΣ>Gadgets>Μικρόφωνα studio  karaoke
61510,Ασύρματο μικρόφωνο Karaoke με ηχείο - ZX8,Ασύρματο μικρόφωνο Karaoke με ηχείο - ZX800 - 889442 - Blue,in stock,new,16.2 EUR,,https://www.tradesor.gr/wp-content/uploads/2023/05/889442_bl-PhotoRoom.png,OEM,No Color,0.8,"Ασύρματο μικρόφωνο Karaoke με ενσωματωμένο ηχείο και εξαιρετικό ήχο, με ψηφιακή οθόνη LED με πολύχρωμο φωτισμό που προσαρμόζεται στο ρυθμό και την ένταση της μουσικής σας. Ιδανικό για ένα συναρπαστικό Karaoke πάρτυ!

Χαρακτηριστικά:
Συνδεσιμότητα: Bluetooth/ TF Card/ AUX
Χωρητικότητα μπαταρίας: 1200 mAh
Τάση τροφοδοσίας: 5V
Ισχύς εξόδου: 5W
Αυτονομία μπαταρίας σε χρήση: έως 5 ώρες 
Bluetooth έκδοση: 5.0, Τάση φόρτισης: DC 5V, Διαστάσεις: 24.5x7.9cm.",ΕΙΔΗ ΤΕΧΝΟΛΟΓΙΑΣ>Gadgets>Μικρόφωνα studio  karaoke
61515,Ασύρματο μικρόφωνο Karaoke με ηχείο - KMC,Ασύρματο μικρόφωνο Karaoke με ηχείο - KMC500 - 889435 - Pink,in stock,new,18 EUR,,https://www.tradesor.gr/wp-content/uploads/2023/05/889435_pi-1.png,OEM,No Color,0.8,"Ασύρματο μικρόφωνο Karaoke με ενσωματωμένο ηχείο και εξαιρετικό ήχο, ιδανικό για ένα συναρπαστικό Karaoke πάρτυ!

Χαρακτηριστικά:
Συνδεσιμότητα: Bluetooth/ AUX
Χωρητικότητα μπαταρίας: 2600 mAh
Τάση τροφοδοσίας: 5V
Ισχύς εξόδου: 5W
Αυτονομία μπαταρίας σε χρήση: έως 3 ώρες 
Bluetooth έκδοση: 5.0, Τάση φόρτισης: DC 5V, Εύρος απόκρισης συχνότητας:200Hz-20KHz, 115db 1khz",ΕΙΔΗ ΤΕΧΝΟΛΟΓΙΑΣ>Gadgets>Μικρόφωνα studio  karaoke
