id,title,description,availability,condition,price,link,image_link,brand,color,shipping_weight,rich_text_description,fb_product_category
36268,Ηχείο αυτοκινήτου - Oval - 16x23cm - 800W - MY-69,Ηχείο αυτοκινήτου - Oval - 16x23cm - 800W - MY-6907 - 001610,in stock,new,9 EUR,,https://www.tradesor.gr/wp-content/uploads/2023/04/3007_001610.jpg,OEM,No Color,1.0,"<p><span class=""tlid-translation translation"" lang=""el""><span class="""" title=""""> </span></span> <span class=""tlid-translation translation"" lang=""el""><span class="""" title="""">Ονομαστική ισχύς: 30W</span></span></p><p><span class=""tlid-translation translation"" lang=""el""><span class="""" title="""">Μέγιστη ισχύς: 800W</span></span></p><p><span class=""tlid-translation translation"" lang=""el""><span class="""" title="""">Εύρος συχνοτήτων: 85HZ-18KZ </span></span></p><p><span class=""tlid-translation translation"" lang=""el""><span class="""" title="""">Ευαισθησία: 85 ± 2db</span></span></p><p>Περιλαμβάνεται 1 τεμάχιο.</p><ul><li>Διαστάσεις συσκευασίας: 18 x  24cm</li></ul>",AUTO-MOTO-BIKE>Είδη αυτοκινήτου>Ηχεία αυτοκινήτου
36269,Ηχείο αυτοκινήτου - 4x2way - 200W - CTC-1086 - 00,Ηχείο αυτοκινήτου - 4x2way - 200W - CTC-1086 - 001627,in stock,new,14.4 EUR,,https://www.tradesor.gr/wp-content/uploads/2023/04/3007_001627.jpg,OEM,No Color,2,"<p><span class=""tlid-translation translation"" lang=""el""><span class="""" title="""">Ονομαστική ισχύς: 20W. Μέγιστη ισχύς: 200W, εύρος συχνοτήτων: 90HZ-20KZ, ευαισθησία: 88 ± 2db</span></span></p><p>Περιλαμβάνεται 1 τεμάχιο.<br />Αυθεντικό προϊόν Tradesor.</p><ul><li>Διαστάσεις συσκευασίας: 30 x  15cm</li></ul>",AUTO-MOTO-BIKE>Είδη αυτοκινήτου>Ηχεία αυτοκινήτου
36271,Ηχείο αυτοκινήτου - Oval - 6x9' - 1500W - CTC-698,Ηχείο αυτοκινήτου - Oval - 6x9' - 1500W - CTC-6986 - 001658,in stock,new,27 EUR,,https://www.tradesor.gr/wp-content/uploads/2023/04/3007_001658.jpg,OEM,No Color,5,"<p><span class=""tlid-translation translation"" lang=""el""><span class="""" title="""">Ηχεία αυτοκινήτου - Oval - 6x9' - 1500W - CTC-1986 <br />Ονομαστική ισχύς: 80W. <br />Μέγιστη ισχύς: 1500W, <br />Εύρος συχνοτήτων: 90HZ-20KZ, <br />Ευαισθησία: 88 ± 2db</span></span></p><p>Περιλαμβάνεται 1 τεμάχιο.<br />Αυθεντικό προϊόν Tradesor.</p><ul><li>Διαστάσεις συσκευασίας: 37 x  27cm</li></ul>",AUTO-MOTO-BIKE>Είδη αυτοκινήτου>Ηχεία αυτοκινήτου
36273,Ηχείο αυτοκινήτου - 6x9mm - 1500W - TS-A6972E - 0,Ηχείο αυτοκινήτου - 6x9mm - 1500W - TS-A6972E - 001696,in stock,new,23.4 EUR,,https://www.tradesor.gr/wp-content/uploads/2023/04/3007_001696.jpg,OEM,No Color,2,"<p><span class=""tlid-translation translation"" lang=""el""><span class="""" title="""">Διαστάσεις: 90*45*15 εκατοστά - 25MM, <br />Ονομαστική ισχύς: 40W. <br />Μέγιστη ισχύς: 1500W, <br />Εύρος συχνοτήτων: 85HZ-20KZ, <br />Ευαισθησία: 88 ± 2db</span></span></p><p>Περιλαμβάνεται 1 τεμάχιο.<br />Αυθεντικό προϊόν Tradesor.</p>",AUTO-MOTO-BIKE>Είδη αυτοκινήτου>Ηχεία αυτοκινήτου
36274,Ηχείο αυτοκινήτου - 13cm - 80W - MY-510 - 001719,Ηχείο αυτοκινήτου - 13cm - 80W - MY-510 - 001719,in stock,new,7.2 EUR,,https://www.tradesor.gr/wp-content/uploads/2023/04/3007_001719.jpg,OEM,No Color,1.0,"<p><span class=""tlid-translation translation"" lang=""el""><span class="""" title=""""> Ονομαστική ισχύς: 20W. <br />Μέγιστη ισχύς: 80W, <br />Εύρος συχνοτήτων: 95HZ-18KZ, <br />Ευαισθησία: 88 ± 2db</span></span></p><p>Περιλαμβάνεται 1 τεμάχιο.<br />Αυθεντικό προϊόν Tradesor.</p><ul><li>Διαστάσεις συσκευασίας: 13 x  12cm</li></ul>",AUTO-MOTO-BIKE>Είδη αυτοκινήτου>Ηχεία αυτοκινήτου
36275,Ηχείο αυτοκινήτου - 16cm - 100W - MY-610 - 001726,Ηχείο αυτοκινήτου - 16cm - 100W - MY-610 - 001726,in stock,new,9 EUR,,https://www.tradesor.gr/wp-content/uploads/2023/04/3007_001726.jpg,OEM,No Color,1.0,"<p><span class=""tlid-translation translation"" lang=""el""><span class="""" title="""">Ονομαστική ισχύς: 25W. <br />Μέγιστη ισχύς: 100W, <br />Εύρος συχνοτήτων: 90HZ-18KZ, <br />Ευαισθησία: 88 ± 2db</span></span></p><p>Περιλαμβάνεται 1 τεμάχιο.<br />Αυθεντικό προϊόν Tradesor.</p><ul><li>Διαστάσεις συσκευασίας: 16 x  14cm</li></ul>",AUTO-MOTO-BIKE>Είδη αυτοκινήτου>Ηχεία αυτοκινήτου
36276,Ηχείο αυτοκινήτου - Oval - 16x23cm - 800W - MY-69,Ηχείο αυτοκινήτου - Oval - 16x23cm - 800W - MY-6910 - 001733,in stock,new,11.7 EUR,,https://www.tradesor.gr/wp-content/uploads/2023/04/3007_001733.jpg,OEM,No Color,1.5,"<p><span class=""tlid-translation translation"" lang=""el""><span class="""" title=""""> Ονομαστική ισχύς: 30W. <br />Μέγιστη ισχύς: 800W, <br />Εύρος συχνοτήτων: 85HZ-18KZ, <br />Ευαισθησία: 88 ± 2db</span></span></p><p>Περιλαμβάνεται 1 τεμάχιο.<br />Αυθεντικό προϊόν Tradesor.</p><ul><li>Διαστάσεις συσκευασίας: 17 x  24cm</li></ul>",AUTO-MOTO-BIKE>Είδη αυτοκινήτου>Ηχεία αυτοκινήτου
37958,Ηχείο αυτοκινήτου - Tweeter - CTC-20G - 001962,Ηχείο αυτοκινήτου - Tweeter - CTC-20G - 001962,in stock,new,10.8 EUR,,https://www.tradesor.gr/wp-content/uploads/2023/04/001962.jpg,OEM,No Color,0.5,<p>Μέγεθος: 38mm<br />Rated Power: 80W<br />Max. Power: 800W<br />Frequency Responce: 70Hz-20KHz<br />Impedance: 4Ω<br />Sensitivity: 93db/w/m</p><ul><li>Διαστάσεις συσκευασίας: 11 x  8cm</li></ul><p>Περιλαμβάνεται 1 τεμάχιο.</p>,AUTO-MOTO-BIKE>Είδη αυτοκινήτου>Ηχεία αυτοκινήτου
37960,Ηχείο αυτοκινήτου - Tweeter - CTC-34G - 001948,Ηχείο αυτοκινήτου - Tweeter - CTC-34G - 001948,in stock,new,23.4 EUR,,https://www.tradesor.gr/wp-content/uploads/2023/04/001948.jpg,OEM,No Color,2,<p>Μέγεθος: 38mm<br />Rated Power: 80W<br />Max. Power: 1000W<br />Frequency Responce: 70Hz-20KHz<br />Impedance: 4Ω<br />Sensitivity: 93db/w/m</p><p>Διαστάσεις: 10 x 8cm</p><p>Περιλαμβάνεται 1 τεμάχιο.</p>,AUTO-MOTO-BIKE>Είδη αυτοκινήτου>Ηχεία αυτοκινήτου
37985,Ηχείο αυτοκινήτου - 405 - 002020,Ηχείο αυτοκινήτου - 405 - 002020,in stock,new,5.4 EUR,,https://www.tradesor.gr/wp-content/uploads/2023/04/002020-PhotoRoom.jpg,OEM,No Color,0.8,<p>Μέγεθος: 100mm<br />Max. Power: 50W<br />Frequency Responce: 70Hz-20KHz<br />Impedance: 4Ω<br />Sensitivity: 93db/w/m</p><p>Περιλαμβάνεται 1 τεμάχιο.</p><ul><li>Διαστάσεις συσκευασίας: 11 x  11cm</li></ul>,AUTO-MOTO-BIKE>Είδη αυτοκινήτου>Ηχεία αυτοκινήτου
55012,Ηχείο αυτοκινήτου - CTC-01G - PerVoi - 004376,Ηχείο αυτοκινήτου - CTC-01G - PerVoi - 004376,in stock,new,11.7 EUR,,https://www.tradesor.gr/wp-content/uploads/2023/05/144329cc8406501550acbde9c4e583c8.jpg,OEM,No Color,1.0,,AUTO-MOTO-BIKE>Είδη αυτοκινήτου>Ηχεία αυτοκινήτου
55015,Ηχείο αυτοκινήτου - 6.9'' - CTC-6973 - PerVoi - 0,Ηχείο αυτοκινήτου - 6.9'' - CTC-6973 - PerVoi - 004277,in stock,new,27 EUR,,https://www.tradesor.gr/wp-content/uploads/2023/05/5ecfa2655e9861184902faec25a7f361.jpg,OEM,No Color,1.5,,AUTO-MOTO-BIKE>Είδη αυτοκινήτου>Ηχεία αυτοκινήτου
55018,Ηχείο αυτοκινήτου - 6'' - CTC-1673 - PerVoi - 004,Ηχείο αυτοκινήτου - 6'' - CTC-1673 - PerVoi - 004260,in stock,new,18 EUR,,https://www.tradesor.gr/wp-content/uploads/2023/05/0e4a91d50ed3d745fefba73588fbef75.jpg,OEM,No Color,1.5,,AUTO-MOTO-BIKE>Είδη αυτοκινήτου>Ηχεία αυτοκινήτου
55021,Ηχεία αυτοκινήτου - 6.5'' - CTC-6592 - PerVoi - 0,Ηχεία αυτοκινήτου - 6.5'' - CTC-6592 - PerVoi - 004192,in stock,new,27 EUR,,https://www.tradesor.gr/wp-content/uploads/2023/05/ebbfe164bee7c6df1efe8fefd405b51e.jpg,OEM,No Color,1.5,,AUTO-MOTO-BIKE>Είδη αυτοκινήτου>Ηχεία αυτοκινήτου
106504,Ηχείο αυτοκινήτου - Tweeter - CTC63S - 000418,Ηχείο αυτοκινήτου - Tweeter - CTC63S - 000418,in stock,new,21.6 EUR,,https://www.tradesor.gr/wp-content/uploads/2023/06/77f3f8c5344c4c1b073dd6aa02395b34.jpg,OEM,No Color,1.0,,AUTO-MOTO-BIKE>Είδη αυτοκινήτου>Ηχεία αυτοκινήτου
106508,Ηχείο αυτοκινήτου - Tweeter - CTC36G - 000405,Ηχείο αυτοκινήτου - Tweeter - CTC36G - 000405,in stock,new,21.6 EUR,,https://www.tradesor.gr/wp-content/uploads/2023/06/946e71a888c207ffa8b180490d0984e1.jpg,OEM,No Color,1.0,,AUTO-MOTO-BIKE>Είδη αυτοκινήτου>Ηχεία αυτοκινήτου
106625,Subwoofer αυτοκινήτου με ενισχυτή - F-6 - 70,Subwoofer αυτοκινήτου με ενισχυτή - F-6 - 70W - 000375,in stock,new,50.4 EUR,,https://www.tradesor.gr/wp-content/uploads/2023/06/e3a0f29e43be1f3be0d1fa99f26feba5.jpg,OEM,No Color,3.0,,AUTO-MOTO-BIKE>Είδη αυτοκινήτου>Ηχεία αυτοκινήτου
106628,Subwoofer αυτοκινήτου με ενισχυτή - F-8 - 70,Subwoofer αυτοκινήτου με ενισχυτή - F-8 - 70W - 000374,in stock,new,54 EUR,,https://www.tradesor.gr/wp-content/uploads/2023/06/c165a1425abd2446687724b5089a9a8f.jpg,OEM,No Color,3.0,,AUTO-MOTO-BIKE>Είδη αυτοκινήτου>Ηχεία αυτοκινήτου
106845,Ηχεία αυτοκινήτου - Tweeter - CTC029 - 000287,Ηχεία αυτοκινήτου - Tweeter - CTC029 - 000287,in stock,new,2.7 EUR,,https://www.tradesor.gr/wp-content/uploads/2023/06/235ea003ad045d222dbbf4e81a182643.jpg,OEM,No Color,0.9,,AUTO-MOTO-BIKE>Είδη αυτοκινήτου>Ηχεία αυτοκινήτου
106848,Ηχεία αυτοκινήτου - Tweeter - MY-027G - 000286,Ηχεία αυτοκινήτου - Tweeter - MY-027G - 000286,in stock,new,2.16 EUR,,https://www.tradesor.gr/wp-content/uploads/2023/06/7fd0f1de9ac928618e0b673c105ca1ed.jpg,OEM,No Color,0.9,,AUTO-MOTO-BIKE>Είδη αυτοκινήτου>Ηχεία αυτοκινήτου
106851,Ηχεία αυτοκινήτου - Tweeter - MY-026G - 000285,Ηχεία αυτοκινήτου - Tweeter - MY-026G - 000285,in stock,new,1.8 EUR,,https://www.tradesor.gr/wp-content/uploads/2023/06/3f2f9ddb66b5d96b571b48a0f1330043.jpg,OEM,No Color,0.9,,AUTO-MOTO-BIKE>Είδη αυτοκινήτου>Ηχεία αυτοκινήτου
106854,Ηχείο αυτοκινήτου - 6.5'' - 607 - 000283,Ηχείο αυτοκινήτου - 6.5'' - 607 - 000283,in stock,new,5.4 EUR,,https://www.tradesor.gr/wp-content/uploads/2023/06/b01059a31e5b1f161f5d51968a28fd98.jpg,OEM,No Color,0.9,,AUTO-MOTO-BIKE>Είδη αυτοκινήτου>Ηχεία αυτοκινήτου
106857,Ηχείο αυτοκινήτου - 4'' - 407 - 000281,Ηχείο αυτοκινήτου - 4'' - 407 - 000281,in stock,new,4.5 EUR,,https://www.tradesor.gr/wp-content/uploads/2023/06/db9199c4771f7526eb22af02e120b1ee.jpg,OEM,No Color,0.9,,AUTO-MOTO-BIKE>Είδη αυτοκινήτου>Ηχεία αυτοκινήτου
106860,Ηχείο αυτοκινήτου - 6'' - 1630 - 000279,Ηχείο αυτοκινήτου - 6'' - 1630 - 000279,in stock,new,16.2 EUR,,https://www.tradesor.gr/wp-content/uploads/2023/06/81b52e9d72f13f88080bb224c75d8ec9.jpg,OEM,No Color,0.9,,AUTO-MOTO-BIKE>Είδη αυτοκινήτου>Ηχεία αυτοκινήτου
106863,Ηχείο αυτοκινήτου - 5'' - 1330 - 000278,Ηχείο αυτοκινήτου - 5'' - 1330 - 000278,in stock,new,15.3 EUR,,https://www.tradesor.gr/wp-content/uploads/2023/06/2764e6dfeb1d3c4145ece09286d2e1ff.jpg,OEM,No Color,0.9,,AUTO-MOTO-BIKE>Είδη αυτοκινήτου>Ηχεία αυτοκινήτου
106866,Ηχείο αυτοκινήτου - 4'' - 1030 - 000277,Ηχείο αυτοκινήτου - 4'' - 1030 - 000277,in stock,new,13.5 EUR,,https://www.tradesor.gr/wp-content/uploads/2023/06/dee0f4e1339a5003edaebecb8e35df6b.jpg,OEM,No Color,0.9,,AUTO-MOTO-BIKE>Είδη αυτοκινήτου>Ηχεία αυτοκινήτου
106869,Ηχείο αυτοκινήτου - 6981 6*9 - 000276,Ηχείο αυτοκινήτου - 6981 6*9 - 000276,in stock,new,28.8 EUR,,https://www.tradesor.gr/wp-content/uploads/2023/06/a90d20758b2031f37a77e730d3e25a2c.jpg,OEM,No Color,0.9,,AUTO-MOTO-BIKE>Είδη αυτοκινήτου>Ηχεία αυτοκινήτου
106872,Ηχείο αυτοκινήτου - 6.5'' - 1681 - 000275,Ηχείο αυτοκινήτου - 6.5'' - 1681 - 000275,in stock,new,21.6 EUR,,https://www.tradesor.gr/wp-content/uploads/2023/06/45e2273a16b54817545b4075e11292b9.jpg,OEM,No Color,0.9,,AUTO-MOTO-BIKE>Είδη αυτοκινήτου>Ηχεία αυτοκινήτου
106875,Ηχείο αυτοκινήτου - 5'' - 1381 - 000274,Ηχείο αυτοκινήτου - 5'' - 1381 - 000274,in stock,new,15.3 EUR,,https://www.tradesor.gr/wp-content/uploads/2023/06/fff8b4a8ee55579d5e5cf9567de75c61.jpg,OEM,No Color,0.9,,AUTO-MOTO-BIKE>Είδη αυτοκινήτου>Ηχεία αυτοκινήτου
106878,Ηχείο αυτοκινήτου - 4'' - 1081 - 000273,Ηχείο αυτοκινήτου - 4'' - 1081 - 000273,in stock,new,13.5 EUR,,https://www.tradesor.gr/wp-content/uploads/2023/06/ceffd53e4c5d774fae002fa8e2a5db67.jpg,OEM,No Color,0.9,,AUTO-MOTO-BIKE>Είδη αυτοκινήτου>Ηχεία αυτοκινήτου
106881,Ηχείο αυτοκινήτου - CTC-6593 - 000272,Ηχείο αυτοκινήτου - CTC-6593 - 000272,in stock,new,41.4 EUR,,https://www.tradesor.gr/wp-content/uploads/2023/06/3610efb198f7cb76f734cbca3b1772c6.jpg,OEM,No Color,0.9,,AUTO-MOTO-BIKE>Είδη αυτοκινήτου>Ηχεία αυτοκινήτου
106884,Ηχείο αυτοκινήτου - CTC-5786 - 000271,Ηχείο αυτοκινήτου - CTC-5786 - 000271,in stock,new,21.6 EUR,,https://www.tradesor.gr/wp-content/uploads/2023/06/285a09acc86e9602418626bcd15db49f.jpg,OEM,No Color,0.9,,AUTO-MOTO-BIKE>Είδη αυτοκινήτου>Ηχεία αυτοκινήτου
106887,Ηχείο αυτοκινήτου - CTC-4686 - 000270,Ηχείο αυτοκινήτου - CTC-4686 - 000270,in stock,new,18 EUR,,https://www.tradesor.gr/wp-content/uploads/2023/06/6ca478eba3f564dabefafa39fe6f9929.jpg,OEM,No Color,0.9,,AUTO-MOTO-BIKE>Είδη αυτοκινήτου>Ηχεία αυτοκινήτου
106890,Ηχείο αυτοκινήτου - 3.5'' - CTC-3586 - 000269,Ηχείο αυτοκινήτου - 3.5'' - CTC-3586 - 000269,in stock,new,9.9 EUR,,https://www.tradesor.gr/wp-content/uploads/2023/06/3ab3d866004c0211e5bb384934786a19.jpg,OEM,No Color,0.9,,AUTO-MOTO-BIKE>Είδη αυτοκινήτου>Ηχεία αυτοκινήτου
106893,Ηχείο αυτοκινήτου - M6907 - 000268,Ηχείο αυτοκινήτου - M6907 - 000268,in stock,new,39.6 EUR,,https://www.tradesor.gr/wp-content/uploads/2023/06/218c4ec0120e793ff671d7d64f35e3fe.jpg,OEM,No Color,0.9,,AUTO-MOTO-BIKE>Είδη αυτοκινήτου>Ηχεία αυτοκινήτου
106896,Ηχείο αυτοκινήτου - 8'' - CTC-807 - 000266,Ηχείο αυτοκινήτου - 8'' - CTC-807 - 000266,in stock,new,48.6 EUR,,https://www.tradesor.gr/wp-content/uploads/2023/06/423ee0386d9e76df370ff643f1ec17de.jpg,OEM,No Color,0.9,,AUTO-MOTO-BIKE>Είδη αυτοκινήτου>Ηχεία αυτοκινήτου
106899,Ηχείο αυτοκινήτου - 8'' - CTC-806 - 000265,Ηχείο αυτοκινήτου - 8'' - CTC-806 - 000265,in stock,new,30.6 EUR,,https://www.tradesor.gr/wp-content/uploads/2023/06/355ce35824b7131c4e4b13ccf734dce1.jpg,OEM,No Color,0.9,,AUTO-MOTO-BIKE>Είδη αυτοκινήτου>Ηχεία αυτοκινήτου
106902,Ηχείο αυτοκινήτου - 6.5'' - CTC-606 - 000264,Ηχείο αυτοκινήτου - 6.5'' - CTC-606 - 000264,in stock,new,21.6 EUR,,https://www.tradesor.gr/wp-content/uploads/2023/06/83b4677bdf0032189b58532f58367ae9.jpg,OEM,No Color,0.9,,AUTO-MOTO-BIKE>Είδη αυτοκινήτου>Ηχεία αυτοκινήτου
106905,Ηχείο αυτοκινήτου - 10'' - CTC-1005A - 000263,Ηχείο αυτοκινήτου - 10'' - CTC-1005A - 000263,in stock,new,27 EUR,,https://www.tradesor.gr/wp-content/uploads/2023/06/f05ef8e24e6cbc44862a4dfe6f4c72ea.jpg,OEM,No Color,0.9,,AUTO-MOTO-BIKE>Είδη αυτοκινήτου>Ηχεία αυτοκινήτου
106908,Ηχείο αυτοκινήτου - 8'' - CTC-805A - 000262,Ηχείο αυτοκινήτου - 8'' - CTC-805A - 000262,in stock,new,18 EUR,,https://www.tradesor.gr/wp-content/uploads/2023/06/457d15b9715aa2b1c4e2c288ae198926.jpg,OEM,No Color,0.9,,AUTO-MOTO-BIKE>Είδη αυτοκινήτου>Ηχεία αυτοκινήτου
106911,Ηχείο αυτοκινήτου - 6.5'' - CTC-605A - 000261,Ηχείο αυτοκινήτου - 6.5'' - CTC-605A - 000261,in stock,new,14.4 EUR,,https://www.tradesor.gr/wp-content/uploads/2023/06/491b0278bcd940932a0f35ca7bdd7d18.jpg,OEM,No Color,0.9,,AUTO-MOTO-BIKE>Είδη αυτοκινήτου>Ηχεία αυτοκινήτου
106914,Ηχείο αυτοκινήτου - 10'' - CTC-1060 - 000260,Ηχείο αυτοκινήτου - 10'' - CTC-1060 - 000260,in stock,new,72 EUR,,https://www.tradesor.gr/wp-content/uploads/2023/06/8ebcb7300f54879d5793ff468449037f.jpg,OEM,No Color,0.9,,AUTO-MOTO-BIKE>Είδη αυτοκινήτου>Ηχεία αυτοκινήτου
106917,Ηχείο αυτοκινήτου - 12'' - 1262 - 000259,Ηχείο αυτοκινήτου - 12'' - 1262 - 000259,in stock,new,113.4 EUR,,https://www.tradesor.gr/wp-content/uploads/2023/06/83c99335e102b4a42b1a1c597cb39646.jpg,OEM,No Color,0.9,,AUTO-MOTO-BIKE>Είδη αυτοκινήτου>Ηχεία αυτοκινήτου
106920,Ηχείο αυτοκινήτου - 12'' - 1261 - 000258,Ηχείο αυτοκινήτου - 12'' - 1261 - 000258,in stock,new,41.4 EUR,,https://www.tradesor.gr/wp-content/uploads/2023/06/a2107ae497abe2fc57a15bd2f6691cba.jpg,OEM,No Color,0.9,,AUTO-MOTO-BIKE>Είδη αυτοκινήτου>Ηχεία αυτοκινήτου
106923,Ηχείο αυτοκινήτου - 6.5'' - CTC-603A - 000257,Ηχείο αυτοκινήτου - 6.5'' - CTC-603A - 000257,in stock,new,23.4 EUR,,https://www.tradesor.gr/wp-content/uploads/2023/06/457a71f2dd858fd82302c97a06218c63.jpg,OEM,No Color,0.9,,AUTO-MOTO-BIKE>Είδη αυτοκινήτου>Ηχεία αυτοκινήτου
106926,Ηχείο αυτοκινήτου - 6.5'' - CTC-609A - 000256,Ηχείο αυτοκινήτου - 6.5'' - CTC-609A - 000256,in stock,new,36 EUR,,https://www.tradesor.gr/wp-content/uploads/2023/06/b0bbb8f37856a67d2b6fdd54bcf14281.jpg,OEM,No Color,0.9,,AUTO-MOTO-BIKE>Είδη αυτοκινήτου>Ηχεία αυτοκινήτου
106929,Ηχείο αυτοκινήτου - 8'' - CTC-419 - 000255,Ηχείο αυτοκινήτου - 8'' - CTC-419 - 000255,in stock,new,5.4 EUR,,https://www.tradesor.gr/wp-content/uploads/2023/06/64b2c25b9ede6843d460f532ae0a0066.jpg,OEM,No Color,0.9,,AUTO-MOTO-BIKE>Είδη αυτοκινήτου>Ηχεία αυτοκινήτου
106932,Ηχείο αυτοκινήτου - CTC-64S - 000253,Ηχείο αυτοκινήτου - CTC-64S - 000253,in stock,new,25.2 EUR,,https://www.tradesor.gr/wp-content/uploads/2023/06/54b0b31a6ad603cba167988c127fbcdc.jpg,OEM,No Color,0.9,,AUTO-MOTO-BIKE>Είδη αυτοκινήτου>Ηχεία αυτοκινήτου
106935,Ηχείο αυτοκινήτου - CTC-61S - 000251,Ηχείο αυτοκινήτου - CTC-61S - 000251,in stock,new,28.8 EUR,,https://www.tradesor.gr/wp-content/uploads/2023/06/47f358803bb71de17f5b9b4f8e0fa265.jpg,OEM,No Color,0.9,,AUTO-MOTO-BIKE>Είδη αυτοκινήτου>Ηχεία αυτοκινήτου
106938,Ηχείο αυτοκινήτου - CTC-60S - 000250,Ηχείο αυτοκινήτου - CTC-60S - 000250,in stock,new,28.8 EUR,,https://www.tradesor.gr/wp-content/uploads/2023/06/6a4cddedecda62a73a5e8ec943e2e6e0.jpg,OEM,No Color,0.9,,AUTO-MOTO-BIKE>Είδη αυτοκινήτου>Ηχεία αυτοκινήτου
106941,Ηχείο αυτοκινήτου - Tweeter - CTC 58S - 000248,Ηχείο αυτοκινήτου - Tweeter - CTC 58S - 000248,in stock,new,11.7 EUR,,https://www.tradesor.gr/wp-content/uploads/2023/06/f4d06a00a9ae11a75d364dad6d52177a.jpg,OEM,No Color,0.9,,AUTO-MOTO-BIKE>Είδη αυτοκινήτου>Ηχεία αυτοκινήτου
106944,Ηχείο αυτοκινήτου - Tweeter -  CTC 57S - 000247,Ηχείο αυτοκινήτου - Tweeter -  CTC 57S - 000247,in stock,new,11.7 EUR,,https://www.tradesor.gr/wp-content/uploads/2023/06/9e0baf33306dba07f4b4126e26956b21.jpg,OEM,No Color,0.9,,AUTO-MOTO-BIKE>Είδη αυτοκινήτου>Ηχεία αυτοκινήτου
106947,Ηχείο αυτοκινήτου - Tweeter - CTC 56S - 000246,Ηχείο αυτοκινήτου - Tweeter - CTC 56S - 000246,in stock,new,11.7 EUR,,https://www.tradesor.gr/wp-content/uploads/2023/06/e83d0097917a918e933546589581ddd1.jpg,OEM,No Color,0.9,,AUTO-MOTO-BIKE>Είδη αυτοκινήτου>Ηχεία αυτοκινήτου
106950,Ηχείο αυτοκινήτου - Tweeter - CTC 55S - 000245,Ηχείο αυτοκινήτου - Tweeter - CTC 55S - 000245,in stock,new,11.7 EUR,,https://www.tradesor.gr/wp-content/uploads/2023/06/1257b33c92c0c1c2530a48d6b43155c2.jpg,OEM,No Color,0.9,,AUTO-MOTO-BIKE>Είδη αυτοκινήτου>Ηχεία αυτοκινήτου
106953,Ηχείο αυτοκινήτου - Tweeter - CTC 54S - 000244,Ηχείο αυτοκινήτου - Tweeter - CTC 54S - 000244,in stock,new,14.4 EUR,,https://www.tradesor.gr/wp-content/uploads/2023/06/374cdf88fac1035aefc37279e4110fd1.jpg,OEM,No Color,0.9,,AUTO-MOTO-BIKE>Είδη αυτοκινήτου>Ηχεία αυτοκινήτου
106956,Ηχείο αυτοκινήτου - CTC-53AG - 000243,Ηχείο αυτοκινήτου - CTC-53AG - 000243,in stock,new,54 EUR,,https://www.tradesor.gr/wp-content/uploads/2023/06/b7f34f06c6ec15d878f23361a2cd447c.jpg,OEM,No Color,0.9,,AUTO-MOTO-BIKE>Είδη αυτοκινήτου>Ηχεία αυτοκινήτου
106959,Ηχείο αυτοκινήτου - CTC-50AG - 000242,Ηχείο αυτοκινήτου - CTC-50AG - 000242,in stock,new,54 EUR,,https://www.tradesor.gr/wp-content/uploads/2023/06/0298f538dbbc516a2332a4771bc954cb.jpg,OEM,No Color,0.9,,AUTO-MOTO-BIKE>Είδη αυτοκινήτου>Ηχεία αυτοκινήτου
106962,Ηχείο αυτοκινήτου - CTC-49AG - 000241,Ηχείο αυτοκινήτου - CTC-49AG - 000241,in stock,new,9 EUR,,https://www.tradesor.gr/wp-content/uploads/2023/06/c3715d0a9d0454c48899b173ab707daf.jpg,OEM,No Color,0.9,,AUTO-MOTO-BIKE>Είδη αυτοκινήτου>Ηχεία αυτοκινήτου
106965,Ηχείο αυτοκινήτου - CTC-48AG - 000240,Ηχείο αυτοκινήτου - CTC-48AG - 000240,in stock,new,12.6 EUR,,https://www.tradesor.gr/wp-content/uploads/2023/06/24dab92ef93cad2ed7199cff093e3506.jpg,OEM,No Color,0.9,,AUTO-MOTO-BIKE>Είδη αυτοκινήτου>Ηχεία αυτοκινήτου
106968,Ηχείο αυτοκινήτου - Tweeter - CTC-601 - 000239,Ηχείο αυτοκινήτου - Tweeter - CTC-601 - 000239,in stock,new,32.4 EUR,,https://www.tradesor.gr/wp-content/uploads/2023/06/bebb5c1925d9c882dde69234c3bb09b3.jpg,OEM,No Color,0.9,,AUTO-MOTO-BIKE>Είδη αυτοκινήτου>Ηχεία αυτοκινήτου
106971,Ηχείο αυτοκινήτου - Tweeter - CTC-33AG - 000238,Ηχείο αυτοκινήτου - Tweeter - CTC-33AG - 000238,in stock,new,21.6 EUR,,https://www.tradesor.gr/wp-content/uploads/2023/06/9b0eea296d170800fcd211295afd6c46.jpg,OEM,No Color,0.9,,AUTO-MOTO-BIKE>Είδη αυτοκινήτου>Ηχεία αυτοκινήτου
106974,Ηχείο αυτοκινήτου - Tweeter - CTC-32G - 000195,Ηχείο αυτοκινήτου - Tweeter - CTC-32G - 000195,in stock,new,9 EUR,,https://www.tradesor.gr/wp-content/uploads/2023/06/17c3fa0688a6e467d29e4397e3adf014.jpg,OEM,No Color,0.9,,AUTO-MOTO-BIKE>Είδη αυτοκινήτου>Ηχεία αυτοκινήτου
106978,Ηχείο αυτοκινήτου - Tweeter - CTC-28G - 000236,Ηχείο αυτοκινήτου - Tweeter - CTC-28G - 000236,in stock,new,9 EUR,,https://www.tradesor.gr/wp-content/uploads/2023/06/bfc2d3c927014680becda408d0fa998f.jpg,OEM,No Color,0.9,,AUTO-MOTO-BIKE>Είδη αυτοκινήτου>Ηχεία αυτοκινήτου
106981,Ηχείο αυτοκινήτου - Tweeter - CTC-27AG - 000235,Ηχείο αυτοκινήτου - Tweeter - CTC-27AG - 000235,in stock,new,19.8 EUR,,https://www.tradesor.gr/wp-content/uploads/2023/06/d36d7fd6177eec2895693430fbb94b1a.jpg,OEM,No Color,0.9,,AUTO-MOTO-BIKE>Είδη αυτοκινήτου>Ηχεία αυτοκινήτου
106984,Ηχείο αυτοκινήτου - Tweeter - CTC-21AG - 000234,Ηχείο αυτοκινήτου - Tweeter - CTC-21AG - 000234,in stock,new,18 EUR,,https://www.tradesor.gr/wp-content/uploads/2023/06/5411f512ca936dbb0494089672de44d1.jpg,OEM,No Color,0.9,,AUTO-MOTO-BIKE>Είδη αυτοκινήτου>Ηχεία αυτοκινήτου
106987,Ηχείο αυτοκινήτου - Tweeter - CTC-20G - 000196,Ηχείο αυτοκινήτου - Tweeter - CTC-20G - 000196,in stock,new,9 EUR,,https://www.tradesor.gr/wp-content/uploads/2023/06/e2b910b37fbd2551df17147ad10050c3.jpg,OEM,No Color,0.9,,AUTO-MOTO-BIKE>Είδη αυτοκινήτου>Ηχεία αυτοκινήτου
106990,Ηχείο αυτοκινήτου - Tweeter - CTC-17G - 000192,Ηχείο αυτοκινήτου - Tweeter - CTC-17G - 000192,in stock,new,13.5 EUR,,https://www.tradesor.gr/wp-content/uploads/2023/06/95abebd7c43dd8309be2b18b2b1a2d6f.jpg,OEM,No Color,0.9,,AUTO-MOTO-BIKE>Είδη αυτοκινήτου>Ηχεία αυτοκινήτου
106993,Ηχείο αυτοκινήτου - Tweeter - CTC-15G - 000191,Ηχείο αυτοκινήτου - Tweeter - CTC-15G - 000191,in stock,new,13.5 EUR,,https://www.tradesor.gr/wp-content/uploads/2023/06/e02eb9f26afd1f739c69ddf80fa5cf29.jpg,OEM,No Color,0.9,,AUTO-MOTO-BIKE>Είδη αυτοκινήτου>Ηχεία αυτοκινήτου
106996,Ηχείο αυτοκινήτου - Tweeter - CTC-14G - 000232,Ηχείο αυτοκινήτου - Tweeter - CTC-14G - 000232,in stock,new,13.5 EUR,,https://www.tradesor.gr/wp-content/uploads/2023/06/6b48ad5f671071ed7fc709d23f48a456.jpg,OEM,No Color,0.9,,AUTO-MOTO-BIKE>Είδη αυτοκινήτου>Ηχεία αυτοκινήτου
107051,Ηχείο αυτοκινήτου - 5'' - 507 - 000282,Ηχείο αυτοκινήτου - 5'' - 507 - 000282,in stock,new,5.4 EUR,,https://www.tradesor.gr/wp-content/uploads/2023/06/7a669bb4b6abe47c06203c35732f750b.jpg,OEM,No Color,0.8,,AUTO-MOTO-BIKE>Είδη αυτοκινήτου>Ηχεία αυτοκινήτου
107054,Ηχεία αυτοκινήτου - 6930 6*9 - 2pcs - 000280,Ηχεία αυτοκινήτου - 6930 6*9 - 2pcs - 000280,in stock,new,27 EUR,,https://www.tradesor.gr/wp-content/uploads/2023/06/a4e6e930144ea2be1d4c550c30a18dbf.jpg,OEM,No Color,0.8,,AUTO-MOTO-BIKE>Είδη αυτοκινήτου>Ηχεία αυτοκινήτου
107057,Ηχεία αυτοκινήτου - CTC-16G - 000233,Ηχεία αυτοκινήτου - CTC-16G - 000233,in stock,new,14.4 EUR,,https://www.tradesor.gr/wp-content/uploads/2023/06/32b7c2843d389c9079c1877b3696f5e5.jpg,OEM,No Color,0.8,,AUTO-MOTO-BIKE>Είδη αυτοκινήτου>Ηχεία αυτοκινήτου
107070,Ηχείο αυτοκινήτου - CTC-26AG - 001931,Ηχείο αυτοκινήτου - CTC-26AG - 001931,in stock,new,18 EUR,,https://www.tradesor.gr/wp-content/uploads/2023/06/544c1c84fab43d3aaab7803edde633ce.jpg,OEM,No Color,0.8,,AUTO-MOTO-BIKE>Είδη αυτοκινήτου>Ηχεία αυτοκινήτου
107073,Ηχεία αυτοκινήτου - CTC-15G - 001917,Ηχεία αυτοκινήτου - CTC-15G - 001917,in stock,new,14.4 EUR,,https://www.tradesor.gr/wp-content/uploads/2023/06/231a549630d245595453d9165745f41d.jpg,OEM,No Color,0.8,,AUTO-MOTO-BIKE>Είδη αυτοκινήτου>Ηχεία αυτοκινήτου
107125,Ηχείο αυτοκινήτου - 5'' - CTC-1373 - 004253,Ηχείο αυτοκινήτου - 5'' - CTC-1373 - 004253,in stock,new,16.2 EUR,,https://www.tradesor.gr/wp-content/uploads/2023/06/ad7d4838a233db864599e4ceabf0bad2.jpg,OEM,No Color,1.0,,AUTO-MOTO-BIKE>Είδη αυτοκινήτου>Ηχεία αυτοκινήτου
107128,Ηχείο αυτοκινήτου - 4'' - CTC-1073 - 004246,Ηχείο αυτοκινήτου - 4'' - CTC-1073 - 004246,in stock,new,12.6 EUR,,https://www.tradesor.gr/wp-content/uploads/2023/06/53e5b632a8d5d8e91ada0bcfccd63aa9.jpg,OEM,No Color,1.0,,AUTO-MOTO-BIKE>Είδη αυτοκινήτου>Ηχεία αυτοκινήτου
107131,Ηχεία αυτοκινήτου - 6'' - TS-1685 - 004222,Ηχεία αυτοκινήτου - 6'' - TS-1685 - 004222,in stock,new,18 EUR,,https://www.tradesor.gr/wp-content/uploads/2023/06/283251d07a1781bbeae62efdc4a7d765.jpg,OEM,No Color,1.0,,AUTO-MOTO-BIKE>Είδη αυτοκινήτου>Ηχεία αυτοκινήτου
107134,Ηχεία αυτοκινήτου - 5'' - TS-1385 - 004215,Ηχεία αυτοκινήτου - 5'' - TS-1385 - 004215,in stock,new,14.4 EUR,,https://www.tradesor.gr/wp-content/uploads/2023/06/2737fa555af624e9e827c4e4452c5b9f.jpg,OEM,No Color,1.0,,AUTO-MOTO-BIKE>Είδη αυτοκινήτου>Ηχεία αυτοκινήτου
107137,Ηχεία αυτοκινήτου - 4'' - TS-1085 - 004208,Ηχεία αυτοκινήτου - 4'' - TS-1085 - 004208,in stock,new,12.6 EUR,,https://www.tradesor.gr/wp-content/uploads/2023/06/2be881980e88229e5e81d9df47655870.jpg,OEM,No Color,1.0,,AUTO-MOTO-BIKE>Είδη αυτοκινήτου>Ηχεία αυτοκινήτου
107140,Ηχεία αυτοκινήτου - 6972 6*9 - 000569,Ηχεία αυτοκινήτου - 6972 6*9 - 000569,in stock,new,27 EUR,,https://www.tradesor.gr/wp-content/uploads/2023/06/18a40897d6a9fc2e55354eb357ace781.jpg,OEM,No Color,1.0,,AUTO-MOTO-BIKE>Είδη αυτοκινήτου>Ηχεία αυτοκινήτου
107143,Ηχείο αυτοκινήτου - 6'' - 1672 - 000552,Ηχείο αυτοκινήτου - 6'' - 1672 - 000552,in stock,new,18 EUR,,https://www.tradesor.gr/wp-content/uploads/2023/06/e0b0b68edd2d7b9a2bf8a33ce29cd51a.jpg,OEM,No Color,1.0,,AUTO-MOTO-BIKE>Είδη αυτοκινήτου>Ηχεία αυτοκινήτου
107146,Ηχείο αυτοκινήτου - 5'' - 1372 - 000545,Ηχείο αυτοκινήτου - 5'' - 1372 - 000545,in stock,new,14.4 EUR,,https://www.tradesor.gr/wp-content/uploads/2023/06/c6d2cd3d28d425c6146d8a77946ad308.jpg,OEM,No Color,1.0,,AUTO-MOTO-BIKE>Είδη αυτοκινήτου>Ηχεία αυτοκινήτου
107149,Ηχείο αυτοκινήτου - 4'' - 1072 - 000538,Ηχείο αυτοκινήτου - 4'' - 1072 - 000538,in stock,new,11.7 EUR,,https://www.tradesor.gr/wp-content/uploads/2023/06/793280c6714304731a5730211a25fac4.jpg,OEM,No Color,1.0,,AUTO-MOTO-BIKE>Είδη αυτοκινήτου>Ηχεία αυτοκινήτου
107152,Ηχεία αυτοκινήτου - 6.5'' - M607 - 002679,Ηχεία αυτοκινήτου - 6.5'' - M607 - 002679,in stock,new,39.6 EUR,,https://www.tradesor.gr/wp-content/uploads/2023/06/5cc4372953bff17b5ecbf15dca425873.jpg,OEM,No Color,1.0,,AUTO-MOTO-BIKE>Είδη αυτοκινήτου>Ηχεία αυτοκινήτου
109014,Ηχεία αυτοκινήτου - Tweeter - CTC-028G - 005007,Ηχεία αυτοκινήτου - Tweeter - CTC-028G - 005007,in stock,new,1.8 EUR,,https://www.tradesor.gr/wp-content/uploads/2023/06/5af61fb25e1ae7afcf4e796e8d15c95d.jpg,OEM,No Color,1.0,,AUTO-MOTO-BIKE>Είδη αυτοκινήτου>Ηχεία αυτοκινήτου
