id,title,description,availability,condition,price,link,image_link,brand,color,shipping_weight,rich_text_description,fb_product_category
36569,Ηλεκτρονικό ψηφιακό ρολόι LED - JH-8033 - ,Ηλεκτρονικό ψηφιακό ρολόι LED - JH-8033 - 803309,in stock,new,32.4 EUR,,https://www.tradesor.gr/wp-content/uploads/2023/04/2904_803309.jpg,OEM,No Color,4.0,"<section id=""tab2"" class=""tab-pane page-product-box active""><div class=""rte""><p>Ψηφιακό ρολόι - πινακίδα τοίχου LED, υψηλής ανάλυσης και φωτεινότητας με ένδειξη ημερομηνίας, ώρας και θερμοκρασίας δωματίου, κατάλληλο για οικιακή και επαγγελματική χρήση όπως μαγαζιά, βιτρίνες κ.α. Διαθέτει και ξυπνητήρι.</p><p>Ιδιαίτερα λεπτό και κομψό, δίνει στυλ σε κάθε χώρο! Ο φωτισμός LED είναι εμφανής και στο φως της ημέρας και ευανάγνωστος από μεγάλη απόσταση.</p><p><strong>Χαρακτηριστικά</strong></p><ul><li><strong> </strong>Κόκκινο χρώμα Led</li><li> Απεικόνιση ώρας, λεπτών, δευτερολέπτων, μήνα, ημερομηνίας, θερμοκρασίας.</li><li> Τοποθέτηση επιτοίχια ή επιτραπέζια.</li><li> Λειτουργία τάσης : Τροφοδοτικό 12V / 1000mAh (περιλαμβάνεται)</li><li>36cm x 15cm</li></ul></div></section>",ΡΟΛΟΓΙΑ>Ρολόγια τοίχου>Ψηφιακά ρολόγια LED
36630,Ηλεκτρονικό ψηφιακό ρολόι LED - JH-2315 - ,Ηλεκτρονικό ψηφιακό ρολόι LED - JH-2315 - 690001,in stock,new,18 EUR,,https://www.tradesor.gr/wp-content/uploads/2023/04/2005_690001.jpg,OEM,No Color,1.0,"<p>Μικρό μέγεθος που μπορεί να τοποθετηθεί είτε σε τοίχο είτε σε τραπέζι, με ενδείξεις κόκκινου χρώματος LED που είναι ευανάγνωστες από μεγάλη απόσταση και στο έντονο φως.</p><ul><li> Απεικόνιση ώρας, λεπτών, δευτερολέπτων,μήνα, ημερομηνίας, θερμοκρασίας.</li><li>Τέσσερα μπουτόν στη πίσω πλευρά για ρύθμιση ώρας και ημερομηνίας.</li><li>Ενσωματωμένη μνήμη ώστε σε περίπτωση διακοπής ρεύματος να διατηρούνται τα στοιχεία</li><li>Διαθέτει και ξυπνητήρι</li><li>Διαστάσεις: 23.5x15.5x2.6cm</li><li>Τροφοδοτικό 12V / 1000mAh (περιλαμβάνεται)</li><li>Βάρος : 0.700 kg</li></ul>",ΡΟΛΟΓΙΑ>Ρολόγια τοίχου>Ψηφιακά ρολόγια LED
36631,Ηλεκτρονικό ψηφιακό ρολόι LED - JH-4632 - ,Ηλεκτρονικό ψηφιακό ρολόι LED - JH-4632 - 676166,in stock,new,39.6 EUR,,https://www.tradesor.gr/wp-content/uploads/2023/04/2005_676166.jpg,OEM,No Color,5.0,"<p>Κατασκευασμένο από πλαστικό υλικό υψηλής ποιότητας με ενδείξεις κόκκινων χαρακτήρων που είναι ευανάγνωστες από μεγάλη απόσταση και στο έντονο φως.</p><p>Λειτουργεί με σύνδεση σε τροφοδοσία μέσω αντάπτορα AC/DC που περιλαμβάνεται στην συσκευασία.</p><p>Ιδανικό για επαγγελματικούς χώρους</p><p><strong>Χαρακτηριστικά</strong></p><ul><li>Διαστάσεις: 43x32x4 cm</li><li>Υλικό: Πλαστικό </li><li>Ενδείξεις: Ώρα, θερμοκρασία και Ημερολόγιο</li><li>Κουμπιά ρυθμίσεων στο πίσω μέρος</li><li>Τροφοδοσία μέσω αντάπτορα AC/DC (περιλαμβάνεται)</li><li>Ενδείξεις στα ελληνικά</li></ul>",ΡΟΛΟΓΙΑ>Ρολόγια τοίχου>Ψηφιακά ρολόγια LED
36743,Ηλεκτρονικό ψηφιακό ρολόι LED - JH-4825 - ,Ηλεκτρονικό ψηφιακό ρολόι LED - JH-4825 - 482504,in stock,new,32.4 EUR,,https://www.tradesor.gr/wp-content/uploads/2023/04/2806_482504.jpg,OEM,No Color,4.0,"<p>Ηλεκτρονικό ρολόι τοίχου σε μοντέρνο design, με ενδειξεις κόκκινου φωτισμού LED που δεν ενοχλούν το μάτι αλλά είναι ευδιάκριτες άκομα και σε έντονα φωτεινό περιβάλλον. </p><p>Χαρακτηριστικά:</p><p>Τάση εισόδου: 5V<br />Τροφοδοσία ρευματος: 220V AC <br />Ενδείξεις: ώρα, ημερομηνία, μήνας.<br />12/24 κύκλος ώρας<br />Κουμπί «RESET» για επιστροφή στις εργοστασιακές ρυθμίσεις<br />Διαστάσεις: 48 cm x 25 cm x 3cm</p>",ΡΟΛΟΓΙΑ>Ρολόγια τοίχου>Ψηφιακά ρολόγια LED
37203,Ηλεκτρονικό ψηφιακό ρολόι LED - JH3615 - 6,Ηλεκτρονικό ψηφιακό ρολόι LED - JH3615 - 676173,in stock,new,21.6 EUR,,https://www.tradesor.gr/wp-content/uploads/2023/04/676173_812.jpg,OEM,No Color,3.0,"<div id=""tabs-1"">Ψηφιακό ρολόι τοίχου υψηλής ανάλυσης και φωτεινότητας με ένδειξη ημερομηνίας, ώρας και θερμοκρασίας δωματίου, κατάλληλο για οικιακή και επαγγελματική χρήση όπως μαγαζιά, βιτρίνες κ.α.</div><div>Ιδιαίτερα λεπτό και κομψό, δίνει στυλ σε κάθε χώρο.</div><div>Ο δυνατός φωτισμός LED είναι εμφανής και στο φως της ημέρας και εντυπωσιάζει, ενώ σας επιτρέπει να βλέπετε την ώρα και στο σκοτάδι.</div><div> </div><div>Χαρακτηριστικά:</div><div> </div><div>Κόκκινο χρώμα Led. </div><div>Επεικόνιση ώρας, λεπτών, δευτερολέπτων, μήνα, ημερομηνίας, θερμοκρασίας</div><div>Ξυπνητήρι</div><div>Τοποθέτηση επιτοίχια ή επιτραπέζια</div><div>Διαστάσεις συσκευής 36x3x15cm</div><div>Λειτουργία ρεύματος με τροφοδοτικό 1000mAh (περιλαμβάνεται) </div><div>Βάρος : 2.00 kg</div><div class=""clearfix""> </div><div class=""clearfix""> </div>",ΡΟΛΟΓΙΑ>Ρολόγια τοίχου>Ψηφιακά ρολόγια LED
38391,Ηλεκτρονικό ψηφιακό ρολόι LED - JH808 - 67,Ηλεκτρονικό ψηφιακό ρολόι LED - JH808 - 676210,in stock,new,14.4 EUR,,https://www.tradesor.gr/wp-content/uploads/2023/04/1008_676210-1.jpeg,OEM,No Color,1.0,"<p>Ηλεκτρονικό ψηφιακό ρολόι LED JH-3223 με μεγάλους χαρακτήρες LED κόκκινου χρώματος που είναι ευδιάκριτοι ακόμα και στο πολύ έντονο φως.</p><p>Διαθέτει Ημερολογιακή ένδειξη (ημέρα/μήνας/χρονιά), Θερμόμετρο και Ξυπνητήρι.</p><p>Λειτουργία ρεύματος με τροφοδοτικό (περιλαμβάνεται)</p><p><b>Διαστάσεις</b>: 32 x 8.5 x 3.5cm</p>",ΡΟΛΟΓΙΑ>Ρολόγια τοίχου>Ψηφιακά ρολόγια LED
38392,Ηλεκτρονικό ψηφιακό ρολόι LED - JH3222 - 6,Ηλεκτρονικό ψηφιακό ρολόι LED - JH3222 - 632223,in stock,new,18 EUR,,https://www.tradesor.gr/wp-content/uploads/2023/04/632223_1310.jpg,OEM,No Color,2.0,"<div class=""prod-descr""><div class=""prod-descr""><div class=""prod-descr""><p>Ηλεκτρονικό ψηφιακό ρολόι LED JH-3223 με μεγάλους χαρακτήρες LED κόκκινου χρώματος που είναι ευδιάκριτοι ακόμα και στο πολύ έντονο φως.</p><p>Διαθέτει Ημερολογιακή ένδειξη (ημέρα/μήνας/χρονιά), Θερμόμετρο και Ξυπνητήρι.</p><p>Λειτουργία ρεύματος με τροφοδοτικό (περιλαμβάνεται)</p><p><b>Διαστάσεις</b>: 40 x 25 x 3cm</p></div></div></div>",ΡΟΛΟΓΙΑ>Ρολόγια τοίχου>Ψηφιακά ρολόγια LED
38393,Ηλεκτρονικό ψηφιακό ρολόι LED - JH2158 - 6,Ηλεκτρονικό ψηφιακό ρολόι LED - JH2158 - 676197,in stock,new,14.4 EUR,,https://www.tradesor.gr/wp-content/uploads/2023/04/1008_676197-1.jpg,OEM,No Color,1.0,"<div id=""tab-description"" class=""woocommerce-Tabs-panel woocommerce-Tabs-panel--description panel entry-content active"" role=""tabpanel"" aria-labelledby=""tab-title-description""><p>Ψηφιακή πινακίδα ρολόι – Θερμόμετρο – Ημερολόγιο με κόκκινο Led. Μικρό μέγεθος για τοποθέτηση είτε σε τοίχο είτε σε τραπέζι. <br />Ευανάγνωστο από μεγάλη απόσταση. <br />Απεικόνιση ώρας, λεπτών, ημερομηνίας, θερμοκρασίας.</p><p>Τέσσερα μπουτόν στη πίσω πλευρά για ρύθμιση ώρας και ημερομηνίας. Διαθέτει ξυπνητήρι. <br />Ενσωματωμένη μνήμη ώστε σε περίπτωση διακοπής ρεύματος να διατηρούνται τα στοιχεία.</p><p>Πλαστική κατασκευή.</p><p>Λειτουργία με adaptor 220V AC / 5V 500mAh (περιλαμβάνεται στη συσκευασία)<br />Διαστάσεις: 20 x 11 x 4cm</p></div>",ΡΟΛΟΓΙΑ>Ρολόγια τοίχου>Ψηφιακά ρολόγια LED
