id,title,description,availability,condition,price,link,image_link,brand,color,shipping_weight,rich_text_description,fb_product_category
35412,Αξεσουάρ αλιείας - 20g - 20059,Αξεσουάρ αλιείας - 20g - 20059,in stock,new,1.44 EUR,,https://www.tradesor.gr/wp-content/uploads/2023/04/20059.jpg,OEM,No Color,0.3,Αξεσουάρ αλιείας υψηλής ποιότητας και αντοχής. Ιδανικό για κάθε φίλο του ψαρέματος.,ΕΙΔΗ ΑΛΙΕΙΑΣ>Αξεσουάρ αλιείας
35413,Αξεσουάρ αλιείας - 30g - 20060,Αξεσουάρ αλιείας - 30g - 20060,in stock,new,1.44 EUR,,https://www.tradesor.gr/wp-content/uploads/2023/04/20060.jpg,OEM,No Color,0.3,Αξεσουάρ αλιείας υψηλής ποιότητας και αντοχής. Ιδανικό για κάθε φίλο του ψαρέματος.,ΕΙΔΗ ΑΛΙΕΙΑΣ>Αξεσουάρ αλιείας
35414,Αξεσουάρ αλιείας - 40g - 20061,Αξεσουάρ αλιείας - 40g - 20061,in stock,new,1.44 EUR,,https://www.tradesor.gr/wp-content/uploads/2023/04/20061.jpg,OEM,No Color,0.3,Αξεσουάρ αλιείας υψηλής ποιότητας και αντοχής. Ιδανικό για κάθε φίλο του ψαρέματος.,ΕΙΔΗ ΑΛΙΕΙΑΣ>Αξεσουάρ αλιείας
35415,Αξεσουάρ αλιείας - 50g - 20062,Αξεσουάρ αλιείας - 50g - 20062,in stock,new,1.44 EUR,,https://www.tradesor.gr/wp-content/uploads/2023/04/20062.jpg,OEM,No Color,0.3,Αξεσουάρ αλιείας υψηλής ποιότητας και αντοχής. Ιδανικό για κάθε φίλο του ψαρέματος.,ΕΙΔΗ ΑΛΙΕΙΑΣ>Αξεσουάρ αλιείας
35453,Σουγιάς ψαρέματος - 20155,Σουγιάς ψαρέματος - 20155,in stock,new,2.7 EUR,,https://www.tradesor.gr/wp-content/uploads/2023/04/20155.jpg,OEM,No Color,0.3,<p>Σουγιάς ψαρέματος με εργονομική λαβή και θήκη προστασίας.</p>,ΕΙΔΗ ΑΛΙΕΙΑΣ>Αξεσουάρ αλιείας
35454,Σουγιάς ψαρέματος - 20156,Σουγιάς ψαρέματος - 20156,in stock,new,2.7 EUR,,https://www.tradesor.gr/wp-content/uploads/2023/04/20156.jpg,OEM,No Color,0.3,<p>Σουγιάς ψαρέματος με εργονομική λαβή και θήκη προστασίας.</p>,ΕΙΔΗ ΑΛΙΕΙΑΣ>Αξεσουάρ αλιείας
35455,Σουγιάς ψαρέματος - 20154,Σουγιάς ψαρέματος - 20154,in stock,new,2.7 EUR,,https://www.tradesor.gr/wp-content/uploads/2023/04/20157.jpg,OEM,No Color,0.3,<p>Σουγιάς ψαρέματος με εργονομική λαβή και θήκη προστασίας.</p>,ΕΙΔΗ ΑΛΙΕΙΑΣ>Αξεσουάρ αλιείας
35688,Παράμαλα με αγκίστρια - #18 - 30317,Παράμαλα με αγκίστρια - #18 - 30317,in stock,new,1.44 EUR,,https://www.tradesor.gr/wp-content/uploads/2023/04/15713210567.jpg,OEM,No Color,0.3,"<div class=""prod-descr""><div class=""prod-descr"">Έτοιμα παράμαλα φτιαγμένα με πετονιά και αρματωμένα με παπαγαλέ αγκίστρια, ιδανικά για το ψάρεμα της τσιπούρας. Κατασκευασμένα από υψηλής ποιότητας πετονιές και αγκίστρια. Μέγεθος: 18#</div><div class=""prod-descr"">Αυθεντικό προϊόν Tradesor!</div></div>",ΕΙΔΗ ΑΛΙΕΙΑΣ>Αξεσουάρ αλιείας
35692,Παράμαλα με αγκίστρια - #22 - 30319,Παράμαλα με αγκίστρια - #22 - 30319,in stock,new,1.44 EUR,,https://www.tradesor.gr/wp-content/uploads/2023/04/15713zz0567.jpg,OEM,No Color,0.3,"<div class=""prod-descr"">

Έτοιμα παράμαλα φτιαγμένα με πετονιά και αρματωμένα με παπαγαλέ αγκίστρια, ιδανικά για το ψάρεμα της τσιπούρας.

Κατασκευασμένα από υψηλής ποιότητας πετονιές και αγκίστρια.

Μέγεθος: 22#

&nbsp;

Αυθεντικό προϊόν Tradesor!

</div>",ΕΙΔΗ ΑΛΙΕΙΑΣ>Αξεσουάρ αλιείας
35696,Παράμαλα με αγκίστρια - #20 - 30318,Παράμαλα με αγκίστρια - #20 - 30318,in stock,new,1.44 EUR,,https://www.tradesor.gr/wp-content/uploads/2023/04/15713zz210567.jpg,OEM,No Color,0.3,"<div class=""prod-descr"">

Έτοιμα παράμαλα φτιαγμένα με πετονιά και αρματωμένα με παπαγαλέ αγκίστρια, ιδανικά για το ψάρεμα της τσιπούρας.

Κατασκευασμένα από υψηλής ποιότητας πετονιές και αγκίστρια.

Μέγεθος: 20#

&nbsp;

Αυθεντικό προϊόν Tradesor!

</div>",ΕΙΔΗ ΑΛΙΕΙΑΣ>Αξεσουάρ αλιείας
35728,Τεχνητά δολώματα αλιείας - 4pcs - 30253,Τεχνητά δολώματα αλιείας - 4pcs - 30253,in stock,new,1.44 EUR,,https://www.tradesor.gr/wp-content/uploads/2023/04/1577246223028206-1.jpg,OEM,No Color,0.3,"<p>Τεχνητά δολώματα αλιείας με έντονους χρωματισμούς και ειδικό σχεδιασμό ο οποίος σας εξασφαλίζει μια σίγουρη ψαριά. Υψηλής ποιότητας και αντοχής, αρματωμένα με εξαιρετικά αιχμηρά αγκίστρια. Η συσκευασία περιλαμβάνει 4 δολώματα.</p><p>Αυθεντικό προϊόν Tradesor.</p>",ΕΙΔΗ ΑΛΙΕΙΑΣ>Αξεσουάρ αλιείας
35730,Αξεσουάρ αλιείας - Πένσα - 30239,Αξεσουάρ αλιείας - Πένσα - 30239,in stock,new,3.6 EUR,,https://www.tradesor.gr/wp-content/uploads/2023/04/15772464241233001.jpg,OEM,No Color,0.3,"Αυθεντικό προϊόν Tradesor!

Για περισσότερα χαρακτηριστικά δείτε την εικόνα και τον κωδικό προϊόντος.",ΕΙΔΗ ΑΛΙΕΙΑΣ>Αξεσουάρ αλιείας
35731,Ψαλίδι αλιείας - 30238,Ψαλίδι αλιείας - 30238,in stock,new,1.8 EUR,,https://www.tradesor.gr/wp-content/uploads/2023/04/30238.jpg,OEM,No Color,0.3,"Αυθεντικό προϊόν Tradesor!

Για περισσότερα χαρακτηριστικά δείτε την εικόνα και τον κωδικό προϊόντος.",ΕΙΔΗ ΑΛΙΕΙΑΣ>Αξεσουάρ αλιείας
35732,Ψαλίδι αλιείας - 30237,Ψαλίδι αλιείας - 30237,in stock,new,1.44 EUR,,https://www.tradesor.gr/wp-content/uploads/2023/04/15772467368163893.jpg,OEM,No Color,0.3,"Αυθεντικό προϊόν Tradesor!

Για περισσότερα χαρακτηριστικά δείτε την εικόνα και τον κωδικό προϊόντος.",ΕΙΔΗ ΑΛΙΕΙΑΣ>Αξεσουάρ αλιείας
35743,Οδηγοί καλαμιού - 2.7m - 30192,Οδηγοί καλαμιού - 2.7m - 30192,in stock,new,0.9 EUR,,https://www.tradesor.gr/wp-content/uploads/2023/04/15791786217435709-1.jpg,OEM,No Color,0.3,"<div class=""prod-descr"">

Επαναστατικές, δυνατές και ανθεκτικές θηλιές, ιδανικές για νήμα, με αξιοσημείωτα προτερήματα. Βοηθούν στην ομαλή μετάδοση της κίνησης της πετονιάς από το μηχανάκι και μέσα από τους οδηγούς του καλαμιού και ελέγχουν αποτελεσματικά την πετονιά από τον πρώτο οδηγό, απαλείφοντας τις βιρίνες της. Βελτιώνεται σημαντικά η συμπεριφορά του καλαμιού, αυξάνεται η ισορροπία του και επιτυγχάνονται ακριβέστερες και μακρύτερες βολές. Είναι ελαφριές με αποτέλεσμα να μειώνεται το συνολικό βάρος των οδηγών, το ψάρεμα γίνεται πιο ξεκούραστο, γίνεται ευρύτερο το φάσμα των τεχνητών που μπορούν να χρησιμοποιηθούν σε ένα καλάμι και ελαχιστοποιείται ο κίνδυνος μπερδέματος. Διαθέτουν βελτιωμένο υλικό που το κάνει πιο ελαφρύ, αλλά και πιο δυνατό.

Το σετ περιλαμβάνει οδηγούς διαφορετικού μεγέθους<strong>.</strong>

Αυθεντικό προϊόν Tradesor!

</div>",ΕΙΔΗ ΑΛΙΕΙΑΣ>Αξεσουάρ αλιείας
35744,Οδηγοί καλαμιού - 3.6m - 30193,Οδηγοί καλαμιού - 3.6m - 30193,in stock,new,1.08 EUR,,https://www.tradesor.gr/wp-content/uploads/2023/04/15791787321181850-1.jpg,OEM,No Color,0.3,"<div class=""prod-descr"">

Επαναστατικές, δυνατές και ανθεκτικές θηλιές, ιδανικές για νήμα, με αξιοσημείωτα προτερήματα. Βοηθούν στην ομαλή μετάδοση της κίνησης της πετονιάς από το μηχανάκι και μέσα από τους οδηγούς του καλαμιού και ελέγχουν αποτελεσματικά την πετονιά από τον πρώτο οδηγό, απαλείφοντας τις βιρίνες της. Βελτιώνεται σημαντικά η συμπεριφορά του καλαμιού, αυξάνεται η ισορροπία του και επιτυγχάνονται ακριβέστερες και μακρύτερες βολές. Είναι ελαφριές με αποτέλεσμα να μειώνεται το συνολικό βάρος των οδηγών, το ψάρεμα γίνεται πιο ξεκούραστο, γίνεται ευρύτερο το φάσμα των τεχνητών που μπορούν να χρησιμοποιηθούν σε ένα καλάμι και ελαχιστοποιείται ο κίνδυνος μπερδέματος. Διαθέτουν βελτιωμένο υλικό που το κάνει πιο ελαφρύ, αλλά και πιο δυνατό.

Το σετ περιλαμβάνει οδηγούς διαφορετικού μεγέθους<strong>.</strong>

Αυθεντικό προϊόν Tradesor!

</div>",ΕΙΔΗ ΑΛΙΕΙΑΣ>Αξεσουάρ αλιείας
35745,Οδηγοί καλαμιού - 4.5m - 30194,Οδηγοί καλαμιού - 4.5m - 30194,in stock,new,1.08 EUR,,https://www.tradesor.gr/wp-content/uploads/2023/04/15791787598069284-1.jpg,OEM,No Color,0.3,"<div class=""prod-descr"">Δυνατές, ανθεκτικές θηλιές, ιδανικές για νήμα.</div><div class=""prod-descr"">Βοηθούν στην ομαλή μετάδοση της κίνησης της πετονιάς από το μηχανάκι και μέσα από τους οδηγούς του καλαμιού και ελέγχουν αποτελεσματικά την πετονιά από τον πρώτο οδηγό, απαλείφοντας τις βιρίνες της.</div><div class=""prod-descr"">Βελτιώνεται σημαντικά η συμπεριφορά του καλαμιού, αυξάνεται η ισορροπία του και επιτυγχάνονται ακριβέστερες και μακρύτερες βολές. Είναι ελαφριές με αποτέλεσμα να μειώνεται το συνολικό βάρος των οδηγών, το ψάρεμα γίνεται πιο ξεκούραστο, γίνεται ευρύτερο το φάσμα των τεχνητών που μπορούν να χρησιμοποιηθούν σε ένα καλάμι και ελαχιστοποιείται ο κίνδυνος μπερδέματος.</div><div class=""prod-descr"">Το σετ περιλαμβάνει οδηγούς διαφορετικού μεγέθους<strong>.</strong></div><div> </div><div class=""prod-descr"">Αυθεντικό προϊόν Tradesor.</div>",ΕΙΔΗ ΑΛΙΕΙΑΣ>Αξεσουάρ αλιείας
35792,Σετ Ψαλίδι και Σουγιάς ψαρέματος - 30,Σετ Ψαλίδι και Σουγιάς ψαρέματος - 30236,in stock,new,1.44 EUR,,https://www.tradesor.gr/wp-content/uploads/2023/04/15786577259444990-1.jpg,OEM,No Color,0.3,<p>Αξεσουάρ αλιείας υψηλής ποιότητας και αντοχής. Ιδανικό για κάθε φίλο του ψαρέματος.</p>,ΕΙΔΗ ΑΛΙΕΙΑΣ>Αξεσουάρ αλιείας
35836,Αξεσουάρ αλιείας – 3pcs - Tradesor - 30206,Αξεσουάρ αλιείας – 3pcs - Tradesor - 30206,in stock,new,1.26 EUR,,https://www.tradesor.gr/wp-content/uploads/2023/04/30206.jpg,OEM,No Color,0.3,,ΕΙΔΗ ΑΛΙΕΙΑΣ>Αξεσουάρ αλιείας
35995,Κλιψάκια-Συνδέσεις απλές - 30299,Κλιψάκια-Συνδέσεις απλές - 30299,in stock,new,0.9 EUR,,https://www.tradesor.gr/wp-content/uploads/2023/04/15842596200715329-1.jpg,OEM,No Color,0.3,"Απλές συνδέσεις ψαρέματος υψηλής ποιότητας και αντοχής.

Μέγεθος: 3#

Αυθεντικό προϊόν Tradesor.",ΕΙΔΗ ΑΛΙΕΙΑΣ>Αξεσουάρ αλιείας
35996,Κλιψάκια-Συνδέσεις απλές - 30298,Κλιψάκια-Συνδέσεις απλές - 30298,in stock,new,0.9 EUR,,https://www.tradesor.gr/wp-content/uploads/2023/04/15842597143336866-1.jpg,OEM,No Color,0.3,"Απλές συνδέσεις ψαρέματος υψηλής ποιότητας και αντοχής.

Μέγεθος: 2.8#

Αυθεντικό προϊόν Tradesor.",ΕΙΔΗ ΑΛΙΕΙΑΣ>Αξεσουάρ αλιείας
35997,Κλιψάκια-Συνδέσεις απλές - 30297,Κλιψάκια-Συνδέσεις απλές - 30297,in stock,new,0.9 EUR,,https://www.tradesor.gr/wp-content/uploads/2023/04/15842597865279812-1.jpg,OEM,No Color,0.3,"Απλές συνδέσεις ψαρέματος υψηλής ποιότητας και αντοχής.

Μέγεθος: 2.4#

Αυθεντικό προϊόν Tradesor.",ΕΙΔΗ ΑΛΙΕΙΑΣ>Αξεσουάρ αλιείας
35998,Κλιψάκια-Συνδέσεις απλές - 30296,Κλιψάκια-Συνδέσεις απλές - 30296,in stock,new,0.9 EUR,,https://www.tradesor.gr/wp-content/uploads/2023/04/15842598607014194-1.jpg,OEM,No Color,0.3,"Απλές συνδέσεις ψαρέματος υψηλής ποιότητας και αντοχής.

Μέγεθος: 2#

Αυθεντικό προϊόν Tradesor.",ΕΙΔΗ ΑΛΙΕΙΑΣ>Αξεσουάρ αλιείας
36039,Μπομπάρδα αλιείας - 20063,Μπομπάρδα αλιείας - 20063,in stock,new,0.9 EUR,,https://www.tradesor.gr/wp-content/uploads/2023/04/20063-1.jpg,OEM,No Color,0.3,"<ul>
 	<li><strong><em>Μπομπάρδα Ημιδιαφανείς Μπλε
</em></strong></li>
 	<li>Βυθιζόμενη</li>
 	<li>Χρησιμοποιούνται σαν βαρίδια ώστε να στέλνουμε μακριά τα ελαφρά μας τεχνητά δολώματα στο Spinning</li>
 	<li>Αεροδυναμικό σχήμα</li>
 	<li><strong><em>Βυθίζονται με ταχύτητα ανάλογα με το βάρος τους (AFF) εάν τις αφήσουμε στο νερό</em></strong></li>
 	<li>Βάρος: 20g</li>
</ul>",ΕΙΔΗ ΑΛΙΕΙΑΣ>Αξεσουάρ αλιείας
36040,Μπομπάρδα αλιείας - 20064,Μπομπάρδα αλιείας - 20064,in stock,new,1.44 EUR,,https://www.tradesor.gr/wp-content/uploads/2023/04/20064-1.jpg,OEM,No Color,0.3,"<ul>
 	<li><strong><em>Μπομπάρδα Ημιδιαφανείς Μπλε
</em></strong></li>
 	<li>Βυθιζόμενη</li>
 	<li>Χρησιμοποιούνται σαν βαρίδια ώστε να στέλνουμε μακριά τα ελαφρά μας τεχνητά δολώματα στο Spinning</li>
 	<li>Αεροδυναμικό σχήμα</li>
 	<li><strong><em>Βυθίζονται με ταχύτητα ανάλογα με το βάρος τους (AFF) εάν τις αφήσουμε στο νερό</em></strong></li>
 	<li>Βάρος: 40g</li>
</ul>",ΕΙΔΗ ΑΛΙΕΙΑΣ>Αξεσουάρ αλιείας
36043,Μπομπάρδα αλιείας - 20256,Μπομπάρδα αλιείας - 20256,in stock,new,0.9 EUR,,https://www.tradesor.gr/wp-content/uploads/2023/04/20256-1.jpg,OEM,No Color,0.3,"<div class=""prod-descr"">
<ul>
 	<li><strong><em>Μπομπάρδα Ημιδιαφανείς Μπλε
</em></strong></li>
 	<li>Βυθιζόμενη</li>
 	<li>Χρησιμοποιούνται σαν βαρίδια ώστε να στέλνουμε μακριά τα ελαφρά μας τεχνητά δολώματα στο Spinning</li>
 	<li>Αεροδυναμικό σχήμα</li>
 	<li><strong><em>Βυθίζονται με ταχύτητα ανάλογα με το βάρος τους (AFF) εάν τις αφήσουμε στο νερό</em></strong></li>
 	<li>Βάρος: 15g</li>
</ul>
</div>",ΕΙΔΗ ΑΛΙΕΙΑΣ>Αξεσουάρ αλιείας
36044,Μπομπάρδα αλιείας - 20258,Μπομπάρδα αλιείας - 20258,in stock,new,1.8 EUR,,https://www.tradesor.gr/wp-content/uploads/2023/04/20258-1.jpg,OEM,No Color,0.3,"<div class=""prod-descr"">
<ul>
 	<li><strong><em>Μπομπάρδα Διαφανείς
</em></strong></li>
 	<li>Βυθιζόμενη</li>
 	<li>Χρησιμοποιούνται σαν βαρίδια ώστε να στέλνουμε μακριά τα ελαφρά μας τεχνητά δολώματα στο Spinning</li>
 	<li>Αεροδυναμικό σχήμα</li>
 	<li><strong><em>Βυθίζονται με ταχύτητα ανάλογα με το βάρος τους (AFF) εάν τις αφήσουμε στο νερό</em></strong></li>
 	<li>Βάρος: 60g</li>
</ul>
</div>",ΕΙΔΗ ΑΛΙΕΙΑΣ>Αξεσουάρ αλιείας
36048,Οδηγοί καλαμιού - 10761,Οδηγοί καλαμιού - 10761,in stock,new,0.9 EUR,,https://www.tradesor.gr/wp-content/uploads/2023/04/10761-1.jpg,OEM,No Color,0.3,"Επαναστατικές, δυνατές και ανθεκτικές θηλιές, ιδανικές για νήμα, με αξιοσημείωτα προτερήματα. Βοηθούν στην ομαλή μετάδοση της κίνησης της πετονιάς από το μηχανάκι και μέσα από τους οδηγούς του καλαμιού και ελέγχουν αποτελεσματικά την πετονιά από τον πρώτο οδηγό, απαλείφοντας τις βιρίνες της. Βελτιώνεται σημαντικά η συμπεριφορά του καλαμιού, αυξάνεται η ισορροπία του και επιτυγχάνονται ακριβέστερες και μακρύτερες βολές. Είναι ελαφριές με αποτέλεσμα να μειώνεται το συνολικό βάρος των οδηγών, το ψάρεμα γίνεται πιο ξεκούραστο, γίνεται ευρύτερο το φάσμα των τεχνητών που μπορούν να χρησιμοποιηθούν σε ένα καλάμι και ελαχιστοποιείται ο κίνδυνος μπερδέματος. Διαθέτουν βελτιωμένο υλικό που το κάνει πιο ελαφρύ, αλλά και πιο δυνατό.

Το σετ περιλαμβάνει οδηγούς διαφορετικού μεγέθους<strong>.</strong>

Αυθεντικό προϊόν Tradesor!",ΕΙΔΗ ΑΛΙΕΙΑΣ>Αξεσουάρ αλιείας
36055,Οδηγοί καλαμιού - 20199,Οδηγοί καλαμιού - 20199,in stock,new,0.9 EUR,,https://www.tradesor.gr/wp-content/uploads/2023/04/20199-1.jpg,OEM,No Color,0.3,"Επαναστατικές, δυνατές και ανθεκτικές θηλιές, ιδανικές για νήμα, με αξιοσημείωτα προτερήματα. Βοηθούν στην ομαλή μετάδοση της κίνησης της πετονιάς από το μηχανάκι και μέσα από τους οδηγούς του καλαμιού και ελέγχουν αποτελεσματικά την πετονιά από τον πρώτο οδηγό, απαλείφοντας τις βιρίνες της. Βελτιώνεται σημαντικά η συμπεριφορά του καλαμιού, αυξάνεται η ισορροπία του και επιτυγχάνονται ακριβέστερες και μακρύτερες βολές. Είναι ελαφριές με αποτέλεσμα να μειώνεται το συνολικό βάρος των οδηγών, το ψάρεμα γίνεται πιο ξεκούραστο, γίνεται ευρύτερο το φάσμα των τεχνητών που μπορούν να χρησιμοποιηθούν σε ένα καλάμι και ελαχιστοποιείται ο κίνδυνος μπερδέματος. Διαθέτουν βελτιωμένο υλικό που το κάνει πιο ελαφρύ, αλλά και πιο δυνατό.

Το σετ περιλαμβάνει οδηγούς διαφορετικού μεγέθους<strong>.</strong>

Αυθεντικό προϊόν Tradesor!",ΕΙΔΗ ΑΛΙΕΙΑΣ>Αξεσουάρ αλιείας
36056,Οδηγοί καλαμιού - 20201,Οδηγοί καλαμιού - 20201,in stock,new,0.9 EUR,,https://www.tradesor.gr/wp-content/uploads/2023/04/20201-1.jpg,OEM,No Color,0.3,"Επαναστατικές, δυνατές και ανθεκτικές θηλιές, ιδανικές για νήμα, με αξιοσημείωτα προτερήματα. Βοηθούν στην ομαλή μετάδοση της κίνησης της πετονιάς από το μηχανάκι και μέσα από τους οδηγούς του καλαμιού και ελέγχουν αποτελεσματικά την πετονιά από τον πρώτο οδηγό, απαλείφοντας τις βιρίνες της. Βελτιώνεται σημαντικά η συμπεριφορά του καλαμιού, αυξάνεται η ισορροπία του και επιτυγχάνονται ακριβέστερες και μακρύτερες βολές. Είναι ελαφριές με αποτέλεσμα να μειώνεται το συνολικό βάρος των οδηγών, το ψάρεμα γίνεται πιο ξεκούραστο, γίνεται ευρύτερο το φάσμα των τεχνητών που μπορούν να χρησιμοποιηθούν σε ένα καλάμι και ελαχιστοποιείται ο κίνδυνος μπερδέματος. Διαθέτουν βελτιωμένο υλικό που το κάνει πιο ελαφρύ, αλλά και πιο δυνατό.

Το σετ περιλαμβάνει οδηγούς διαφορετικού μεγέθους<strong>.</strong>

Αυθεντικό προϊόν Tradesor!",ΕΙΔΗ ΑΛΙΕΙΑΣ>Αξεσουάρ αλιείας
36057,Παράμαλα με σύρμα - 20259,Παράμαλα με σύρμα - 20259,in stock,new,0.9 EUR,,https://www.tradesor.gr/wp-content/uploads/2023/04/20259-1.jpg,OEM,No Color,0.3,"Παράμαλα με σύρμα που διαθέτουν σφιγκτήρες ακριβείας, παραμάνα και στριφτάρι ακριβείας.

Η συσκευασία περιλαμβάνει 3 παράμαλα μεγέθους 40LBS

Αυθεντικό προϊόν Tradesor!",ΕΙΔΗ ΑΛΙΕΙΑΣ>Αξεσουάρ αλιείας
36058,Παράμαλα με σύρμα - 20260,Παράμαλα με σύρμα - 20260,in stock,new,0.9 EUR,,https://www.tradesor.gr/wp-content/uploads/2023/04/20260-1.jpg,OEM,No Color,0.3,"Παράμαλα με σύρμα που διαθέτουν σφιγκτήρες ακριβείας, παραμάνα και στριφτάρι ακριβείας.

Η συσκευασία περιλαμβάνει 3 παράμαλα μεγέθους 60LBS

Αυθεντικό προϊόν Tradesor!",ΕΙΔΗ ΑΛΙΕΙΑΣ>Αξεσουάρ αλιείας
36059,Παράμαλα με σύρμα - 20261,Παράμαλα με σύρμα - 20261,in stock,new,0.9 EUR,,https://www.tradesor.gr/wp-content/uploads/2023/04/20261-1.jpg,OEM,No Color,0.3,"Παράμαλα με σύρμα που διαθέτουν σφιγκτήρες ακριβείας, παραμάνα και στριφτάρι ακριβείας.

Η συσκευασία περιλαμβάνει 3 παράμαλα μεγέθους 80LBS

Αυθεντικό προϊόν Tradesor!",ΕΙΔΗ ΑΛΙΕΙΑΣ>Αξεσουάρ αλιείας
36060,Παράμαλα με σύρμα - 20262,Παράμαλα με σύρμα - 20262,in stock,new,0.9 EUR,,https://www.tradesor.gr/wp-content/uploads/2023/04/20262-1.jpg,OEM,No Color,0.3,"Παράμαλα με σύρμα που διαθέτουν σφιγκτήρες ακριβείας, παραμάνα και στριφτάρι ακριβείας.

Η συσκευασία περιλαμβάνει 3 παράμαλα μεγέθους 100LBS

Αυθεντικό προϊόν Tradesor!",ΕΙΔΗ ΑΛΙΕΙΑΣ>Αξεσουάρ αλιείας
36061,Παράμαλα με σύρμα - 20263,Παράμαλα με σύρμα - 20263,in stock,new,0.9 EUR,,https://www.tradesor.gr/wp-content/uploads/2023/04/20263-1.jpg,OEM,No Color,0.3,"Παράμαλα με σύρμα που διαθέτουν σφιγκτήρες ακριβείας, παραμάνα και στριφτάρι ακριβείας.

Η συσκευασία περιλαμβάνει 3 παράμαλα μεγέθους 120LBS

Αυθεντικό προϊόν Tradesor!",ΕΙΔΗ ΑΛΙΕΙΑΣ>Αξεσουάρ αλιείας
36226,Αξεσουάρ ψαρέματος - 30277,Αξεσουάρ ψαρέματος - 30277,in stock,new,1.8 EUR,,https://www.tradesor.gr/wp-content/uploads/2023/04/15933071099654846.jpg,OEM,No Color,0.1,,ΕΙΔΗ ΑΛΙΕΙΑΣ>Αξεσουάρ αλιείας
36227,Αξεσουάρ ψαρέματος - 30276,Αξεσουάρ ψαρέματος - 30276,in stock,new,1.44 EUR,,https://www.tradesor.gr/wp-content/uploads/2023/04/30276.jpg,OEM,No Color,0.1,,ΕΙΔΗ ΑΛΙΕΙΑΣ>Αξεσουάρ αλιείας
36228,Αξεσουάρ ψαρέματος - 30275,Αξεσουάρ ψαρέματος - 30275,in stock,new,1.44 EUR,,https://www.tradesor.gr/wp-content/uploads/2023/04/1593307084988673.jpg,OEM,No Color,0.1,,ΕΙΔΗ ΑΛΙΕΙΑΣ>Αξεσουάρ αλιείας
36229,Αξεσουάρ ψαρέματος - 30274,Αξεσουάρ ψαρέματος - 30274,in stock,new,1.44 EUR,,https://www.tradesor.gr/wp-content/uploads/2023/04/30274.jpg,OEM,No Color,0.1,,ΕΙΔΗ ΑΛΙΕΙΑΣ>Αξεσουάρ αλιείας
36230,Παράμαλα με σύρμα - 30264,Παράμαλα με σύρμα - 30264,in stock,new,1.08 EUR,,https://www.tradesor.gr/wp-content/uploads/2023/04/15933070320417851-2.jpg,OEM,No Color,0.1,"<div class=""prod-descr"">

Παράμαλα με σύρμα που διαθέτουν σφιγκτήρες ακριβείας, σαλαγκιές και στριφτάρι ακριβείας.

Αυθεντικό προϊόν Tradesor!

</div>",ΕΙΔΗ ΑΛΙΕΙΑΣ>Αξεσουάρ αλιείας
36233,Αξεσουάρ ψαρέματος - 30233,Αξεσουάρ ψαρέματος - 30233,in stock,new,1.44 EUR,,https://www.tradesor.gr/wp-content/uploads/2023/04/15933069422866108.jpg,OEM,No Color,0.1,,ΕΙΔΗ ΑΛΙΕΙΑΣ>Αξεσουάρ αλιείας
36235,Παράμαλα με αγκίστρια - 30225,Παράμαλα με αγκίστρια - 30225,in stock,new,1.44 EUR,,https://www.tradesor.gr/wp-content/uploads/2023/04/15933067716167118-2.jpg,OEM,No Color,0.1,"Έτοιμα παράμαλα φτιαγμένα με πετονιά και αρματωμένα με παπαγαλέ αγκίστρια, ιδανικά για το ψάρεμα της τσιπούρας. Κατασκευασμένα από υψηλής ποιότητας πετονιές και αγκίστρια. Μέγεθος: 18#

Αυθεντικό προϊόν Tradesor!",ΕΙΔΗ ΑΛΙΕΙΑΣ>Αξεσουάρ αλιείας
36452,Κλιψάκια-Συνδέσεις διπλές - 1.2x3.0x8 - 30,Κλιψάκια-Συνδέσεις διπλές - 1.2x3.0x8 - 30569,in stock,new,0.9 EUR,,https://www.tradesor.gr/wp-content/uploads/2023/04/0202_30569.jpg,OEM,No Color,0.1,<p>Διπλές συνδέσεις ψαρέματος υψηλής ποιότητας και αντοχής.</p><p>Μέγεθος: 1.2 x 3.0 x 8</p><p>Αυθεντικό προϊόν Tradesor.</p>,ΕΙΔΗ ΑΛΙΕΙΑΣ>Αξεσουάρ αλιείας
36453,Κλιψάκια-Συνδέσεις διπλές - 1.5x3.2x8 - 30,Κλιψάκια-Συνδέσεις διπλές - 1.5x3.2x8 - 30570,in stock,new,0.9 EUR,,https://www.tradesor.gr/wp-content/uploads/2023/04/0202_30570.jpg,OEM,No Color,0.1,<p>Διπλές συνδέσεις ψαρέματος υψηλής ποιότητας και αντοχής.</p><p>Μέγεθος: 1.5 x 3.2 x 8</p><p>Αυθεντικό προϊόν Tradesor.</p>,ΕΙΔΗ ΑΛΙΕΙΑΣ>Αξεσουάρ αλιείας
36454,Κλιψάκια-Συνδέσεις διπλές - 1.7x3.8x8 - 30,Κλιψάκια-Συνδέσεις διπλές - 1.7x3.8x8 - 30571,in stock,new,0.9 EUR,,https://www.tradesor.gr/wp-content/uploads/2023/04/0202_30571.jpg,OEM,No Color,0.1,<p>Διπλές συνδέσεις ψαρέματος υψηλής ποιότητας και αντοχής.</p><p>Μέγεθος: 1.7 x 3.8 x 8</p><p>Αυθεντικό προϊόν Tradesor.</p>,ΕΙΔΗ ΑΛΙΕΙΑΣ>Αξεσουάρ αλιείας
36455,Κλιψάκια-Συνδέσεις διπλές - 2.0x4.2x10 - 3,Κλιψάκια-Συνδέσεις διπλές - 2.0x4.2x10 - 30572,in stock,new,0.9 EUR,,https://www.tradesor.gr/wp-content/uploads/2023/04/0202_30572.jpg,OEM,No Color,0.1,<p>Διπλές συνδέσεις ψαρέματος υψηλής ποιότητας και αντοχής.</p><p>Μέγεθος: 2.0 x 4.2 x 10</p><p>Αυθεντικό προϊόν Tradesor.</p>,ΕΙΔΗ ΑΛΙΕΙΑΣ>Αξεσουάρ αλιείας
36456,Κλιψάκια-Συνδέσεις διπλές - 2.4x15 - 30573,Κλιψάκια-Συνδέσεις διπλές - 2.4x15 - 30573,in stock,new,0.9 EUR,,https://www.tradesor.gr/wp-content/uploads/2023/04/0202_30573.jpg,OEM,No Color,0.1,<p>Διπλές συνδέσεις ψαρέματος υψηλής ποιότητας και αντοχής.</p><p>Μέγεθος: 2.4 x 15</p><p>Αυθεντικό προϊόν Tradesor.</p>,ΕΙΔΗ ΑΛΙΕΙΑΣ>Αξεσουάρ αλιείας
36457,Κλιψάκια-Συνδέσεις διπλές - 2.6x18 - 30574,Κλιψάκια-Συνδέσεις διπλές - 2.6x18 - 30574,in stock,new,0.9 EUR,,https://www.tradesor.gr/wp-content/uploads/2023/04/0202_30574.jpg,OEM,No Color,0.1,<p>Διπλές συνδέσεις ψαρέματος υψηλής ποιότητας και αντοχής.</p><p>Μέγεθος: 2.6 x 18</p><p>Αυθεντικό προϊόν Tradesor.</p>,ΕΙΔΗ ΑΛΙΕΙΑΣ>Αξεσουάρ αλιείας
36465,Κρικάκια αλιείας 14# - 30560,Κρικάκια αλιείας 14# - 30560,in stock,new,0.9 EUR,,https://www.tradesor.gr/wp-content/uploads/2023/04/0202_30560.jpg,OEM,No Color,0.1,<p>Κρικάκια υψηλής ποιότητας και αντοχής.</p><p>Μέγεθος: 14#</p><p>Αυθεντικό προϊόν Tradesor.</p>,ΕΙΔΗ ΑΛΙΕΙΑΣ>Αξεσουάρ αλιείας
36466,Κρικάκια αλιείας 12# - 30559,Κρικάκια αλιείας 12# - 30559,in stock,new,0.9 EUR,,https://www.tradesor.gr/wp-content/uploads/2023/04/0202_30559.jpg,OEM,No Color,0.1,<p>Κρικάκια υψηλής ποιότητας και αντοχής.</p><p>Μέγεθος: 12#</p><p>Αυθεντικό προϊόν Tradesor.</p>,ΕΙΔΗ ΑΛΙΕΙΑΣ>Αξεσουάρ αλιείας
36467,Κρικάκια αλιείας 9# - 30557,Κρικάκια αλιείας 9# - 30557,in stock,new,0.9 EUR,,https://www.tradesor.gr/wp-content/uploads/2023/04/0202_30557.jpg,OEM,No Color,0.1,<p>Κρικάκια υψηλής ποιότητας και αντοχής.</p><p>Μέγεθος: 9#</p><p>Αυθεντικό προϊόν Tradesor.</p>,ΕΙΔΗ ΑΛΙΕΙΑΣ>Αξεσουάρ αλιείας
36468,Κρικάκια αλιείας 6# - 30554,Κρικάκια αλιείας 6# - 30554,in stock,new,0.9 EUR,,https://www.tradesor.gr/wp-content/uploads/2023/04/0202_30554.jpg,OEM,No Color,0.1,<p>Κρικάκια υψηλής ποιότητας και αντοχής.</p><p>Μέγεθος: 6#</p><p>Αυθεντικό προϊόν Tradesor.</p>,ΕΙΔΗ ΑΛΙΕΙΑΣ>Αξεσουάρ αλιείας
36469,Κρικάκια αλιείας 11# - 30558,Κρικάκια αλιείας 11# - 30558,in stock,new,0.9 EUR,,https://www.tradesor.gr/wp-content/uploads/2023/04/0202_30558.jpg,OEM,No Color,0.1,<p>Κρικάκια υψηλής ποιότητας και αντοχής.</p><p>Μέγεθος: 11#</p><p>Αυθεντικό προϊόν Tradesor.</p>,ΕΙΔΗ ΑΛΙΕΙΑΣ>Αξεσουάρ αλιείας
36470,Κρικάκια αλιείας 8# - 30556,Κρικάκια αλιείας 8# - 30556,in stock,new,0.9 EUR,,https://www.tradesor.gr/wp-content/uploads/2023/04/0202_30556.jpg,OEM,No Color,0.1,<p>Κρικάκια υψηλής ποιότητας και αντοχής.</p><p>Μέγεθος: 8#</p><p>Αυθεντικό προϊόν Tradesor.</p>,ΕΙΔΗ ΑΛΙΕΙΑΣ>Αξεσουάρ αλιείας
36471,Κρικάκια αλιείας 7# - 30555,Κρικάκια αλιείας 7# - 30555,in stock,new,0.9 EUR,,https://www.tradesor.gr/wp-content/uploads/2023/04/0202_30555.jpg,OEM,No Color,0.1,<p>Κρικάκια αλιείας υψηλής ποιότητας και αντοχής.</p><p>Μέγεθος: 7#</p><p>Αυθεντικό προϊόν Tradesor.</p>,ΕΙΔΗ ΑΛΙΕΙΑΣ>Αξεσουάρ αλιείας
36862,Ζώνη ψαρέματος με θήκες - 30585,Ζώνη ψαρέματος με θήκες - 30585,in stock,new,10.8 EUR,,https://www.tradesor.gr/wp-content/uploads/2023/04/30585_1009.jpg,OEM,No Color,1,<p>Ζώνη ψαρέματος με πολλαπλές θήκες και ρυθμιζόμενη διάμετρο.</p><p>Μήκος (χωρίς το ρυθμιζόμενο λουρί): 70cm</p><p>Χρώμα: Army green</p>,ΕΙΔΗ ΑΛΙΕΙΑΣ>Αξεσουάρ αλιείας
36863,Ζώνη ψαρέματος με θήκες - 30584,Ζώνη ψαρέματος με θήκες - 30584,in stock,new,9 EUR,,https://www.tradesor.gr/wp-content/uploads/2023/04/30584_1009.jpg,OEM,No Color,1,<p>Ζώνη ψαρέματος με πολλαπλές θήκες και ρυθμιζόμενη διάμετρο.</p><p>Μήκος (χωρίς το ρυθμιζόμενο λουρί): 75cm</p><p>Χρώμα: Army green</p>,ΕΙΔΗ ΑΛΙΕΙΑΣ>Αξεσουάρ αλιείας
36866,Κουδούνια αλιείας - 30586,Κουδούνια αλιείας - 30586,in stock,new,1.08 EUR,,https://www.tradesor.gr/wp-content/uploads/2023/04/30586_1009.jpg,OEM,No Color,0.2,<p>Κουδούνια αλιείας - 3 τμχ - 30586</p><p> </p>,ΕΙΔΗ ΑΛΙΕΙΑΣ>Αξεσουάρ αλιείας
37336,Σιδερένια τρίαινα αλιείας - 30667,Σιδερένια τρίαινα αλιείας - 30667,in stock,new,5.4 EUR,,https://www.tradesor.gr/wp-content/uploads/2023/04/30667.png,OEM,No Color,0.5,,ΕΙΔΗ ΑΛΙΕΙΑΣ>Αξεσουάρ αλιείας
37337,Βάση στήριξης καλαμιών 4 θέσεων - Με�,Βάση στήριξης καλαμιών 4 θέσεων - Μεταλλική - 30465,in stock,new,14.4 EUR,,https://www.tradesor.gr/wp-content/uploads/2023/04/30464.jpg,OEM,No Color,4,"<div class=""summary""><div class=""description bullets""><ul><li>Ύψος βάσης: 1.0m</li><li>Άνοιγμα βάσεων καλαμιών: 1.10m</li></ul></div></div>",ΕΙΔΗ ΑΛΙΕΙΑΣ>Αξεσουάρ αλιείας
37377,Βάση στήριξης καλαμιών 4 θέσεων - 30463,Βάση στήριξης καλαμιών 4 θέσεων - 30463,in stock,new,11.7 EUR,,https://www.tradesor.gr/wp-content/uploads/2023/04/30463.jpg,OEM,No Color,3,"<div id=""tab-description"" class=""panel entry-content wc-tab""><p>Το ύψος της βάσης είναι 1 μέτρο και το άνοιγμα των βάσεων των καλαμιών είναι 1.10 μέτρα.<br />Υλικό: αλουμίνιο</p></div>",ΕΙΔΗ ΑΛΙΕΙΑΣ>Αξεσουάρ αλιείας
37605,Λαβίδα αλιείας - 30240,Λαβίδα αλιείας - 30240,in stock,new,4.5 EUR,,https://www.tradesor.gr/wp-content/uploads/2023/04/30240.jpg,OEM,No Color,0.3,"<p>Λαβίδα αλιείας ατσάλινη, με εργονομική αντιολισθητική λαβή.</p>",ΕΙΔΗ ΑΛΙΕΙΑΣ>Αξεσουάρ αλιείας
38129,Βάση στήριξης καλαμιού - 1.2m - 30347,Βάση στήριξης καλαμιού - 1.2m - 30347,in stock,new,1.8 EUR,,https://www.tradesor.gr/wp-content/uploads/2023/04/30347.jpg,OEM,No Color,6,,ΕΙΔΗ ΑΛΙΕΙΑΣ>Αξεσουάρ αλιείας
38130,Βάση στήριξης καλαμιού - 90cm - 30397,Βάση στήριξης καλαμιού - 90cm - 30397,in stock,new,8.1 EUR,,https://www.tradesor.gr/wp-content/uploads/2023/04/30397.jpg,OEM,No Color,2,"<p>Βάση στήριξης καλαμιού, πλαστική, συνολικού μήκους 90cm.</p>",ΕΙΔΗ ΑΛΙΕΙΑΣ>Αξεσουάρ αλιείας
38180,Ράβδοι φωτός αλιείας – Σετ 12Χ - 30216,Ράβδοι φωτός αλιείας – Σετ 12Χ - 30216,in stock,new,1.08 EUR,,https://www.tradesor.gr/wp-content/uploads/2023/04/30216.jpg,OEM,No Color,0.1,<p>Ράβδοι χημικού φωτός αλιείας – Σετ 12Χ</p>,ΕΙΔΗ ΑΛΙΕΙΑΣ>Αξεσουάρ αλιείας
38189,Σετ ψαρέματος - 30202,Σετ ψαρέματος - 30202,in stock,new,2.16 EUR,,https://www.tradesor.gr/wp-content/uploads/2023/04/30202.jpg,OEM,No Color,0.1,"<p>Ολοκληρωμένο σετ με είδη αλιείας υψηλής ποιότητας και αντοχής. <br />Η συσκευασία περιλαμβάνει: <br />2 Φελλούς ψαρέματος <br />1 Πετονιά - 30m/0.28mm/7.9kg/14.1Lbs <br />2 Δολώματα σιλικόνης <br />Στρόγγυλα μολύβια – Τα μολύβια διαθέτουν σχισμή στην μέση για να μπορούν να περνάνε στην πετονιά, ενώ είναι από μαλακό μολύβι για να μπορείτε να σφίγγετε με το χέρι χωρίς να πληγώνεται η πετονιά. <br />5 Μολυβοκεφαλές  </p><p>Αυθεντικό προϊόν Tradesor.</p>",ΕΙΔΗ ΑΛΙΕΙΑΣ>Αξεσουάρ αλιείας
39468,Βάση στήριξης καλαμιών - 2.1Μ - 30717,Βάση στήριξης καλαμιών - 2.1Μ - 30717,in stock,new,5.4 EUR,,https://www.tradesor.gr/wp-content/uploads/2023/04/30717_712.png,OEM,No Color,6.5,"<p>Βάση στήριξης καλαμιών αλουμινίου, ένα απαραίτητο αξεσουάρ για κάθε ψαρά. <br />Τηλεσκοπική επεκτεινόμενη, με μήκος από 65cm έως 2.1m.<br />Εύχρηστη και εύκολη στην μεταφορά και τοποθέτηση.</p>",ΕΙΔΗ ΑΛΙΕΙΑΣ>Αξεσουάρ αλιείας
39472,Άγκιστρο αλιείας – 90cm - 30495,Άγκιστρο αλιείας – 90cm - 30495,in stock,new,5.4 EUR,,https://www.tradesor.gr/wp-content/uploads/2023/04/30495_811.jpg,OEM,No Color,5.5,<p>Άγκιστρο αλιείας μήκους 90cm.</p>,ΕΙΔΗ ΑΛΙΕΙΑΣ>Αξεσουάρ αλιείας
39481,Σετ αλιείας – 3.6m - Full Set – Tradesor – 30394,Σετ αλιείας – 3.6m - Full Set – Tradesor – 30394,in stock,new,16.2 EUR,,https://www.tradesor.gr/wp-content/uploads/2023/04/30394.jpg,OEM,No Color,3.0,"<p>Πλήρες σετ ψαρέματος για αρχάριους με τηλεσκοπικό καλάμι που φτάνει τα 3.6m, μηχανάκι ψαρέματος και όλα τα απαραίτητα αξεσουάρ για να ξεκινήσετε το νέο σας χόμπι.</p>",ΕΙΔΗ ΑΛΙΕΙΑΣ>Αξεσουάρ αλιείας
39731,Φτυάρι ψαρέματος - 30349,Φτυάρι ψαρέματος - 30349,in stock,new,0.9 EUR,,https://www.tradesor.gr/wp-content/uploads/2023/04/30349.png,OEM,No Color,2.5,<p>Αυθεντικό προϊόν Tradesor</p>,ΕΙΔΗ ΑΛΙΕΙΑΣ>Αξεσουάρ αλιείας
39741,Καπέλο ψαρέματος – One sized – Army – 30362,Καπέλο ψαρέματος – One sized – Army – 30362,in stock,new,2.7 EUR,,https://www.tradesor.gr/wp-content/uploads/2023/04/30362.jpg,OEM,No Color,0.3,<p>Καπέλο ψαρέματος σε σχέδιο παραλλαγής.</p><p>Μέγεθος: One Size</p>,ΕΙΔΗ ΑΛΙΕΙΑΣ>Αξεσουάρ αλιείας
39748,Καρούλια περιτύλιξης πετονιάς – 3038,Καρούλια περιτύλιξης πετονιάς – 30389,in stock,new,5.4 EUR,,https://www.tradesor.gr/wp-content/uploads/2023/04/30389_811.jpg,OEM,No Color,0.7,"<p>Καρούλια περιτύλιξης πετονιάς, σετ 4 τεμαχίων διαφορετικών διαμέτρων.</p>",ΕΙΔΗ ΑΛΙΕΙΑΣ>Αξεσουάρ αλιείας
94085,Γάντζος δεσίματος κόμπου θηλειάς - 1,Γάντζος δεσίματος κόμπου θηλειάς - 1216 - 2pcs - 31692,in stock,new,0.9 EUR,,https://www.tradesor.gr/wp-content/uploads/2023/06/b28155eea390ab48ea42e8d749bd1fea.jpg,OEM,No Color,0.5,,ΕΙΔΗ ΑΛΙΕΙΑΣ>Αξεσουάρ αλιείας
94601,Ψαλίδι ψαρέματος - Λαβίδα - 38cm - 31521,Ψαλίδι ψαρέματος - Λαβίδα - 38cm - 31521,in stock,new,2.7 EUR,,https://www.tradesor.gr/wp-content/uploads/2023/06/01513a6462ed3821dbc41402e8bba9de.jpg,OEM,No Color,0.7,,ΕΙΔΗ ΑΛΙΕΙΑΣ>Αξεσουάρ αλιείας
94604,Πιάστρα ψαρέματος - 31520,Πιάστρα ψαρέματος - 31520,in stock,new,2.7 EUR,,https://www.tradesor.gr/wp-content/uploads/2023/06/fc7a284be9d37b9a75ebd62b0a81711f.jpg,OEM,No Color,0.7,,ΕΙΔΗ ΑΛΙΕΙΑΣ>Αξεσουάρ αλιείας
94607,Πιάστρα ψαρέματος - 31519,Πιάστρα ψαρέματος - 31519,in stock,new,2.16 EUR,,https://www.tradesor.gr/wp-content/uploads/2023/06/77fb392437604f4a6ee8943265c2d98d.jpg,OEM,No Color,0.7,,ΕΙΔΗ ΑΛΙΕΙΑΣ>Αξεσουάρ αλιείας
94613,Σετ ψαρέματος - LST-55 - 31494,Σετ ψαρέματος - LST-55 - 31494,in stock,new,16.2 EUR,,https://www.tradesor.gr/wp-content/uploads/2023/06/8927563ea889fc09b740394ba19553f1.jpg,OEM,No Color,3.0,,ΕΙΔΗ ΑΛΙΕΙΑΣ>Αξεσουάρ αλιείας
94616,Σετ ψαρέματος - GS-28 - 31488,Σετ ψαρέματος - GS-28 - 31488,in stock,new,7.2 EUR,,https://www.tradesor.gr/wp-content/uploads/2023/06/57188875c94070aa9b9aba812ff74695.jpg,OEM,No Color,3.0,,ΕΙΔΗ ΑΛΙΕΙΑΣ>Αξεσουάρ αλιείας
94619,Σετ ψαρέματος - GS-12 - 31487,Σετ ψαρέματος - GS-12 - 31487,in stock,new,8.1 EUR,,https://www.tradesor.gr/wp-content/uploads/2023/06/5fb7f71f287f0a1ddc24f81b662aa95d.jpg,OEM,No Color,3.0,,ΕΙΔΗ ΑΛΙΕΙΑΣ>Αξεσουάρ αλιείας
94622,Σετ ψαρέματος - GS-23 - 31486,Σετ ψαρέματος - GS-23 - 31486,in stock,new,10.8 EUR,,https://www.tradesor.gr/wp-content/uploads/2023/06/541a982e1c2aa166017f01a269ed7d64.jpg,OEM,No Color,3.0,,ΕΙΔΗ ΑΛΙΕΙΑΣ>Αξεσουάρ αλιείας
95212,Σετ απαγκιστρωτές - 15cm - 2pcs - 31709,Σετ απαγκιστρωτές - 15cm - 2pcs - 31709,in stock,new,0.9 EUR,,https://www.tradesor.gr/wp-content/uploads/2023/06/4cb97b141e68f54bf639f47c1bc55755.jpg,OEM,No Color,0.4,,ΕΙΔΗ ΑΛΙΕΙΑΣ>Αξεσουάρ αλιείας
95215,Σετ εργαλεία δεσίματος πετονιάς - G2-,Σετ εργαλεία δεσίματος πετονιάς - G2-03 - 2pcs - 31708,in stock,new,1.8 EUR,,https://www.tradesor.gr/wp-content/uploads/2023/06/981550f72f634fb4519cf2b329bde8a3.jpg,OEM,No Color,0.4,"Εργαλεία δεσίματος πετονιάς, σετ 2 τεμαχίων, κατασκευασμένα απο ανοξείδωτο ατσάλι.",ΕΙΔΗ ΑΛΙΕΙΑΣ>Αξεσουάρ αλιείας
95218,Σετ εργαλεία δεσίματος πετονιάς - G2-,Σετ εργαλεία δεσίματος πετονιάς - G2-04 - 2pcs - 31707,in stock,new,1.44 EUR,,https://www.tradesor.gr/wp-content/uploads/2023/06/cc0fe62571b1d91a838baf03859a8ef9.jpg,OEM,No Color,0.4,"Εργαλεία δεσίματος πετονιάς, σετ 2 τεμαχίων, κατασκευασμένα απο ανοξείδωτο ατσάλι.",ΕΙΔΗ ΑΛΙΕΙΑΣ>Αξεσουάρ αλιείας
95221,Σετ εργαλεία δεσίματος πετονιάς - G2-,Σετ εργαλεία δεσίματος πετονιάς - G2-01 - 3pcs - 31706,in stock,new,1.8 EUR,,https://www.tradesor.gr/wp-content/uploads/2023/06/765b22ceb17e049194f2ac3f36cc236b.jpg,OEM,No Color,0.4,"Εργαλεία δεσίματος πετονιάς, σετ 3 τεμαχίων, κατασκευασμένα απο ανοξείδωτο ατσάλι.",ΕΙΔΗ ΑΛΙΕΙΑΣ>Αξεσουάρ αλιείας
95224,Σετ εργαλεία δεσίματος πετονιάς - G2-,Σετ εργαλεία δεσίματος πετονιάς - G2-05 - 3pcs - 31705,in stock,new,1.8 EUR,,https://www.tradesor.gr/wp-content/uploads/2023/06/31ca90e685981d3133b943c578484024.jpg,OEM,No Color,0.4,"Εργαλεία δεσίματος πετονιάς, σετ 3 τεμαχίων, κατασκευασμένα απο ανοξείδωτο ατσάλι.",ΕΙΔΗ ΑΛΙΕΙΑΣ>Αξεσουάρ αλιείας
95227,Σετ εργαλεία δεσίματος πετονιάς - G2-,Σετ εργαλεία δεσίματος πετονιάς - G2-08 - 3pcs - 31704,in stock,new,2.7 EUR,,https://www.tradesor.gr/wp-content/uploads/2023/06/fd45608873def9e83d06bcabfae20832.jpg,OEM,No Color,0.4,"Εργαλεία δεσίματος πετονιάς, σετ 3 τεμαχίων, κατασκευασμένα απο ανοξείδωτο ατσάλι.",ΕΙΔΗ ΑΛΙΕΙΑΣ>Αξεσουάρ αλιείας
95230,Σετ εργαλεία δεσίματος πετονιάς - G2-,Σετ εργαλεία δεσίματος πετονιάς - G2-02 - 3pcs - 31703,in stock,new,1.44 EUR,,https://www.tradesor.gr/wp-content/uploads/2023/06/fb8cc5dc6bda98dc586643adee3accea.jpg,OEM,No Color,0.4,"Εργαλεία δεσίματος πετονιάς, σετ 3 τεμαχίων, κατασκευασμένα απο ανοξείδωτο ατσάλι.",ΕΙΔΗ ΑΛΙΕΙΑΣ>Αξεσουάρ αλιείας
95233,Σετ απαγκιστρωτές - 3pcs - 31691,Σετ απαγκιστρωτές - 3pcs - 31691,in stock,new,0.9 EUR,,https://www.tradesor.gr/wp-content/uploads/2023/06/2a1900eafb4d0a50c1ad45a30ab001c8.jpg,OEM,No Color,0.4,,ΕΙΔΗ ΑΛΙΕΙΑΣ>Αξεσουάρ αλιείας
95236,Σετ απαγκιστρωτές - 17cm - 2pcs - 31693,Σετ απαγκιστρωτές - 17cm - 2pcs - 31693,in stock,new,0.9 EUR,,https://www.tradesor.gr/wp-content/uploads/2023/06/bee10bda9d16ade1e5f991cc4d2af568.jpg,OEM,No Color,0.4,,ΕΙΔΗ ΑΛΙΕΙΑΣ>Αξεσουάρ αλιείας
95239,Πιάστρα ψαρέματος - 31690,Πιάστρα ψαρέματος - 31690,in stock,new,2.7 EUR,,https://www.tradesor.gr/wp-content/uploads/2023/06/6f6c5c1e071984f15b4474b009312402.jpg,OEM,No Color,0.4,,ΕΙΔΗ ΑΛΙΕΙΑΣ>Αξεσουάρ αλιείας
95242,Απολεπιστής ψαριών ανοξείδωτος - 3168,Απολεπιστής ψαριών ανοξείδωτος - 31685,in stock,new,1.44 EUR,,https://www.tradesor.gr/wp-content/uploads/2023/06/6abfddd11ac3aa6144ed67dbdd9bdec9.jpg,OEM,No Color,0.4,,ΕΙΔΗ ΑΛΙΕΙΑΣ>Αξεσουάρ αλιείας
95245,Ψαλίδι ψαρέματος πλαστικό - 31687,Ψαλίδι ψαρέματος πλαστικό - 31687,in stock,new,2.7 EUR,,https://www.tradesor.gr/wp-content/uploads/2023/06/dff3133fa73a21d9379140ea8f36a1f4.jpg,OEM,No Color,0.4,,ΕΙΔΗ ΑΛΙΕΙΑΣ>Αξεσουάρ αλιείας
95257,Βάση οργάνωσης αγκίστρων - 22cm - 31679,Βάση οργάνωσης αγκίστρων - 22cm - 31679,in stock,new,1.8 EUR,,https://www.tradesor.gr/wp-content/uploads/2023/06/0899dc5e12454448429b3de46a69984d.jpg,OEM,No Color,0.4,,ΕΙΔΗ ΑΛΙΕΙΑΣ>Αξεσουάρ αλιείας
95260,Βάση οργάνωσης αγκίστρων - 28cm - 31678,Βάση οργάνωσης αγκίστρων - 28cm - 31678,in stock,new,2.7 EUR,,https://www.tradesor.gr/wp-content/uploads/2023/06/5192e20b0e0d67215b6131755b1887ea.jpg,OEM,No Color,0.4,,ΕΙΔΗ ΑΛΙΕΙΑΣ>Αξεσουάρ αλιείας
95290,Κομπρεσέρ αέρος - AP-3500 - 31542,Κομπρεσέρ αέρος - AP-3500 - 31542,in stock,new,16.2 EUR,,https://www.tradesor.gr/wp-content/uploads/2023/06/faf4a71f4bff6ec4f29adeacd5df7575.jpg,OEM,No Color,3.0,,ΕΙΔΗ ΑΛΙΕΙΑΣ>Αξεσουάρ αλιείας
95293,Κομπρεσέρ αέρος - AP-1500 - 31541,Κομπρεσέρ αέρος - AP-1500 - 31541,in stock,new,9 EUR,,https://www.tradesor.gr/wp-content/uploads/2023/06/e9b87ae2ee932104b0d0ae7cdafd857b.jpg,OEM,No Color,3.0,,ΕΙΔΗ ΑΛΙΕΙΑΣ>Αξεσουάρ αλιείας
95296,Κομπρεσέρ αέρος - AP-4502 - 31540,Κομπρεσέρ αέρος - AP-4502 - 31540,in stock,new,8.1 EUR,,https://www.tradesor.gr/wp-content/uploads/2023/06/4eddd6d550ff59778d3e418b2f7d27ba.jpg,OEM,No Color,3.0,,ΕΙΔΗ ΑΛΙΕΙΑΣ>Αξεσουάρ αλιείας
95299,Κομπρεσέρ αέρος - AP-5500 - 31539,Κομπρεσέρ αέρος - AP-5500 - 31539,in stock,new,6.3 EUR,,https://www.tradesor.gr/wp-content/uploads/2023/06/3e8dd92e7a1ed59ca38e1ec9ea5a385b.jpg,OEM,No Color,3.0,,ΕΙΔΗ ΑΛΙΕΙΑΣ>Αξεσουάρ αλιείας
95326,Απαγκιστρωτής ανοξείδωτος - 31529,Απαγκιστρωτής ανοξείδωτος - 31529,in stock,new,3.6 EUR,,https://www.tradesor.gr/wp-content/uploads/2023/06/ba81532839d32a121ba23701c6583758.jpg,OEM,No Color,0.5,,ΕΙΔΗ ΑΛΙΕΙΑΣ>Αξεσουάρ αλιείας
95330,Δαγκάνα σηκώματος & ελέγχου ψαριών -,Δαγκάνα σηκώματος & ελέγχου ψαριών - Grip - 31528,in stock,new,4.5 EUR,,https://www.tradesor.gr/wp-content/uploads/2023/06/0af9fbec8da50f13f14f8b2431133e7b.jpg,OEM,No Color,0.7,,ΕΙΔΗ ΑΛΙΕΙΑΣ>Αξεσουάρ αλιείας
95333,Δαγκάνα σηκώματος & ελέγχου ψαριών -,Δαγκάνα σηκώματος & ελέγχου ψαριών - Grip - 31527,in stock,new,4.5 EUR,,https://www.tradesor.gr/wp-content/uploads/2023/06/59d4f73519832191b6411c544686661d.jpg,OEM,No Color,0.7,,ΕΙΔΗ ΑΛΙΕΙΑΣ>Αξεσουάρ αλιείας
95336,Δαγκάνα σηκώματος & ελέγχου ψαριών -,Δαγκάνα σηκώματος & ελέγχου ψαριών - Grip - 31526,in stock,new,3.6 EUR,,https://www.tradesor.gr/wp-content/uploads/2023/06/b19281de86effce5e0778363b87d302a.jpg,OEM,No Color,0.7,,ΕΙΔΗ ΑΛΙΕΙΑΣ>Αξεσουάρ αλιείας
95339,Δαγκάνα σηκώματος & ελέγχου ψαριών -,Δαγκάνα σηκώματος & ελέγχου ψαριών - Grip - 31525,in stock,new,3.6 EUR,,https://www.tradesor.gr/wp-content/uploads/2023/06/9b1ee718d51503d4dadae45d5fb73001.jpg,OEM,No Color,0.7,,ΕΙΔΗ ΑΛΙΕΙΑΣ>Αξεσουάρ αλιείας
95342,Δαγκάνα σηκώματος & ελέγχου ψαριών -,Δαγκάνα σηκώματος & ελέγχου ψαριών - Grip - 31524,in stock,new,9 EUR,,https://www.tradesor.gr/wp-content/uploads/2023/06/8d1b4d03c8dbd82caadb889cfc48414d.jpg,OEM,No Color,0.7,,ΕΙΔΗ ΑΛΙΕΙΑΣ>Αξεσουάρ αλιείας
95345,Καρούλι περιτύλιξης πετονιάς - 27.5cm -,Καρούλι περιτύλιξης πετονιάς - 27.5cm - 31515,in stock,new,8.1 EUR,,https://www.tradesor.gr/wp-content/uploads/2023/06/ca74320e77e357de98ba471d78d6b3cd.jpg,OEM,No Color,1.0,,ΕΙΔΗ ΑΛΙΕΙΑΣ>Αξεσουάρ αλιείας
95348,Καρούλι περιτύλιξης πετονιάς - 19cm - 3,Καρούλι περιτύλιξης πετονιάς - 19cm - 31514,in stock,new,6.3 EUR,,https://www.tradesor.gr/wp-content/uploads/2023/06/6b804067606fb3533196a667ec831c04.jpg,OEM,No Color,1.0,,ΕΙΔΗ ΑΛΙΕΙΑΣ>Αξεσουάρ αλιείας
95396,Σετ ψαρέματος με καλάμι και αξεσουά,Σετ ψαρέματος με καλάμι και αξεσουάρ - 2.1m - 31499,in stock,new,10.8 EUR,,https://www.tradesor.gr/wp-content/uploads/2023/06/fec63042ca3977b1c61351e603dab970.jpg,OEM,No Color,2.0,"Σετ ψαρέματος με καλάμι τηλεσκοπικό 2.1m, μηχανάκι και βασικά αξεσουάρ αλιείας, ιδανικό για αρχάριους.",ΕΙΔΗ ΑΛΙΕΙΑΣ>Αξεσουάρ αλιείας
95399,Σετ ψαρέματος με καλάμι και αξεσουά,Σετ ψαρέματος με καλάμι και αξεσουάρ - XT-607 - 31497,in stock,new,14.4 EUR,,https://www.tradesor.gr/wp-content/uploads/2023/06/e1f5f3a4e8f890d2e0e17148a47a0a4b.jpg,OEM,No Color,2.0,"Σετ ψαρέματος με καλάμι τηλεσκοπικό, μηχανάκι και βασικά αξεσουάρ αλιείας, ιδανικό για αρχάριους.",ΕΙΔΗ ΑΛΙΕΙΑΣ>Αξεσουάρ αλιείας
95402,Σετ ψαρέματος με καλάμι και αξεσουά,Σετ ψαρέματος με καλάμι και αξεσουάρ - 3m - 31493,in stock,new,14.4 EUR,,https://www.tradesor.gr/wp-content/uploads/2023/06/18371ff4ae61bdd5838dabd49485ed56.jpg,OEM,No Color,4.0,"Σετ ψαρέματος με καλάμι, μηχανάκι και βασικά αξεσουάρ αλιείας, ιδανικό για αρχάριους.",ΕΙΔΗ ΑΛΙΕΙΑΣ>Αξεσουάρ αλιείας
95405,Σετ ψαρέματος με καλάμι και αξεσουά,Σετ ψαρέματος με καλάμι και αξεσουάρ - GS-26 - 31492,in stock,new,9 EUR,,https://www.tradesor.gr/wp-content/uploads/2023/06/6bae6911f48439f889c5c0fa5ef12607.jpg,OEM,No Color,3.0,"Σετ ψαρέματος με καλάμι, μηχανάκι και βασικά αξεσουάρ αλιείας, ιδανικό για αρχάριους.",ΕΙΔΗ ΑΛΙΕΙΑΣ>Αξεσουάρ αλιείας
95408,Σετ ψαρέματος με καλάμι και αξεσουά,Σετ ψαρέματος με καλάμι και αξεσουάρ - GS-30 - 31491,in stock,new,16.2 EUR,,https://www.tradesor.gr/wp-content/uploads/2023/06/016e98f2112c7690b4768a93c3328e99.jpg,OEM,No Color,3.0,"Σετ ψαρέματος με καλάμι, μηχανάκι και βασικά αξεσουάρ αλιείας, ιδανικό για αρχάριους.",ΕΙΔΗ ΑΛΙΕΙΑΣ>Αξεσουάρ αλιείας
95411,Σετ ψαρέματος με καλάμι και αξεσουά,Σετ ψαρέματος με καλάμι και αξεσουάρ - GS-25 - 31490,in stock,new,10.8 EUR,,https://www.tradesor.gr/wp-content/uploads/2023/06/d55a0d425736b3bdb4cd07d449dc1557.jpg,OEM,No Color,3.0,"Σετ ψαρέματος με καλάμι, μηχανάκι και βασικά αξεσουάρ αλιείας, ιδανικό για αρχάριους.",ΕΙΔΗ ΑΛΙΕΙΑΣ>Αξεσουάρ αλιείας
95414,Σετ ψαρέματος με καλάμι και αξεσουά,Σετ ψαρέματος με καλάμι και αξεσουάρ - GS-24 - 31489,in stock,new,9 EUR,,https://www.tradesor.gr/wp-content/uploads/2023/06/c96d437530aeef906030f089e0bb6bdf.jpg,OEM,No Color,3.0,"Σετ ψαρέματος με καλάμι, μηχανάκι και βασικά αξεσουάρ αλιείας, ιδανικό για αρχάριους.",ΕΙΔΗ ΑΛΙΕΙΑΣ>Αξεσουάρ αλιείας
95547,Σφεντόνα ψαρέματος - 30243,Σφεντόνα ψαρέματος - 30243,in stock,new,2.7 EUR,,https://www.tradesor.gr/wp-content/uploads/2023/06/e68371bdd426e6c9723bb401dd56f760.jpg,OEM,No Color,0.4,,ΕΙΔΗ ΑΛΙΕΙΑΣ>Αξεσουάρ αλιείας
95551,Γάντζος ψαρέματος αλουμινίου - 1.2m - 3,Γάντζος ψαρέματος αλουμινίου - 1.2m - 31049,in stock,new,5.4 EUR,,https://www.tradesor.gr/wp-content/uploads/2023/06/e3afa64a3f3dddcacd8c08696f56b41e.jpg,OEM,No Color,1.5,,ΕΙΔΗ ΑΛΙΕΙΑΣ>Αξεσουάρ αλιείας
95554,Γάντζος ψαρέματος αλουμινίου - 90cm - 3,Γάντζος ψαρέματος αλουμινίου - 90cm - 31047,in stock,new,4.5 EUR,,https://www.tradesor.gr/wp-content/uploads/2023/06/c2d55da594d4c432d45dd76dc2284fa1.jpg,OEM,No Color,1.5,,ΕΙΔΗ ΑΛΙΕΙΑΣ>Αξεσουάρ αλιείας
95557,Γάντζος ψαρέματος αλουμινίου - 60cm - 3,Γάντζος ψαρέματος αλουμινίου - 60cm - 31046,in stock,new,4.5 EUR,,https://www.tradesor.gr/wp-content/uploads/2023/06/e4d46b199673c1d7a2e423e4ae6a2b96.jpg,OEM,No Color,1.5,,ΕΙΔΗ ΑΛΙΕΙΑΣ>Αξεσουάρ αλιείας
95729,Λαβίδα ψαρέματος - 62cm - 31523,Λαβίδα ψαρέματος - 62cm - 31523,in stock,new,3.6 EUR,,https://www.tradesor.gr/wp-content/uploads/2023/06/a5401b80156c45c482139b6109b817e1.jpg,OEM,No Color,0.4,"Λαβίδα ψαρέματος 52cm από ανοξείδωτο ατσάλι, με εργονομική λαβή.",ΕΙΔΗ ΑΛΙΕΙΑΣ>Αξεσουάρ αλιείας
95732,Λαβίδα ψαρέματος - 52cm - 31522,Λαβίδα ψαρέματος - 52cm - 31522,in stock,new,2.7 EUR,,https://www.tradesor.gr/wp-content/uploads/2023/06/232be0bbad959e2b6098ee99ed75e55f.jpg,OEM,No Color,0.4,"Λαβίδα ψαρέματος 52cm από ανοξείδωτο ατσάλι, με εργονομική λαβή.",ΕΙΔΗ ΑΛΙΕΙΑΣ>Αξεσουάρ αλιείας
