id,title,description,availability,condition,price,link,image_link,brand,color,shipping_weight,rich_text_description,fb_product_category
35250,Κατσαβίδι φωτιζόμενο με LED - BL-061,Κατσαβίδι φωτιζόμενο με LED - BL-061,in stock,new,2.7 EUR,,https://www.tradesor.gr/wp-content/uploads/2023/04/HT1oVYpFJ8XXXagOFbXW-500x500-1.jpg,OEM,No Color,0.2,"LED PenLight & Κατσαβίδι 6 τεμ. Bailong

Φακός LED τσέπης με ειδική μύτη υποδοχή κατσαβιδιού που ανάβει με λευκό LED.
Με πλήκτρο ON/OFF και κλιπ τσέπης / ζώνης
Στο εσωτερικό υπάρχουν 6 μύτες κατσαβιδιού

Λειτουργεί με 3 μπαταρίες LR44
Λάμπα 1 Watt
Διαστάσεις 15 mm X 130 mm
Κατασκευή Aluminum Alloy",ΕΡΓΑΛΕΙΑ  ΕΠΑΓΓΕΛΜΑΤΙΚΟΣ ΕΞΟΠΛΙΣΜΟΣ>Εργαλεία>Κατσαβίδια  λίμες
35306,Κατσαβίδι με εργονομική λαβή - Finder - ,Κατσαβίδι με εργονομική λαβή - Finder - Σταυροκατσάβιδο - 193001,in stock,new,0.9 EUR,,https://www.tradesor.gr/wp-content/uploads/2023/04/0004838_193004-finder-screwdriver575-1216_450.jpeg,OEM,No Color,0.2,"<p>Κατσαβίδι με σταυρό κεφαλή (+), φτιαγμένο από Cr-V ατσάλι και λαβή τύπου PP+TPR.</p><p>Μέγεθος: 3*75mm</p>",ΕΡΓΑΛΕΙΑ  ΕΠΑΓΓΕΛΜΑΤΙΚΟΣ ΕΞΟΠΛΙΣΜΟΣ>Εργαλεία>Κατσαβίδια  λίμες
35397,Δοκιμαστικό κατσαβίδι - 100mm - Finder - 1948,Δοκιμαστικό κατσαβίδι - 100mm - Finder - 194843,in stock,new,2.16 EUR,,https://www.tradesor.gr/wp-content/uploads/2023/04/κατσαβίδι-τάσης-finder-194843.jpg,OEM,No Color,0.2,"<p>Δοκιμαστικό κατσαβίδι τάσης, με λαβή τύπου PP και κεφαλή από A3 ατσάλι.</p><p>6*100mm</p>",ΕΡΓΑΛΕΙΑ  ΕΠΑΓΓΕΛΜΑΤΙΚΟΣ ΕΞΟΠΛΙΣΜΟΣ>Εργαλεία>Κατσαβίδια  λίμες
35491,Κατσαβίδι - 8Χ200mm - Finder - 193029,Κατσαβίδι - 8Χ200mm - Finder - 193029,in stock,new,2.16 EUR,,https://www.tradesor.gr/wp-content/uploads/2023/04/κατσαβίδι-8χ200mm-finder-193029.jpg,OEM,No Color,0.2,"<p>Κατσαβίδι με σταυρό κεφαλή (+), φτιαγμένο από Cr-V ατσάλι και λαβή τύπου PP+TPR.</p><p>Μέγεθος: 8*200mm</p>",ΕΡΓΑΛΕΙΑ  ΕΠΑΓΓΕΛΜΑΤΙΚΟΣ ΕΞΟΠΛΙΣΜΟΣ>Εργαλεία>Κατσαβίδια  λίμες
35517,Κατσαβίδι - Finder - 193091  - 4 in 1,Κατσαβίδι - Finder - 193091  - 4 in 1,in stock,new,4.5 EUR,,https://www.tradesor.gr/wp-content/uploads/2023/04/κατσαβίδι-finder-193091-4in1.jpg,OEM,No Color,0.2,"<p>Κατσαβίδι 4 σε 1, με εργονομική λαβή.</p><p>Περιέχει:</p><p>- 6.3*65mm (5*PH1) +</p><p>- 8*75mm (6*PH2)+</p><p>1 λαβή</p>",ΕΡΓΑΛΕΙΑ  ΕΠΑΓΓΕΛΜΑΤΙΚΟΣ ΕΞΟΠΛΙΣΜΟΣ>Εργαλεία>Κατσαβίδια  λίμες
35556,Δοκιμαστικό κατσαβίδι - 190mm - 194845,Δοκιμαστικό κατσαβίδι - 190mm - 194845,in stock,new,0.9 EUR,,https://www.tradesor.gr/wp-content/uploads/2023/04/15762433282712834.jpg,OEM,No Color,0.2,"<p>Δοκιμαστικό κατσαβίδι, με μετρητή τάσης, 190mm.</p>",ΕΡΓΑΛΕΙΑ  ΕΠΑΓΓΕΛΜΑΤΙΚΟΣ ΕΞΟΠΛΙΣΜΟΣ>Εργαλεία>Κατσαβίδια  λίμες
35586,Σετ κατσαβίδι με 23 αξεσουάρ - Finder - 193,Σετ κατσαβίδι με 23 αξεσουάρ - Finder - 193225,in stock,new,6.3 EUR,,https://www.tradesor.gr/wp-content/uploads/2023/04/15762375655567968.jpg,OEM,No Color,3.5,"<p>Σετ 23 κεφαλών κατσαβιδιού.</p><p>Περιέχει:</p><p>1pc screwdriver</p><p>1pc bits holder</p><p>21pc CRV bits (4.0*28mm):</p><p>Phillips: #000, #00, #0, #1, #2</p><p>Pozi: #00, #0, #1</p><p>Slotted: 1mm, 2mm, 3mm</p><p>Hex: 0.9mm, 1.3mm, 1.5mm, 2mm, 2.5mm, 3mm</p><p>Torx: T6, T7, T8, T10</p>",ΕΡΓΑΛΕΙΑ  ΕΠΑΓΓΕΛΜΑΤΙΚΟΣ ΕΞΟΠΛΙΣΜΟΣ>Εργαλεία>Κατσαβίδια  λίμες
36250,Κατσαβίδι 14 σε 1 - Finder - 193234,Κατσαβίδι 14 σε 1 - Finder - 193234,in stock,new,6.3 EUR,,https://www.tradesor.gr/wp-content/uploads/2023/04/2207_193234.jpg,OEM,No Color,1.1,"<p>Κατσαβίδι 14 σε 1</p><p>Με λαβή φτιαγμένη από υλικό PP+TPR, Cr-V Bits</p>",ΕΡΓΑΛΕΙΑ  ΕΠΑΓΓΕΛΜΑΤΙΚΟΣ ΕΞΟΠΛΙΣΜΟΣ>Εργαλεία>Κατσαβίδια  λίμες
37117,"Τριγωνική λίμα - 8"""" - Finder - 196088","Τριγωνική λίμα - 8"""" - Finder - 196088",in stock,new,3.6 EUR,,https://www.tradesor.gr/wp-content/uploads/2023/04/16344784155211782.jpg,OEM,No Color,0.2,"<p>Τριγωνική λίμα μεγέθους 8"""" - 20cm, απόλυτα ανθεκτική κατάλληλη για επαγγελματική χρήση.</p>",ΕΡΓΑΛΕΙΑ  ΕΠΑΓΓΕΛΜΑΤΙΚΟΣ ΕΞΟΠΛΙΣΜΟΣ>Εργαλεία>Κατσαβίδια  λίμες
37149,"Στρογγυλή λίμα - 8"""" - Finder - 196090","Στρογγυλή λίμα - 8"""" - Finder - 196090",in stock,new,3.6 EUR,,https://www.tradesor.gr/wp-content/uploads/2023/04/196090_1511.jpg,OEM,No Color,0.3,"<p>Κυλινδρική λίμα μεγέθους 8"""" - 20cm, απόλυτα ανθεκτική κατάλληλη για επαγγελματική χρήση.</p>",ΕΡΓΑΛΕΙΑ  ΕΠΑΓΓΕΛΜΑΤΙΚΟΣ ΕΞΟΠΛΙΣΜΟΣ>Εργαλεία>Κατσαβίδια  λίμες
37160,Σετ κεφαλές κατσαβιδιού - 61pcs - Finder - 1,Σετ κεφαλές κατσαβιδιού - 61pcs - Finder - 192548,in stock,new,90 EUR,,https://www.tradesor.gr/wp-content/uploads/2023/04/192548_1511.jpg,OEM,No Color,9.0,,ΕΡΓΑΛΕΙΑ  ΕΠΑΓΓΕΛΜΑΤΙΚΟΣ ΕΞΟΠΛΙΣΜΟΣ>Εργαλεία>Κατσαβίδια  λίμες
37285,Σετ κατσαβίδια - 15pcs - Finder - 193040,Σετ κατσαβίδια - 15pcs - Finder - 193040,in stock,new,14.4 EUR,,https://www.tradesor.gr/wp-content/uploads/2023/04/193039.png,OEM,No Color,0.9,"<div class=""large-10 col pb-0 mb-0""><div class=""panel entry-content""><p>Σετ 15 κατσαβιδιών ακριβείας, με εργονομική λαβή.</p><ul><li>– 1.5, 2.0, 2.5, 3.0</li><li>+ PH000, PH00, PH0</li><li>Torx T6, T7, T8, T9, T10</li></ul></div></div>",ΕΡΓΑΛΕΙΑ  ΕΠΑΓΓΕΛΜΑΤΙΚΟΣ ΕΞΟΠΛΙΣΜΟΣ>Εργαλεία>Κατσαβίδια  λίμες
37802,Σετ κατσαβίδια - Σετ 3Χ - Finder - 193083,Σετ κατσαβίδια - Σετ 3Χ - Finder - 193083,in stock,new,5.4 EUR,,https://www.tradesor.gr/wp-content/uploads/2023/04/193083.jpg,OEM,No Color,0.5,"<div id=""tab-description"" - =""panel entry-content wc-tab""><p>Μέγεθος κατσαβιδιού με ίσια κεφαλή ( – ) 4×100</p><p>Μέγεθος κατσαβιδιού με σταυρωτή κεφαλή ( + ) PH2x100</p><p>1x Κατσαβίδι ηλεκτρολόγου</p></div>",ΕΡΓΑΛΕΙΑ  ΕΠΑΓΓΕΛΜΑΤΙΚΟΣ ΕΞΟΠΛΙΣΜΟΣ>Εργαλεία>Κατσαβίδια  λίμες
37804,"Επίπεδη λίμα - 8"""" - Finder - 196086","Επίπεδη λίμα - 8"""" - Finder - 196086",in stock,new,3.6 EUR,,https://www.tradesor.gr/wp-content/uploads/2023/04/196086.jpg,OEM,No Color,0.3,"<p>Επίπεδη λίμα - 8"""" - Finder με εργονομική λαβή</p>",ΕΡΓΑΛΕΙΑ  ΕΠΑΓΓΕΛΜΑΤΙΚΟΣ ΕΞΟΠΛΙΣΜΟΣ>Εργαλεία>Κατσαβίδια  λίμες
38063,Κατσαβίδι PH2 - 6*125mm - Finder - 193017,Κατσαβίδι PH2 - 6*125mm - Finder - 193017,in stock,new,1.44 EUR,,https://www.tradesor.gr/wp-content/uploads/2023/04/κατσαβίδι-6χ125mm-finder-193017.jpg,OEM,No Color,0.2,"<p>Κατσαβίδι PH2 μεγέθους 6*125mm, Finder</p>",ΕΡΓΑΛΕΙΑ  ΕΠΑΓΓΕΛΜΑΤΙΚΟΣ ΕΞΟΠΛΙΣΜΟΣ>Εργαλεία>Κατσαβίδια  λίμες
38410,Κατσαβίδι σταυρωτό - 5x100mm - Finder - 193007,Κατσαβίδι σταυρωτό - 5x100mm - Finder - 193007,in stock,new,1.26 EUR,,https://www.tradesor.gr/wp-content/uploads/2023/04/193007.jpg,OEM,No Color,0.2,"<p>Κατσαβίδι με σταυρό κεφαλή (+), φτιαγμένο από Cr-V ατσάλι και λαβή τύπου PP+TPR</p><ul><li>Μέγεθος: 5x100mm</li></ul>",ΕΡΓΑΛΕΙΑ  ΕΠΑΓΓΕΛΜΑΤΙΚΟΣ ΕΞΟΠΛΙΣΜΟΣ>Εργαλεία>Κατσαβίδια  λίμες
38411,Σετ κατσαβίδια - 4pcs - Finder - 193089,Σετ κατσαβίδια - 4pcs - Finder - 193089,in stock,new,5.4 EUR,,https://www.tradesor.gr/wp-content/uploads/2023/04/193089.jpg,OEM,No Color,0.4,"<p>Kατσαβίδια, σετ 4 τεμαχίων Finder.</p>",ΕΡΓΑΛΕΙΑ  ΕΠΑΓΓΕΛΜΑΤΙΚΟΣ ΕΞΟΠΛΙΣΜΟΣ>Εργαλεία>Κατσαβίδια  λίμες
55699,Σετ κατσαβίδια - 4pcs - Finder – 193084,Σετ κατσαβίδια - 4pcs - Finder – 193084,in stock,new,4.5 EUR,,https://www.tradesor.gr/wp-content/uploads/2023/06/543b67c9a2865290aae92f5fc70c49ac.jpg,OEM,No Color,1.0,"Σετ 4 κατσαβιδιών με εργονομική λαβή.
– 3*60, 3*75
+ PH0*60, PH0*75",ΕΡΓΑΛΕΙΑ  ΕΠΑΓΓΕΛΜΑΤΙΚΟΣ ΕΞΟΠΛΙΣΜΟΣ>Εργαλεία>Κατσαβίδια  λίμες
55700,Κατσαβίδι ίσιο - 5x100mm - Finder - 193006,Κατσαβίδι ίσιο - 5x100mm - Finder - 193006,in stock,new,1.26 EUR,,https://www.tradesor.gr/wp-content/uploads/2023/05/a240af10ae81df4dad4938914cbb40ee.jpg,OEM,No Color,0.4,"Κατσαβίδι με ίσια κεφαλή (-), φτιαγμένο από Cr-V ατσάλι και λαβή τύπου PP+TPR.

Μέγεθος: 5*100mm",ΕΡΓΑΛΕΙΑ  ΕΠΑΓΓΕΛΜΑΤΙΚΟΣ ΕΞΟΠΛΙΣΜΟΣ>Εργαλεία>Κατσαβίδια  λίμες
55703,Κατσαβίδι ίσιο - 6x200mm - Finder - 193020,Κατσαβίδι ίσιο - 6x200mm - Finder - 193020,in stock,new,1.8 EUR,,https://www.tradesor.gr/wp-content/uploads/2023/05/5c314a05606f28b928c4071443b58f77.jpg,OEM,No Color,0.4,"Κατσαβίδι με ίσια κεφαλή (-), φτιαγμένο από Cr-V ατσάλι και λαβή τύπου PP+TPR.

Μέγεθος: 6x200mm",ΕΡΓΑΛΕΙΑ  ΕΠΑΓΓΕΛΜΑΤΙΚΟΣ ΕΞΟΠΛΙΣΜΟΣ>Εργαλεία>Κατσαβίδια  λίμες
55732,Επαναφορτιζόμενο κατσαβίδι - 28pcs - 3.6,Επαναφορτιζόμενο κατσαβίδι - 28pcs - 3.6V - Finder - 197230,in stock,new,36 EUR,,https://www.tradesor.gr/wp-content/uploads/2023/05/ba465696e3f5d21c2b527970cd3c02cc.jpg,OEM,No Color,2.0,"Επαναφορτιζόμενο κατσαβίδι – 3.6V – Finder
Χαρακτηριστικά:
Μπαταρία:1500 mAh
Ταχύτητα: 200rpm
Μέγιστη ροπή: 3.5Ν.Μ
Χρόνος φόρτισης: 3-5 ώρες",ΕΡΓΑΛΕΙΑ  ΕΠΑΓΓΕΛΜΑΤΙΚΟΣ ΕΞΟΠΛΙΣΜΟΣ>Εργαλεία>Κατσαβίδια  λίμες
55802,Σετ κατσαβίδια - 6pcs - Finder - 193135,Σετ κατσαβίδια - 6pcs - Finder - 193135,in stock,new,5.4 EUR,,https://www.tradesor.gr/wp-content/uploads/2023/05/edbbf5b3b7c120e11a76958f2cc21732.jpg,OEM,No Color,0.8,"Σετ 6 κατσαβίδια Finder με εργονομική λαβή. Μεγέθη: +6x150, +6x125, +6x100. -6x150, -6x125, -6x100",ΕΡΓΑΛΕΙΑ  ΕΠΑΓΓΕΛΜΑΤΙΚΟΣ ΕΞΟΠΛΙΣΜΟΣ>Εργαλεία>Κατσαβίδια  λίμες
55964,Σετ λίμες - 5pcs - 8''/200mm - Finder - 196092,Σετ λίμες - 5pcs - 8''/200mm - Finder - 196092,in stock,new,15.3 EUR,,https://www.tradesor.gr/wp-content/uploads/2023/05/993b15c193ef7eee41c93fb0253140cb.jpg,OEM,No Color,0.8,"Σετ λίμες 5 τεμάχια, μεγέθους 8''/200mm, με εργονομική λαβή - Finder",ΕΡΓΑΛΕΙΑ  ΕΠΑΓΓΕΛΜΑΤΙΚΟΣ ΕΞΟΠΛΙΣΜΟΣ>Εργαλεία>Κατσαβίδια  λίμες
55967,Σετ λίμες - 3pcs - 8''/200mm - Finder - 196091,Σετ λίμες - 3pcs - 8''/200mm - Finder - 196091,in stock,new,9.9 EUR,,https://www.tradesor.gr/wp-content/uploads/2023/05/00282a2a8364b1847510e9076b5de6a1.jpg,OEM,No Color,0.8,"Σετ λίμες 3 τεμάχια, μεγέθους 8''/200mm, με εργονομική λαβή - Finder",ΕΡΓΑΛΕΙΑ  ΕΠΑΓΓΕΛΜΑΤΙΚΟΣ ΕΞΟΠΛΙΣΜΟΣ>Εργαλεία>Κατσαβίδια  λίμες
55970,Σετ λίμες - 3pcs - 8''/200mm - Finder - 195924,Σετ λίμες - 3pcs - 8''/200mm - Finder - 195924,in stock,new,5.4 EUR,,https://www.tradesor.gr/wp-content/uploads/2023/05/7273e622815dae315396775bb72fd32c.jpg,OEM,No Color,0.8,"Σετ λίμες 3 τεμάχια, μεγέθους 8''/200mm, με εργονομική λαβή - Finder",ΕΡΓΑΛΕΙΑ  ΕΠΑΓΓΕΛΜΑΤΙΚΟΣ ΕΞΟΠΛΙΣΜΟΣ>Εργαλεία>Κατσαβίδια  λίμες
55973,Σετ λίμες - 3pcs - 8''/200mm - Finder - 195925,Σετ λίμες - 3pcs - 8''/200mm - Finder - 195925,in stock,new,9 EUR,,https://www.tradesor.gr/wp-content/uploads/2023/05/abdb664368730fb31c233cae29e78620.jpg,OEM,No Color,0.8,"Σετ λίμες 3 τεμάχια, μεγέθους 8''/200mm, με εργονομική λαβή - Finder",ΕΡΓΑΛΕΙΑ  ΕΠΑΓΓΕΛΜΑΤΙΚΟΣ ΕΞΟΠΛΙΣΜΟΣ>Εργαλεία>Κατσαβίδια  λίμες
56007,Σετ κατσαβίδια σε θήκη - 4pcs - 5*100mm/6*150m,Σετ κατσαβίδια σε θήκη - 4pcs - 5*100mm/6*150mm - Finder - 193030,in stock,new,9 EUR,,https://www.tradesor.gr/wp-content/uploads/2023/05/6db40cd2a457986da347501de165c51c.jpg,OEM,No Color,1.0,"Σετ 4 κατσαβίδια Finder σε θήκη. Μεγέθη: +5*100mm, +6*150mm, -5*100mm, -6*150mm.",ΕΡΓΑΛΕΙΑ  ΕΠΑΓΓΕΛΜΑΤΙΚΟΣ ΕΞΟΠΛΙΣΜΟΣ>Εργαλεία>Κατσαβίδια  λίμες
97255,Δοκιμαστικό κατσαβίδι - 0212 - 4*190mm - Find,Δοκιμαστικό κατσαβίδι - 0212 - 4*190mm - Finder - 194846,in stock,new,1.08 EUR,,https://www.tradesor.gr/wp-content/uploads/2023/06/55e9182ef0ffe260884c38b0e4bb3070.jpg,OEM,No Color,0.7,,ΕΡΓΑΛΕΙΑ  ΕΠΑΓΓΕΛΜΑΤΙΚΟΣ ΕΞΟΠΛΙΣΜΟΣ>Εργαλεία>Κατσαβίδια  λίμες
97631,Σετ κατσαβίδια ηλεκτρολόγου - 8pcs - Fin,Σετ κατσαβίδια ηλεκτρολόγου - 8pcs - Finder - 193087,in stock,new,12.6 EUR,,https://www.tradesor.gr/wp-content/uploads/2023/06/98250b86ac0c8a67c1546d02acbc9fc5.jpg,OEM,No Color,1.0,,ΕΡΓΑΛΕΙΑ  ΕΠΑΓΓΕΛΜΑΤΙΚΟΣ ΕΞΟΠΛΙΣΜΟΣ>Εργαλεία>Κατσαβίδια  λίμες
97634,Σετ κατσαβίδια ηλεκτρολόγου - 7pcs - Fin,Σετ κατσαβίδια ηλεκτρολόγου - 7pcs - Finder - 193086,in stock,new,10.8 EUR,,https://www.tradesor.gr/wp-content/uploads/2023/06/37a8a3fca3eba3445d5bfbbd7ae22d66.jpg,OEM,No Color,1.0,,ΕΡΓΑΛΕΙΑ  ΕΠΑΓΓΕΛΜΑΤΙΚΟΣ ΕΞΟΠΛΙΣΜΟΣ>Εργαλεία>Κατσαβίδια  λίμες
97639,Σετ κατσαβίδια ηλεκτρολόγου - 3pcs - Fin,Σετ κατσαβίδια ηλεκτρολόγου - 3pcs - Finder - 193083,in stock,new,4.5 EUR,,https://www.tradesor.gr/wp-content/uploads/2023/06/f460ecb2ecc68b25b3b91d6ab6c10f2c.jpg,OEM,No Color,1.0,,ΕΡΓΑΛΕΙΑ  ΕΠΑΓΓΕΛΜΑΤΙΚΟΣ ΕΞΟΠΛΙΣΜΟΣ>Εργαλεία>Κατσαβίδια  λίμες
97642,Σετ κατσαβίδια - 15pcs - Finder - 193040,Σετ κατσαβίδια - 15pcs - Finder - 193040,in stock,new,14.4 EUR,,https://www.tradesor.gr/wp-content/uploads/2023/06/f57430f8600e9dcef45136bdd83002c0.jpg,OEM,No Color,1.0,,ΕΡΓΑΛΕΙΑ  ΕΠΑΓΓΕΛΜΑΤΙΚΟΣ ΕΞΟΠΛΙΣΜΟΣ>Εργαλεία>Κατσαβίδια  λίμες
97645,Κατσαβίδι ίσιο - 8*200mm Finder - 193412,Κατσαβίδι ίσιο - 8*200mm Finder - 193412,in stock,new,2.7 EUR,,https://www.tradesor.gr/wp-content/uploads/2023/06/bfe08b7283df6383a5f769c183231a14.jpg,OEM,No Color,0.7,,ΕΡΓΑΛΕΙΑ  ΕΠΑΓΓΕΛΜΑΤΙΚΟΣ ΕΞΟΠΛΙΣΜΟΣ>Εργαλεία>Κατσαβίδια  λίμες
97648,Κατσαβίδι ίσιο - 8*200mm Finder - 193411,Κατσαβίδι ίσιο - 8*200mm Finder - 193411,in stock,new,2.7 EUR,,https://www.tradesor.gr/wp-content/uploads/2023/06/bf6bfb9ea77e7c9f844ef9335b7a121b.jpg,OEM,No Color,0.7,,ΕΡΓΑΛΕΙΑ  ΕΠΑΓΓΕΛΜΑΤΙΚΟΣ ΕΞΟΠΛΙΣΜΟΣ>Εργαλεία>Κατσαβίδια  λίμες
97651,Κατσαβίδι ίσιο - 6*150mm - Finder - 193406,Κατσαβίδι ίσιο - 6*150mm - Finder - 193406,in stock,new,1.8 EUR,,https://www.tradesor.gr/wp-content/uploads/2023/06/6d146bad8833ece771deaecb9048af7c.jpg,OEM,No Color,0.7,,ΕΡΓΑΛΕΙΑ  ΕΠΑΓΓΕΛΜΑΤΙΚΟΣ ΕΞΟΠΛΙΣΜΟΣ>Εργαλεία>Κατσαβίδια  λίμες
97654,Κατσαβίδι ίσιο - 6*150mm - Finder - 193405,Κατσαβίδι ίσιο - 6*150mm - Finder - 193405,in stock,new,1.8 EUR,,https://www.tradesor.gr/wp-content/uploads/2023/06/4b3de616e2f3c7ecb7fa2aab9cd6f21f.jpg,OEM,No Color,0.7,,ΕΡΓΑΛΕΙΑ  ΕΠΑΓΓΕΛΜΑΤΙΚΟΣ ΕΞΟΠΛΙΣΜΟΣ>Εργαλεία>Κατσαβίδια  λίμες
97657,Κατσαβίδι ίσιο - 6*100mm - Finder - 193402,Κατσαβίδι ίσιο - 6*100mm - Finder - 193402,in stock,new,1.44 EUR,,https://www.tradesor.gr/wp-content/uploads/2023/06/f855750b9818df542018619acd7cc061.jpg,OEM,No Color,0.7,,ΕΡΓΑΛΕΙΑ  ΕΠΑΓΓΕΛΜΑΤΙΚΟΣ ΕΞΟΠΛΙΣΜΟΣ>Εργαλεία>Κατσαβίδια  λίμες
97660,Κατσαβίδι ίσιο - 6*100mm - Finder - 193401,Κατσαβίδι ίσιο - 6*100mm - Finder - 193401,in stock,new,1.44 EUR,,https://www.tradesor.gr/wp-content/uploads/2023/06/b65718f2e7bf8cf44694573445cf9cfc.jpg,OEM,No Color,0.7,,ΕΡΓΑΛΕΙΑ  ΕΠΑΓΓΕΛΜΑΤΙΚΟΣ ΕΞΟΠΛΙΣΜΟΣ>Εργαλεία>Κατσαβίδια  λίμες
97663,Κατσαβίδι ίσιο - 5*150mm - Finder - 193398,Κατσαβίδι ίσιο - 5*150mm - Finder - 193398,in stock,new,1.44 EUR,,https://www.tradesor.gr/wp-content/uploads/2023/06/8ccbe84dce2e276ef9b59233cfeb9e73.jpg,OEM,No Color,0.7,,ΕΡΓΑΛΕΙΑ  ΕΠΑΓΓΕΛΜΑΤΙΚΟΣ ΕΞΟΠΛΙΣΜΟΣ>Εργαλεία>Κατσαβίδια  λίμες
97666,Κατσαβίδι ίσιο - 5*150mm - Finder - 193397,Κατσαβίδι ίσιο - 5*150mm - Finder - 193397,in stock,new,1.44 EUR,,https://www.tradesor.gr/wp-content/uploads/2023/06/ed7af3f7d80e24b29a11be152249345b.jpg,OEM,No Color,0.7,,ΕΡΓΑΛΕΙΑ  ΕΠΑΓΓΕΛΜΑΤΙΚΟΣ ΕΞΟΠΛΙΣΜΟΣ>Εργαλεία>Κατσαβίδια  λίμες
97669,Κατσαβίδι ίσιο - 5*100mm - Finder - 193394,Κατσαβίδι ίσιο - 5*100mm - Finder - 193394,in stock,new,1.44 EUR,,https://www.tradesor.gr/wp-content/uploads/2023/06/b2ccf252ae12f17dd29a043dd9ddb3b0.jpg,OEM,No Color,0.7,,ΕΡΓΑΛΕΙΑ  ΕΠΑΓΓΕΛΜΑΤΙΚΟΣ ΕΞΟΠΛΙΣΜΟΣ>Εργαλεία>Κατσαβίδια  λίμες
97672,Κατσαβίδι ίσιο - 5*100mm - Finder - 193393,Κατσαβίδι ίσιο - 5*100mm - Finder - 193393,in stock,new,1.44 EUR,,https://www.tradesor.gr/wp-content/uploads/2023/06/a3879013f420494c87e6bbe7399c2776.jpg,OEM,No Color,0.7,,ΕΡΓΑΛΕΙΑ  ΕΠΑΓΓΕΛΜΑΤΙΚΟΣ ΕΞΟΠΛΙΣΜΟΣ>Εργαλεία>Κατσαβίδια  λίμες
97675,Κατσαβίδι ίσιο - 3*75mm - Finder - 193388,Κατσαβίδι ίσιο - 3*75mm - Finder - 193388,in stock,new,0.9 EUR,,https://www.tradesor.gr/wp-content/uploads/2023/06/e28ee79f9d77808902438699fcc2dcee.jpg,OEM,No Color,0.7,,ΕΡΓΑΛΕΙΑ  ΕΠΑΓΓΕΛΜΑΤΙΚΟΣ ΕΞΟΠΛΙΣΜΟΣ>Εργαλεία>Κατσαβίδια  λίμες
97678,Κατσαβίδι ίσιο - 3*75mm - Finder - 193387,Κατσαβίδι ίσιο - 3*75mm - Finder - 193387,in stock,new,0.9 EUR,,https://www.tradesor.gr/wp-content/uploads/2023/06/a0b48ea493c67bff029a562fa0b4406d.jpg,OEM,No Color,0.7,,ΕΡΓΑΛΕΙΑ  ΕΠΑΓΓΕΛΜΑΤΙΚΟΣ ΕΞΟΠΛΙΣΜΟΣ>Εργαλεία>Κατσαβίδια  λίμες
97681,Κατσαβίδι σταυρωτό - 8*150mm - Finder - 193027,Κατσαβίδι σταυρωτό - 8*150mm - Finder - 193027,in stock,new,2.16 EUR,,https://www.tradesor.gr/wp-content/uploads/2023/06/aeebf2450d721fcf33a18768682e148d.jpg,OEM,No Color,0.7,,ΕΡΓΑΛΕΙΑ  ΕΠΑΓΓΕΛΜΑΤΙΚΟΣ ΕΞΟΠΛΙΣΜΟΣ>Εργαλεία>Κατσαβίδια  λίμες
97684,Κατσαβίδι σταυρωτό - 8*150mm - Finder - 193026,Κατσαβίδι σταυρωτό - 8*150mm - Finder - 193026,in stock,new,2.16 EUR,,https://www.tradesor.gr/wp-content/uploads/2023/06/f5439462577b1a797702ee215735f592.jpg,OEM,No Color,0.7,,ΕΡΓΑΛΕΙΑ  ΕΠΑΓΓΕΛΜΑΤΙΚΟΣ ΕΞΟΠΛΙΣΜΟΣ>Εργαλεία>Κατσαβίδια  λίμες
97687,Κατσαβίδι σταυρωτό - 6*200mm - Finder - 193021,Κατσαβίδι σταυρωτό - 6*200mm - Finder - 193021,in stock,new,1.8 EUR,,https://www.tradesor.gr/wp-content/uploads/2023/06/8af1d95678c6eb6d6412fecf116db841.jpg,OEM,No Color,0.7,,ΕΡΓΑΛΕΙΑ  ΕΠΑΓΓΕΛΜΑΤΙΚΟΣ ΕΞΟΠΛΙΣΜΟΣ>Εργαλεία>Κατσαβίδια  λίμες
97690,Κατσαβίδι ίσιο - 6*38mm - Finder - 193013,Κατσαβίδι ίσιο - 6*38mm - Finder - 193013,in stock,new,0.9 EUR,,https://www.tradesor.gr/wp-content/uploads/2023/06/5bad28d21838d4f1d79999f54b06e649.jpg,OEM,No Color,0.7,,ΕΡΓΑΛΕΙΑ  ΕΠΑΓΓΕΛΜΑΤΙΚΟΣ ΕΞΟΠΛΙΣΜΟΣ>Εργαλεία>Κατσαβίδια  λίμες
97693,Κατσαβίδι ίσιο - 6*38mm - Finder - 193012,Κατσαβίδι ίσιο - 6*38mm - Finder - 193012,in stock,new,0.9 EUR,,https://www.tradesor.gr/wp-content/uploads/2023/06/dabc110832b7ad0d289ec1b2455c357a.jpg,OEM,No Color,0.7,,ΕΡΓΑΛΕΙΑ  ΕΠΑΓΓΕΛΜΑΤΙΚΟΣ ΕΞΟΠΛΙΣΜΟΣ>Εργαλεία>Κατσαβίδια  λίμες
97696,Κατσαβίδι ίσιο - 5*150mm - Finder - 193011,Κατσαβίδι ίσιο - 5*150mm - Finder - 193011,in stock,new,1.26 EUR,,https://www.tradesor.gr/wp-content/uploads/2023/06/331c80f619b4f7a09741f8ef9c20c08d.jpg,OEM,No Color,0.7,,ΕΡΓΑΛΕΙΑ  ΕΠΑΓΓΕΛΜΑΤΙΚΟΣ ΕΞΟΠΛΙΣΜΟΣ>Εργαλεία>Κατσαβίδια  λίμες
97699,Κατσαβίδι ίσιο - 5*150mm - Finder - 193010,Κατσαβίδι ίσιο - 5*150mm - Finder - 193010,in stock,new,1.26 EUR,,https://www.tradesor.gr/wp-content/uploads/2023/06/b230d1b765fdf6db0fcb147d63f227b3.jpg,OEM,No Color,0.7,,ΕΡΓΑΛΕΙΑ  ΕΠΑΓΓΕΛΜΑΤΙΚΟΣ ΕΞΟΠΛΙΣΜΟΣ>Εργαλεία>Κατσαβίδια  λίμες
