id,title,description,availability,condition,price,link,image_link,brand,color,shipping_weight,rich_text_description,fb_product_category
36721,Πιστολάκι μαλλιών - KM-1820 - Kemei,Πιστολάκι μαλλιών - KM-1820 - Kemei,in stock,new,32.4 EUR,,https://www.tradesor.gr/wp-content/uploads/2023/04/2806_318205.jpg,OEM,No Color,3,<p>Πιστολάκι μαλλιων Kemei KM-1820 Surround Styler για άψογο και ταχύτατο στέγνωμα 360 μοιρών. Απλά τοποθετείστε τα μαλλιά σας στην ειδικά σχεδιασμένη σχισμή και στεγνώστε τα μαλλιά σας σε λίγα μόνο λεπτά. Είναι χαμηλής κατανάλωσης αλλά εξαιρετικά υψηλής απόδοσης.</p><p><strong>Διαθέτει</strong>:</p><ul><li>Τεχνολογία χαμηλού θορύβου</li><li>Προστασία από υπερθέρμανση</li><li>2 επίπεδα θερμότητας και 2 επίπεδα έντασης αέρα</li><li>Συγκεντρωτή αέρα με φίλτρο</li></ul>,ΥΓΕΙΑ - ΟΜΟΡΦΙΑ  Fitness>Είδη κομμωτηρίου>Πιστολάκια μαλλιών
39050,Πιστολάκι μαλλιών - Mini - KM-6838 - Kemei,Πιστολάκι μαλλιών - Mini - KM-6838 - Kemei,in stock,new,10.8 EUR,,https://www.tradesor.gr/wp-content/uploads/2023/04/368385.png,OEM,No Color,3,"<p>Υψηλής απόδοσης, για γρήγορο και αποτελεσματικό στέγνωμα, με προστασία από την υπερθέρμανση. Με 2 ρυθμίσεις ταχύτητας. Μικρό, πρακτικό μέγεθος, με αναδίπλωση, ιδανικό για μεταφορά σε ταξίδια. <br />Περιλαμβάνεται ακροφύσιο για χτένισμα και ίσιωμα των μαλλιών.</p><p><strong>Χαρακτηριστικά:</strong></p><ul><li><span title="""">Ισχύς: 1200W</span></li><li><span title="""">Τάση: 220 V - 50 / 60Hz,</span></li><li>Διαστάσεις: 20 x 20.5 cm</li><li>Βάρος προϊόντος: 379g</li></ul>",ΥΓΕΙΑ - ΟΜΟΡΦΙΑ  Fitness>Είδη κομμωτηρίου>Πιστολάκια μαλλιών
39129,Πιστολάκι μαλλιών - KM-6834 - Kemei,Πιστολάκι μαλλιών - KM-6834 - Kemei,in stock,new,10.8 EUR,,https://www.tradesor.gr/wp-content/uploads/2023/04/368347.jpg,OEM,No Color,3,<p>Mini πιστολάκι μαλλιών της Kemei με υψηλή απόδοση και δυνατή ροή αέρα για γρήγορο στέγνωμα.</p><p><strong>Χαρακτηριστικά:</strong><br />Χαμηλό επίπεδο θορύβου<br />Προστασία υπερθέρμανσης<br />2 επίπεδα έντασης<br />Ισχύς: 1800W<br />Διαστάσεις συσκευής: 6*14*19cm<br />Βάρος συσκευής: 367g<br />Διαστάσεις συσκευασίας: 12.5*9*21cm<br />Πτυσσόμενη λαβή για εύκολη μεταφορά<br />Περιλαμβάνεται 1 κεφαλή για στέγνωμα/φορμάρισμα<br />Μήκος καλωδίου: 1.5m</p>,ΥΓΕΙΑ - ΟΜΟΡΦΙΑ  Fitness>Είδη κομμωτηρίου>Πιστολάκια μαλλιών
54154,Πιστολάκι μαλλιών - KM-8896 - Kemei,Πιστολάκι μαλλιών - KM-8896 - Kemei,in stock,new,19.8 EUR,,https://www.tradesor.gr/wp-content/uploads/2023/05/2dff9699993e5d9ab28a5ccc2fcf3647.jpg,OEM,No Color,2.0,"Χαρακτηριστικά:
Ισχυρή απόδοση αέρα για ταχύτατο στέγνωμα
Αποσπώμενο κάλυμμα εισόδου αέρα, φυσούνα, 2 ακροφύσια διαφορετικού μεγέθους
Τεχνολογία ionic και ρύθμιση ροής αέρα για επαγγελματικό αποτέλεσμα
Διακόπτης κρύου αέρα
3 επιλογές θερμοκρασίας
Κομψός σχεδιασμός
Μηχανισμός προστασίας κατά της υπερθέρμανσης
Μήκος καλωδίου: 2,3 μέτρα
Πρακτικό μέγεθος για άνετη μεταφορά

Τεχνικά χαρακτηριστικά:

Ισχύς: 4000W
Τάση ρεύματος: 220V-240V
Συχνότητα: 50Hz",ΥΓΕΙΑ - ΟΜΟΡΦΙΑ  Fitness>Είδη κομμωτηρίου>Πιστολάκια μαλλιών
54157,Πιστολάκι μαλλιών - KM-5815 - Kemei,Πιστολάκι μαλλιών - KM-5815 - Kemei,in stock,new,18 EUR,,https://www.tradesor.gr/wp-content/uploads/2023/05/29f3c12d148ffa65ca4f8ebd90101f22.jpg,OEM,No Color,2.0,"Επαγγελματικό πιστολάκι μαλλιών υψηλής απόδοσης, Kemei KM-5815 με ακρoφύσιο χτενισμάτων και εργονομική σχεδίαση για άνετη χρήση.

Χαρακτηριστικά:
Ισχύς: 3000W (με απόδοση για έως και 4000W)
Συχνότητα: 50Hz
Τάση: AC220V
2 επίπεδα έντασης αέρα
2 επίπεδα θερμοκρασίας",ΥΓΕΙΑ - ΟΜΟΡΦΙΑ  Fitness>Είδη κομμωτηρίου>Πιστολάκια μαλλιών
54160,Πιστολάκι μαλλιών - KM-8522 - Kemei,Πιστολάκι μαλλιών - KM-8522 - Kemei,in stock,new,18 EUR,,https://www.tradesor.gr/wp-content/uploads/2023/05/6187fda82f955b27eda1d77370064465.jpg,OEM,No Color,2.0,"Πιστολάκι μαλλιών υψηλής ισχύος 3500w για επαγγελματική και οικιακή χρήση.

Διαθέτει δυο επίπεδα θερμότητας, 2 επίπεδα έντασης αέρα και διακόπτη ψυχρού αέρα Cool Shot για κάθε ανάγκη περιποίησης μαλλιών. Η συσκευασία περιέχει ειδικό επαγγελματικό ακροφύσιο για τη δημιουργία χτενισμάτων.

Χαρακτηριστικά:

Ισχύς: 3500w
Επαγγελματικό μοτέρ
Χαμηλό επίπεδο θορύβου
Τεχνολογία προστασίας από υπερθέρμανση
2 επίπεδα θερμοκρασίας
2 επίπεδα έντασης αέρα
Λειτουργία κρύου αέρα για Style Fix με διακόπτη Cool Shot",ΥΓΕΙΑ - ΟΜΟΡΦΙΑ  Fitness>Είδη κομμωτηρίου>Πιστολάκια μαλλιών
54163,Πιστολάκι μαλλιών - KM-8016 - Kemei,Πιστολάκι μαλλιών - KM-8016 - Kemei,in stock,new,18 EUR,,https://www.tradesor.gr/wp-content/uploads/2023/05/db47706263023e1a6f6d0d0a5031a083.jpg,OEM,No Color,2.0,"Mini πιστολάκι μαλλιών της Kemei, ισχύος 800W, με υψηλή απόδοση και δυνατή ροή αέρα για γρήγορο στέγνωμα. 2 επίπεδα έντασης αέρα, Κουμπί κρύου αέρα.",ΥΓΕΙΑ - ΟΜΟΡΦΙΑ  Fitness>Είδη κομμωτηρίου>Πιστολάκια μαλλιών
54166,Πιστολάκι μαλλιών - KM-8222 - Kemei,Πιστολάκι μαλλιών - KM-8222 - Kemei,in stock,new,18 EUR,,https://www.tradesor.gr/wp-content/uploads/2023/05/aec10651339efbab824be0ab53f1235a.jpg,OEM,No Color,2.0,"Πιστολάκι μαλλιών της Kemei, με υψηλή ισχύ και δυνατή ροή αέρα για γρήγορο στέγνωμα και φορμάρισμα των μαλλιών.

Χαρακτηριστικά:

Ισχύς: 3500W, 2 επίπεδα θερμοκρασίας, 2 επίπεδα έντασης αέρα, Κουμπί κρύου αέρα, 1 x ακροφύσιο φορμαρίσματος.",ΥΓΕΙΑ - ΟΜΟΡΦΙΑ  Fitness>Είδη κομμωτηρίου>Πιστολάκια μαλλιών
60697,Πιστολάκι μαλλιών - KM-9945 - Kemei,Πιστολάκι μαλλιών - KM-9945 - Kemei,in stock,new,18 EUR,,https://www.tradesor.gr/wp-content/uploads/2023/05/399457.png,OEM,No Color,1.0,"Υψηλής απόδοσης, για γρήγορο και αποτελεσματικό στέγνωμα, με προστασία από την υπερθέρμανση. Με 2 ρυθμίσεις ταχύτητας. Μικρό, πρακτικό μέγεθος, με αναδίπλωση, ιδανικό για μεταφορά σε ταξίδια.
Περιλαμβάνεται ακροφύσιο για χτένισμα και ίσιωμα των μαλλιών.

Χαρακτηριστικά:

Ισχύς: 1200W, 2 επίπεδα θερμοκρασίας, 
Τάση: 220 V - 50 / 60Hz,
Διαστάσεις: 20 x 20.5 cm,
Βάρος προϊόντος: 379g.",ΥΓΕΙΑ - ΟΜΟΡΦΙΑ  Fitness>Είδη κομμωτηρίου>Πιστολάκια μαλλιών
60700,Πιστολάκι μαλλιών - KM-9823  - Kemei,Πιστολάκι μαλλιών - KM-9823  - Kemei,in stock,new,18 EUR,,https://www.tradesor.gr/wp-content/uploads/2023/05/398238.png,OEM,No Color,1.0,"Πιστολάκι μαλλιών της Kemei, υψηλής ισχύος, με δυνατή ροή αέρα για γρήγορο στέγνωμα και φορμάρισμα των μαλλιών. Παρέχει λειτουργία ιονισμού, μια τεχνολογία που βοηθάει στο να μην ηλεκτρίζονται τα μαλλιά, προσφέρει περισσότερο όγκο και δεν επιτρέπει το φριζάρισμά τους.
Διαθέτει 2 επίπεδα ρύθμισης θερμοκρασίας και 2 επίπεδα έντασης αέρα καλύπτοντας κάθε ανάγκη περιποίησης.
Περιέχει 2 ακροφύσια για δημιουργία χτενισμάτων.
Κατάλληλο για επαγγελματική χρήση.

Χαρακτηριστικά:

Ισχύς: 3500W,
Προστασία υπερθέρμανσης,
2 επίπεδα ρύθμισης θερμοκρασίας,
2 ταχύτητες ανεμιστήρα, Κουμπί κρύου αέρα Cool-shot,
2 ακροφύσια χτενισμάτων,",ΥΓΕΙΑ - ΟΜΟΡΦΙΑ  Fitness>Είδη κομμωτηρίου>Πιστολάκια μαλλιών
60703,Πιστολάκι μαλλιών - KM-9822 - Kemei,Πιστολάκι μαλλιών - KM-9822 - Kemei,in stock,new,12.6 EUR,,https://www.tradesor.gr/wp-content/uploads/2023/05/398221.png,OEM,No Color,1.0,"Πιστολάκι μαλλιών της Kemei, υψηλής ισχύος, με δυνατή ροή αέρα για γρήγορο στέγνωμα και φορμάρισμα των μαλλιών.
Διαθέτει 2 επίπεδα έντασης αέρα καλύπτοντας κάθε ανάγκη.
Περιέχει ακροφύσιo για δημιουργία χτενισμάτων.

Χαρακτηριστικά:
Ισχύς: 3500W,
Προστασία υπερθέρμανσης,
2 ταχύτητες ανεμιστήρα, Κουμπί κρύου αέρα Cool-shot,
Aκροφύσιo χτενισμάτων.",ΥΓΕΙΑ - ΟΜΟΡΦΙΑ  Fitness>Είδη κομμωτηρίου>Πιστολάκια μαλλιών
60706,Πιστολάκι μαλλιών - KM-8220 - Kemei,Πιστολάκι μαλλιών - KM-8220 - Kemei,in stock,new,16.2 EUR,,https://www.tradesor.gr/wp-content/uploads/2023/05/382206.png,OEM,No Color,1.0,"Πιστολάκι μαλλιών της Kemei, υψηλής ισχύος, με δυνατή ροή αέρα για γρήγορο στέγνωμα και φορμάρισμα των μαλλιών. Παρέχει λειτουργία ιονισμού, μια τεχνολογία που βοηθάει στο να μην ηλεκτρίζονται τα μαλλιά, προσφέρει περισσότερο όγκο και δεν επιτρέπει το φριζάρισμά τους.
Διαθέτει 2 επίπεδα ρύθμισης θερμοκρασίας και 2 επίπεδα έντασης αέρα καλύπτοντας κάθε ανάγκη περιποίησης.
Περιέχει ακροφύσιo για δημιουργία χτενισμάτων.
Κατάλληλο για επαγγελματική χρήση.


Χαρακτηριστικά:

Ισχύς: 3500W,
Προστασία υπερθέρμανσης,
2 επίπεδα ρύθμισης θερμοκρασίας,
2 ταχύτητες ανεμιστήρα, Κουμπί κρύου αέρα Cool-shot,
Aκροφύσιo χτενισμάτων.",ΥΓΕΙΑ - ΟΜΟΡΦΙΑ  Fitness>Είδη κομμωτηρίου>Πιστολάκια μαλλιών
60709,Πιστολάκι μαλλιών - KM-8521 - Kemei,Πιστολάκι μαλλιών - KM-8521 - Kemei,in stock,new,18 EUR,,https://www.tradesor.gr/wp-content/uploads/2023/05/385214.png,OEM,No Color,1.0,"Πιστολάκι μαλλιών της Kemei, υψηλής ισχύος, με δυνατή ροή αέρα για γρήγορο στέγνωμα και φορμάρισμα των μαλλιών. Παρέχει λειτουργία ιονισμού, μια τεχνολογία που βοηθάει στο να μην ηλεκτρίζονται τα μαλλιά, προσφέρει περισσότερο όγκο και δεν επιτρέπει το φριζάρισμά τους.
Διαθέτει 2 επίπεδα ρύθμισης θερμοκρασίας και 2 επίπεδα έντασης αέρα καλύπτοντας κάθε ανάγκη περιποίησης.
Περιέχει 2 ακροφύσια για δημιουργία χτενισμάτων.
Κατάλληλο για επαγγελματική χρήση.

Χαρακτηριστικά:

Ισχύς: 3500W,
Προστασία υπερθέρμανσης,
2 επίπεδα ρύθμισης θερμοκρασίας,
2 ταχύτητες ανεμιστήρα, Κουμπί κρύου αέρα Cool-shot,
2 ακροφύσια χτενισμάτων,",ΥΓΕΙΑ - ΟΜΟΡΦΙΑ  Fitness>Είδη κομμωτηρίου>Πιστολάκια μαλλιών
60712,Πιστολάκι μαλλιών - KM-9510 - Kemei,Πιστολάκι μαλλιών - KM-9510 - Kemei,in stock,new,14.4 EUR,,https://www.tradesor.gr/wp-content/uploads/2023/05/395107.png,OEM,No Color,1.0,"Πιστολάκι μαλλιών της Kemei, υψηλής ισχύος, με δυνατή ροή αέρα για γρήγορο στέγνωμα και φορμάρισμα των μαλλιών. Παρέχει λειτουργία ιονισμού, μια τεχνολογία που βοηθάει στο να μην ηλεκτρίζονται τα μαλλιά, προσφέρει περισσότερο όγκο και δεν επιτρέπει το φριζάρισμά τους.
Διαθέτει 2 επίπεδα ρύθμισης θερμοκρασίας και 2 επίπεδα έντασης αέρα καλύπτοντας κάθε ανάγκη περιποίησης.
Περιέχει ακροφύσιo για δημιουργία χτενισμάτων.
Κατάλληλο για επαγγελματική χρήση.
Χαρακτηριστικά:
Ισχύς: 4000W,
Προστασία υπερθέρμανσης,
2 επίπεδα ρύθμισης θερμοκρασίας,
2 ταχύτητες ανεμιστήρα, Κουμπί κρύου αέρα Cool-shot,
Aκροφύσιo χτενισμάτων.",ΥΓΕΙΑ - ΟΜΟΡΦΙΑ  Fitness>Είδη κομμωτηρίου>Πιστολάκια μαλλιών
60714,Πιστολάκι μαλλιών - Mini - KM-6839 - Kemei,Πιστολάκι μαλλιών - Mini - KM-6839 - Kemei,in stock,new,9 EUR,,https://www.tradesor.gr/wp-content/uploads/2023/05/368392.png,OEM,No Color,1.0,"Υψηλής απόδοσης, για γρήγορο και αποτελεσματικό στέγνωμα, με προστασία από την υπερθέρμανση. Με 2 ρυθμίσεις ταχύτητας. Μικρό, πρακτικό μέγεθος, με αναδίπλωση για να χωράει στην τσάντα σας, ιδανικό για μεταφορά σε ταξίδια.

Χαρακτηριστικά:
Ισχύς: 1800W, 
Τάση: 220 V - 50 / 60Hz,
Βάρος προϊόντος: 370g.",ΥΓΕΙΑ - ΟΜΟΡΦΙΑ  Fitness>Είδη κομμωτηρίου>Πιστολάκια μαλλιών
60717,Πιστολάκι μαλλιών - KM-9824 - Kemei,Πιστολάκι μαλλιών - KM-9824 - Kemei,in stock,new,12.6 EUR,,https://www.tradesor.gr/wp-content/uploads/2023/05/398245.png,OEM,No Color,1.0,"Πιστολάκι μαλλιών της Kemei, υψηλής ισχύος, με δυνατή ροή αέρα για γρήγορο στέγνωμα και φορμάρισμα των μαλλιών.
Διαθέτει 2 επίπεδα ρύθμισης θερμοκρασίας και 2 επίπεδα έντασης αέρα καλύπτοντας κάθε ανάγκη περιποίησης.

Χαρακτηριστικά:
Ισχύς: 3800W,
Προστασία υπερθέρμανσης,
2 επίπεδα ρύθμισης θερμοκρασίας,
2 ταχύτητες ανεμιστήρα, Κουμπί κρύου αέρα Cool-shot,
Aκροφύσιo χτενισμάτων.",ΥΓΕΙΑ - ΟΜΟΡΦΙΑ  Fitness>Είδη κομμωτηρίου>Πιστολάκια μαλλιών
60720,Πιστολάκι μαλλιών - KM-8228 - Kemei,Πιστολάκι μαλλιών - KM-8228 - Kemei,in stock,new,11.7 EUR,,https://www.tradesor.gr/wp-content/uploads/2023/05/382282.png,OEM,No Color,1.0,"Πιστολάκι μαλλιών της Kemei, υψηλής ισχύος, με δυνατή ροή αέρα για γρήγορο στέγνωμα και φορμάρισμα των μαλλιών.
Διαθέτει 2 επίπεδα έντασης αέρα καλύπτοντας κάθε ανάγκη.
Περιέχει ακροφύσιo για δημιουργία χτενισμάτων.

Χαρακτηριστικά:
Ισχύς: 3000W,
Προστασία υπερθέρμανσης,
2 ταχύτητες ανεμιστήρα, Κουμπί κρύου αέρα Cool-shot,
Aκροφύσιo χτενισμάτων.",ΥΓΕΙΑ - ΟΜΟΡΦΙΑ  Fitness>Είδη κομμωτηρίου>Πιστολάκια μαλλιών
60727,Πιστολάκι μαλλιών - KM-5808 - Kemei,Πιστολάκι μαλλιών - KM-5808 - Kemei,in stock,new,14.4 EUR,,https://www.tradesor.gr/wp-content/uploads/2023/05/358089.png,OEM,No Color,1.0,"Πιστολάκι μαλλιών της Kemei, υψηλής ισχύος, με δυνατή ροή αέρα για γρήγορο στέγνωμα και φορμάρισμα των μαλλιών. Παρέχει λειτουργία ιονισμού, μια τεχνολογία που βοηθάει στο να μην ηλεκτρίζονται τα μαλλιά, προσφέρει περισσότερο όγκο και δεν επιτρέπει το φριζάρισμά τους.
Διαθέτει 2 επίπεδα ρύθμισης θερμοκρασίας και 2 επίπεδα έντασης αέρα καλύπτοντας κάθε ανάγκη περιποίησης.
Περιέχει ακροφύσιο για δημιουργία χτενισμάτων.
Κατάλληλο για επαγγελματική χρήση.

Χαρακτηριστικά:

Ισχύς: 3500W,
Προστασία υπερθέρμανσης,
2 επίπεδα ρύθμισης θερμοκρασίας,
2 ταχύτητες ανεμιστήρα, Κουμπί κρύου αέρα Cool-shot,
Ακροφύσιο χτενισμάτων.",ΥΓΕΙΑ - ΟΜΟΡΦΙΑ  Fitness>Είδη κομμωτηρίου>Πιστολάκια μαλλιών
60730,Πιστολάκι μαλλιών - KM-5810 - Kemei,Πιστολάκι μαλλιών - KM-5810 - Kemei,in stock,new,14.4 EUR,,https://www.tradesor.gr/wp-content/uploads/2023/05/358102.png,OEM,No Color,1.0,"Πιστολάκι μαλλιών της Kemei, υψηλής ισχύος, με δυνατή ροή αέρα για γρήγορο στέγνωμα και φορμάρισμα των μαλλιών.
Διαθέτει 2 επίπεδα ρύθμισης θερμοκρασίας και 2 επίπεδα έντασης αέρα καλύπτοντας κάθε ανάγκη περιποίησης.
Περιέχει ακροφύσιο για δημιουργία χτενισμάτων.

Χαρακτηριστικά:

Ισχύς: 3000W,
Προστασία υπερθέρμανσης,
2 επίπεδα ρύθμισης θερμοκρασίας,
2 ταχύτητες ανεμιστήρα, 
Ακροφύσιο χτενισμάτων.",ΥΓΕΙΑ - ΟΜΟΡΦΙΑ  Fitness>Είδη κομμωτηρίου>Πιστολάκια μαλλιών
60733,Πιστολάκι μαλλιών - KM-5812 - Kemei,Πιστολάκι μαλλιών - KM-5812 - Kemei,in stock,new,14.4 EUR,,https://www.tradesor.gr/wp-content/uploads/2023/05/358126.png,OEM,No Color,1.0,"Πιστολάκι μαλλιών της Kemei, υψηλής ισχύος, με δυνατή ροή αέρα για γρήγορο στέγνωμα και φορμάρισμα των μαλλιών. Παρέχει λειτουργία ιονισμού, μια τεχνολογία που βοηθάει στο να μην ηλεκτρίζονται τα μαλλιά, προσφέρει περισσότερο όγκο και δεν επιτρέπει το φριζάρισμά τους.
Διαθέτει 2 επίπεδα ρύθμισης θερμοκρασίας και 2 επίπεδα έντασης αέρα καλύπτοντας κάθε ανάγκη περιποίησης.
Περιέχει ακροφύσιο για δημιουργία χτενισμάτων.
Κατάλληλο για επαγγελματική χρήση.

Χαρακτηριστικά:

Ισχύς: 3500W,
Προστασία υπερθέρμανσης,
2 επίπεδα ρύθμισης θερμοκρασίας,
2 ταχύτητες ανεμιστήρα, Κουμπί κρύου αέρα Cool-shot,
Ακροφύσιο χτενισμάτων.",ΥΓΕΙΑ - ΟΜΟΡΦΙΑ  Fitness>Είδη κομμωτηρίου>Πιστολάκια μαλλιών
60736,Πιστολάκι μαλλιών - KM-8213 - Kemei,Πιστολάκι μαλλιών - KM-8213 - Kemei,in stock,new,14.4 EUR,,https://www.tradesor.gr/wp-content/uploads/2023/05/382138.png,OEM,No Color,1.0,"Πιστολάκι μαλλιών της Kemei, υψηλής ισχύος, με δυνατή ροή αέρα για γρήγορο στέγνωμα και φορμάρισμα των μαλλιών. Παρέχει λειτουργία ιονισμού, μια τεχνολογία που βοηθάει στο να μην ηλεκτρίζονται τα μαλλιά, προσφέρει περισσότερο όγκο και δεν επιτρέπει το φριζάρισμά τους.
Διαθέτει 2 επίπεδα ρύθμισης θερμοκρασίας και 2 επίπεδα έντασης αέρα καλύπτοντας κάθε ανάγκη περιποίησης.
Περιέχει ακροφύσιο για δημιουργία χτενισμάτων.
Κατάλληλο για επαγγελματική χρήση.

Χαρακτηριστικά:

Ισχύς: 1800W,
Προστασία υπερθέρμανσης,
2 επίπεδα ρύθμισης θερμοκρασίας,
2 ταχύτητες ανεμιστήρα, Κουμπί κρύου αέρα Cool-shot,
Ακροφύσιο χτενισμάτων.",ΥΓΕΙΑ - ΟΜΟΡΦΙΑ  Fitness>Είδη κομμωτηρίου>Πιστολάκια μαλλιών
60739,Πιστολάκι μαλλιών - KM-8219 - Kemei,Πιστολάκι μαλλιών - KM-8219 - Kemei,in stock,new,15.3 EUR,,https://www.tradesor.gr/wp-content/uploads/2023/05/382190.png,OEM,No Color,1.0,"Πιστολάκι μαλλιών της Kemei, υψηλής ισχύος, με δυνατή ροή αέρα για γρήγορο στέγνωμα και φορμάρισμα των μαλλιών. Παρέχει λειτουργία ιονισμού, μια τεχνολογία που βοηθάει στο να μην ηλεκτρίζονται τα μαλλιά, προσφέρει περισσότερο όγκο και δεν επιτρέπει το φριζάρισμά τους.
Διαθέτει 2 επίπεδα ρύθμισης θερμοκρασίας και 2 επίπεδα έντασης αέρα καλύπτοντας κάθε ανάγκη περιποίησης.
Περιέχει ακροφύσιο για δημιουργία χτενισμάτων.
Κατάλληλο για επαγγελματική χρήση.

Χαρακτηριστικά:

Ισχύς: 3500W,
Προστασία υπερθέρμανσης,
2 επίπεδα ρύθμισης θερμοκρασίας,
2 ταχύτητες ανεμιστήρα, Κουμπί κρύου αέρα Cool-shot,
Ακροφύσιο χτενισμάτων.",ΥΓΕΙΑ - ΟΜΟΡΦΙΑ  Fitness>Είδη κομμωτηρίου>Πιστολάκια μαλλιών
