id,title,description,availability,condition,price,link,image_link,brand,color,shipping_weight,rich_text_description,fb_product_category
37938,Παιδικό σετ αστυνομικού - 999C - 144788,Παιδικό σετ αστυνομικού - 999C - 144788,in stock,new,4.5 EUR,,https://www.tradesor.gr/wp-content/uploads/2023/04/144788.png,OEM,No Color,2.5,<p>Διαστάσεις συσκευασίας: 25.5 x 32.5 x 4cm</p><p>Πληροί όλα τα πρότυπα ασφαλείας.<br />Κατάλληλο για παιδιά από 3 ετών και άνω.</p>,ΠΑΙΧΝΙΔΙΑ>Παιχνίδια επαγγελμάτων
39326,Παιδικό σετ στρατιώτη - 558-152 - 161843,Παιδικό σετ στρατιώτη - 558-152 - 161843,in stock,new,8.1 EUR,,https://www.tradesor.gr/wp-content/uploads/2023/04/161843.jpg,OEM,No Color,0.8,<p>Παιδικό σετ στρατιώτη με όλα τα απαραίτητα σύνεργα και αξεσουάρ για να γίνεις ένας πραγματικός πολεμιστής.</p><p>Διαστάσεις συσκευασίας: 38 x 29 x 4.5cm</p><p>Πληροί όλα τα πρότυπα ασφαλείας. <br />Κατάλληλο για παιδιά ηλικίας από 3 ετών και άνω.</p>,ΠΑΙΧΝΙΔΙΑ>Παιχνίδια επαγγελμάτων
39328,Παιδικό σετ στρατιώτη - 222A-7 - 942194,Παιδικό σετ στρατιώτη - 222A-7 - 942194,in stock,new,5.4 EUR,,https://www.tradesor.gr/wp-content/uploads/2023/04/942194.jpg,OEM,No Color,0.8,<p>Παιδικό σετ αστυνομικού με όλα τα απαραίτητα σύνεργα και αξεσουάρ για να γίνεις ένας πραγματικός αστυνομικός.</p><p>Διαστάσεις συσκευασίας: 26 x 32 x 4cm</p><p>Πληροί όλα τα πρότυπα ασφαλείας. <br />Κατάλληλο για παιδιά ηλικίας από 3 ετών και άνω.</p>,ΠΑΙΧΝΙΔΙΑ>Παιχνίδια επαγγελμάτων
97843,Παιδικό σετ ιατρικής - A380-166 - 222086,Παιδικό σετ ιατρικής - A380-166 - 222086,in stock,new,4.5 EUR,,https://www.tradesor.gr/wp-content/uploads/2023/06/e12d8488f92307e7fd9a6ef50759cdd7.jpg,OEM,No Color,2.0,Πληροί όλα τα πρότυπα ασφαλείας. Κατάλληλο για παιδιά ηλικίας 3 ετών και άνω.,ΠΑΙΧΝΙΔΙΑ>Παιχνίδια επαγγελμάτων
97870,Παιδικό σετ εργαλείων - 6204C-5 - 221749,Παιδικό σετ εργαλείων - 6204C-5 - 221749,in stock,new,2.7 EUR,,https://www.tradesor.gr/wp-content/uploads/2023/06/0adc77a9670da8d0f30cadf84db0ca33.jpg,OEM,No Color,2.0,Πληροί όλα τα πρότυπα ασφαλείας. Κατάλληλο για παιδιά ηλικίας 3 ετών και άνω.,ΠΑΙΧΝΙΔΙΑ>Παιχνίδια επαγγελμάτων
98313,Παιδικό σετ ιατρικής - A380-173 - 222089,Παιδικό σετ ιατρικής - A380-173 - 222089,in stock,new,6.3 EUR,,,OEM,No Color,2.0,Πληροί όλα τα πρότυπα ασφαλείας. Κατάλληλο για παιδιά ηλικίας 3 ετών και άνω.,ΠΑΙΧΝΙΔΙΑ>Παιχνίδια επαγγελμάτων
98324,Παιδικό σετ εργαλείων - A380-182 - 222096,Παιδικό σετ εργαλείων - A380-182 - 222096,in stock,new,7.2 EUR,,,OEM,No Color,2.0,Πληροί όλα τα πρότυπα ασφαλείας. Κατάλληλο για παιδιά ηλικίας 3 ετών και άνω.,ΠΑΙΧΝΙΔΙΑ>Παιχνίδια επαγγελμάτων
98340,Παιδικό σετ ιατρικής - A380-208 - 222105,Παιδικό σετ ιατρικής - A380-208 - 222105,in stock,new,5.4 EUR,,https://www.tradesor.gr/wp-content/uploads/2023/06/7d9f7ccc2e041dd0be1e74b7cb3a24fc.jpg,OEM,No Color,2.0,Πληροί όλα τα πρότυπα ασφαλείας. Κατάλληλο για παιδιά ηλικίας 3 ετών και άνω.,ΠΑΙΧΝΙΔΙΑ>Παιχνίδια επαγγελμάτων
98343,Παιδικό σετ ιατρικής - A380-76 - 222108,Παιδικό σετ ιατρικής - A380-76 - 222108,in stock,new,2.7 EUR,,https://www.tradesor.gr/wp-content/uploads/2023/06/41efbc3919617cf5674d3a5d9f31ae0d.jpg,OEM,No Color,2.0,Πληροί όλα τα πρότυπα ασφαλείας. Κατάλληλο για παιδιά ηλικίας 3 ετών και άνω.,ΠΑΙΧΝΙΔΙΑ>Παιχνίδια επαγγελμάτων
99075,Παιδικό σετ εργαλείων - 239-10A - 222570,Παιδικό σετ εργαλείων - 239-10A - 222570,in stock,new,2.16 EUR,,https://www.tradesor.gr/wp-content/uploads/2023/06/6dd5b594d33ae08b62d22ed543cc4632.jpg,OEM,No Color,2.0,Πληροί όλα τα πρότυπα ασφαλείας. Κατάλληλο για παιδιά ηλικίας 3 ετών και άνω.,ΠΑΙΧΝΙΔΙΑ>Παιχνίδια επαγγελμάτων
99081,Παιδικό σετ εργαλείων - 838-18A - 222557,Παιδικό σετ εργαλείων - 838-18A - 222557,in stock,new,8.1 EUR,,https://www.tradesor.gr/wp-content/uploads/2023/06/8cb5fea57e43ab133a037bfbb4e5f372.jpg,OEM,No Color,2.0,Πληροί όλα τα πρότυπα ασφαλείας. Κατάλληλο για παιδιά ηλικίας 3 ετών και άνω.,ΠΑΙΧΝΙΔΙΑ>Παιχνίδια επαγγελμάτων
99087,Παιδικό σετ πυροσβέστη - 828-14A - 222550,Παιδικό σετ πυροσβέστη - 828-14A - 222550,in stock,new,8.1 EUR,,https://www.tradesor.gr/wp-content/uploads/2023/06/4d239ff9c7ab3e1dca74c53f67abb0c8.jpg,OEM,No Color,2.0,Πληροί όλα τα πρότυπα ασφαλείας. Κατάλληλο για παιδιά ηλικίας 3 ετών και άνω.,ΠΑΙΧΝΙΔΙΑ>Παιχνίδια επαγγελμάτων
99093,Παιδικό σετ εργαλείων - 828-13A - 222547,Παιδικό σετ εργαλείων - 828-13A - 222547,in stock,new,8.1 EUR,,https://www.tradesor.gr/wp-content/uploads/2023/06/d143ec97a8352ee014912ad7173c2ae8.jpg,OEM,No Color,2.0,Πληροί όλα τα πρότυπα ασφαλείας. Κατάλληλο για παιδιά ηλικίας 3 ετών και άνω.,ΠΑΙΧΝΙΔΙΑ>Παιχνίδια επαγγελμάτων
99123,Παιδικό σετ εργαλείων - 838-19A - 222556,Παιδικό σετ εργαλείων - 838-19A - 222556,in stock,new,7.2 EUR,,https://www.tradesor.gr/wp-content/uploads/2023/06/17e5ea53a5f1d5947d342ee7c1666ca6.jpg,OEM,No Color,2.0,Πληροί όλα τα πρότυπα ασφαλείας. Κατάλληλο για παιδιά ηλικίας 3 ετών και άνω.,ΠΑΙΧΝΙΔΙΑ>Παιχνίδια επαγγελμάτων
99126,Παιδικό σετ εργαλείων - 239-13A - 222571,Παιδικό σετ εργαλείων - 239-13A - 222571,in stock,new,2.16 EUR,,https://www.tradesor.gr/wp-content/uploads/2023/06/a5ac84ce2b0308800ba34f52d2f8a64c.jpg,OEM,No Color,2.0,Πληροί όλα τα πρότυπα ασφαλείας. Κατάλληλο για παιδιά ηλικίας 3 ετών και άνω.,ΠΑΙΧΝΙΔΙΑ>Παιχνίδια επαγγελμάτων
99424,Σετ βαλιτσάκι ιατρικής - 678-112A - 221358,Σετ βαλιτσάκι ιατρικής - 678-112A - 221358,in stock,new,5.4 EUR,,https://www.tradesor.gr/wp-content/uploads/2023/06/f5ad8c3a9f5e4d592797e4b44263fbba.jpg,OEM,No Color,2.0,Πληροί όλα τα πρότυπα ασφαλείας. Κατάλληλο για παιδιά ηλικίας 3 ετών και άνω.,ΠΑΙΧΝΙΔΙΑ>Παιχνίδια επαγγελμάτων
99436,Σετ βαλιτσάκι ιατρικής - Βατραχάκι -,Σετ βαλιτσάκι ιατρικής - Βατραχάκι - 678-607A - 221361,in stock,new,5.4 EUR,,https://www.tradesor.gr/wp-content/uploads/2023/06/b65c0ca3dc65d103a1f4dd5220e6749c.jpg,OEM,No Color,2.0,Πληροί όλα τα πρότυπα ασφαλείας. Κατάλληλο για παιδιά ηλικίας 3 ετών και άνω.,ΠΑΙΧΝΙΔΙΑ>Παιχνίδια επαγγελμάτων
99440,Σετ βαλιτσάκι εργαλείων - Βατραχάκι,Σετ βαλιτσάκι εργαλείων - Βατραχάκι - 678-605A - 221364,in stock,new,5.4 EUR,,https://www.tradesor.gr/wp-content/uploads/2023/06/d6d78f22500e634f5ae509a87e62e65c.jpg,OEM,No Color,2.0,Πληροί όλα τα πρότυπα ασφαλείας. Κατάλληλο για παιδιά ηλικίας 3 ετών και άνω.,ΠΑΙΧΝΙΔΙΑ>Παιχνίδια επαγγελμάτων
99458,Σετ βαλιτσάκι ιατρικής - 678-117A - 221344,Σετ βαλιτσάκι ιατρικής - 678-117A - 221344,in stock,new,7.2 EUR,,https://www.tradesor.gr/wp-content/uploads/2023/06/316c4a9b7478f549baf96c5d485096b0.jpg,OEM,No Color,2.0,Πληροί όλα τα πρότυπα ασφαλείας. Κατάλληλο για παιδιά ηλικίας 3 ετών και άνω.,ΠΑΙΧΝΙΔΙΑ>Παιχνίδια επαγγελμάτων
99461,Σετ βαλιτσάκι εργαλείων - 678-119A - 221343,Σετ βαλιτσάκι εργαλείων - 678-119A - 221343,in stock,new,7.2 EUR,,https://www.tradesor.gr/wp-content/uploads/2023/06/5056c7bec3902405b75ed815cd50f18a.jpg,OEM,No Color,2.0,Πληροί όλα τα πρότυπα ασφαλείας. Κατάλληλο για παιδιά ηλικίας 3 ετών και άνω.,ΠΑΙΧΝΙΔΙΑ>Παιχνίδια επαγγελμάτων
99471,Σετ βαλιτσάκι εργαλείων - 678-104A - 221356,Σετ βαλιτσάκι εργαλείων - 678-104A - 221356,in stock,new,6.3 EUR,,https://www.tradesor.gr/wp-content/uploads/2023/06/82a6a3a7dba52c46dabf90f342813177.jpg,OEM,No Color,2.0,Πληροί όλα τα πρότυπα ασφαλείας. Κατάλληλο για παιδιά ηλικίας 3 ετών και άνω.,ΠΑΙΧΝΙΔΙΑ>Παιχνίδια επαγγελμάτων
99474,Σετ βαλιτσάκι ιατρικής - 678-302A - 221349,Σετ βαλιτσάκι ιατρικής - 678-302A - 221349,in stock,new,9 EUR,,https://www.tradesor.gr/wp-content/uploads/2023/06/9ce8438924187f7632e63ae9261d3069.jpg,OEM,No Color,2.0,Πληροί όλα τα πρότυπα ασφαλείας. Κατάλληλο για παιδιά ηλικίας 3 ετών και άνω.,ΠΑΙΧΝΙΔΙΑ>Παιχνίδια επαγγελμάτων
99480,Σετ βαλιτσάκι ιατρικής - 678-102A - 221354,Σετ βαλιτσάκι ιατρικής - 678-102A - 221354,in stock,new,6.3 EUR,,https://www.tradesor.gr/wp-content/uploads/2023/06/aaf9047e10b52fbe212c4cac38f2022b.jpg,OEM,No Color,2.0,Πληροί όλα τα πρότυπα ασφαλείας. Κατάλληλο για παιδιά ηλικίας 3 ετών και άνω.,ΠΑΙΧΝΙΔΙΑ>Παιχνίδια επαγγελμάτων
99531,Σετ βαλιτσάκι εργαλείων - 688-175B - 221330,Σετ βαλιτσάκι εργαλείων - 688-175B - 221330,in stock,new,6.3 EUR,,https://www.tradesor.gr/wp-content/uploads/2023/06/dca9b91aa1d88dcd028761c94921b40e.jpg,OEM,No Color,2.0,Πληροί όλα τα πρότυπα ασφαλείας. Κατάλληλο για παιδιά ηλικίας 3 ετών και άνω.,ΠΑΙΧΝΙΔΙΑ>Παιχνίδια επαγγελμάτων
99543,Σετ βαλιτσάκι-πάγκος ιατρικής - 688-121,Σετ βαλιτσάκι-πάγκος ιατρικής - 688-121A - 221324,in stock,new,9 EUR,,https://www.tradesor.gr/wp-content/uploads/2023/06/90169287fceb43eb41c6977b9c583b5c.jpg,OEM,No Color,2.0,Πληροί όλα τα πρότυπα ασφαλείας. Κατάλληλο για παιδιά ηλικίας 3 ετών και άνω.,ΠΑΙΧΝΙΔΙΑ>Παιχνίδια επαγγελμάτων
99555,Σετ βαλιτσάκι Pet Shop - 688-97A - 221316,Σετ βαλιτσάκι Pet Shop - 688-97A - 221316,in stock,new,9 EUR,,https://www.tradesor.gr/wp-content/uploads/2023/06/85a8cb742bbc753c2295641912dd8f02.jpg,OEM,No Color,2.0,Πληροί όλα τα πρότυπα ασφαλείας. Κατάλληλο για παιδιά ηλικίας 3 ετών και άνω.,ΠΑΙΧΝΙΔΙΑ>Παιχνίδια επαγγελμάτων
99684,Σετ βαλιτσάκι Pet Shop - 688-177B - 221332,Σετ βαλιτσάκι Pet Shop - 688-177B - 221332,in stock,new,6.3 EUR,,https://www.tradesor.gr/wp-content/uploads/2023/06/153cbe2e5462d087a2d41d826a341e27.jpg,OEM,No Color,2.0,Πληροί όλα τα πρότυπα ασφαλείας. Κατάλληλο για παιδιά ηλικίας 3 ετών και άνω.,ΠΑΙΧΝΙΔΙΑ>Παιχνίδια επαγγελμάτων
99696,Σετ βαλιτσάκι ιατρικής - 688-161A - 221336,Σετ βαλιτσάκι ιατρικής - 688-161A - 221336,in stock,new,3.6 EUR,,https://www.tradesor.gr/wp-content/uploads/2023/06/3b62b8ac7b0ca424d5b86ff901a8cdcd.jpg,OEM,No Color,2.0,Πληροί όλα τα πρότυπα ασφαλείας. Κατάλληλο για παιδιά ηλικίας 3 ετών και άνω.,ΠΑΙΧΝΙΔΙΑ>Παιχνίδια επαγγελμάτων
99723,Σετ βαλιτσάκι Pet Shop - 688-157A - 221305,Σετ βαλιτσάκι Pet Shop - 688-157A - 221305,in stock,new,4.5 EUR,,https://www.tradesor.gr/wp-content/uploads/2023/06/540043a97178aa8ebc9bb79abcbd837f.jpg,OEM,No Color,2.0,Πληροί όλα τα πρότυπα ασφαλείας. Κατάλληλο για παιδιά ηλικίας 3 ετών και άνω.,ΠΑΙΧΝΙΔΙΑ>Παιχνίδια επαγγελμάτων
99726,Σετ βαλιτσάκι Pet Shop - 688-167A - 221310,Σετ βαλιτσάκι Pet Shop - 688-167A - 221310,in stock,new,3.6 EUR,,https://www.tradesor.gr/wp-content/uploads/2023/06/2c481649513194db310af876409cb7f5.jpg,OEM,No Color,2.0,Πληροί όλα τα πρότυπα ασφαλείας. Κατάλληλο για παιδιά ηλικίας 3 ετών και άνω.,ΠΑΙΧΝΙΔΙΑ>Παιχνίδια επαγγελμάτων
99729,Σετ βαλιτσάκι ιατρικής - 688-171B - 221326,Σετ βαλιτσάκι ιατρικής - 688-171B - 221326,in stock,new,6.3 EUR,,https://www.tradesor.gr/wp-content/uploads/2023/06/0c355004d9ce675de6538519d8970d17.jpg,OEM,No Color,2.0,Πληροί όλα τα πρότυπα ασφαλείας. Κατάλληλο για παιδιά ηλικίας 3 ετών και άνω.,ΠΑΙΧΝΙΔΙΑ>Παιχνίδια επαγγελμάτων
99735,Σετ βαλιτσάκι Pet Shop - 688-67A - 221317,Σετ βαλιτσάκι Pet Shop - 688-67A - 221317,in stock,new,6.3 EUR,,https://www.tradesor.gr/wp-content/uploads/2023/06/ab8bb4d223ff068e002d4acfa897ab77.jpg,OEM,No Color,2.0,Πληροί όλα τα πρότυπα ασφαλείας. Κατάλληλο για παιδιά ηλικίας 3 ετών και άνω.,ΠΑΙΧΝΙΔΙΑ>Παιχνίδια επαγγελμάτων
99747,Σετ βαλιτσάκι-πάγκος ιατρικής - CK13C -,Σετ βαλιτσάκι-πάγκος ιατρικής - CK13C - 221368,in stock,new,7.2 EUR,,https://www.tradesor.gr/wp-content/uploads/2023/06/cf5ec4b228c691b65be7e6e283431041.jpg,OEM,No Color,2.0,Πληροί όλα τα πρότυπα ασφαλείας. Κατάλληλο για παιδιά ηλικίας 3 ετών και άνω.,ΠΑΙΧΝΙΔΙΑ>Παιχνίδια επαγγελμάτων
99756,Σετ βαλιτσάκι-πάγκος ιατρικής - CK07D -,Σετ βαλιτσάκι-πάγκος ιατρικής - CK07D - 221371,in stock,new,9.9 EUR,,https://www.tradesor.gr/wp-content/uploads/2023/06/b953a04b83fb88e50f725edbaeef72e0.jpg,OEM,No Color,2.0,Πληροί όλα τα πρότυπα ασφαλείας. Κατάλληλο για παιδιά ηλικίας 3 ετών και άνω.,ΠΑΙΧΝΙΔΙΑ>Παιχνίδια επαγγελμάτων
99765,Σετ βαλιτσάκι ιατρικής - CK07G - 221382,Σετ βαλιτσάκι ιατρικής - CK07G - 221382,in stock,new,9 EUR,,https://www.tradesor.gr/wp-content/uploads/2023/06/075cae4275c133cece6ab2361b00f160.jpg,OEM,No Color,2.0,Πληροί όλα τα πρότυπα ασφαλείας. Κατάλληλο για παιδιά ηλικίας 3 ετών και άνω.,ΠΑΙΧΝΙΔΙΑ>Παιχνίδια επαγγελμάτων
99781,Σετ βαλιτσάκι Pet Shop - CK08G - 221377,Σετ βαλιτσάκι Pet Shop - CK08G - 221377,in stock,new,9 EUR,,https://www.tradesor.gr/wp-content/uploads/2023/06/5a0f18ce3ba7fb767ac2969089b033c7.jpg,OEM,No Color,2.0,Πληροί όλα τα πρότυπα ασφαλείας. Κατάλληλο για παιδιά ηλικίας 3 ετών και άνω.,ΠΑΙΧΝΙΔΙΑ>Παιχνίδια επαγγελμάτων
100315,Παιδικό σετ στρατιώτη - 6313E-5 - 222419,Παιδικό σετ στρατιώτη - 6313E-5 - 222419,in stock,new,2.7 EUR,,https://www.tradesor.gr/wp-content/uploads/2023/06/8fd595e927af446959608511e6c02262.jpg,OEM,No Color,2.0,Πληροί όλα τα πρότυπα ασφαλείας. Κατάλληλο για παιδιά ηλικίας 3 ετών και άνω.,ΠΑΙΧΝΙΔΙΑ>Παιχνίδια επαγγελμάτων
100318,Παιδικό σετ εργαλείων - 6301C-9 - 221746,Παιδικό σετ εργαλείων - 6301C-9 - 221746,in stock,new,3.6 EUR,,https://www.tradesor.gr/wp-content/uploads/2023/06/b8b9087ddd75efa74ca4eef5c33cb28f.jpg,OEM,No Color,2.0,Πληροί όλα τα πρότυπα ασφαλείας. Κατάλληλο για παιδιά ηλικίας 3 ετών και άνω.,ΠΑΙΧΝΙΔΙΑ>Παιχνίδια επαγγελμάτων
100321,Παιδικό σετ εργαλείων - 6301C-7 - 221748,Παιδικό σετ εργαλείων - 6301C-7 - 221748,in stock,new,4.5 EUR,,https://www.tradesor.gr/wp-content/uploads/2023/06/70d202b163ddac753ff388a747e6e2b9.jpg,OEM,No Color,2.0,Πληροί όλα τα πρότυπα ασφαλείας. Κατάλληλο για παιδιά ηλικίας 3 ετών και άνω.,ΠΑΙΧΝΙΔΙΑ>Παιχνίδια επαγγελμάτων
100324,Παιδικό σετ εργαλείων - 6301C-8 - 221747,Παιδικό σετ εργαλείων - 6301C-8 - 221747,in stock,new,3.6 EUR,,https://www.tradesor.gr/wp-content/uploads/2023/06/f7fbdae23a0616d191e926989e274895.jpg,OEM,No Color,2.0,Πληροί όλα τα πρότυπα ασφαλείας. Κατάλληλο για παιδιά ηλικίας 3 ετών και άνω.,ΠΑΙΧΝΙΔΙΑ>Παιχνίδια επαγγελμάτων
100327,Παιδικό σετ εργαλείων - 6203-1 - 221734,Παιδικό σετ εργαλείων - 6203-1 - 221734,in stock,new,2.7 EUR,,https://www.tradesor.gr/wp-content/uploads/2023/06/c5ee3a5f7313c3158278282034b03072.jpg,OEM,No Color,2.0,Πληροί όλα τα πρότυπα ασφαλείας. Κατάλληλο για παιδιά ηλικίας 3 ετών και άνω.,ΠΑΙΧΝΙΔΙΑ>Παιχνίδια επαγγελμάτων
100330,Παιδικό σετ εργαλείων - 6204C-6 - 221744,Παιδικό σετ εργαλείων - 6204C-6 - 221744,in stock,new,2.16 EUR,,https://www.tradesor.gr/wp-content/uploads/2023/06/7047e85c04485f1c5cc1fcce82664ee0.jpg,OEM,No Color,2.0,Πληροί όλα τα πρότυπα ασφαλείας. Κατάλληλο για παιδιά ηλικίας 3 ετών και άνω.,ΠΑΙΧΝΙΔΙΑ>Παιχνίδια επαγγελμάτων
100333,Παιδικό σετ εργαλείων - 6203C-4 - 221742,Παιδικό σετ εργαλείων - 6203C-4 - 221742,in stock,new,3.6 EUR,,https://www.tradesor.gr/wp-content/uploads/2023/06/fd45f94c1ce3aa324f982491a8a0a65f.jpg,OEM,No Color,2.0,Πληροί όλα τα πρότυπα ασφαλείας. Κατάλληλο για παιδιά ηλικίας 3 ετών και άνω.,ΠΑΙΧΝΙΔΙΑ>Παιχνίδια επαγγελμάτων
100336,Παιδικό σετ εργαλείων - 6104C-4 - 221741,Παιδικό σετ εργαλείων - 6104C-4 - 221741,in stock,new,4.5 EUR,,https://www.tradesor.gr/wp-content/uploads/2023/06/658604fcca5546c08fd4dab556172ddb.jpg,OEM,No Color,2.0,Πληροί όλα τα πρότυπα ασφαλείας. Κατάλληλο για παιδιά ηλικίας 3 ετών και άνω.,ΠΑΙΧΝΙΔΙΑ>Παιχνίδια επαγγελμάτων
100339,Παιδικό σετ εργαλείων - 6204C-4 - 221740,Παιδικό σετ εργαλείων - 6204C-4 - 221740,in stock,new,3.6 EUR,,https://www.tradesor.gr/wp-content/uploads/2023/06/72ba4f906dc5730bee9507c9a39c1d04.jpg,OEM,No Color,2.0,Πληροί όλα τα πρότυπα ασφαλείας. Κατάλληλο για παιδιά ηλικίας 3 ετών και άνω.,ΠΑΙΧΝΙΔΙΑ>Παιχνίδια επαγγελμάτων
100342,Παιδικό σετ εργαλείων - 6203C-3 - 221739,Παιδικό σετ εργαλείων - 6203C-3 - 221739,in stock,new,4.5 EUR,,https://www.tradesor.gr/wp-content/uploads/2023/06/1ac5937117e4ce55a4f8cafedbd83275.jpg,OEM,No Color,2.0,Πληροί όλα τα πρότυπα ασφαλείας. Κατάλληλο για παιδιά ηλικίας 3 ετών και άνω.,ΠΑΙΧΝΙΔΙΑ>Παιχνίδια επαγγελμάτων
100345,Παιδικό σετ εργαλείων - 6301C-6 - 221743,Παιδικό σετ εργαλείων - 6301C-6 - 221743,in stock,new,3.6 EUR,,https://www.tradesor.gr/wp-content/uploads/2023/06/28aab8f762379b50dbf081571e781641.jpg,OEM,No Color,2.0,Πληροί όλα τα πρότυπα ασφαλείας. Κατάλληλο για παιδιά ηλικίας 3 ετών και άνω.,ΠΑΙΧΝΙΔΙΑ>Παιχνίδια επαγγελμάτων
100348,Παιδικό σετ εργαλείων - 6301C-10 - 221745,Παιδικό σετ εργαλείων - 6301C-10 - 221745,in stock,new,5.4 EUR,,https://www.tradesor.gr/wp-content/uploads/2023/06/a34c68213cd65ff5e98ea2b113bed637.jpg,OEM,No Color,2.0,Πληροί όλα τα πρότυπα ασφαλείας. Κατάλληλο για παιδιά ηλικίας 3 ετών και άνω.,ΠΑΙΧΝΙΔΙΑ>Παιχνίδια επαγγελμάτων
100351,Παιδικό σετ εργαλείων - 6203-2 - 221735,Παιδικό σετ εργαλείων - 6203-2 - 221735,in stock,new,4.5 EUR,,https://www.tradesor.gr/wp-content/uploads/2023/06/35d461b6db63072108858eb09218c84e.jpg,OEM,No Color,2.0,Πληροί όλα τα πρότυπα ασφαλείας. Κατάλληλο για παιδιά ηλικίας 3 ετών και άνω.,ΠΑΙΧΝΙΔΙΑ>Παιχνίδια επαγγελμάτων
100354,Παιδικό σετ εργαλείων - 6204-1 - 221738,Παιδικό σετ εργαλείων - 6204-1 - 221738,in stock,new,3.6 EUR,,https://www.tradesor.gr/wp-content/uploads/2023/06/908140ff00e0a78348a0938a24080a41.jpg,OEM,No Color,2.0,Πληροί όλα τα πρότυπα ασφαλείας. Κατάλληλο για παιδιά ηλικίας 3 ετών και άνω.,ΠΑΙΧΝΙΔΙΑ>Παιχνίδια επαγγελμάτων
100357,Παιδικό σετ εργαλείων - 6204-2 - 221737,Παιδικό σετ εργαλείων - 6204-2 - 221737,in stock,new,2.16 EUR,,https://www.tradesor.gr/wp-content/uploads/2023/06/30032a4381ff1097a61532bc54bcb8d4.jpg,OEM,No Color,2.0,Πληροί όλα τα πρότυπα ασφαλείας. Κατάλληλο για παιδιά ηλικίας 3 ετών και άνω.,ΠΑΙΧΝΙΔΙΑ>Παιχνίδια επαγγελμάτων
100360,Παιδικό σετ εργαλείων - 6204-3 - 221736,Παιδικό σετ εργαλείων - 6204-3 - 221736,in stock,new,2.7 EUR,,https://www.tradesor.gr/wp-content/uploads/2023/06/20ffbfe112a5fdb815d953405b6b8e9f.jpg,OEM,No Color,2.0,Πληροί όλα τα πρότυπα ασφαλείας. Κατάλληλο για παιδιά ηλικίας 3 ετών και άνω.,ΠΑΙΧΝΙΔΙΑ>Παιχνίδια επαγγελμάτων
100498,Σετ βαλιτσάκι ιατρικής - 2A208 - 221422,Σετ βαλιτσάκι ιατρικής - 2A208 - 221422,in stock,new,5.4 EUR,,https://www.tradesor.gr/wp-content/uploads/2023/06/d8bc3bd843e1f239c5ca14efae41ff64.jpg,OEM,No Color,2.0,Πληροί όλα τα πρότυπα ασφαλείας. Κατάλληλο για παιδιά ηλικίας 3 ετών και άνω.,ΠΑΙΧΝΙΔΙΑ>Παιχνίδια επαγγελμάτων
100504,Σετ βαλιτσάκι εργαλείων - 9H904 - 221420,Σετ βαλιτσάκι εργαλείων - 9H904 - 221420,in stock,new,6.3 EUR,,https://www.tradesor.gr/wp-content/uploads/2023/06/1aa98ef1882b5f65997893c514d9a1a9.jpg,OEM,No Color,2.0,Πληροί όλα τα πρότυπα ασφαλείας. Κατάλληλο για παιδιά ηλικίας 3 ετών και άνω.,ΠΑΙΧΝΙΔΙΑ>Παιχνίδια επαγγελμάτων
100511,Σετ βαλιτσάκι-βέσπα ιατρικής - 16S08 - 2,Σετ βαλιτσάκι-βέσπα ιατρικής - 16S08 - 221441,in stock,new,14.4 EUR,,https://www.tradesor.gr/wp-content/uploads/2023/06/86713f7cbc017b68c9d5301f6431f2ed.jpg,OEM,No Color,2.0,Πληροί όλα τα πρότυπα ασφαλείας. Κατάλληλο για παιδιά ηλικίας 3 ετών και άνω.,ΠΑΙΧΝΙΔΙΑ>Παιχνίδια επαγγελμάτων
100517,Σετ βαλιτσάκι ιατρικής - 12L08 - 221437,Σετ βαλιτσάκι ιατρικής - 12L08 - 221437,in stock,new,4.5 EUR,,https://www.tradesor.gr/wp-content/uploads/2023/06/3ffb7d292494adcbbad39abb7c4a9979.jpg,OEM,No Color,2.0,Πληροί όλα τα πρότυπα ασφαλείας. Κατάλληλο για παιδιά ηλικίας 3 ετών και άνω.,ΠΑΙΧΝΙΔΙΑ>Παιχνίδια επαγγελμάτων
100526,Σετ βαλιτσάκι-βέσπα εργαλείων - 16S04 -,Σετ βαλιτσάκι-βέσπα εργαλείων - 16S04 - 221439,in stock,new,14.4 EUR,,https://www.tradesor.gr/wp-content/uploads/2023/06/7f018cc55a6d9a99cff67ecd2d2afa85.jpg,OEM,No Color,2.0,Πληροί όλα τα πρότυπα ασφαλείας. Κατάλληλο για παιδιά ηλικίας 3 ετών και άνω.,ΠΑΙΧΝΙΔΙΑ>Παιχνίδια επαγγελμάτων
100529,Σετ παιδικό ιατρείο - 15R08 - 221400,Σετ παιδικό ιατρείο - 15R08 - 221400,in stock,new,12.6 EUR,,https://www.tradesor.gr/wp-content/uploads/2023/06/097ae9489ec9613dc44c67e9fa802001.jpg,OEM,No Color,2.0,Πληροί όλα τα πρότυπα ασφαλείας. Κατάλληλο για παιδιά ηλικίας 3 ετών και άνω.,ΠΑΙΧΝΙΔΙΑ>Παιχνίδια επαγγελμάτων
100532,Σετ βαλιτσάκι-πάγκος εργαλείων - 18T04,Σετ βαλιτσάκι-πάγκος εργαλείων - 18T04 - 221391,in stock,new,6.3 EUR,,https://www.tradesor.gr/wp-content/uploads/2023/06/b26b3fa4d218533e584f18afd41d9539.jpg,OEM,No Color,2.0,Πληροί όλα τα πρότυπα ασφαλείας. Κατάλληλο για παιδιά ηλικίας 3 ετών και άνω.,ΠΑΙΧΝΙΔΙΑ>Παιχνίδια επαγγελμάτων
100535,Σετ παιδικό εστιατόριο - 15R05 - 221390,Σετ παιδικό εστιατόριο - 15R05 - 221390,in stock,new,12.6 EUR,,https://www.tradesor.gr/wp-content/uploads/2023/06/9d730ea155a3b5ecf417bd1fe4e70d15.jpg,OEM,No Color,2.0,Πληροί όλα τα πρότυπα ασφαλείας. Κατάλληλο για παιδιά ηλικίας 3 ετών και άνω.,ΠΑΙΧΝΙΔΙΑ>Παιχνίδια επαγγελμάτων
100547,Σετ βαλιτσάκι ιατρικής - 9H908 - 221416,Σετ βαλιτσάκι ιατρικής - 9H908 - 221416,in stock,new,6.3 EUR,,https://www.tradesor.gr/wp-content/uploads/2023/06/3e0bbe51319a3934198122ef981e408a.jpg,OEM,No Color,2.0,Πληροί όλα τα πρότυπα ασφαλείας. Κατάλληλο για παιδιά ηλικίας 3 ετών και άνω.,ΠΑΙΧΝΙΔΙΑ>Παιχνίδια επαγγελμάτων
100559,Σετ παιδικό Pet Shop - 15R02 - 221405,Σετ παιδικό Pet Shop - 15R02 - 221405,in stock,new,11.7 EUR,,https://www.tradesor.gr/wp-content/uploads/2023/06/b9f779f2b9bb80a8f96fbc0626c831d6.jpg,OEM,No Color,2.0,Πληροί όλα τα πρότυπα ασφαλείας. Κατάλληλο για παιδιά ηλικίας 3 ετών και άνω.,ΠΑΙΧΝΙΔΙΑ>Παιχνίδια επαγγελμάτων
100578,Σετ βαλιτσάκι-αεροπλάνο πάγκος εργ�,Σετ βαλιτσάκι-αεροπλάνο πάγκος εργαλείων - 10J04 - 221427,in stock,new,21.6 EUR,,https://www.tradesor.gr/wp-content/uploads/2023/06/54dcef01a7075c65896ccd458571ab8b.jpg,OEM,No Color,2.0,Πληροί όλα τα πρότυπα ασφαλείας. Κατάλληλο για παιδιά ηλικίας 3 ετών και άνω.,ΠΑΙΧΝΙΔΙΑ>Παιχνίδια επαγγελμάτων
100584,Σετ βαλιτσάκι ιατρικής - 18T08 - 221385,Σετ βαλιτσάκι ιατρικής - 18T08 - 221385,in stock,new,6.3 EUR,,https://www.tradesor.gr/wp-content/uploads/2023/06/4fdec091ec0c460f3b32f91da2058295.jpg,OEM,No Color,2.0,Πληροί όλα τα πρότυπα ασφαλείας. Κατάλληλο για παιδιά ηλικίας 3 ετών και άνω.,ΠΑΙΧΝΙΔΙΑ>Παιχνίδια επαγγελμάτων
100711,Παιδικό σετ ιατρικής - 58771 - 221774,Παιδικό σετ ιατρικής - 58771 - 221774,in stock,new,2.7 EUR,,https://www.tradesor.gr/wp-content/uploads/2023/06/10df4ea80ec2f458ba4d60229e20aea6.jpg,OEM,No Color,2.0,Πληροί όλα τα πρότυπα ασφαλείας. Κατάλληλο για παιδιά ηλικίας 3 ετών και άνω.,ΠΑΙΧΝΙΔΙΑ>Παιχνίδια επαγγελμάτων
100714,Παιδικό σετ ιατρικής - 58769 - 221773,Παιδικό σετ ιατρικής - 58769 - 221773,in stock,new,2.7 EUR,,https://www.tradesor.gr/wp-content/uploads/2023/06/d4655e3bc26498a28353dc04a3e51c24.jpg,OEM,No Color,2.0,Πληροί όλα τα πρότυπα ασφαλείας. Κατάλληλο για παιδιά ηλικίας 3 ετών και άνω.,ΠΑΙΧΝΙΔΙΑ>Παιχνίδια επαγγελμάτων
100733,Παιδικό σετ ιατρικής - 58770 - 221775,Παιδικό σετ ιατρικής - 58770 - 221775,in stock,new,2.7 EUR,,https://www.tradesor.gr/wp-content/uploads/2023/06/ec643b19bceadc0ebae89c3e91169877.jpg,OEM,No Color,2.0,Πληροί όλα τα πρότυπα ασφαλείας. Κατάλληλο για παιδιά ηλικίας 3 ετών και άνω.,ΠΑΙΧΝΙΔΙΑ>Παιχνίδια επαγγελμάτων
100736,Παιδικό σετ ιατρικής - 58768 - 221770,Παιδικό σετ ιατρικής - 58768 - 221770,in stock,new,3.6 EUR,,https://www.tradesor.gr/wp-content/uploads/2023/06/c710584d5bdcd4c5c9aefe01eab3cf89.jpg,OEM,No Color,2.0,Πληροί όλα τα πρότυπα ασφαλείας. Κατάλληλο για παιδιά ηλικίας 3 ετών και άνω.,ΠΑΙΧΝΙΔΙΑ>Παιχνίδια επαγγελμάτων
100742,Παιδικό σετ εργαλείων - 239-14A - 222572,Παιδικό σετ εργαλείων - 239-14A - 222572,in stock,new,2.16 EUR,,https://www.tradesor.gr/wp-content/uploads/2023/06/be6bffbd1dc8bba63094018bc84d6850.jpg,OEM,No Color,2.0,Πληροί όλα τα πρότυπα ασφαλείας. Κατάλληλο για παιδιά ηλικίας 3 ετών και άνω.,ΠΑΙΧΝΙΔΙΑ>Παιχνίδια επαγγελμάτων
100756,Παιδικό σετ εργαλείων - 239-12A - 222569,Παιδικό σετ εργαλείων - 239-12A - 222569,in stock,new,2.16 EUR,,https://www.tradesor.gr/wp-content/uploads/2023/06/cf0d24a596c162bca4dae88a705c8564.jpg,OEM,No Color,2.0,Πληροί όλα τα πρότυπα ασφαλείας. Κατάλληλο για παιδιά ηλικίας 3 ετών και άνω.,ΠΑΙΧΝΙΔΙΑ>Παιχνίδια επαγγελμάτων
100760,Παιδικό σετ εργαλείων - 739-1D - 222523,Παιδικό σετ εργαλείων - 739-1D - 222523,in stock,new,5.4 EUR,,https://www.tradesor.gr/wp-content/uploads/2023/06/290c3d71829639f2b232613285dd3b8e.jpg,OEM,No Color,2.0,Πληροί όλα τα πρότυπα ασφαλείας. Κατάλληλο για παιδιά ηλικίας 3 ετών και άνω.,ΠΑΙΧΝΙΔΙΑ>Παιχνίδια επαγγελμάτων
100768,Παιδικό σετ εργαλείων - 639-9A - 222568,Παιδικό σετ εργαλείων - 639-9A - 222568,in stock,new,2.16 EUR,,https://www.tradesor.gr/wp-content/uploads/2023/06/c1f23bec4fbf033333b1e95a043bf047.jpg,OEM,No Color,2.0,Πληροί όλα τα πρότυπα ασφαλείας. Κατάλληλο για παιδιά ηλικίας 3 ετών και άνω.,ΠΑΙΧΝΙΔΙΑ>Παιχνίδια επαγγελμάτων
100771,Παιδικό σετ εργαλείων - 639-10A - 222567,Παιδικό σετ εργαλείων - 639-10A - 222567,in stock,new,2.16 EUR,,https://www.tradesor.gr/wp-content/uploads/2023/06/7f94e744b0cb1fb9a4e9f29cc4efa40b.jpg,OEM,No Color,2.0,Πληροί όλα τα πρότυπα ασφαλείας. Κατάλληλο για παιδιά ηλικίας 3 ετών και άνω.,ΠΑΙΧΝΙΔΙΑ>Παιχνίδια επαγγελμάτων
100774,Παιδικό σετ εργαλείων - 639-11A - 222566,Παιδικό σετ εργαλείων - 639-11A - 222566,in stock,new,2.16 EUR,,https://www.tradesor.gr/wp-content/uploads/2023/06/e5fb066f0ac1c80e5c38c0b948eb1cfe.jpg,OEM,No Color,2.0,Πληροί όλα τα πρότυπα ασφαλείας. Κατάλληλο για παιδιά ηλικίας 3 ετών και άνω.,ΠΑΙΧΝΙΔΙΑ>Παιχνίδια επαγγελμάτων
100777,Παιδικό σετ εργαλείων - 639-14A - 222565,Παιδικό σετ εργαλείων - 639-14A - 222565,in stock,new,2.16 EUR,,https://www.tradesor.gr/wp-content/uploads/2023/06/0d590cc44237a1f4d015035a274f2a45.jpg,OEM,No Color,2.0,Πληροί όλα τα πρότυπα ασφαλείας. Κατάλληλο για παιδιά ηλικίας 3 ετών και άνω.,ΠΑΙΧΝΙΔΙΑ>Παιχνίδια επαγγελμάτων
100790,Παιδικό σετ εργαλείων - 739-5B - 222521,Παιδικό σετ εργαλείων - 739-5B - 222521,in stock,new,5.4 EUR,,https://www.tradesor.gr/wp-content/uploads/2023/06/1705b697d9a5d6b285e746fd36ed09df.jpg,OEM,No Color,2.0,Πληροί όλα τα πρότυπα ασφαλείας. Κατάλληλο για παιδιά ηλικίας 3 ετών και άνω.,ΠΑΙΧΝΙΔΙΑ>Παιχνίδια επαγγελμάτων
100796,Παιδικό σετ εργαλείων - 339-3D - 222533,Παιδικό σετ εργαλείων - 339-3D - 222533,in stock,new,5.4 EUR,,https://www.tradesor.gr/wp-content/uploads/2023/06/52b333786668fad18e447f3f7b60fee3.jpg,OEM,No Color,2.0,Πληροί όλα τα πρότυπα ασφαλείας. Κατάλληλο για παιδιά ηλικίας 3 ετών και άνω.,ΠΑΙΧΝΙΔΙΑ>Παιχνίδια επαγγελμάτων
100799,Παιδικό σετ εργαλείων - 339-2C - 222525,Παιδικό σετ εργαλείων - 339-2C - 222525,in stock,new,3.6 EUR,,https://www.tradesor.gr/wp-content/uploads/2023/06/ba687b8346c6621d4f38eb09e4045811.jpg,OEM,No Color,2.0,Πληροί όλα τα πρότυπα ασφαλείας. Κατάλληλο για παιδιά ηλικίας 3 ετών και άνω.,ΠΑΙΧΝΙΔΙΑ>Παιχνίδια επαγγελμάτων
100802,Παιδικό σετ εργαλείων - 339-5B - 222531,Παιδικό σετ εργαλείων - 339-5B - 222531,in stock,new,5.4 EUR,,https://www.tradesor.gr/wp-content/uploads/2023/06/0bb6601c8771fa17e27770c3ec17a400.jpg,OEM,No Color,2.0,Πληροί όλα τα πρότυπα ασφαλείας. Κατάλληλο για παιδιά ηλικίας 3 ετών και άνω.,ΠΑΙΧΝΙΔΙΑ>Παιχνίδια επαγγελμάτων
100805,Παιδικό σετ εργαλείων - 339-3C - 222530,Παιδικό σετ εργαλείων - 339-3C - 222530,in stock,new,4.5 EUR,,https://www.tradesor.gr/wp-content/uploads/2023/06/5bcd3ab088244af6039891c051a1c6f3.jpg,OEM,No Color,2.0,Πληροί όλα τα πρότυπα ασφαλείας. Κατάλληλο για παιδιά ηλικίας 3 ετών και άνω.,ΠΑΙΧΝΙΔΙΑ>Παιχνίδια επαγγελμάτων
100808,Παιδικό σετ εργαλείων - 339-4B - 222529,Παιδικό σετ εργαλείων - 339-4B - 222529,in stock,new,5.4 EUR,,https://www.tradesor.gr/wp-content/uploads/2023/06/8e2dc4d85292b2c82928e4d32ba67c8c.jpg,OEM,No Color,2.0,Πληροί όλα τα πρότυπα ασφαλείας. Κατάλληλο για παιδιά ηλικίας 3 ετών και άνω.,ΠΑΙΧΝΙΔΙΑ>Παιχνίδια επαγγελμάτων
100811,Παιδικό σετ εργαλείων - 339-3B - 222528,Παιδικό σετ εργαλείων - 339-3B - 222528,in stock,new,5.4 EUR,,https://www.tradesor.gr/wp-content/uploads/2023/06/9f8bcd4b15a379a3723af2f042a3abdd.jpg,OEM,No Color,2.0,Πληροί όλα τα πρότυπα ασφαλείας. Κατάλληλο για παιδιά ηλικίας 3 ετών και άνω.,ΠΑΙΧΝΙΔΙΑ>Παιχνίδια επαγγελμάτων
100815,Παιδικό σετ εργαλείων - 339-1B - 222526,Παιδικό σετ εργαλείων - 339-1B - 222526,in stock,new,5.4 EUR,,https://www.tradesor.gr/wp-content/uploads/2023/06/5f3a1b9566a4d43405e06e00f090a3a6.jpg,OEM,No Color,2.0,Πληροί όλα τα πρότυπα ασφαλείας. Κατάλληλο για παιδιά ηλικίας 3 ετών και άνω.,ΠΑΙΧΝΙΔΙΑ>Παιχνίδια επαγγελμάτων
100818,Παιδικό σετ εργαλείων - 739-2C - 222524,Παιδικό σετ εργαλείων - 739-2C - 222524,in stock,new,3.6 EUR,,https://www.tradesor.gr/wp-content/uploads/2023/06/e2406b678a3c8dab005e5f852bcbf31b.jpg,OEM,No Color,2.0,Πληροί όλα τα πρότυπα ασφαλείας. Κατάλληλο για παιδιά ηλικίας 3 ετών και άνω.,ΠΑΙΧΝΙΔΙΑ>Παιχνίδια επαγγελμάτων
100821,Παιδικό σετ εργαλείων - 739-1B - 222520,Παιδικό σετ εργαλείων - 739-1B - 222520,in stock,new,5.4 EUR,,https://www.tradesor.gr/wp-content/uploads/2023/06/4b179e659f1173af3ec0e9202a8abbce.jpg,OEM,No Color,2.0,Πληροί όλα τα πρότυπα ασφαλείας. Κατάλληλο για παιδιά ηλικίας 3 ετών και άνω.,ΠΑΙΧΝΙΔΙΑ>Παιχνίδια επαγγελμάτων
101085,Παιδικό σε εργαλείων - 1305A - 000000_2,Παιδικό σε εργαλείων - 1305A - 000000_2,in stock,new,11.7 EUR,,https://www.tradesor.gr/wp-content/uploads/2023/06/5130fc5d8938461d99c09cc26070070a.jpg,OEM,No Color,2.0,Πληροί όλα τα πρότυπα ασφαλείας. Κατάλληλο για παιδιά ηλικίας 3 ετών και άνω.,ΠΑΙΧΝΙΔΙΑ>Παιχνίδια επαγγελμάτων
101088,Παιδικό σε εργαλείων - 1304A-1 - 000007_2,Παιδικό σε εργαλείων - 1304A-1 - 000007_2,in stock,new,7.2 EUR,,https://www.tradesor.gr/wp-content/uploads/2023/06/2e75f65510e92ab7e8584e9c320c42b3.jpg,OEM,No Color,2.0,Πληροί όλα τα πρότυπα ασφαλείας. Κατάλληλο για παιδιά ηλικίας 3 ετών και άνω.,ΠΑΙΧΝΙΔΙΑ>Παιχνίδια επαγγελμάτων
101100,Παιδικό σε εργαλείων - 1297A-1 - 000003,Παιδικό σε εργαλείων - 1297A-1 - 000003,in stock,new,5.4 EUR,,https://www.tradesor.gr/wp-content/uploads/2023/06/52054a146da63fd536d0c3ea580af307.jpg,OEM,No Color,2.0,Πληροί όλα τα πρότυπα ασφαλείας. Κατάλληλο για παιδιά ηλικίας 3 ετών και άνω.,ΠΑΙΧΝΙΔΙΑ>Παιχνίδια επαγγελμάτων
101137,Σετ βαλιτσάκι εργαλείων - A380-182 - 901823,Σετ βαλιτσάκι εργαλείων - A380-182 - 901823,in stock,new,5.4 EUR,,https://www.tradesor.gr/wp-content/uploads/2023/06/ef141de252a56271c69a55932c7f8a39.jpg,OEM,No Color,2.0,Πληροί όλα τα πρότυπα ασφαλείας. Κατάλληλο για παιδιά ηλικίας 3 ετών και άνω.,ΠΑΙΧΝΙΔΙΑ>Παιχνίδια επαγγελμάτων
101146,Σετ βαλιτσάκι εργαλείων - A380-209 - 902094,Σετ βαλιτσάκι εργαλείων - A380-209 - 902094,in stock,new,6.3 EUR,,https://www.tradesor.gr/wp-content/uploads/2023/06/5eb02f023981d3ee36c272f347d05a3f.jpg,OEM,No Color,2.0,Πληροί όλα τα πρότυπα ασφαλείας. Κατάλληλο για παιδιά ηλικίας 3 ετών και άνω.,ΠΑΙΧΝΙΔΙΑ>Παιχνίδια επαγγελμάτων
101377,Σετ βαλιτσάκι εργαλείων - A380-210 - 902100,Σετ βαλιτσάκι εργαλείων - A380-210 - 902100,in stock,new,6.3 EUR,,https://www.tradesor.gr/wp-content/uploads/2023/06/bd9bfbe06307599b35bcaff0eac767bd.jpg,OEM,No Color,2.0,Πληροί όλα τα πρότυπα ασφαλείας. Κατάλληλο για παιδιά ηλικίας 3 ετών και άνω.,ΠΑΙΧΝΙΔΙΑ>Παιχνίδια επαγγελμάτων
101383,Παιδικό σετ ιατρικής - A380-228 - 902285,Παιδικό σετ ιατρικής - A380-228 - 902285,in stock,new,6.3 EUR,,https://www.tradesor.gr/wp-content/uploads/2023/06/3a5b07b6704fcd1ae08d77f0c57f3d9c.jpg,OEM,No Color,2.0,Πληροί όλα τα πρότυπα ασφαλείας. Κατάλληλο για παιδιά ηλικίας 3 ετών και άνω.,ΠΑΙΧΝΙΔΙΑ>Παιχνίδια επαγγελμάτων
101389,Παιδικό σετ ιατρικής - A380-238 - 902384,Παιδικό σετ ιατρικής - A380-238 - 902384,in stock,new,3.6 EUR,,https://www.tradesor.gr/wp-content/uploads/2023/06/00f88761de3342fc557ea68111d83c78.jpg,OEM,No Color,2.0,Πληροί όλα τα πρότυπα ασφαλείας. Κατάλληλο για παιδιά ηλικίας 3 ετών και άνω.,ΠΑΙΧΝΙΔΙΑ>Παιχνίδια επαγγελμάτων
101392,Παιδικό σετ ιατρικής - A380-244 - 902445,Παιδικό σετ ιατρικής - A380-244 - 902445,in stock,new,5.4 EUR,,https://www.tradesor.gr/wp-content/uploads/2023/06/6c8b99e19b3302441725a41e8f451bdb.jpg,OEM,No Color,2.0,Πληροί όλα τα πρότυπα ασφαλείας. Κατάλληλο για παιδιά ηλικίας 3 ετών και άνω.,ΠΑΙΧΝΙΔΙΑ>Παιχνίδια επαγγελμάτων
101398,Παιδικό σετ εργαλείων με πάγκο - A380-2,Παιδικό σετ εργαλείων με πάγκο - A380-253 - 902537,in stock,new,6.3 EUR,,https://www.tradesor.gr/wp-content/uploads/2023/06/289efda5a481f67e2e2bfc086773a1c4.jpg,OEM,No Color,2.0,Πληροί όλα τα πρότυπα ασφαλείας. Κατάλληλο για παιδιά ηλικίας 3 ετών και άνω.,ΠΑΙΧΝΙΔΙΑ>Παιχνίδια επαγγελμάτων
101401,Παιδικό σετ εργαλείων με πάγκο - A380-2,Παιδικό σετ εργαλείων με πάγκο - A380-255 - 902551,in stock,new,9.9 EUR,,https://www.tradesor.gr/wp-content/uploads/2023/06/27e03d9c5fad130c09558d1a5abe26b3.jpg,OEM,No Color,2.0,Πληροί όλα τα πρότυπα ασφαλείας. Κατάλληλο για παιδιά ηλικίας 3 ετών και άνω.,ΠΑΙΧΝΙΔΙΑ>Παιχνίδια επαγγελμάτων
101416,Παιδικό σετ εργαλείων με πάγκο - A380-2,Παιδικό σετ εργαλείων με πάγκο - A380-258 - 902582,in stock,new,9 EUR,,https://www.tradesor.gr/wp-content/uploads/2023/06/c23329a599723e7647d3d603540dc7cf.jpg,OEM,No Color,2.0,Πληροί όλα τα πρότυπα ασφαλείας. Κατάλληλο για παιδιά ηλικίας 3 ετών και άνω.,ΠΑΙΧΝΙΔΙΑ>Παιχνίδια επαγγελμάτων
101419,Σετ βαλιτσάκι ιατρικής - A380-260 - 902605,Σετ βαλιτσάκι ιατρικής - A380-260 - 902605,in stock,new,5.4 EUR,,https://www.tradesor.gr/wp-content/uploads/2023/06/4ced52a6739fe907cfb23c38df78903e.jpg,OEM,No Color,2.0,Πληροί όλα τα πρότυπα ασφαλείας. Κατάλληλο για παιδιά ηλικίας 3 ετών και άνω.,ΠΑΙΧΝΙΔΙΑ>Παιχνίδια επαγγελμάτων
101422,Παιδικό σετ ιατρικής - A380-265 - 902650,Παιδικό σετ ιατρικής - A380-265 - 902650,in stock,new,9.9 EUR,,https://www.tradesor.gr/wp-content/uploads/2023/06/44b480b9ba78be17590f7cd3db1b3bca.jpg,OEM,No Color,2.0,Πληροί όλα τα πρότυπα ασφαλείας. Κατάλληλο για παιδιά ηλικίας 3 ετών και άνω.,ΠΑΙΧΝΙΔΙΑ>Παιχνίδια επαγγελμάτων
101467,Παιδικό σετ εργαλείων - 623-312 - 388811,Παιδικό σετ εργαλείων - 623-312 - 388811,in stock,new,6.3 EUR,,https://www.tradesor.gr/wp-content/uploads/2023/06/edc71ff69bad378b43751ea05adf46b1.jpg,OEM,No Color,2.0,Πληροί όλα τα πρότυπα ασφαλείας. Κατάλληλο για παιδιά ηλικίας 3 ετών και άνω.,ΠΑΙΧΝΙΔΙΑ>Παιχνίδια επαγγελμάτων
101470,Παιδικό σετ ιατρικής - 623-311 - 388810,Παιδικό σετ ιατρικής - 623-311 - 388810,in stock,new,6.3 EUR,,https://www.tradesor.gr/wp-content/uploads/2023/06/8e1852b65fe8abcfaa678a090aca034b.jpg,OEM,No Color,2.0,Πληροί όλα τα πρότυπα ασφαλείας. Κατάλληλο για παιδιά ηλικίας 3 ετών και άνω.,ΠΑΙΧΝΙΔΙΑ>Παιχνίδια επαγγελμάτων
101764,Παιδικό σετ αστυνομικού - BN369M68 - 222199,Παιδικό σετ αστυνομικού - BN369M68 - 222199,in stock,new,3.6 EUR,,https://www.tradesor.gr/wp-content/uploads/2023/06/b09eb1e47c21addc6d4990a182c7d038.jpg,OEM,No Color,2.0,Πληροί όλα τα πρότυπα ασφαλείας. Κατάλληλο για παιδιά ηλικίας 3 ετών και άνω.,ΠΑΙΧΝΙΔΙΑ>Παιχνίδια επαγγελμάτων
101767,Παιδικό σετ αστυνομικού - BN369M66 - 222197,Παιδικό σετ αστυνομικού - BN369M66 - 222197,in stock,new,3.6 EUR,,https://www.tradesor.gr/wp-content/uploads/2023/06/be122b0508e17947991d0ceae04e3211.jpg,OEM,No Color,2.0,Πληροί όλα τα πρότυπα ασφαλείας. Κατάλληλο για παιδιά ηλικίας 3 ετών και άνω.,ΠΑΙΧΝΙΔΙΑ>Παιχνίδια επαγγελμάτων
101770,Παιδικό σετ αστυνομικού - BN369M65 - 222191,Παιδικό σετ αστυνομικού - BN369M65 - 222191,in stock,new,3.6 EUR,,https://www.tradesor.gr/wp-content/uploads/2023/06/4c23e9df157492a722b965b31b6668df.jpg,OEM,No Color,2.0,Πληροί όλα τα πρότυπα ασφαλείας. Κατάλληλο για παιδιά ηλικίας 3 ετών και άνω.,ΠΑΙΧΝΙΔΙΑ>Παιχνίδια επαγγελμάτων
101773,Παιδικό σετ αστυνομικού - 88M-18 - 222189,Παιδικό σετ αστυνομικού - 88M-18 - 222189,in stock,new,3.6 EUR,,https://www.tradesor.gr/wp-content/uploads/2023/06/eda567e4a1625b3aa2490852da586c79.jpg,OEM,No Color,2.0,Πληροί όλα τα πρότυπα ασφαλείας. Κατάλληλο για παιδιά ηλικίας 3 ετών και άνω.,ΠΑΙΧΝΙΔΙΑ>Παιχνίδια επαγγελμάτων
101776,Παιδικό σετ αστυνομικού - BN369M67 - 222187,Παιδικό σετ αστυνομικού - BN369M67 - 222187,in stock,new,3.6 EUR,,https://www.tradesor.gr/wp-content/uploads/2023/06/56ee2749dfa2bd0841cad178525b3be2.jpg,OEM,No Color,2.0,Πληροί όλα τα πρότυπα ασφαλείας. Κατάλληλο για παιδιά ηλικίας 3 ετών και άνω.,ΠΑΙΧΝΙΔΙΑ>Παιχνίδια επαγγελμάτων
101779,Παιδικό σετ αστυνομικού - 88M-18A - 222178,Παιδικό σετ αστυνομικού - 88M-18A - 222178,in stock,new,3.6 EUR,,https://www.tradesor.gr/wp-content/uploads/2023/06/54f3ec151c1ca569b4c83572c452e2d7.jpg,OEM,No Color,2.0,Πληροί όλα τα πρότυπα ασφαλείας. Κατάλληλο για παιδιά ηλικίας 3 ετών και άνω.,ΠΑΙΧΝΙΔΙΑ>Παιχνίδια επαγγελμάτων
101782,Παιδικό σετ αστυνομικού - 99P-38 - 222172,Παιδικό σετ αστυνομικού - 99P-38 - 222172,in stock,new,3.6 EUR,,https://www.tradesor.gr/wp-content/uploads/2023/06/d93bb7733d931b32e161d2e50baceff4.jpg,OEM,No Color,2.0,Πληροί όλα τα πρότυπα ασφαλείας. Κατάλληλο για παιδιά ηλικίας 3 ετών και άνω.,ΠΑΙΧΝΙΔΙΑ>Παιχνίδια επαγγελμάτων
101785,Παιδικό σετ αστυνομικού - 99P-38A - 222171,Παιδικό σετ αστυνομικού - 99P-38A - 222171,in stock,new,3.6 EUR,,https://www.tradesor.gr/wp-content/uploads/2023/06/9e21a2ac248528b295f6d3d29e016975.jpg,OEM,No Color,2.0,Πληροί όλα τα πρότυπα ασφαλείας. Κατάλληλο για παιδιά ηλικίας 3 ετών και άνω.,ΠΑΙΧΝΙΔΙΑ>Παιχνίδια επαγγελμάτων
101788,Παιδικό σετ αστυνομικού - 99P-39 - 222167,Παιδικό σετ αστυνομικού - 99P-39 - 222167,in stock,new,3.6 EUR,,https://www.tradesor.gr/wp-content/uploads/2023/06/57ae5ac07a60605cbe6d6d63a68bb3cf.jpg,OEM,No Color,2.0,Πληροί όλα τα πρότυπα ασφαλείας. Κατάλληλο για παιδιά ηλικίας 3 ετών και άνω.,ΠΑΙΧΝΙΔΙΑ>Παιχνίδια επαγγελμάτων
101791,Παιδικό σετ αστυνομικού - 99P-40 - 222166,Παιδικό σετ αστυνομικού - 99P-40 - 222166,in stock,new,3.6 EUR,,https://www.tradesor.gr/wp-content/uploads/2023/06/62520a34d5e045058cd1cf318750c767.jpg,OEM,No Color,2.0,Πληροί όλα τα πρότυπα ασφαλείας. Κατάλληλο για παιδιά ηλικίας 3 ετών και άνω.,ΠΑΙΧΝΙΔΙΑ>Παιχνίδια επαγγελμάτων
101824,Σετ βαλιτσάκι εργαλείων - 16pcs - 1301-5 - 2,Σετ βαλιτσάκι εργαλείων - 16pcs - 1301-5 - 221881,in stock,new,9 EUR,,https://www.tradesor.gr/wp-content/uploads/2023/06/76706bddea3d589cfbad55bd6b1f09df.jpg,OEM,No Color,2.0,Πληροί όλα τα πρότυπα ασφαλείας. Κατάλληλο για παιδιά ηλικίας 3 ετών και άνω.,ΠΑΙΧΝΙΔΙΑ>Παιχνίδια επαγγελμάτων
101827,Σετ βαλιτσάκι ιατρικής - 15pcs - 1301-2 - 221,Σετ βαλιτσάκι ιατρικής - 15pcs - 1301-2 - 221880,in stock,new,9 EUR,,https://www.tradesor.gr/wp-content/uploads/2023/06/95721baafbb516f1a8767ce3a763cf9d.jpg,OEM,No Color,2.0,Πληροί όλα τα πρότυπα ασφαλείας. Κατάλληλο για παιδιά ηλικίας 3 ετών και άνω.,ΠΑΙΧΝΙΔΙΑ>Παιχνίδια επαγγελμάτων
102166,Σετ εργαλείων με κούκλα - 623-322 - 388826,Σετ εργαλείων με κούκλα - 623-322 - 388826,in stock,new,8.1 EUR,,https://www.tradesor.gr/wp-content/uploads/2023/06/c8d2f0e5332ad46b44347fa80ba9e138.jpg,OEM,No Color,2.0,Πληροί όλα τα πρότυπα ασφαλείας. Κατάλληλο για παιδιά ηλικίας 3 ετών και άνω.,ΠΑΙΧΝΙΔΙΑ>Παιχνίδια επαγγελμάτων
102169,Σετ ιατρικής με κούκλα - 623-321 - 388825,Σετ ιατρικής με κούκλα - 623-321 - 388825,in stock,new,8.1 EUR,,https://www.tradesor.gr/wp-content/uploads/2023/06/c04268a765a783b52799a394f8fe467a.jpg,OEM,No Color,2.0,Πληροί όλα τα πρότυπα ασφαλείας. Κατάλληλο για παιδιά ηλικίας 3 ετών και άνω.,ΠΑΙΧΝΙΔΙΑ>Παιχνίδια επαγγελμάτων
103111,Σετ βαλιτσάκι-πάγκος εργαλείων - 11K04,Σετ βαλιτσάκι-πάγκος εργαλείων - 11K04 - 221433,in stock,new,18 EUR,,https://www.tradesor.gr/wp-content/uploads/2023/06/1c935352782f1d44893539b5fe55ef04.jpg,OEM,No Color,2.0,Πληροί όλα τα πρότυπα ασφαλείας. Κατάλληλο για παιδιά ηλικίας 3 ετών και άνω.,ΠΑΙΧΝΙΔΙΑ>Παιχνίδια επαγγελμάτων
103114,Σετ σπιτάκι-πάγκος εργαλείων - 15R04 - 2,Σετ σπιτάκι-πάγκος εργαλείων - 15R04 - 221389,in stock,new,11.7 EUR,,https://www.tradesor.gr/wp-content/uploads/2023/06/969689f56f9826f47174031c431d13a2.jpg,OEM,No Color,2.0,Πληροί όλα τα πρότυπα ασφαλείας. Κατάλληλο για παιδιά ηλικίας 3 ετών και άνω.,ΠΑΙΧΝΙΔΙΑ>Παιχνίδια επαγγελμάτων
103120,Σετ βαλιτσάκι Pet Shop - 17Q02 - 221399,Σετ βαλιτσάκι Pet Shop - 17Q02 - 221399,in stock,new,4.5 EUR,,https://www.tradesor.gr/wp-content/uploads/2023/06/cb84ed9571e1c3c13049739570c245c4.jpg,OEM,No Color,2.0,Πληροί όλα τα πρότυπα ασφαλείας. Κατάλληλο για παιδιά ηλικίας 3 ετών και άνω.,ΠΑΙΧΝΙΔΙΑ>Παιχνίδια επαγγελμάτων
103126,Σετ βαλιτσάκι εργαλείων - 17Q04 - 221397,Σετ βαλιτσάκι εργαλείων - 17Q04 - 221397,in stock,new,4.5 EUR,,https://www.tradesor.gr/wp-content/uploads/2023/06/fd3217923f75d7ef55c73f4b5a4578a6.jpg,OEM,No Color,2.0,Πληροί όλα τα πρότυπα ασφαλείας. Κατάλληλο για παιδιά ηλικίας 3 ετών και άνω.,ΠΑΙΧΝΙΔΙΑ>Παιχνίδια επαγγελμάτων
103135,Σετ βαλιτσάκι ιατρικής - 17Q08 - 221394,Σετ βαλιτσάκι ιατρικής - 17Q08 - 221394,in stock,new,4.5 EUR,,https://www.tradesor.gr/wp-content/uploads/2023/06/c210067fa56d3cfbb8d8ee07f28857db.jpg,OEM,No Color,2.0,Πληροί όλα τα πρότυπα ασφαλείας. Κατάλληλο για παιδιά ηλικίας 3 ετών και άνω.,ΠΑΙΧΝΙΔΙΑ>Παιχνίδια επαγγελμάτων
103141,Σετ βαλιτσάκι-αεροπλάνο ιατρικής - 1,Σετ βαλιτσάκι-αεροπλάνο ιατρικής - 10J08 - 221426,in stock,new,25.2 EUR,,https://www.tradesor.gr/wp-content/uploads/2023/06/06c9e75d068497d66d53fbe76a408456.jpg,OEM,No Color,2.0,Πληροί όλα τα πρότυπα ασφαλείας. Κατάλληλο για παιδιά ηλικίας 3 ετών και άνω.,ΠΑΙΧΝΙΔΙΑ>Παιχνίδια επαγγελμάτων
103147,Σετ βαλιτσάκι-πάγκος ιατρικής με ρο,Σετ βαλιτσάκι-πάγκος ιατρικής με ροδάκια - 5C508 - 221442,in stock,new,8.1 EUR,,https://www.tradesor.gr/wp-content/uploads/2023/06/8a9681b9b3791ab098d41f10e8dc64b9.jpg,OEM,No Color,2.0,Πληροί όλα τα πρότυπα ασφαλείας. Κατάλληλο για παιδιά ηλικίας 3 ετών και άνω.,ΠΑΙΧΝΙΔΙΑ>Παιχνίδια επαγγελμάτων
103159,Σετ βαλιτσάκι εργαλείων - 7F704 - 221408,Σετ βαλιτσάκι εργαλείων - 7F704 - 221408,in stock,new,6.3 EUR,,https://www.tradesor.gr/wp-content/uploads/2023/06/d4daa9a89b1cd52ae243760dcbe267f9.jpg,OEM,No Color,2.0,Πληροί όλα τα πρότυπα ασφαλείας. Κατάλληλο για παιδιά ηλικίας 3 ετών και άνω.,ΠΑΙΧΝΙΔΙΑ>Παιχνίδια επαγγελμάτων
103189,Σετ φάρμα με αξεσουάρ - 500-758 - 677247,Σετ φάρμα με αξεσουάρ - 500-758 - 677247,in stock,new,9.9 EUR,,https://www.tradesor.gr/wp-content/uploads/2023/06/530367fa2a1c32cd8baa88a9feab7853.jpg,OEM,No Color,2.0,Πληροί όλα τα πρότυπα ασφαλείας. Κατάλληλο για παιδιά ηλικίας 3 ετών και άνω.,ΠΑΙΧΝΙΔΙΑ>Παιχνίδια επαγγελμάτων
103192,Σετ φάρμα με αξεσουάρ - 500-756 - 677246,Σετ φάρμα με αξεσουάρ - 500-756 - 677246,in stock,new,9.9 EUR,,https://www.tradesor.gr/wp-content/uploads/2023/06/c03dbed3dbfb183cc7c5cdb1dba3a06d.jpg,OEM,No Color,2.0,Πληροί όλα τα πρότυπα ασφαλείας. Κατάλληλο για παιδιά ηλικίας 3 ετών και άνω.,ΠΑΙΧΝΙΔΙΑ>Παιχνίδια επαγγελμάτων
103195,Σετ φάρμα με αξεσουάρ - 500-757 - 677245,Σετ φάρμα με αξεσουάρ - 500-757 - 677245,in stock,new,9.9 EUR,,https://www.tradesor.gr/wp-content/uploads/2023/06/aca7528dcab2e56ccc9707b1b99bb04e.jpg,OEM,No Color,2.0,Πληροί όλα τα πρότυπα ασφαλείας. Κατάλληλο για παιδιά ηλικίας 3 ετών και άνω.,ΠΑΙΧΝΙΔΙΑ>Παιχνίδια επαγγελμάτων
103198,Σετ φάρμα με αξεσουάρ - 500-759 - 677244,Σετ φάρμα με αξεσουάρ - 500-759 - 677244,in stock,new,9.9 EUR,,https://www.tradesor.gr/wp-content/uploads/2023/06/b8ccef7709e9ef3f9dd865def296ab90.jpg,OEM,No Color,2.0,Πληροί όλα τα πρότυπα ασφαλείας. Κατάλληλο για παιδιά ηλικίας 3 ετών και άνω.,ΠΑΙΧΝΙΔΙΑ>Παιχνίδια επαγγελμάτων
103201,Σετ φάρμα με αξεσουάρ - 500-754 - 677243,Σετ φάρμα με αξεσουάρ - 500-754 - 677243,in stock,new,16.2 EUR,,https://www.tradesor.gr/wp-content/uploads/2023/06/033ee7788b2d27acc505f69622a9e858.jpg,OEM,No Color,2.0,Πληροί όλα τα πρότυπα ασφαλείας. Κατάλληλο για παιδιά ηλικίας 3 ετών και άνω.,ΠΑΙΧΝΙΔΙΑ>Παιχνίδια επαγγελμάτων
103204,Σετ φάρμα με αξεσουάρ - 500-753 - 677242,Σετ φάρμα με αξεσουάρ - 500-753 - 677242,in stock,new,16.2 EUR,,https://www.tradesor.gr/wp-content/uploads/2023/06/d819ec35c1c0af187141d6ba6efe2e58.jpg,OEM,No Color,2.0,Πληροί όλα τα πρότυπα ασφαλείας. Κατάλληλο για παιδιά ηλικίας 3 ετών και άνω.,ΠΑΙΧΝΙΔΙΑ>Παιχνίδια επαγγελμάτων
103369,Σετ φάρμα με αξεσουάρ - 798-A170 - 677185,Σετ φάρμα με αξεσουάρ - 798-A170 - 677185,in stock,new,5.4 EUR,,https://www.tradesor.gr/wp-content/uploads/2023/06/f6aabb4c76377490d7d1d083098f1729.jpg,OEM,No Color,2.0,Πληροί όλα τα πρότυπα ασφαλείας. Κατάλληλο για παιδιά ηλικίας 3 ετών και άνω.,ΠΑΙΧΝΙΔΙΑ>Παιχνίδια επαγγελμάτων
103372,Σετ φάρμα με αξεσουάρ - 798-A168 - 677184,Σετ φάρμα με αξεσουάρ - 798-A168 - 677184,in stock,new,6.3 EUR,,https://www.tradesor.gr/wp-content/uploads/2023/06/cb20b7ca82cb1591d1ca23dc8ec09cf1.jpg,OEM,No Color,2.0,Πληροί όλα τα πρότυπα ασφαλείας. Κατάλληλο για παιδιά ηλικίας 3 ετών και άνω.,ΠΑΙΧΝΙΔΙΑ>Παιχνίδια επαγγελμάτων
103375,Σετ φάρμα με αξεσουάρ - 798-A169 - 677183,Σετ φάρμα με αξεσουάρ - 798-A169 - 677183,in stock,new,6.3 EUR,,https://www.tradesor.gr/wp-content/uploads/2023/06/f729e5c57682edeb8cfcbfb5612736fe.jpg,OEM,No Color,2.0,Πληροί όλα τα πρότυπα ασφαλείας. Κατάλληλο για παιδιά ηλικίας 3 ετών και άνω.,ΠΑΙΧΝΙΔΙΑ>Παιχνίδια επαγγελμάτων
103378,Σετ φάρμα με αξεσουάρ - 798-A176 - 677182,Σετ φάρμα με αξεσουάρ - 798-A176 - 677182,in stock,new,6.3 EUR,,https://www.tradesor.gr/wp-content/uploads/2023/06/e187176aa50b6a690a5ec2127f4e860c.jpg,OEM,No Color,2.0,Πληροί όλα τα πρότυπα ασφαλείας. Κατάλληλο για παιδιά ηλικίας 3 ετών και άνω.,ΠΑΙΧΝΙΔΙΑ>Παιχνίδια επαγγελμάτων
103381,Σετ φάρμα με αξεσουάρ - 798-A200 - 677181,Σετ φάρμα με αξεσουάρ - 798-A200 - 677181,in stock,new,6.3 EUR,,https://www.tradesor.gr/wp-content/uploads/2023/06/b935a65dec9428e2826bca46a399778a.jpg,OEM,No Color,2.0,Πληροί όλα τα πρότυπα ασφαλείας. Κατάλληλο για παιδιά ηλικίας 3 ετών και άνω.,ΠΑΙΧΝΙΔΙΑ>Παιχνίδια επαγγελμάτων
103384,Σετ φάρμα με αξεσουάρ - 798-A173 - 677180,Σετ φάρμα με αξεσουάρ - 798-A173 - 677180,in stock,new,6.3 EUR,,https://www.tradesor.gr/wp-content/uploads/2023/06/89f7f99953fc0cf127636b59572b72df.jpg,OEM,No Color,2.0,Πληροί όλα τα πρότυπα ασφαλείας. Κατάλληλο για παιδιά ηλικίας 3 ετών και άνω.,ΠΑΙΧΝΙΔΙΑ>Παιχνίδια επαγγελμάτων
103387,Σετ φάρμα με αξεσουάρ - 798-A179 - 677179,Σετ φάρμα με αξεσουάρ - 798-A179 - 677179,in stock,new,4.5 EUR,,https://www.tradesor.gr/wp-content/uploads/2023/06/be3967a7e4023e62cc2a221c36c639da.jpg,OEM,No Color,2.0,Πληροί όλα τα πρότυπα ασφαλείας. Κατάλληλο για παιδιά ηλικίας 3 ετών και άνω.,ΠΑΙΧΝΙΔΙΑ>Παιχνίδια επαγγελμάτων
103390,Σετ φάρμα με αξεσουάρ - 798-A166 - 677178,Σετ φάρμα με αξεσουάρ - 798-A166 - 677178,in stock,new,4.5 EUR,,https://www.tradesor.gr/wp-content/uploads/2023/06/aee0221bb48959667fb0ef3b48c9cb86.jpg,OEM,No Color,2.0,Πληροί όλα τα πρότυπα ασφαλείας. Κατάλληλο για παιδιά ηλικίας 3 ετών και άνω.,ΠΑΙΧΝΙΔΙΑ>Παιχνίδια επαγγελμάτων
103670,Παιδικό σετ αναψυκτήριο - A6619-58H - 961854,Παιδικό σετ αναψυκτήριο - A6619-58H - 961854,in stock,new,5.4 EUR,,https://www.tradesor.gr/wp-content/uploads/2023/06/c4c5f8beb9d57cf8b319b1907f10a387.jpg,OEM,No Color,2.0,Πληροί όλα τα πρότυπα ασφαλείας. Κατάλληλο για παιδιά ηλικίας 3 ετών και άνω.,ΠΑΙΧΝΙΔΙΑ>Παιχνίδια επαγγελμάτων
103682,Παιδικό σετ παντοπωλείο - A6619-58D - 961850,Παιδικό σετ παντοπωλείο - A6619-58D - 961850,in stock,new,5.4 EUR,,https://www.tradesor.gr/wp-content/uploads/2023/06/7bc900c3be4d8364cc20a58e36f8158c.jpg,OEM,No Color,2.0,Πληροί όλα τα πρότυπα ασφαλείας. Κατάλληλο για παιδιά ηλικίας 3 ετών και άνω.,ΠΑΙΧΝΙΔΙΑ>Παιχνίδια επαγγελμάτων
104046,Παιδικό σετ πυροσβέστη - BN369F76 - 222203,Παιδικό σετ πυροσβέστη - BN369F76 - 222203,in stock,new,3.6 EUR,,https://www.tradesor.gr/wp-content/uploads/2023/06/54b780fbd0ead6ab7e1dd37b6f5e1d04.jpg,OEM,No Color,2.0,Πληροί όλα τα πρότυπα ασφαλείας. Κατάλληλο για παιδιά ηλικίας 3 ετών και άνω.,ΠΑΙΧΝΙΔΙΑ>Παιχνίδια επαγγελμάτων
104049,Παιδικό σετ πυροσβέστη - BN369F71 - 222200,Παιδικό σετ πυροσβέστη - BN369F71 - 222200,in stock,new,3.6 EUR,,https://www.tradesor.gr/wp-content/uploads/2023/06/458d37beece1ac20f613a793693e037f.jpg,OEM,No Color,2.0,Πληροί όλα τα πρότυπα ασφαλείας. Κατάλληλο για παιδιά ηλικίας 3 ετών και άνω.,ΠΑΙΧΝΙΔΙΑ>Παιχνίδια επαγγελμάτων
104052,Παιδικό σετ πυροσβέστη - BN369F80 - 222196,Παιδικό σετ πυροσβέστη - BN369F80 - 222196,in stock,new,3.6 EUR,,https://www.tradesor.gr/wp-content/uploads/2023/06/d62ea4ad7bae1346e161d18dfd1e63bb.jpg,OEM,No Color,2.0,Πληροί όλα τα πρότυπα ασφαλείας. Κατάλληλο για παιδιά ηλικίας 3 ετών και άνω.,ΠΑΙΧΝΙΔΙΑ>Παιχνίδια επαγγελμάτων
104055,Παιδικό σετ στρατιώτη - BN369M69 - 222195,Παιδικό σετ στρατιώτη - BN369M69 - 222195,in stock,new,3.6 EUR,,https://www.tradesor.gr/wp-content/uploads/2023/06/b41ec14cb7f374bd354a55ea4cc55004.jpg,OEM,No Color,2.0,Πληροί όλα τα πρότυπα ασφαλείας. Κατάλληλο για παιδιά ηλικίας 3 ετών και άνω.,ΠΑΙΧΝΙΔΙΑ>Παιχνίδια επαγγελμάτων
104058,Παιδικό σετ αστυνομικού - Soft Gun - 88M-22 ,Παιδικό σετ αστυνομικού - Soft Gun - 88M-22 - 222190,in stock,new,6.3 EUR,,https://www.tradesor.gr/wp-content/uploads/2023/06/56bdd8aba1a162140686b4c53316f1c9.jpg,OEM,No Color,2.0,Πληροί όλα τα πρότυπα ασφαλείας. Κατάλληλο για παιδιά ηλικίας 3 ετών και άνω.,ΠΑΙΧΝΙΔΙΑ>Παιχνίδια επαγγελμάτων
104061,Παιδικό σετ αστυνομικού - Soft Gun - 88M-23 ,Παιδικό σετ αστυνομικού - Soft Gun - 88M-23 - 222182,in stock,new,7.2 EUR,,https://www.tradesor.gr/wp-content/uploads/2023/06/b9c96fc2d5071d912ced05254a971320.jpg,OEM,No Color,2.0,Πληροί όλα τα πρότυπα ασφαλείας. Κατάλληλο για παιδιά ηλικίας 3 ετών και άνω.,ΠΑΙΧΝΙΔΙΑ>Παιχνίδια επαγγελμάτων
104067,Παιδικό σετ αστυνομικού - 99P-42A - 222177,Παιδικό σετ αστυνομικού - 99P-42A - 222177,in stock,new,7.2 EUR,,https://www.tradesor.gr/wp-content/uploads/2023/06/f84e2ee3b4ceb9eb7037dc0b5f3ebd3a.jpg,OEM,No Color,2.0,Πληροί όλα τα πρότυπα ασφαλείας. Κατάλληλο για παιδιά ηλικίας 3 ετών και άνω.,ΠΑΙΧΝΙΔΙΑ>Παιχνίδια επαγγελμάτων
104070,Παιδικό σετ αστυνομικού - 99P-33 - 222164,Παιδικό σετ αστυνομικού - 99P-33 - 222164,in stock,new,2.7 EUR,,https://www.tradesor.gr/wp-content/uploads/2023/06/cabcd16b6c928bd911751a3511fab9dd.jpg,OEM,No Color,2.0,Πληροί όλα τα πρότυπα ασφαλείας. Κατάλληλο για παιδιά ηλικίας 3 ετών και άνω.,ΠΑΙΧΝΙΔΙΑ>Παιχνίδια επαγγελμάτων
104073,Παιδικό σετ αστυνομικού - BN369P94 - 222160,Παιδικό σετ αστυνομικού - BN369P94 - 222160,in stock,new,4.5 EUR,,https://www.tradesor.gr/wp-content/uploads/2023/06/0bbf9c4fa731be834506516a58a01c9f.jpg,OEM,No Color,2.0,Πληροί όλα τα πρότυπα ασφαλείας. Κατάλληλο για παιδιά ηλικίας 3 ετών και άνω.,ΠΑΙΧΝΙΔΙΑ>Παιχνίδια επαγγελμάτων
104076,Παιδικό σετ πυροσβέστη - BN369F42 - 222159,Παιδικό σετ πυροσβέστη - BN369F42 - 222159,in stock,new,3.6 EUR,,https://www.tradesor.gr/wp-content/uploads/2023/06/e42e2467cec416c76acd288212f65a38.jpg,OEM,No Color,2.0,Πληροί όλα τα πρότυπα ασφαλείας. Κατάλληλο για παιδιά ηλικίας 3 ετών και άνω.,ΠΑΙΧΝΙΔΙΑ>Παιχνίδια επαγγελμάτων
104079,Παιδικό σετ στρατιώτη - BN369M43 - 222157,Παιδικό σετ στρατιώτη - BN369M43 - 222157,in stock,new,2.7 EUR,,https://www.tradesor.gr/wp-content/uploads/2023/06/c7211b55dffc9f6638701ae9031eaad9.jpg,OEM,No Color,2.0,Πληροί όλα τα πρότυπα ασφαλείας. Κατάλληλο για παιδιά ηλικίας 3 ετών και άνω.,ΠΑΙΧΝΙΔΙΑ>Παιχνίδια επαγγελμάτων
104082,Παιδικό σετ στρατιώτη - BN369M44 - 222156,Παιδικό σετ στρατιώτη - BN369M44 - 222156,in stock,new,2.7 EUR,,https://www.tradesor.gr/wp-content/uploads/2023/06/410478de8a780063579a448a23311fba.jpg,OEM,No Color,2.0,Πληροί όλα τα πρότυπα ασφαλείας. Κατάλληλο για παιδιά ηλικίας 3 ετών και άνω.,ΠΑΙΧΝΙΔΙΑ>Παιχνίδια επαγγελμάτων
104085,Παιδικό σετ αστυνομικού - 34P50 - 222154,Παιδικό σετ αστυνομικού - 34P50 - 222154,in stock,new,4.5 EUR,,https://www.tradesor.gr/wp-content/uploads/2023/06/81e7038fed5c1dcda1fb56afc0ea2098.jpg,OEM,No Color,2.0,Πληροί όλα τα πρότυπα ασφαλείας. Κατάλληλο για παιδιά ηλικίας 3 ετών και άνω.,ΠΑΙΧΝΙΔΙΑ>Παιχνίδια επαγγελμάτων
104088,Παιδικό σετ αστυνομικού - 34P51 - 222153,Παιδικό σετ αστυνομικού - 34P51 - 222153,in stock,new,4.5 EUR,,https://www.tradesor.gr/wp-content/uploads/2023/06/da23d2220fca60ac946476fb984effef.jpg,OEM,No Color,2.0,Πληροί όλα τα πρότυπα ασφαλείας. Κατάλληλο για παιδιά ηλικίας 3 ετών και άνω.,ΠΑΙΧΝΙΔΙΑ>Παιχνίδια επαγγελμάτων
104091,Παιδικό σετ αστυνομικού - 34P49 - 222152,Παιδικό σετ αστυνομικού - 34P49 - 222152,in stock,new,4.5 EUR,,https://www.tradesor.gr/wp-content/uploads/2023/06/363ea1f5e509af9e5f38c447747a15f2.jpg,OEM,No Color,2.0,Πληροί όλα τα πρότυπα ασφαλείας. Κατάλληλο για παιδιά ηλικίας 3 ετών και άνω.,ΠΑΙΧΝΙΔΙΑ>Παιχνίδια επαγγελμάτων
104643,Παιδικό σετ αστυνομικού - 2021-6 - 221764,Παιδικό σετ αστυνομικού - 2021-6 - 221764,in stock,new,4.5 EUR,,https://www.tradesor.gr/wp-content/uploads/2023/06/ebda9c30918d25d7e514109cd3bf66a0.jpg,OEM,No Color,2.0,Πληροί όλα τα πρότυπα ασφαλείας. Κατάλληλο για παιδιά ηλικίας 3 ετών και άνω.,ΠΑΙΧΝΙΔΙΑ>Παιχνίδια επαγγελμάτων
104646,Παιδικό σετ αστυνομικού - 2021-7 - 221762,Παιδικό σετ αστυνομικού - 2021-7 - 221762,in stock,new,4.5 EUR,,https://www.tradesor.gr/wp-content/uploads/2023/06/01a7af00287e14164635b990e949954c.jpg,OEM,No Color,2.0,Πληροί όλα τα πρότυπα ασφαλείας. Κατάλληλο για παιδιά ηλικίας 3 ετών και άνω.,ΠΑΙΧΝΙΔΙΑ>Παιχνίδια επαγγελμάτων
104649,Παιδικό σετ αστυνομικού - 2021-12 - 221761,Παιδικό σετ αστυνομικού - 2021-12 - 221761,in stock,new,4.5 EUR,,https://www.tradesor.gr/wp-content/uploads/2023/06/4c66655099cac31301a4c6bf66b51c83.jpg,OEM,No Color,2.0,Πληροί όλα τα πρότυπα ασφαλείας. Κατάλληλο για παιδιά ηλικίας 3 ετών και άνω.,ΠΑΙΧΝΙΔΙΑ>Παιχνίδια επαγγελμάτων
104652,Παιδικό σετ αστυνομικού - 2021-8 - 221759,Παιδικό σετ αστυνομικού - 2021-8 - 221759,in stock,new,4.5 EUR,,https://www.tradesor.gr/wp-content/uploads/2023/06/f1dbc6c8446d530461c53360d831acad.jpg,OEM,No Color,2.0,Πληροί όλα τα πρότυπα ασφαλείας. Κατάλληλο για παιδιά ηλικίας 3 ετών και άνω.,ΠΑΙΧΝΙΔΙΑ>Παιχνίδια επαγγελμάτων
108206,Σετ εργαλείων ποδηλάτου - S68-01 - 652442,Σετ εργαλείων ποδηλάτου - S68-01 - 652442,in stock,new,39.6 EUR,,https://www.tradesor.gr/wp-content/uploads/2023/06/88010504285bff9fc28b79a62edce100.jpg,OEM,No Color,1.0,,ΠΑΙΧΝΙΔΙΑ>Παιχνίδια επαγγελμάτων
108209,Σετ εργαλείων ποδηλάτου - S67-12 - 652435,Σετ εργαλείων ποδηλάτου - S67-12 - 652435,in stock,new,9 EUR,,https://www.tradesor.gr/wp-content/uploads/2023/06/5d81216236a0077a043aba1b611c17c4.jpg,OEM,No Color,1.0,,ΠΑΙΧΝΙΔΙΑ>Παιχνίδια επαγγελμάτων
108212,Σετ εργαλείων ποδηλάτου - S67-02S - 652428,Σετ εργαλείων ποδηλάτου - S67-02S - 652428,in stock,new,4.5 EUR,,https://www.tradesor.gr/wp-content/uploads/2023/06/120c3005782a5870d980a88481ff340e.jpg,OEM,No Color,1.0,,ΠΑΙΧΝΙΔΙΑ>Παιχνίδια επαγγελμάτων
