id,title,description,availability,condition,price,link,image_link,brand,color,shipping_weight,rich_text_description,fb_product_category
35274,Ξυριστική μηχανή - S8862 - 4D - 388623,Ξυριστική μηχανή - S8862 - 4D - 388623,in stock,new,12.6 EUR,,https://www.tradesor.gr/wp-content/uploads/2023/04/ξυριστική-μηχανή-s8862-4d.jpg,OEM,No Color,0.4,"<p>Επαναφορτιζόμενη Ξυριστική Μηχανή 4D S-8862</p><p>Άψογο, ομοιόμορφο ξύρισμα που δεν ταλαιπωρεί το δέρμα χάρη στη 4D ιδιότητα της ξυριστικής μηχανής S8862.<br />Καινοτόμος εργονομικός σχεδιασμός.<br />Οι κεφαλές της προσαρμόζονται πλήρως στο σχήμα του προσώπου σας και της δίνουν πρόσβαση σε κάθε σημείο χωρίς κόπο. Διαθέτει επιπλέον κεφαλή για τον σωστό καθαρισμό του προσώπου σας μετά το ξύρισμα. Με μία συσκευή το δέρμα σας γίνεται λείο και καθαρό χωρίς ρύπους και νεκρά κύτταρα. <br />Μια πλήρης φόρτιση θα σας δώσει 50 λεπτά συνεχόμενης λειτουργίας, χωρίς καλώδια και περιορισμούς.</p><p><strong>Χαρακτηριστικά :</strong></p><ul><li>4D διπλές λεπίδες ξυρίσματος</li><li>Wet or Dry ξύρισμα</li><li>Κεφαλή για καθαρισμό προσώπου</li><li>Ενδεικτική λυχνία  φόρτισης</li><li>Διάρκεια φόρτισης: 5 ώρες</li><li>55 λεπτά αυτονομίας</li><li>Μπορεί να πλυθεί κάτω από τη βρύση</li><li>Εύκολη τοποθέτηση/αφαίρεση κεφαλής κουμπωτά</li><li>Περιλαμβάνει: προστατευτικό κάλυμμα λεπίδων, προστατευτικό κάλυμμα βούρτσας καθαρισμού, βάση & καλώδιο φόρτισης, βουρτσάκι καθαρισμού</li></ul><p><b>Τεχνικά χαρακτηριστικά</b></p><ul><li>Τροφοδοσία: 2.4V</li><li>Επαναφορτιζόμενη μπαταρία</li><li>Ισχύς: 3W</li></ul>",ΥΓΕΙΑ - ΟΜΟΡΦΙΑ  Fitness>Είδη κομμωτηρίου>Ξυριστικές μηχανές
36064,Ξυριστική μηχανή - KM-2712 - Kemei,Ξυριστική μηχανή - KM-2712 - Kemei,in stock,new,11.7 EUR,,https://www.tradesor.gr/wp-content/uploads/2023/04/KEMEI-KM2712.png,OEM,No Color,0.6,"<p>Ξυριστική μηχανή υψηλής απόδοσης και ισχύος για άψογο αποτέλεσμα ακριβείας.</p><p><strong>Χαρακτηριστικά:</strong></p><ul><li>Λεπίδες από ανοξείδωτο χάλυβα</li><li>Ισχύς: 8 W</li><li>Χρόνος φόρτισης: 8 ώρες</li><li>Χρόνος λειτουργίας: 60 λεπτά</li><li>3 χτένες (3,6, 9 mm)</li><li>Τάση: 220-240 V</li></ul><p><strong>Περιεχόμενα συσκευασίας:</strong></p><ul><li>1 κουρευτική μηχανή</li><li>1 βούρτσα</li><li>3 χτένες οδηγοί</li><li>1 τροφοδοτικό</li><li>Οδηγίες χρήσης στα Αγγλικά </li></ul>",ΥΓΕΙΑ - ΟΜΟΡΦΙΑ  Fitness>Είδη κομμωτηρίου>Ξυριστικές μηχανές
36261,Ξυριστική μηχανή - ΚΜ-1050 - Kemei,Ξυριστική μηχανή - ΚΜ-1050 - Kemei,in stock,new,14.4 EUR,,https://www.tradesor.gr/wp-content/uploads/2023/04/2207_310505.jpg,OEM,No Color,0.8,<p>Επαναφορτιζόμενη ξυριστική μηχανή με επαναστατικό σύστημα τριών κεφαλών 3D Floating - Flex and Pivot που αγκαλιάζουν το πρόσωπο για βαθύ και αποτελεσματικό ξύρισμα χωρίς ερεθισμούς.</p><p><b>Χαρακτηριστικά:</b></p><ul><li>Υψηλή ταχύτητα περιστροφής</li><li>Υψηλής αντοχής πλέγμα αλουμινίου.</li><li>Αφαιρούμενη και πλενόμενη κεφαλή.</li><li>Υψηλής αντοχής πλέγμα</li><li>Με διακόπτη on/off</li><li>30 λεπτά συνεχούς λειτουργίας</li><li>12 ώρες φόρτισης</li><li>Voltage: 220V-50Hz 3W</li></ul>,ΥΓΕΙΑ - ΟΜΟΡΦΙΑ  Fitness>Είδη κομμωτηρίου>Ξυριστικές μηχανές
36371,Ξυριστική μηχανή - Trimmer - KM-6185 - Kemei,Ξυριστική μηχανή - Trimmer - KM-6185 - Kemei,in stock,new,21.6 EUR,,https://www.tradesor.gr/wp-content/uploads/2023/04/2411_361850.jpg,OEM,No Color,0.9,"<h4>Ξυριστική Μηχανή Kemei KM-6185</h4><p>Ανώδυνο και αποτελεσματικό ξύρισμα, εύκολα και γρήγορα χωρίς ατέλειες και ερεθισμούς. Επαναφορτιζόμενη για ασύρματη χρήση και εργονομική κατασκευή για εύκολο χειρισμό.</p><p><strong>Στη συσκευασία περιλαμβάνεται:</strong></p><ul><li>Βάση φόρτισης</li><li>Προστατευτικό κάλυμμα των κεφαλών κοπής</li><li>Βούρτσα καθαρισμού</li></ul>",ΥΓΕΙΑ - ΟΜΟΡΦΙΑ  Fitness>Είδη κομμωτηρίου>Ξυριστικές μηχανές
36520,Ξυριστική μηχανή - KM-6184 - Kemei,Ξυριστική μηχανή - KM-6184 - Kemei,in stock,new,18 EUR,,https://www.tradesor.gr/wp-content/uploads/2023/04/0504_361843.jpg,OEM,No Color,0.8,<p>Επαναφορτιζόμενη ξυριστική μηχανή Kemei ΚΜ6184 με βάση φόρτισης και τεχνολογία φιλική προς το δέρμα που το προστατεύει από τραυματισμούς και ερεθισμούς.</p><p><strong>Χαρακτηριστικά</strong>:</p><p>Τάση:110-240V<br />Συχνότητα: 50/60HZ<br />Ισχύς: 3w<br />Διακόπτης Switch</p>,ΥΓΕΙΑ - ΟΜΟΡΦΙΑ  Fitness>Είδη κομμωτηρίου>Ξυριστικές μηχανές
36912,Ξυριστική μηχανή - KM-1900 - Kemei,Ξυριστική μηχανή - KM-1900 - Kemei,in stock,new,14.4 EUR,,https://www.tradesor.gr/wp-content/uploads/2023/04/319004_1310.jpg,OEM,No Color,0.3,"<section class=""product-description-section block-section""><div class=""section-content""><div class=""product-description ""><div class=""rte-content""><div class=""prod-descr""><div class=""prod-descr""><p>Ξυριστική αδιάβροχη μηχανή ιδανική για τριμάρισμα, ξύρισμα και περιποίηση δύσκολων περιοχών. Ελαφριά, εργονομική σχεδίαση για απόλυτο έλεγχο και υψηλή ακρίβεια σε όλες σας τις κινήσεις.</p><p>Δώστε άψογο σχήμα στα φρύδια σας και αφαιρέστε όλες τις ανεπιθύμητες τρίχες προσώπου εύκολα και γρήγορα. Προσαρμόστε το μήκος που θέλετε να κόψετε επιλέγοντας 1 από τα 4 χτενάκια (1/2/4/6mm) και απομακρύνετε τις κομμένες τρίχες και τα χνούδια με το ειδικό βουρτσάκι. Μπορείτε ακόμη να αφαιρέστε τις ενοχλητικές τρίχες από τα χέρια, τα πόδια, τους ώμους, τις μασχάλες, το λαιμό, την πλάτη κ.α. εύκολα και ανώδυνα.</p><p>Μπορεί να χρησιμοποιηθεί στο μπάνιο σας καθώς διαθέτει υψηλή ανθεκτικότητα στο νερό.</p><p>Το τοξωτό σχήμα της κεφαλής προσαρμόζεται στις γωνίες του προσώπου και του σώματος για απόλυτη ομοιομορφία.</p><p><strong>Τεχνικά χαρακτηριστικά:</strong></p><ul><li>Υψηλή ταχύτητα 13000 στροφών/λεπτό.</li><li>Eξτρα-λεπτή λεπίδα πάχους 0.2mm για απόλυτη ακρίβεια.</li><li>Λυχνία ένδειξης μπαταρίας.</li><li>Ισχύς: 3W</li><li>Input: 5V</li><li>Χρόνος φόρτισης: 2h</li><li>Χρόνος χρήσης: 55min</li><li>Oδηγίες χρήσης στα Αγγλικά</li></ul></div></div></div></div></div></section><section id=""product-details-wrapper"" class=""product-details-section block-section""><h4 class=""section-title""> </h4></section>",ΥΓΕΙΑ - ΟΜΟΡΦΙΑ  Fitness>Είδη κομμωτηρίου>Ξυριστικές μηχανές
37074,Ξυριστική μηχανή - KM-6330 - Kemei,Ξυριστική μηχανή - KM-6330 - Kemei,in stock,new,9 EUR,,https://www.tradesor.gr/wp-content/uploads/2023/04/363304_1511.jpg,OEM,No Color,0.8,"<p>Κουρευτική και ξυριστική μηχανή KM-6330 της Kemei, με όλα τα απαραίτητα αξεσουάρ για κάθε είδους περιποίηση.Περιλαμβάνει 3 εναλλασόμενες κεφαλές για κούρεμα, ξύρισμα και περιποίηση μύτης/αυτιών. Αναβαθμίστε τις καθημερινές συνήθειες περιποίησης σας με μία μόνο συσκευή!<br /><br /><strong>Χαρακτηριστικά:</strong></p><ul><li>Χρόνος χρήσης: έως 60 λεπτά</li><li>Χρόνος φόρτισης: 8 ώρες</li><li>Τάση: 100 – 240V</li><li>Ισχύς: 3W</li><li>Διαστάσεις: 16 x 3cm</li></ul><p><strong>Στη συσκευασία περιλαμβάνονται:</strong></p><ul><li>Συσκευή</li><li>Κεφαλή για μύτη και αυτιά</li><li>Κεφαλή κουρέματος</li><li>Κεφαλή ξυρίσματος</li><li>Χτενάκι κοπής</li><li>Λαδάκι λίπανσης λεπίδας</li><li>Βουρτσάκι καθαρισμού</li><li>Καλώδιο φόρτισης</li><li>Εγχειρίδιο οδηγιών στα Αγγλικά</li></ul>",ΥΓΕΙΑ - ΟΜΟΡΦΙΑ  Fitness>Είδη κομμωτηρίου>Ξυριστικές μηχανές
37083,Ξυριστική μηχανή - KM-5558 - Kemei,Ξυριστική μηχανή - KM-5558 - Kemei,in stock,new,9 EUR,,https://www.tradesor.gr/wp-content/uploads/2023/04/355583_1511.jpg,OEM,No Color,0.8,"<section class=""product-description-section block-section""><div class=""section-content""><div class=""product-description ""><div class=""rte-content""><p>Κουρευτική και ξυριστική μηχανή KM-5558 Kemei, με όλα τα απαραίτητα αξεσουάρ για κάθε είδους περιποίηση. Οι φιλικές προς το δέρμα λεπίδες από ανοξείδωτο ατσάλι και ο ταχύτατα περιστρεφόμενος κινητήρας από κράμα Silver Pd προσδίδουν επαγγελματική διάσταση στο κούρεμα και το ξύρισμα σας, ενώ ο κομψός σχεδιασμός της εντυπωσιάζει.</p><p><strong>Χαρακτηριστικά:</strong></p><ul><li>Μία φόρτιση 6 ωρών μπορεί να προσφέρει αυτονομία 1 ώρας.</li><li>Τάση: 100-240V 50/60Hz</li><li>Ισχύς: 3W</li></ul><p><strong>Στη συσκευασία περιλαμβάνονται:</strong></p><ul><li>Συσκευή</li><li>Κεφαλή για μύτη και αυτιά</li><li>Κεφαλή κουρέματος</li><li>Κεφαλή ξυρίσματος</li><li>Χτενάκι κοπής</li><li>Λαδάκι λίπανσης λεπίδας</li><li>Βουρτσάκι καθαρισμού</li><li>Καλώδιο φόρτισης</li><li>Εγχειρίδιο οδηγιών στα Αγγλικά</li></ul></div></div></div></section>",ΥΓΕΙΑ - ΟΜΟΡΦΙΑ  Fitness>Είδη κομμωτηρίου>Ξυριστικές μηχανές
37793,Ξυριστική μηχανή - KM-2803 - Kemei,Ξυριστική μηχανή - KM-2803 - Kemei,in stock,new,10.8 EUR,,https://www.tradesor.gr/wp-content/uploads/2023/04/328037.jpg,OEM,No Color,0.5,"<div><div><p>Ξυριστική μηχανή Kemei που διαθέτει 3 κεφαλές. Η πρώτη μπορεί να χρησιμοποιηθεί ως trimmer για να αφαιρεί τις τρίχες από τη μύτη και τα αυτιά.<br />Η δεύτερη είναι ιδανική για φροντίσει τα φρύδια, τις φαβορίτες, τα γένια, το μούσι και τις τρίχες στο σβέρκο. Η τρίτη είναι ιδανική για το καθημερινό ξύρισμα και για γένια κάτω των 2mm.</p><p><strong>Χαρακτηριστικά :</strong></p></div><div><section><div><ul><li>Επαναφορτιζόμενη</li><li>Πρωτοποριακός σχεδιασμός τριών κεφαλών</li><li>Αδιάβροχη</li><li>Ανοξείδωτο πλέγμα και λεπίδες</li><li>Ευκολία στο καθάρισμα</li><li>Λειτουργία με καλώδιο/χωρίς καλώδιο.</li><li>Χρόνος φόρτισης: 10 ώρες</li><li>Αυτονομία μπαταρίας: 60 λεπτά</li><li>Ένδειξη φόρτισης</li></ul></div></section></div></div>",ΥΓΕΙΑ - ΟΜΟΡΦΙΑ  Fitness>Είδη κομμωτηρίου>Ξυριστικές μηχανές
38033,Ξυριστική μηχανή - KM-1429 - Kemei,Ξυριστική μηχανή - KM-1429 - Kemei,in stock,new,10.8 EUR,,https://www.tradesor.gr/wp-content/uploads/2023/04/314290.jpg,OEM,No Color,0.3,"<p>Επαναφορτιζόμενη ξυριστική μηχανή KM-1429 της Kemei με 3 διαφορετικές κεφαλές για την περιποίηση μαλλιών, προσώπου, μύτης και αυτιών. <br />Ενα πρακτικό πολυεργαλείο trimmer, ιδανικό για κάθε είδους περιποίηση και ανώδυνη απομάκρυνση των τριχών χωρίς ερεθισμούς. <br />Αδιάβροχη για χρήση και στο ντουζ, με πλενόμενες κεφαλές για εύκολο καθαρισμό.</p><p><strong> Χαρακτηριστικά :</strong></p><p>Ισχύς: 3W<br />Διαστάσεις: 17 x 5 x 4cm<br />Αυτονομία μπαταρίας: έως 60min<br />Χρόνος φόρτισης: 8 ώρες<br />Βάρος: 135gr</p>",ΥΓΕΙΑ - ΟΜΟΡΦΙΑ  Fitness>Είδη κομμωτηρίου>Ξυριστικές μηχανές
38087,Ξυριστική μηχανή - KM-6711 - Kemei,Ξυριστική μηχανή - KM-6711 - Kemei,in stock,new,23.4 EUR,,https://www.tradesor.gr/wp-content/uploads/2023/04/367111.jpg,OEM,No Color,0.8,"<div><p>Επαναφορτιζόμενη ξυριστική μηχανή με ισχυρή ατσάλινη λεπίδα ακριβείας και μεγάλη αυτονομία μπαταρίας. Με 3 περιστρεφόμενες λεπίδες, εργονομική σχεδίαση και τεχνολογία 4D που προσαρμόζεται απόλυτα στις καμπύλες του προσώπου και του λαιμού χωρίς να τραυματίζει και να ερεθίζει την επιδερμίδα. Διαθέτει λεπίδα-trimmer στο πίσω μέρος για την περιποίηση λεπτομερειών και βάση στήριξης. Κατάλληλη για επαγγελματική και οικιακή χρήση.</p><p><strong>Χαρακτηριστικά :<br /></strong></p><ul><li>Μπαταρία Λιθίου 1000mAh</li><li>Χρόνος φόρτισης: 2 ώρες</li><li>Χρόνος λειτουργίας: 2.5 ώρες</li><li>Οθόνη LCD ψηφιακής ένδειξης μπαταρίας</li><li>Κουμπί ON/OFF</li><li>Ισχύς: 5W</li><li>Τάση εισόδου: 100-240V</li><li>Τάση εξόδου: DC 5V – 1A</li></ul><p>Περιλαμβάνεται βουρτσάκι καθαρισμού και καλώδιο φόρτισης.</p></div>",ΥΓΕΙΑ - ΟΜΟΡΦΙΑ  Fitness>Είδη κομμωτηρίου>Ξυριστικές μηχανές
38480,Ξυριστική μηχανή - Solo - 601806,Ξυριστική μηχανή - Solo - 601806,in stock,new,8.1 EUR,,https://www.tradesor.gr/wp-content/uploads/2023/04/601806.jpg,OEM,No Color,0.7,"<div id=""tab-description"" class=""panel entry-content wc-tab""><p>Επαναφορτιζόμενη Ξυριστική Κουρευτική Μηχανή / Trimmer Micro Touch Solo</p><p>Αποκτήστε τώρα την νέα ξυριστική μηχανή υψηλής ακρίβειας microtouch solo. Διαθέτει λεπίδες ανοξείδωτου χάλυβα διπλής όψεως που σας επιτρέπουν τη χρήση της και από τις δύο πλευρές. Διαθέτει  εξαιρετικά ευέλικτη περιστρεφόμενη κεφαλή που περιβάλλει το πρόσωπό σας για μέγιστη άνεση.<br />Έχει ενσωματωμένο LED φωτισμό ώστε να μπορείτε να δείτε κάθε τρίχα και 3 εξαρτήματα ρύθμισης μήκους κοπής που σας επιτρέπουν να κόβετε και να τριμάρετε τέλεια τα γένια σας.<br />Με το Micro Touch Solo, δεν χρειάζεται να ανησυχείτε για τραυματισμούς ή ερεθισμό του δέρματος</p><p>Είναι επαναφορτιζόμενη και φορτίζει σε οποιαδήποτε θύρα USB (περιλαμβάνεται καλώδιο φόρτισης USB. Δεν περιλαμβάνεται αντάπτορας ρεύματος σε USB )</p><p><strong>Χαρακτηριστικά:</strong></p><ul><li>Λεπίδες ανοξείδωτου χάλυβα διπλής</li><li>Μπαταρία Λιθίου με μεγάλη αυτονομία.</li><li>3 εξαρτήματα ρύθμισης μήκους κοπής</li><li>Led φωτισμός</li></ul><p><strong>Περιλαμβάνονται:</strong></p><ul><li>καλώδιο φόρτισης USB,</li><li>βουρτσάκι καθαρισμού</li><li>Οδηγίες χρήσεως ( συνοπτικά/σχηματικά )</li></ul></div>",ΥΓΕΙΑ - ΟΜΟΡΦΙΑ  Fitness>Είδη κομμωτηρίου>Ξυριστικές μηχανές
39030,Ξυριστική μηχανή - KM-1802 - Kemei,Ξυριστική μηχανή - KM-1802 - Kemei,in stock,new,8.1 EUR,,https://www.tradesor.gr/wp-content/uploads/2023/04/318021.jpeg,OEM,No Color,0.5,"<p><span style=""font-family: Arial;"">Επαναφορτιζόμενη ξυριστική μηχανή KM-1802 της Kemei με ανταλλακτική κεφαλή.<br />Αναβαθμίστε τις καθημερινές συνήθειες περιποίησης σας με μία μόνο συσκευή!</span></p><p><strong><span style=""font-family: Arial;"">Χαρακτηριστικά :</span></strong></p><ul><li>Ισχύς: 3W</li><li><span style=""font-family: Arial;"">Διπλή λεπτή χαλύβδινη λεπίδα για γρήγορο ξύρισμα</span></li><li><span style=""font-family: Arial;"">Φύλλο κράματος τιτανίου, δεν ερεθίζει το δέρμα.</span></li><li>Αδιάβροχη - γ<span style=""font-family: Arial;"">ια υγρή ή ξηρή χρήση - μπορεί να χρησιμοποιηθεί με κρέμα ξυρίσματος.</span></li><li><span style=""font-family: Arial;"">Χαμηλή δόνηση και σχεδιασμός χαμηλού θορύβου.</span></li><li>Χρόνος φόρτισης: 8 ώρες</li><li>Αυτονομία μπαταρίας: έως 60 λεπτά</li><li>Λυχνία ένδειξης επιπέδου μπαταρίας</li></ul>",ΥΓΕΙΑ - ΟΜΟΡΦΙΑ  Fitness>Είδη κομμωτηρίου>Ξυριστικές μηχανές
39031,Ξυριστική μηχανή - KM-2025 - Kemei,Ξυριστική μηχανή - KM-2025 - Kemei,in stock,new,9 EUR,,https://www.tradesor.gr/wp-content/uploads/2023/04/2411_320253-1.jpg,OEM,No Color,0.5,"<p>Επαναφορτιζόμενη ξυριστική μηχανή με διπλή λεπίδα για πρόσωπο, γενειάδα, φαβορίτες, μουστάκι</p><p><strong>Τεχνικά χαρακτηριστικά:</strong></p><ul><li>Χρόνος χρήσης: 60 λεπτά</li><li>Χρόνος φόρτισης: 1.5 ώρα</li><li>Διπλή λεπτή χαλύβδινη λεπίδα για γρήγορο ξύρισμα</li><li>Φύλλο κράματος τιτανίου, δεν ερεθίζει το δέρμα.</li><li>Υλικό: ABS + ανοξείδωτο ατσάλι</li><li>Ισχύς: 3w</li><li>Τάση: 220-240V</li><li>Συχνότητα: 50/60 ΗΖ</li></ul><p><strong>Περιλαμβάνει:</strong></p><ul><li>1 * Ξυριστική μηχανή</li><li>1 * Καλώδιο USB</li><li>1 * Βούρτσα καθαρισμού</li><li>1 * επιπλέον πλέγμα</li><li>Oδηγίες χρήσης στα Αγγλικά</li></ul>",ΥΓΕΙΑ - ΟΜΟΡΦΙΑ  Fitness>Είδη κομμωτηρίου>Ξυριστικές μηχανές
39034,Ξυριστική μηχανή - KM-NG987 - Kemei,Ξυριστική μηχανή - KM-NG987 - Kemei,in stock,new,18 EUR,,https://www.tradesor.gr/wp-content/uploads/2023/04/309873.jpg,OEM,No Color,0.5,"<p>Επαναφορτιζόμενη ξυριστική μηχανή με διπλή λεπίδα και πρωτοποριακό διαφανή σχεδιασμό.</p><p><strong>Χαρακτηριστικά:</strong></p><div class=""body-text""><ul><li>Λεπίδες από ανοξείδωτο ατσάλι με προστατευτική σίτα</li><li>Εργονομική λαβή</li><li>Μπαταρία λιθίου 600mah</li><li>Χρόνος φόρτισης: 2 ώρες</li><li>Αυτονομία μπαταρίας: έως 120 λεπτά</li><li>Λυχνία ένδειξης φόρτισης</li><li>Λειτουργία χαμηλού θορύβου</li><li>Ισχύς: 5W</li></ul><section class=""one-column""><div class=""body-text""> </div></section></div>",ΥΓΕΙΑ - ΟΜΟΡΦΙΑ  Fitness>Είδη κομμωτηρίου>Ξυριστικές μηχανές
39035,Ξυριστική μηχανή - KM-3025 - Kemei,Ξυριστική μηχανή - KM-3025 - Kemei,in stock,new,8.1 EUR,,https://www.tradesor.gr/wp-content/uploads/2023/04/330252.jpg,OEM,No Color,0.5,"<p>Επαναφορτιζόμενη ξυριστική μηχανή - KM-3025 - Kemei, με <strong>4 διαφορετικές κεφαλές</strong>, ιδανική για την περιποίηση της μύτης, των αυτιών και των φρυδιών αλλά και του προσώπου και των μαλλιών.</p><p><strong>Χαρακτηριστικά :</strong></p><p> Ανώδυνη απομάκρυνση των τριχών.<br />Λεπίδες από ανοξείδωτο ατσάλι.<br />Αδιάβροχη για υγρό ξύρισμα.<br />Αυτονομία μπαταρίας: έως 40 λεπτά.<br />Ισχύς: 3W</p>",ΥΓΕΙΑ - ΟΜΟΡΦΙΑ  Fitness>Είδη κομμωτηρίου>Ξυριστικές μηχανές
39037,Ξυριστική μηχανή - KM-6539 - Kemei,Ξυριστική μηχανή - KM-6539 - Kemei,in stock,new,15.3 EUR,,https://www.tradesor.gr/wp-content/uploads/2023/04/1801_365391-1.jpg,OEM,No Color,0.5,"<p>Επαναφορτιζόμενη ξυριστική μηχανή KM-6539 της Kemei, με όλα τα απαραίτητα αξεσουάρ για κάθε είδους περιποίηση.<br />Περιλαμβάνει 3 εναλλασόμενες κεφαλές για διαφορετικούς τύπους ξυρίσματος καθώς και περιποίησης μύτης/αυτιών. <br />Αναβαθμίστε τις καθημερινές συνήθειες περιποίησης σας με μία μόνο συσκευή!</p><p><strong>Χαρακτηριστικά :</strong></p><ul><li>Ισχύς: 3W</li><li>Για υγρή ή ξηρή χρήση - μπορεί να χρησιμοποιηθεί με κρέμα ξυρίσματος.</li><li>Χαμηλή δόνηση και σχεδιασμός χαμηλού θορύβου.</li><li>Χρόνος φόρτισης: 5 ώρες</li><li>Αυτονομία μπαταρίας: έως 60 λεπτά</li></ul>",ΥΓΕΙΑ - ΟΜΟΡΦΙΑ  Fitness>Είδη κομμωτηρίου>Ξυριστικές μηχανές
39038,Ξυριστική μηχανή - KM-5181 - Kemei,Ξυριστική μηχανή - KM-5181 - Kemei,in stock,new,28.8 EUR,,https://www.tradesor.gr/wp-content/uploads/2023/04/351813.jpg,OEM,No Color,0.5,"<p>Επαναφορτιζόμενη ξυριστική μηχανή και ηλεκτρική οδοντόβουρτσα KM-5181 της Kemei, με όλα τα απαραίτητα αξεσουάρ για κάθε είδους περιποίηση.<br />Περιλαμβάνει 3 εναλλασόμενες κεφαλές για διαφορετικούς τύπους ξυρίσματος καθώς και περιποίησης μύτης/αυτιών. <br />Επιπλέον περιλαμβάνει 4 κεφαλές οδοντόβουρτσας που την μετατρέπουν σε ισχυρή ηλεκτρική οδοντόβουρτσα.<br />Αναβαθμίστε τις καθημερινές συνήθειες περιποίησης σας με μία μόνο συσκευή!</p><p><strong>Χαρακτηριστικά :</strong></p><ul><li>Ισχύς: 3W</li><li>100% Αδιάβροχη</li><li>Χαμηλή δόνηση και σχεδιασμός χαμηλού θορύβου.</li><li>Λεπίδες απο ανοξείδωτο ατσάλι</li><li>2 χτενάκια κουρευτικής 3 & 6mm</li><li>Χρόνος φόρτισης: 5 ώρες</li><li>Αυτονομία μπαταρίας: έως 60 λεπτά</li><li>Διαστάσεις συσκευής: 16.5 x 5cm</li></ul>",ΥΓΕΙΑ - ΟΜΟΡΦΙΑ  Fitness>Είδη κομμωτηρίου>Ξυριστικές μηχανές
39039,Ξυριστική μηχανή - KM-1611 - Kemei,Ξυριστική μηχανή - KM-1611 - Kemei,in stock,new,8.1 EUR,,https://www.tradesor.gr/wp-content/uploads/2023/04/2411_416116-1.jpg,OEM,No Color,0.5,"<p>Ξυριστική επαναφορτιζόμενη μηχανή με τεχνολογία Twin Blade που εντοπίζει τα πολύ κοντά γένια για άψογο αποτέλεσμα.</p><p><strong>Τεχνικά χαρακτηριστικά:</strong></p><ul><li>Χρόνος χρήσης: 60 λεπτά</li><li>Χρόνος φόρτισης: 5 ώρες</li><li>Διπλή λεπτή χαλύβδινη λεπίδα για γρήγορο ξύρισμα</li><li>Φύλλο κράματος τιτανίου, δεν ερεθίζει το δέρμα.</li><li>Υλικό: ABS + ανοξείδωτο ατσάλι</li><li>Ισχύς: 3w</li></ul><p><strong>Περιλαμβάνει:</strong></p><ul><li>1 * Ξυριστική μηχανή</li><li>1 * Καλώδιο USB</li><li>1 * Βούρτσα καθαρισμού</li><li>1 * επιπλέον πλέγμα</li><li>Oδηγίες χρήσης στα Αγγλικά</li></ul>",ΥΓΕΙΑ - ΟΜΟΡΦΙΑ  Fitness>Είδη κομμωτηρίου>Ξυριστικές μηχανές
39131,Ξυριστική μηχανή - KM-Q601 - Kemei,Ξυριστική μηχανή - KM-Q601 - Kemei,in stock,new,9 EUR,,https://www.tradesor.gr/wp-content/uploads/2023/04/306011.jpg,OEM,No Color,0.5,"<p>Επαναφορτιζόμενη ξυριστική μηχανή της Kemei, με όλα τα απαραίτητα αξεσουάρ για κάθε είδους περιποίηση.<br />Περιλαμβάνει 3 εναλλασόμενες κεφαλές για διαφορετικούς τύπους ξυρίσματος καθώς και περιποίησης μύτης/αυτιών. <br />Αναβαθμίστε τις καθημερινές συνήθειες περιποίησης σας με μία μόνο συσκευή!</p><p><strong>Χαρακτηριστικά :</strong></p><ul><li>Ισχύς: 3W</li><li>Αδιάβροχη</li><li>Χαμηλή δόνηση και σχεδιασμός χαμηλού θορύβου.</li><li>Χρόνος φόρτισης: 8 ώρες</li><li>Αυτονομία μπαταρίας: έως 30 λεπτά</li><li>Διαστάσεις: 15 x 5.5cm</li><li>Περιλαμβάνονται 4 κεφαλές/λειτουργίες:<br />Διπλή λεπτή χαλύβδινη λεπίδα για γρήγορο ξύρισμα - Twin Blade, μεε φύλλο κράματος τιτανίου, δεν ερεθίζει το δέρμα.<br />Κεφαλή κουρέματος/trimming<br />Κεφαλή ξυρίσματος μύτης/αυτιών<br />Ενσωματωμένη mini πτυσσόμενη λεπίδα για λεπτομέρειες ξυρίσματος<br /><br /></li></ul>",ΥΓΕΙΑ - ΟΜΟΡΦΙΑ  Fitness>Είδη κομμωτηρίου>Ξυριστικές μηχανές
53921,Ξυριστική μηχανή - 5in1 - KM-7511 - Kemei,Ξυριστική μηχανή - 5in1 - KM-7511 - Kemei,in stock,new,32.4 EUR,,https://www.tradesor.gr/wp-content/uploads/2023/05/345116.jpeg,OEM,No Color,0.8,"<p>Εξαιρετικά πρακτικό πολυεργαλείο ξυρίσματος, κουρέματος και περιποίησης από την Kemei!<br />Με 5 διαφορετικές εναλλασσόμενες κεφαλές για ξύρισμα, trimming, περιποίηση μύτης/αυτιών αλλά και μασάζ και βαθύ καθαρισμό προσώπου. <br />Εργονομικός σχεδιασμός για άνετη χρήση και εύκολη μεταφορά παντού.</p><p>Χαρακτηριστικά:</p><p>Λεπίδες από ανοξείδωτο ατσάλι<br />Εργονομική λαβή<br />Κεφαλή ξυρίσματος που προσαρμόζεται στις καμπύλες του προσώπου.<br />Κεφαλή κουρέματος με 3 χτενάκια προσαρμογής μήκους κοπής: 3/5/7 mm<br />Χρόνος φόρτισης: 1.5 ώρα<br />Αυτονομία μπαταρίας: έως 90 λεπτά<br />Λυχνία ένδειξης φόρτισης<br />Αφαιρούμενες και πλενόμενες κεφαλές.<br />Λειτουργία χαμηλού θορύβου<br />Ισχύς: 5W<br /> </p>",ΥΓΕΙΑ - ΟΜΟΡΦΙΑ  Fitness>Είδη κομμωτηρίου>Ξυριστικές μηχανές
54142,Ξυριστική μηχανή - KM-6619 - Kemei,Ξυριστική μηχανή - KM-6619 - Kemei,in stock,new,5.4 EUR,,https://www.tradesor.gr/wp-content/uploads/2023/05/6ce034b2cc9abb8fc000bc6a94fd45dc.jpg,OEM,No Color,1.0,"Επαναφορτιζόμενη ξυριστική μηχανή KM-6619 της Kemei για την περιποίηση μύτης, αυτιών και δύσκολων σημείων. 
Ασύρματη χρήση για 100% ευελιξία και ευκολία στον χειρισμό.
Φορτίστε την το βράδυ, για 10 ώρες, και θα έχετε έως 50 λεπτά αυτονομίας.

Χαρακτηριστικά 
Ισχύς: 3W
Τροφοδοσία: 110-220V – 50-60Hz
Γρήγορη κοπή ακριβείας
100% ανώδυνη
Με προστατευτικό καπάκι
Διάρκεια πλήρους φόρτισης: 10 ώρες
Αυτονομία μπαταρίας: έως 50 λεπτά
Περιλαμβάνει: καλώδιο φόρτισης, βουρτσάκι καθαρισμού",ΥΓΕΙΑ - ΟΜΟΡΦΙΑ  Fitness>Είδη κομμωτηρίου>Ξυριστικές μηχανές
54145,Ξυριστική μηχανή - KM-6511 - Kemei,Ξυριστική μηχανή - KM-6511 - Kemei,in stock,new,6.3 EUR,,https://www.tradesor.gr/wp-content/uploads/2023/05/d26bba306e8c823b4518e72c2ed01f2b.jpg,OEM,No Color,1.0,"Εξαιρετικά πρακτικό εργαλείο trimmer από την Kemei, για περιποίηση μύτης, αυτιών, προσώπου και κάθε δύσκολου σημείου του σώματος. Εργονομικός σχεδιασμός για άνετη χρήση και εύκολη μεταφορά παντού.

Χαρακτηριστικά:

Λεπίδες από ανοξείδωτο ατσάλι
Πρακτικό μέγεθος για εύκολη χρήση, μεταφορά κ αποθήκευση
Αυτονομία μπαταρίας:έως 40 λεπτά
Λυχνία ένδειξης φόρτισης
Αφαιρούμενες και πλενόμενες κεφαλές.
Λειτουργία χαμηλού θορύβου
Διαστάσεις: 12.5 * 2.5CM
Χρόνος φόρτισης: 8 ώρες
Ισχύς: 3W
Τάση: 220V 50Hz
Περιλαμβάνει:

Κεφαλή περιποίησης μύτης/αυτιών
Κεφαλή για φαβορίτες, μούσι
Καλώδιο φόρτισης
Εξάρτημα/χτενάκι για μεγαλύτερο μήκος κοπής",ΥΓΕΙΑ - ΟΜΟΡΦΙΑ  Fitness>Είδη κομμωτηρίου>Ξυριστικές μηχανές
54148,Ξυριστική μηχανή - KM-6630 - Kemei,Ξυριστική μηχανή - KM-6630 - Kemei,in stock,new,8.1 EUR,,https://www.tradesor.gr/wp-content/uploads/2023/05/39b2d779239d8254598fc098b438884d.jpg,OEM,No Color,1.0,"Αδιάβροχη ξυριστική μηχανή-trimmer 4 κεφαλών, κατάλληλη για περιποίηση μαλλιών, προσώπου, μύτης και αυτιών. Επαναφορτιζόμενη για ασύρματη χρήση και εργονομική κατασκευή για άνεση χειρισμού. Ανώδυνη απομάκρυνση των τριχών χωρίς ερεθισμούς. Χρόνος φόρτισης: 10 ώρες, Αυτονομία μπαταρίας: έως 60 λεπτά, Ισχύς: 2w, Διαστάσεις: 2.4x13cm.",ΥΓΕΙΑ - ΟΜΟΡΦΙΑ  Fitness>Είδη κομμωτηρίου>Ξυριστικές μηχανές
54151,Ξυριστική μηχανή - KM-6551  - Kemei,Ξυριστική μηχανή - KM-6551  - Kemei,in stock,new,12.6 EUR,,https://www.tradesor.gr/wp-content/uploads/2023/05/5d1875869bd4dca11a806d9b3b0f93f2.jpg,OEM,No Color,1.0,"Σετ κουρέματος-ξυρίσματος της εταιρίας Kemei, κατάλληλο για κάθε είδους περιποίηση σε μαλλιά, γενιά και σώμα. Επαναφορτιζόμενη μηχανή με αυτονομία έως και 90 λεπτά. Περιλαμβάνει 3 εναλασσόμενες κεφαλές κουρέματος, ξυρίσματος-shaver και περιποίησης μύτης-αυτιών. Ισχύς: 5W, Ψηφιακή οθόνη ενδείξεων, Χρόνος φόρτισης: 2 ώρες, Διαστάσεις: 6*16cm",ΥΓΕΙΑ - ΟΜΟΡΦΙΑ  Fitness>Είδη κομμωτηρίου>Ξυριστικές μηχανές
60612,Ξυριστική μηχανή - Trimmer - KM-312 - Kemei,Ξυριστική μηχανή - Trimmer - KM-312 - Kemei,in stock,new,6.3 EUR,,https://www.tradesor.gr/wp-content/uploads/2023/05/303126.png,OEM,No Color,0.8,"Πολυλειτουργική ξυριστική μηχανή με 3 εναλλασσόμενες κεφαλές για ξύρισμα, περιποίηση δύσκολων σημείων και μύτης-αυτιών. 

Χαρακτηριστικά:

    Σχεδιασμός 3 λεπίδων κοπής, για άνετο και αποτελεσματικό ξύρισμα
    Εργονομικός σχεδιασμός
    Χρόνος φόρτισης: 8 ώρες
    Χρόνος λειτουργίας: 60′
    Αφαιρούμενη, πλενόμενη κεφαλή κοπής
    Ενσωματωμένη μπαταρία λιθίου 400mAh
    Τροφοδοσία: 100-240V, 50/60Hz
    Διαστάσεις:16 x 3 εκ.
    Βάρος: 65 γραμ.

Η συσκευασία περιλαμβάνει:
1 x Επαναφορτιζόμενη ξυριστική μηχανή
3 x Κεφαλές κοπής 
1 x Βουρτσάκι καθαρισμού
1 x Καλώδιο τροφοδοσίας",ΥΓΕΙΑ - ΟΜΟΡΦΙΑ  Fitness>Είδη κομμωτηρίου>Ξυριστικές μηχανές
60615,Ξυριστική μηχανή - Trimmer - KM-X4 - Kemei,Ξυριστική μηχανή - Trimmer - KM-X4 - Kemei,in stock,new,8.1 EUR,,https://www.tradesor.gr/wp-content/uploads/2023/05/300040.png,OEM,No Color,0.8,"Ξυριστική επαναφορτιζόμενη μηχανή, σε μίνι πρακτικό μέγεθος, ιδανική για την περιποίηση δύσκολων σημείων και μύτης-αυτιών. 

Χαρακτηριστικά:
Ισχύς: 2W, Αδιάβροχη για υγρή χρήση και πλενόμενη, 
    Εργονομικός σχεδιασμός,
    Χρόνος φόρτισης: 10 ώρες,
    Χρόνος λειτουργίας: 40′,
    Ενσωματωμένη μπαταρία λιθίου 1.2V,
    Τροφοδοσία: 100-240V, 50/60Hz,
    Διαστάσεις: 11.8 x 2.5εκ.",ΥΓΕΙΑ - ΟΜΟΡΦΙΑ  Fitness>Είδη κομμωτηρίου>Ξυριστικές μηχανές
60619,Ξυριστική μηχανή - Trimmer - KM-114 - Kemei,Ξυριστική μηχανή - Trimmer - KM-114 - Kemei,in stock,new,16.2 EUR,,https://www.tradesor.gr/wp-content/uploads/2023/05/301146.png,OEM,No Color,0.8,"Αδιάβροχη Επαναφορτιζόμενη Ξυριστική Μηχανή  3W Ρυθμιζόμενου Μήκους Κοπής με 3 Κεφαλές για Σώμα, Πρόσωπο & Μύτη KM-114
Μία εντυπωσιακή ξυριστική μηχανή, με την εγγύηση ποιότητας της Kemei για αποτελέσματα επαγγελματικού επιπέδου.

Μοτέρ 3W.
Αδιάβροχη.
Ρυθμιζόμενο μήκος κοπής, για ξύρισμα και τριμμάρισμα σώματος, μαλλιών και μούσια , με απόλυτη ακρίβεια και ασφάλεια.
Γρήγορη φόρτιση με μπαταρία μεγάλης διάρκειας.
Κομψός σχεδιασμός.
Εξοπλισμένη με υψηλής ποιότητας λεπίδες για ασφάλεια στην χρήση.

Χαρακτηριστικά :
• Διάρκεια λειτουργίας : έως 90 λεπτά
• Αδιάβροχη
• Χωρητικότητα μπαταρίας : 500mAH
• Ισχύς : 5W 3W
• Τάση : 100-240V 50/60Hz
• 3 Κεφαλές
• Διαστάσεις : 4,5x16.5cm

Στη συσκευασία θα βρείτε τα εξής :
• 1 x Κουρευτική Μηχανή
• 4 x Κεφαλές διαφορετικού μήκους
• 3 x Κεφαλές διαφορετικών χρήσεων
• 1 x Λάδι λίπανσης μηχανής
• 1 x Βουρτσάκι καθαρισμού",ΥΓΕΙΑ - ΟΜΟΡΦΙΑ  Fitness>Είδη κομμωτηρίου>Ξυριστικές μηχανές
60622,Ξυριστική μηχανή - KM-2809 - Kemei,Ξυριστική μηχανή - KM-2809 - Kemei,in stock,new,15.3 EUR,,https://www.tradesor.gr/wp-content/uploads/2023/05/328099.png,OEM,No Color,0.8,"Επαναφορτιζόμενη ξυριστική μηχανή της Kemei με εργονομικό σχεδιασμό και λεπίδες που προσαρμόζονται στις καμπύλες του προσώπου, για μέγιστο αποτέλεσμα. Χαρακτηριστικά: Ψηφιακή οθόνη ένδειξης μπαταρίας, Ισχύς: 3W, Ενσωματωμένη επαναφορτιζόμενη μπαταρία 3.7V,600mAh, Αυτονομία έως 80 λεπτά με μία πλήρη φόρτιση. Περιλαμβάνεται καλώδιο φόρτισης, βουρτσάκι καθαρισμού και λαδάκι λίπανσης.",ΥΓΕΙΑ - ΟΜΟΡΦΙΑ  Fitness>Είδη κομμωτηρίου>Ξυριστικές μηχανές
60625,Ξυριστική μηχανή - KM-TX1 - Kemei - Gold,Ξυριστική μηχανή - KM-TX1 - Kemei - Gold,in stock,new,36 EUR,,https://www.tradesor.gr/wp-content/uploads/2023/05/300019.png,OEM,No Color,0.8,"Επαναφορτιζόμενη ξυριστική μηχανή-Shaver με διπλή λεπίδα και πρωτοποριακό μεταλλικό σχεδιασμό.

Χαρακτηριστικά:
Λεπίδες από ανοξείδωτο ατσάλι με προστατευτική σίτα
Εργονομική σχεδίαση
Μπαταρία λιθίου 600mah
Χρόνος φόρτισης: 3 ώρες
Αυτονομία μπαταρίας: έως 120 λεπτά
Λυχνία ένδειξης φόρτισης
Λειτουργία χαμηλού θορύβου
Ισχύς: 5W",ΥΓΕΙΑ - ΟΜΟΡΦΙΑ  Fitness>Είδη κομμωτηρίου>Ξυριστικές μηχανές
60628,Ξυριστική μηχανή - KM-6332 - Kemei,Ξυριστική μηχανή - KM-6332 - Kemei,in stock,new,9 EUR,,https://www.tradesor.gr/wp-content/uploads/2023/05/363328.png,OEM,No Color,0.8,"Πολυλειτουργική μηχανή 3 σε 1. Μπορείτε να κουρευτείτε, να περιποιηθείτε μύτη και αυτιά και να ξυριστείτε με μία μόνο συσκευή! Με λεπίδες από ανοξείδωτο ατσάλι που κόβουν κάθε τύπο τρίχας χωρίς να ερεθίζουν το δέρμα. Μπορεί να χρησιμοποιηθεί με ή χωρίς καλώδιο. Το πακέτο περιλαμβάνει 1 κεφαλή κουρέματος, 1 κεφαλή μύτης, 1 ξυριστική κεφαλή, 1 χτένα ορίου και το καλώδιο φόρτισης. Ισχύς: 3W. Τάση: 220V. Συχνότητα: 50Hz. Χρόνος φόρτισης: 8 ώρες. Χρόνος λειτουργίας: 60 λεπτά. Μέγεθος: 17.3×4.7cm.",ΥΓΕΙΑ - ΟΜΟΡΦΙΑ  Fitness>Είδη κομμωτηρίου>Ξυριστικές μηχανές
60631,Ξυριστική μηχανή - KM-8513 - Kemei,Ξυριστική μηχανή - KM-8513 - Kemei,in stock,new,23.4 EUR,,https://www.tradesor.gr/wp-content/uploads/2023/05/385139.png,OEM,No Color,0.8,"Ξυριστική μηχανή προσώπου της εταιρείας Kemei με πρωτοποριακό σχεδιασμό και λεπίδες που προσαρμόζονται στις καμπύλες του προσώπου για βαθύ ξύρισμα που δεν ερεθίζει το δέρμα. Είναι κατάλληλη τόσο για βρεγμένο όσο και για στεγνό δέρμα. Μπορεί να πλυθεί με νερό για εύκολο καθαρισμό. Λειτουργεί με επαναφορτιζόμενη μπαταρία και απαιτείται 1 ώρα για μια πλήρη φόρτιση. Ταυτόχρονα, διαθέτει τεχνολογία γρήγορης φόρτισης για άμεσο ξύρισμα ακόμη κι αν η συσκευή δεν έχει φορτίσει πλήρως. Διαστάσεις: 6.8x6.9cm. Ισχύς: 3W.",ΥΓΕΙΑ - ΟΜΟΡΦΙΑ  Fitness>Είδη κομμωτηρίου>Ξυριστικές μηχανές
60634,Ξυριστική μηχανή - KM-386 - Kemei,Ξυριστική μηχανή - KM-386 - Kemei,in stock,new,18 EUR,,https://www.tradesor.gr/wp-content/uploads/2023/05/303867.png,OEM,No Color,0.8,"Επαναφορτιζόμενη ξυριστική μηχανή της Kemei με εργονομικό σχεδιασμό και λεπίδες που προσαρμόζονται στις καμπύλες του προσώπου, για μέγιστο αποτέλεσμα. Χαρακτηριστικά: Ψηφιακή οθόνη ένδειξης μπαταρίας, Ισχύς: 3W, Ενσωματωμένη επαναφορτιζόμενη μπαταρία 3.7V,600mAh, Αυτονομία έως 80 λεπτά με μία πλήρη φόρτιση. Αδιάβροχη IPX7, κατάλληλη για χρήση σε υγρό δέρμα. Αφαιρούμενη-πλενόμενη κεφαλή. Περιλαμβάνεται καλώδιο φόρτισης και βουρτσάκι καθαρισμού. Διαστάσεις: 6x16cm",ΥΓΕΙΑ - ΟΜΟΡΦΙΑ  Fitness>Είδη κομμωτηρίου>Ξυριστικές μηχανές
60637,Ξυριστική μηχανή - KM-1067 - Kemei,Ξυριστική μηχανή - KM-1067 - Kemei,in stock,new,6.3 EUR,,https://www.tradesor.gr/wp-content/uploads/2023/05/316074.png,OEM,No Color,0.8,"Ξυριστική μηχανή σώματος της εταιρείας Kemei με μια κεφαλή ξυρίσματος διπλής λεπίδας από ανοξείδωτο ατσάλι με προστατευτική σίτα, που δεν ερεθίζει το δέρμα. Είναι κατάλληλη τόσο για βρεγμένο όσο και για στεγνό δέρμα. Μπορεί να πλυθεί με νερό για εύκολο καθαρισμό. Ισχύς: 3W,
Χρόνος φόρτισης: 8 ώρες,
Χρόνος χρήσης: Περίπου 40 λεπτά,
Τάση: AC110 - 240V, 50 / 60Hz.",ΥΓΕΙΑ - ΟΜΟΡΦΙΑ  Fitness>Είδη κομμωτηρίου>Ξυριστικές μηχανές
60640,Ξυριστική μηχανή - KM-1632 - Kemei,Ξυριστική μηχανή - KM-1632 - Kemei,in stock,new,18 EUR,,https://www.tradesor.gr/wp-content/uploads/2023/05/316324.png,OEM,No Color,0.8,"Η ξυριστική μηχανή σώματος KEMEI KM-1632 εγγυάται μοναδικό αποτέλεσμα, δέρμα λείο, μαλακό και λαμπερό απαλλαγμένο από την ανεπιθύμητη τριχοφυΐα.
Η ξυριστική μηχανή σώματος με την υπογραφή της KEMEI είναι μια εκπληκτική συσκευή αποτρίχωσης για το σώμα, τα χέρια, τα πόδια το μπικίνι και το πρόσωπο. Το αποτέλεσμα είναι μοναδικό αφού μπορεί να αφαιρέσει ακόμα και τις πιο μικρές τρίχες ενώ δεν προκαλεί καθόλου ερεθισμούς στο δέρμα. Επιπλέον το μικρό και διακριτικό της σχήμα την καθιστά ιδανική για να την έχεις πάντα μέσα στην τσάντα σου. 
Εύκολη στη χρήση,
Μικρή και διακριτική για να μεταφέρεται παντού,
Άκρως αποτελεσματική, αφαιρεί και τις πιο κοντές τρίχες,
Δεν προκαλεί ερεθισμούς,
Κατάλληλο για κάθε τύπο δέρματος.

Τεχνικά Χαρακτηριστικά 
    Λεπίδες από ανοξείδωτο ατσάλι,
    Κατασκευασμένη από ανθεκτικό ABS,
    Διαστάσεις: 16 x 5,5 cm,
    Χρόνος φόρτισης: 90m,
    Χρόνος συνεχόμενης λειτουργίας: έως 50m.

Η συσκευασία περιλαμβάνει

1 x Ξυριστική μηχανή
2 x Kεφαλές
1 x Καλώδιο USB
1 x Βούρτσα καθαριότητας
1 x Οδηγίες χρήσης",ΥΓΕΙΑ - ΟΜΟΡΦΙΑ  Fitness>Είδη κομμωτηρίου>Ξυριστικές μηχανές
60643,Ξυριστική μηχανή - KM-4010 - Kemei,Ξυριστική μηχανή - KM-4010 - Kemei,in stock,new,10.8 EUR,,https://www.tradesor.gr/wp-content/uploads/2023/05/340107.png,OEM,No Color,0.8,"Συσκευή περιποίησης 3 σε 1 Kemei είναι ένα εργαλείο που διαθέτει 3 διαφορετικές κεφαλές και είναι κατάλληλο για απαλό ξύρισμα στην περιοχή του προσώπου, στις μασχάλες, την περιοχή του μπικίνι και τα πόδια. Με επαναφορτιζόμενη μπαταρία και σε πρακτικό μέγεθος για να το πάντα έχετε μαζί σας. Αυτονομία μπαταρίας έως 40' με μία πλήρη φόρτιση.",ΥΓΕΙΑ - ΟΜΟΡΦΙΑ  Fitness>Είδη κομμωτηρίου>Ξυριστικές μηχανές
60646,Ξυριστική μηχανή - KM-3210 - Kemei,Ξυριστική μηχανή - KM-3210 - Kemei,in stock,new,18 EUR,,https://www.tradesor.gr/wp-content/uploads/2023/05/332102.png,OEM,No Color,0.8,"Ξυριστική μηχανή προσώπου της εταιρείας Kemei  για βαθύ ξύρισμα. Είναι κατάλληλη τόσο για βρεγμένο όσο και για στεγνό δέρμα. Μπορεί να πλυθεί με νερό για εύκολο καθαρισμό. Λειτουργεί με επαναφορτιζόμενη μπαταρία και απαιτούνται 2 ώρες για μια πλήρη φόρτιση.
Ταυτόχρονα, διαθέτει τεχνολογία γρήγορης φόρτισης για άμεσο ξύρισμα ακόμη κι αν η συσκευή δεν έχει φορτίσει πλήρως. Είναι φιλική προς το δέρμα σας και δεν δημιουργεί ερεθισμούς.

Χαρακτηριστικά:
    Φόρτιση: USB type-c
    Βάρος: 460gr
    Χρόνος φόρτισης: 2 ώρες
    Μοτέρ: 5W
    Τάση εισόδου: 5V – 1Α
    Αδιάβροχη: Ναι IPX7",ΥΓΕΙΑ - ΟΜΟΡΦΙΑ  Fitness>Είδη κομμωτηρίου>Ξυριστικές μηχανές
60649,Ξυριστική μηχανή - 5in1 - KM-1004 - Kemei,Ξυριστική μηχανή - 5in1 - KM-1004 - Kemei,in stock,new,23.4 EUR,,https://www.tradesor.gr/wp-content/uploads/2023/05/310049.png,OEM,No Color,0.8,"Εξαιρετικά πρακτικό πολυεργαλείο ξυρίσματος, κουρέματος και περιποίησης από την Kemei!
Με 5 διαφορετικές εναλλασσόμενες κεφαλές για ξύρισμα, trimming, περιποίηση μύτης/αυτιών αλλά και μασάζ και βαθύ καθαρισμό προσώπου.
Εργονομικός σχεδιασμός για άνετη χρήση και εύκολη μεταφορά παντού. Χαρακτηριστικά: Χρόνος φόρτισης: 1 ώρα
    Χρόνος χρήσης: 85′
    Ένδειξη κατάστασης μπαταρίας
    Ισχύς: 5W
    Διαστάσεις: 8 x 7 εκ.
    Βάρος: 120 γραμ.

Η συσκευασία περιλαμβάνει:
1 x Ξυριστική μηχανή
2 x Κεφαλές βουρτσάκια καθαρισμού προσώπου
1 x Κεφαλή για μύτη-αυτιά
1 x Ξυριστική κεφαλή προσώπου
1 x Κουρευτική κεφαλή
3 x Χτενάκια μήκους κοπής 3/5/7mm
1 x Καλώδιο φόρτισης USB
1 x Βουρτσάκι
1 x Οδηγίες χρήσης στα Αγγλικά",ΥΓΕΙΑ - ΟΜΟΡΦΙΑ  Fitness>Είδη κομμωτηρίου>Ξυριστικές μηχανές
60652,Ξυριστική μηχανή - KM-507 - Kemei,Ξυριστική μηχανή - KM-507 - Kemei,in stock,new,14.4 EUR,,https://www.tradesor.gr/wp-content/uploads/2023/05/305076.png,OEM,No Color,0.8,"Ξυριστική μηχανή προσώπου της εταιρείας Kemei με τρεις περιστροφικές λεπίδες για βαθύ ξύρισμα. Είναι κατάλληλη τόσο για βρεγμένο όσο και για στεγνό δέρμα. Μπορεί να πλυθεί με νερό για εύκολο καθαρισμό. Λειτουργεί με επαναφορτιζόμενη μπαταρία και απαιτούνται 2 ώρες για μια πλήρη φόρτιση. Είναι φιλική προς το δέρμα σας και δεν δημιουργεί ερεθισμούς. Χαρακτηριστικά: Χρόνος φόρτισης: 2 ώρες  με καλώδιο USB TYPE-C (περιλαμβάνεται).
Αδιάβροχη επιπέδου IPX5.
Χρόνος χρήσης: έως 120 λεπτά.
Υλικό λεπίδων: Ανοξείδωτο ατσάλι.",ΥΓΕΙΑ - ΟΜΟΡΦΙΑ  Fitness>Είδη κομμωτηρίου>Ξυριστικές μηχανές
60655,Ξυριστική μηχανή -  KM-2808 - Kemei,Ξυριστική μηχανή -  KM-2808 - Kemei,in stock,new,18 EUR,,https://www.tradesor.gr/wp-content/uploads/2023/05/328082.png,OEM,No Color,0.8,"Ξυριστική μηχανή προσώπου της εταιρείας Kemei με τρεις περιστροφικές λεπίδες για βαθύ ξύρισμα. Είναι κατάλληλη τόσο για βρεγμένο όσο και για στεγνό δέρμα. Μπορεί να πλυθεί με νερό για εύκολο καθαρισμό, καθώς είναι πλήρως αδιάβροχη (|ΡΧ7). Είναι φιλική προς το δέρμα σας και δεν δημιουργεί ερεθισμούς. Διαθέτει 2 κεφαλές για ξύρισµα και τριµάρισµα και 1 κεφαλή για περιποίηση των τριχών στα αυτιά, µύτη κτλ. Διαθέτει επαναφορτιζόµενη µπαταρία, λειτουργεί µε καλώδιο φόρτισης (περιλαµβάνεται) και απαιτούνται 8 ώρες για µια πλήρη φόρτιση. Με φωτεινή πράσινη ένδειξη όταν η µπαταρία είναι πλήρως φορτισµένη. Η συσκευασία περιλαµβάνει καλώδιο φόρτισης, βουρτσάκι καθαρισµού και 3 εξαρτήµατα ξυρίσµατος.
Χαρακτηριστικά:
Υλικό λεπίδας: Ανοξείδωτο Ατσάλι
Χρόνος λειτουργίας: έως 60'
Χρόνος φόρτισης: 8 ώρες
Διαστάσεις: 16 κ 6cm
Βάρος: 0.374kg",ΥΓΕΙΑ - ΟΜΟΡΦΙΑ  Fitness>Είδη κομμωτηρίου>Ξυριστικές μηχανές
60658,Ξυριστική μηχανή -  KM-3209 - Kemei,Ξυριστική μηχανή -  KM-3209 - Kemei,in stock,new,15.3 EUR,,https://www.tradesor.gr/wp-content/uploads/2023/05/32094.png,OEM,No Color,0.8,"Επαναφορτιζόμενη ξυριστική μηχανή με διπλή λεπίδα και πρωτοποριακό σχεδιασμό, με πρακτική βάση φόρτισης.

Χαρακτηριστικά:
Λεπίδες από ανοξείδωτο ατσάλι με προστατευτική σίτα
Εργονομική λαβή
Μπαταρία λιθίου 600mah
Χρόνος φόρτισης: 1 ώρα
Αυτονομία μπαταρίας: έως 60 λεπτά
Λυχνία ένδειξης φόρτισης
Λειτουργία χαμηλού θορύβου
Ισχύς: 5W, Διαστάσεις: 11x5cm, Βάρος: 136gr",ΥΓΕΙΑ - ΟΜΟΡΦΙΑ  Fitness>Είδη κομμωτηρίου>Ξυριστικές μηχανές
60661,Ξυριστική μηχανή KM-3385 - Kemei,Ξυριστική μηχανή KM-3385 - Kemei,in stock,new,12.6 EUR,,https://www.tradesor.gr/wp-content/uploads/2023/05/33855.png,OEM,No Color,0.8,"Επαναφορτιζόμενη ξυριστική μηχανή με διπλή λεπίδα και πρωτοποριακό σχεδιασμό, με ψηφιακή οθόνη ενδείξεων. 
Χαρακτηριστικά:
Λεπίδες από ανοξείδωτο ατσάλι με προστατευτική σίτα
Ισχύς: 5W
Χωρητικότητα μπαταρίας: 1400 mAh
Χρόνος φόρτισης: 2 ώρες
Χρόνος χρήσης: 120 λεπτά
Ψηφιακή οθόνη LCD
Τρεις ρυθμιζόμενες ταχύτητες",ΥΓΕΙΑ - ΟΜΟΡΦΙΑ  Fitness>Είδη κομμωτηρίου>Ξυριστικές μηχανές
