id,title,description,availability,condition,price,link,image_link,brand,color,shipping_weight,rich_text_description,fb_product_category
35134,Ισιωτική μαλλιών - KM-19112 - Multistyler - Kemei,Ισιωτική μαλλιών - KM-19112 - Multistyler - Kemei,in stock,new,14.4 EUR,,https://www.tradesor.gr/wp-content/uploads/2023/04/20170112091737_kemei_km_19112.jpeg,OEM,No Color,0.6,"<p>Με την συσκευή ισιώματος μαλλιών 3 σε 1 της Kemei θα δημιουργήσετε εύκολα οποιοδήποτε look μπορείτε να φανταστείτε καθώς συνδυάζει τρεις διαφορετικές λειτουργίες σε ένα εργαλείο:</p><ul><li>Ισιωτική</li><li>Σωλήνας για μπούκλες</li><li>Πλάκες για κυματιστό look-τοστ.</li></ul><p>Φτιάξτε με μια συσκευή, σε ελάχιστο χρόνο, άψογα ίσια, σγουρά ή κυματιστά μαλλιά, χωρίς φθορές και σπασίματα χάρη στην τεχνολογία τουρμαλίνης!</p><p>Κατάλληλο και για επαγγελματική χρήση.</p><p><strong>Χαρακτηριστικά:</strong></p><ul><li>Ταχεία θέρμανση</li><li>Χωρίς αυτόματη απενεργοποίηση</li><li>Διάμετρος 16-20mm</li><li>Ισχύς: 25-39W</li><li>Εύρος θερμοκρασίας: 100 ℃ - 230 ℃</li><li>Διακόπτης ON / OFF</li><li>Λυχνία λειτουργίας</li><li>Κλείδωμα ασφαλείας</li><li>Περιστροφικό καλώδιο</li></ul>",ΥΓΕΙΑ - ΟΜΟΡΦΙΑ  Fitness>Είδη κομμωτηρίου>Ισιωτικές μαλλιών και ηλεκτρικές βούρτσες
35264,Ισιωτική μαλλιών - GM-2956 - Gemei,Ισιωτική μαλλιών - GM-2956 - Gemei,in stock,new,9 EUR,,https://www.tradesor.gr/wp-content/uploads/2023/04/gm2956.jpg,OEM,No Color,0.6,"<p>Ισιώστε τα μαλλιά σας εύκολα και γρήγορα χωρίς φθορές και σπασίματα. Οι ειδικές κεραμικές πλάκες με κρυστάλλους τουρμαλίνης προστατεύουν τα μαλλιά σας από τη θερμότητα και το φριζάρισμα για ένα άψογο, λαμπερό αποτέλεσμα!</p><p>Κατάλληλο και για επαγγελματική χρήση.</p><p><strong>Χαρακτηριστικά προϊόντος:</strong></p><ul><li>Μέγιστη θερμοκρασία 200°C.</li><li>360 ° περιστρεφόμενο καλώδιο.</li><li>Εξαιρετικά γρήγορη προθέρμανση.</li><li>Διακόπτης ON/OFF</li></ul>",ΥΓΕΙΑ - ΟΜΟΡΦΙΑ  Fitness>Είδη κομμωτηρίου>Ισιωτικές μαλλιών και ηλεκτρικές βούρτσες
36066,Ισιωτική μαλλιών - KM-8852 - Kemei,Ισιωτική μαλλιών - KM-8852 - Kemei,in stock,new,18 EUR,,https://www.tradesor.gr/wp-content/uploads/2023/04/20180912133904_kemei_km_8852.jpeg,OEM,No Color,0.6,"<p>Ισιώστε τα μαλλιά σας εύκολα, χωρίς φθορές και σπασίματα. Χάρη στις μεγάλες κεραμικές πλάκες τουρμαλίνης πλάτους 4,6 cm, ολοκληρώνετε το χτένισμα σας στο μισό χρόνο! Η τεχνολογία τουρμαλίνης προστατεύει τα μαλλιά από τη θερμότητα και το φριζάρισμα για ένα άψογο, λαμπερό αποτέλεσμα!</p><p><strong>Χαρακτηριστικά:</strong></p><ul><li>Κεραμικές πλάκες τουρμαλίνης</li><li>Εύρος θερμοκρασίας 80 - 220 C</li><li>Ρυθμιστής θερμοκρασίας</li><li>Οθόνη LCD με ενδείξεις θερμοκρασίας</li><li>PTC αντίσταση που θερμαίνεται σε ελάχιστο χρόνο - 15 δευτερόλεπτα</li><li>Λαβή που κλειδώνει</li><li>Περιστρεφόμενο καλώδιο 360 μοιρών</li><li>Ισχύς: 56W</li><li>Διαστάσεις: 29,5cm</li></ul>",ΥΓΕΙΑ - ΟΜΟΡΦΙΑ  Fitness>Είδη κομμωτηρίου>Ισιωτικές μαλλιών και ηλεκτρικές βούρτσες
36313,Ισιωτική μαλλιών - KM-1213 - Multistyler - Kemei,Ισιωτική μαλλιών - KM-1213 - Multistyler - Kemei,in stock,new,10.8 EUR,,https://www.tradesor.gr/wp-content/uploads/2023/04/2809_312135_KM1213.jpeg,OEM,No Color,0.8,"<p>Με την <strong>συσκευή ισιώματος μαλλιών</strong> 3 σε 1 της Kemei θα δημιουργήσετε εύκολα οποιοδήποτε look μπορείτε να φανταστείτε καθώς συνδυάζει τρεις διαφορετικές λειτουργίες σε ένα εργαλείο:</p><ul><li>Ισιωτική</li><li>Σωλήνας για μπούκλες</li><li>Πλάκες για κυματιστό look-τοστ.</li></ul><p>Φτιάξτε με μια συσκευή, σε ελάχιστο χρόνο, άψογα ίσια, σγουρά ή κυματιστά μαλλιά, χωρίς φθορές και σπασίματα χάρη στην τεχνολογία τουρμαλίνης!</p><p><strong>Χαρακτηριστικά:</strong></p><ul><li>Κεραμικές πλάκες τουρμαλίνης</li><li>Μοντέρνος εργονομικός σχεδιασμός.</li><li>Πλαστικό περίβλημα ανθεκτικό στη θερμότητα.</li><li>Διακόπτης LED ON / OFF</li><li>Εύρος θερμοκρασίας: 180-200 ° C.</li><li>Γρήγορος χρόνος θέρμανσης (3 λεπτά)</li><li>Διάμετρος 25mm</li><li>Κλείδωμα ασφαλείας</li><li>Καλώδιο τροφοδοσίας περιστρεφόμενο 360 μοίρες.</li><li>110V-220V-50/60 HZ</li><li>40W.</li></ul>",ΥΓΕΙΑ - ΟΜΟΡΦΙΑ  Fitness>Είδη κομμωτηρίου>Ισιωτικές μαλλιών και ηλεκτρικές βούρτσες
36502,Ισιωτική μαλλιών με τεχνολογία ατμ�,Ισιωτική μαλλιών με τεχνολογία ατμού - KM-3011 - Kemei,in stock,new,18 EUR,,https://www.tradesor.gr/wp-content/uploads/2023/04/kemei-km-3011.jpg,OEM,No Color,0.6,"<p>Πρωτοποριακή επαγγελματική ισιωτική πρέσα μαλλιών με τεχνολογία ατμού για άψογο ίσιωμα και υψηλή προστασία της τρίχας από τη θερμότητα και τη φθορά. Διαθέτει κεραμικές πλάκες τουρμαλίνης που προστατεύουν τα μαλλιά, και τεχνολογία ionic ώστε τα μαλλιά να μην ηλεκτρίζονται, για λείο και λαμπερό αποτελεσμα!</p><h3>Χαρακτηριστικά:</h3><ul><li>Ψηφιακό panel ένδειξης θερμοκρασίας</li><li>Σύστημα αυτόματης απενεργοποίησης για ασφάλεια</li><li>Άμεση θέρμανση σε 30''</li><li>Περιστρεφόμενο καλώδιο 360 μοιρών</li><li>Ιονικές κεραμικές πλάκες τουρμαλίνης</li><li>Λαβή που κλειδώνει</li><li>Θερμοκρασία από 120 έως 200 βαθμούς C</li><li>Ισχύς: 65W</li><li>Τάση: 210-240V</li><li>Συχνότητα: 50Hz</li></ul>",ΥΓΕΙΑ - ΟΜΟΡΦΙΑ  Fitness>Είδη κομμωτηρίου>Ισιωτικές μαλλιών και ηλεκτρικές βούρτσες
36509,Ισιωτική μαλλιών - KM-9941 - Kemei,Ισιωτική μαλλιών - KM-9941 - Kemei,in stock,new,7.2 EUR,,https://www.tradesor.gr/wp-content/uploads/2023/04/0504_399419.jpg,OEM,No Color,0.8,"<p>Ισιωτική μαλλιών Kemei ΚΜ-5627 με κεραμικές πλάκες με τεχνολογία τουρμαλίνης που προστατεύει τα μαλλιά απ την θερμότητα και τη φθορά, για ένα λείο και λαμπερό αποτέλεσμα!</p><p><strong>Χαρακτηριστικά:</strong></p><ul><li>Ισχύς: 40w</li><li>Εύρος θερμοκρασίας: 160 - 230℃</li><li>Χρόνος θέρμανσης: 30''</li><li>Τάση: 100-240v 50. / 60hz</li><li>Διαστάσεις συσκευής: 28 x 3 cm</li><li>Μήκος καλωδίου: 1.2 m</li></ul>",ΥΓΕΙΑ - ΟΜΟΡΦΙΑ  Fitness>Είδη κομμωτηρίου>Ισιωτικές μαλλιών και ηλεκτρικές βούρτσες
36786,Ισιωτική μαλλιών - KM-9939 - Kemei,Ισιωτική μαλλιών - KM-9939 - Kemei,in stock,new,10.8 EUR,,https://www.tradesor.gr/wp-content/uploads/2023/04/1507_399396.jpg,OEM,No Color,0.5,"<p>Ισιωτική μαλλιών Kemei KM9939 με κεραμικές πλάκες τεχνολογίας Nano Silver για προστασία των μαλλιών από την φθορά της θερμότητας. Επιπλέον, διαθέτει φαρδιές πλάκες πλάτους 4,5 cm για ευκολότερο και γρηγορότερο ίσιωμα.</p><p><strong>Χαρακτηριστικά :</strong></p><ul><li>Ταχεία θέρμανση σε 40""""</li><li>Ρυθμίσεις θερμοκρασίας: 100, 150, 190, 230°C</li><li>Διακόπτης ενεργοποίησης με φωτεινή λυχνία λειτουργίας</li><li>Ισχύς 40 W</li><li>Τάση: 220-240v</li><li>Συχνότητα: 50/60HZ</li><li>Oδηγίες χρήσης στα Αγγλικά</li></ul>",ΥΓΕΙΑ - ΟΜΟΡΦΙΑ  Fitness>Είδη κομμωτηρίου>Ισιωτικές μαλλιών και ηλεκτρικές βούρτσες
36911,Ισιωτική μαλλιών - KM-1037 - Kemei,Ισιωτική μαλλιών - KM-1037 - Kemei,in stock,new,18 EUR,,https://www.tradesor.gr/wp-content/uploads/2023/04/310377_1310.jpg,OEM,No Color,0.5,"<p>Η Ισιωτική της Kemei KM-1037, χάρη στις φαρδιές κεραμικές πλάκες της με διαστάσεις 4 x 10 cm θα σας βοηθήσει να ολοκληρώσετε το χτένισμα των μαλλιών σας στο μισό χρόνο! Διαθέτει ειδική επίστρωση τουρμαλίνης που προστατεύει τα μαλλιά από τη θερμότητα και την αλλοίωση. <br />Με τεχνολογία ταχείας θέρμανσης, σε μόνο 30"""".</p><p><strong>Χαρακτηριστικά :</strong></p><p>Θερμοκρασία: 150-220C</p><p>Οθόνη Ψηφιακών Ενδείξεων θερμοκρασίας</p><p>Ισχύς: 65W</p>",ΥΓΕΙΑ - ΟΜΟΡΦΙΑ  Fitness>Είδη κομμωτηρίου>Ισιωτικές μαλλιών και ηλεκτρικές βούρτσες
37089,Ισιωτική μαλλιών - KM-7065 - Kemei,Ισιωτική μαλλιών - KM-7065 - Kemei,in stock,new,16.2 EUR,,https://www.tradesor.gr/wp-content/uploads/2023/04/370654_1511.jpg,OEM,No Color,0.4,"<p>Ισιωτική μαλλιών από την Kemei με κεραμικές πλάκες που διαθέτουν επίστρωση τουρμαλίνης για προστασία των μαλλιών από τη θερμότητα. Ο λεπτός σχεδιασμός με πλάκες πλάτους 2.5cm σας επιτρέπει να δημιουργήσετε πανεύκολα και καλοσχεδιασμένες μπούκλες με μία κίνηση.</p><p><strong>Χαρακτηριστικά:</strong></p><ul><li>Μέγιστη θερμoκρασία 230°C</li><li>Άμεση θέρμανση σε 30""""</li><li>Ψηφιακή οθόνη LCD με ένδειξη θερμοκρασίας</li><li>Περιστρεφόμενο καλώδιο 2m</li></ul>",ΥΓΕΙΑ - ΟΜΟΡΦΙΑ  Fitness>Είδη κομμωτηρίου>Ισιωτικές μαλλιών και ηλεκτρικές βούρτσες
37090,Ισιωτική μαλλιών - KM-5625 - Kemei,Ισιωτική μαλλιών - KM-5625 - Kemei,in stock,new,14.4 EUR,,https://www.tradesor.gr/wp-content/uploads/2023/04/356252_new.png,OEM,No Color,0.4,"<p>Ισιωτική μαλλιών από την Kemei με κεραμικές πλάκες που διαθέτουν επίστρωση τουρμαλίνης για προστασία των μαλλιών από τη θερμότητα. Ο λεπτός σχεδιασμός με πλάκες πλάτους 2.5cm σας επιτρέπει να δημιουργήσετε πανεύκολα και καλοσχεδιασμένες μπούκλες με μία κίνηση.</p><p><strong>Χαρακτηριστικά:</strong></p><ul><li>Μέγιστη θερμoκρασία 230°C</li><li>Άμεση θέρμανση σε 30""""</li><li>Ψηφιακή οθόνη LCD με ένδειξη θερμοκρασίας</li><li>Περιστρεφόμενο καλώδιο 2m</li></ul>",ΥΓΕΙΑ - ΟΜΟΡΦΙΑ  Fitness>Είδη κομμωτηρίου>Ισιωτικές μαλλιών και ηλεκτρικές βούρτσες
37789,Ισιωτική μαλλιών - KM-7063 - Kemei,Ισιωτική μαλλιών - KM-7063 - Kemei,in stock,new,18 EUR,,https://www.tradesor.gr/wp-content/uploads/2023/04/370630.jpg,OEM,No Color,0.8,"<p>Ισιωτική μαλλιών Kemei ΚΜ-5627 με κεραμικές πλάκες με τεχνολογία τουρμαλίνης που προστατεύει τα μαλλιά απ την θερμότητα και τη φθορά, για ένα λείο και λαμπερό αποτέλεσμα! H ταχύτατη θέρμανσή της σας βοηθά να ολοκληρώσετε το χτένισμα σας σε ελάχιστο χρόνο.</p><p><strong>Τεχνικά χαρακτηριστικά :</strong></p><p>Ταχεία θέρμανση σε 30sec <br />Εύρος θερμοκρασίας: έως 220C<br />Κεραμικές πλάκες <br />Διακόπτης Eνεργοποίησης με φωτεινή ένδειξη λειτουργίας <br />Ισχύς 45 W <br />Διαστάσεις: 24*4*3.8cm</p>",ΥΓΕΙΑ - ΟΜΟΡΦΙΑ  Fitness>Είδη κομμωτηρίου>Ισιωτικές μαλλιών και ηλεκτρικές βούρτσες
37790,Ισιωτική μαλλιών - KM-2513 - Kemei,Ισιωτική μαλλιών - KM-2513 - Kemei,in stock,new,12.6 EUR,,https://www.tradesor.gr/wp-content/uploads/2023/04/325135.jpg,OEM,No Color,0.5,"<p>Ισιωτική μαλλιών Kemei με κεραμικές πλάκες με τεχνολογία τουρμαλίνης που προστατεύει τα μαλλιά απ την θερμότητα και τη φθορά, για ένα λείο και λαμπερό αποτέλεσμα! H ταχύτατη θέρμανσή της σας βοηθά να ολοκληρώσετε το χτένισμα σας σε ελάχιστο χρόνο.</p><p><strong>Τεχνικά χαρακτηριστικά :</strong></p><p>Ταχεία θέρμανση σε 30sec <br />Εύρος θερμοκρασίας: έως 220C<br />Κεραμικές πλάκες <br />Διακόπτης Eνεργοποίησης με φωτεινή ένδειξη λειτουργίας <br />Ισχύς 30 W <br />Διαστάσεις: 24*4*3.8cm</p>",ΥΓΕΙΑ - ΟΜΟΡΦΙΑ  Fitness>Είδη κομμωτηρίου>Ισιωτικές μαλλιών και ηλεκτρικές βούρτσες
37791,Ισιωτική μαλλιών - KM-470 - Kemei,Ισιωτική μαλλιών - KM-470 - Kemei,in stock,new,9 EUR,,https://www.tradesor.gr/wp-content/uploads/2023/04/307407.jpg,OEM,No Color,0.5,"<p>Ισιωτική μαλλιών Kemei ΚΜ-5627 με κεραμικές πλάκες με τεχνολογία τουρμαλίνης που προστατεύει τα μαλλιά απ την θερμότητα και τη φθορά, για ένα λείο και λαμπερό αποτέλεσμα! Οι φαρδιές της πλάκες και η ταχύτατη θέρμανσή της σας βοηθούν να ολοκληρώσετε το χτένισμα σας σε ελάχιστο χρόνο.</p><p><strong>Τεχνικά χαρακτηριστικά :</strong></p><p>Ταχεία θέρμανση σε 30sec <br />4 ρυθμίσεις θερμοκρασίας – 160-180-200-220 βαθμούς Κελσίου <br />Κεραμικές πλάκες <br />Μεγάλη επιφάνεια πλακών <br />Διακόπτης Eνεργοποίησης με φωτεινή ένδειξη λειτουργίας <br />Ισχύς 35 W <br />Διαστάσεις: 24*4*3.8cm</p>",ΥΓΕΙΑ - ΟΜΟΡΦΙΑ  Fitness>Είδη κομμωτηρίου>Ισιωτικές μαλλιών και ηλεκτρικές βούρτσες
37792,Ισιωτική μαλλιών - KM-459 - Kemei,Ισιωτική μαλλιών - KM-459 - Kemei,in stock,new,12.6 EUR,,https://www.tradesor.gr/wp-content/uploads/2023/04/304598.jpg,OEM,No Color,0.5,"<div><div><p>Ισιωτική μαλλιών Kemei ΚΜ-5627 με κεραμικές πλάκες με τεχνολογία τουρμαλίνης που προστατεύει τα μαλλιά απ την θερμότητα και τη φθορά, για ένα λείο και λαμπερό αποτέλεσμα! H ταχύτατη θέρμανσή της σας βοηθά να ολοκληρώσετε το χτένισμα σας σε ελάχιστο χρόνο.</p><p><strong>Τεχνικά χαρακτηριστικά :</strong></p><p>Ταχεία θέρμανση σε 30sec <br />Εύρος θερμοκρασίας: έως 220C<br />Κεραμικές πλάκες <br />Διακόπτης Eνεργοποίησης με φωτεινή ένδειξη λειτουργίας <br />Ισχύς 45 W <br />Διαστάσεις: 24*4*3.8cm</p></div></div>",ΥΓΕΙΑ - ΟΜΟΡΦΙΑ  Fitness>Είδη κομμωτηρίου>Ισιωτικές μαλλιών και ηλεκτρικές βούρτσες
39043,Ισιωτική μαλλιών - KM-9828 - Kemei,Ισιωτική μαλλιών - KM-9828 - Kemei,in stock,new,10.8 EUR,,https://www.tradesor.gr/wp-content/uploads/2023/04/398283.jpg,OEM,No Color,0.5,"<div class=""sku-description""><p class=""simple-description js-description-html"">Πρέσα μαλλιών της Kemei με κεραμικές πλάκες και τεχνολογία τουρμαλίνης που προστατεύει τα μαλλιά απ τη θερμότητα και τη φθορά, για ένα λείο και λαμπερό αποτέλεσμα. Οι φαρδιές της πλάκες και η ταχύτατη θέρμανσή της σας βοηθούν να ολοκληρώσετε το χτένισμα σας σε ελάχιστο χρόνο.</p><div class=""rich-components""><section class=""one-column""><p><strong>Χαρακτηριστικά :<br /></strong></p><div class=""body-text""><ul><li>Οθόνη ένδειξης θερμοκρασίας</li><li>Εύρος θερμοκρασίας: έως 230 C</li><li>Χρόνος θέρμανσης: 30""</li><li>Τάση: 100-240v 50. / 60hz</li><li>Διαστάσεις πλάκας: 11 x 4 cm</li><li>Διαστάσεις συσκευής: 33 x 4.5 x 4.2 cm</li><li>Μήκος καλωδίου: 1.5 m</li><li>Βάρος: 450 gr</li></ul></div></section></div></div>",ΥΓΕΙΑ - ΟΜΟΡΦΙΑ  Fitness>Είδη κομμωτηρίου>Ισιωτικές μαλλιών και ηλεκτρικές βούρτσες
39044,Ισιωτική μαλλιών - KM-5627 - Kemei,Ισιωτική μαλλιών - KM-5627 - Kemei,in stock,new,18 EUR,,https://www.tradesor.gr/wp-content/uploads/2023/04/0504_356276-1.png,OEM,No Color,0.8,"<p class=""simple-description js-description-html"">Πρέσα μαλλιών της Kemei με κεραμικές πλάκες και τεχνολογία τουρμαλίνης που προστατεύει τα μαλλιά απ τη θερμότητα και τη φθορά, για ένα λείο και λαμπερό αποτέλεσμα. Οι φαρδιές της πλάκες και η ταχύτατη θέρμανσή της σας βοηθούν να ολοκληρώσετε το χτένισμα σας σε ελάχιστο χρόνο.</p><div class=""rich-components""><section class=""one-column""><p><strong>Χαρακτηριστικά:</strong></p><div class=""body-text""><ul><li>Οθόνη ένδειξης θερμοκρασίας</li><li>Ισχύς: 70w</li><li>Εύρος θερμοκρασίας: έως 230 C</li><li>Χρόνος θέρμανσης: 30""</li><li>Τάση: 100-240v 50. / 60hz</li><li>Διαστάσεις πλάκας: 11x4.5cm</li><li>Διαστάσεις συσκευής: 33x5 x 4.2 cm</li><li>Μήκος καλωδίου: 1.2 m</li><li>Βάρος: 455 gr</li></ul></div></section></div>",ΥΓΕΙΑ - ΟΜΟΡΦΙΑ  Fitness>Είδη κομμωτηρίου>Ισιωτικές μαλλιών και ηλεκτρικές βούρτσες
39045,Ισιωτική μαλλιών - KM-690ZF - Kemei,Ισιωτική μαλλιών - KM-690ZF - Kemei,in stock,new,18 EUR,,https://www.tradesor.gr/wp-content/uploads/2023/04/1106_306905-1.jpg,OEM,No Color,0.8,<p>Ισιωτική μαλλιών 2 σε 1 με εργονομικό κυλινδρικό σχήμα με το οποίο μπορείτε να δημιουργήσετε και μεγάλες μπούκλες πανεύκολα. Με τεχνολογία τουρμαλίνης και κεραμική επίστρωση για προστασία της τρίχας από την φθορά της θερμότητας.</p><p><strong>Χαρακτηριστικά:</strong><br />Ισχύς: 36W<br />Πτυσσόμενη για εύκολη φορητότητα<br />Κεραμικές Πλάκες<br />Διάμετρος κυλίνδρου: 25mm<br />Μήκος συσκευής: 31cm<br />Max θερμοκρασία: 230 °C<br />2 επίπεδα θερμοκρασίας<br />Διακόπτης Eνεργοποίησης με λυχνία λειτουργίας<br />Κλείδωμα ασφαλείας<br />Περιστρεφόμενο καλώδιο</p>,ΥΓΕΙΑ - ΟΜΟΡΦΙΑ  Fitness>Είδη κομμωτηρίου>Ισιωτικές μαλλιών και ηλεκτρικές βούρτσες
54139,Ηλεκτρική βούρτσα χτενίσματος/στεγ,Ηλεκτρική βούρτσα χτενίσματος/στεγνώματος μαλλιών - KM-8022 - Kemei,in stock,new,28.8 EUR,,https://www.tradesor.gr/wp-content/uploads/2023/05/bd24a3cfca0f609dca553bd2b5721e7d.jpg,OEM,No Color,2.0,"Ηλεκτρική βούρτσα μαλλιών θερμού αέρα, που περιστρέφεται και στεγνώνει ενώ παράλληλα φορμάρει τα μαλλιά σας σε ελάχιστο χρόνο.
Το απόλυτο εργαλείο γρήγορου στεγνώματος και χτενίσματος που δεν φθείρει τα μαλλιά σας. Χαρακτηριστικά:
Ισχύς: 1000W
Δεξιόστροφη και αριστερόστροφη περιστροφή κεφαλής με διακόπτη ρύθμισης φοράς.

3 επίπεδα λειτουργίας:
2 – Υψηλή θερμοκρασία και μεγάλη ένταση αέρα
1 – Μέτρια θερμοκρασία και χαμηλότερη ένταση αέρα
C – Χαμηλή θερμοκρασία και μεγάλη ένταση αέρα

Μήκος καλωδίου: 1.7m, περιστρεφόμενο, Διαστάσεις: 36x5.4cm.
Διαστάσεις συνολικές: 36 x 5.4 cm
Διαστάσεις κεφαλής/βούρτσας: 14 x 5cm
Βάρος συσκευασίας: 500gr
Τάση λειτουργίας: 220-240V
Συχνότητα: 50/60Hz",ΥΓΕΙΑ - ΟΜΟΡΦΙΑ  Fitness>Είδη κομμωτηρίου>Ισιωτικές μαλλιών και ηλεκτρικές βούρτσες
54217,Ισιωτική μαλλιών - 3in1 - KM-1213 - Kemei,Ισιωτική μαλλιών - 3in1 - KM-1213 - Kemei,in stock,new,10.8 EUR,,https://www.tradesor.gr/wp-content/uploads/2023/05/be276c9fa749d5481fa50ad27d63b0a0.jpg,OEM,No Color,1.0,"H ισιωτική μαλλιών 3 σε 1 Kemei – KM-1291B είναι ένα επαγγελματικό πολυεργαλείο μαλλιών  που θα σας προσφέρει καλοχτενισμένα μαλλιά κάθε μέρα χωρίς κόπο και σε ελάχιστο χρόνο. Χάρη στις κεραμικές πλάκες που διαθέτει, φορμάρει και προστατεύει τα μαλλιά σας από την φθορά και το φριζάρισμα. Τεχνολογία 3 σε 1, που σας δίνει την επιλογή να ισιώσετε τα μαλλιά σας χρησιμοποιώντας τις λείες κεραμικές πλάκες, να τα κάνετε μπούκλες χρησιμοποιώντας το ειδικό «μανταλάκι» ή να κάνετε τα μαλλιά σας κυματιστά χρησιμοποιώντας τις ειδικές πλάκες «τοστιέρα».

Χαρακτηριστικά :
Συσκευή μαλλιών με 3 επιλογές: Ισιωτική, Μασιά, Τοστιέρα.
Κεραμικές Πλάκες.
Θερμοκρασία έως 230 °C.
Διακόπτης ενεργοποίησης με λυχνία λειτουργίας.
Κλείδωμα ασφαλείας.
Περιστρεφόμενο καλώδιο.",ΥΓΕΙΑ - ΟΜΟΡΦΙΑ  Fitness>Είδη κομμωτηρίου>Ισιωτικές μαλλιών και ηλεκτρικές βούρτσες
54220,Ισιωτική μαλλιών - 3in1 - KM-1291-B - Kemei,Ισιωτική μαλλιών - 3in1 - KM-1291-B - Kemei,in stock,new,14.4 EUR,,https://www.tradesor.gr/wp-content/uploads/2023/05/4d3af464ac2856f3b71116180d2bbd42.jpg,OEM,No Color,1.0,"H ισιωτική μαλλιών 3 σε 1 Kemei – KM-1291B είναι ένα επαγγελματικό πολυεργαλείο μαλλιών  που θα σας προσφέρει καλοχτενισμένα μαλλιά κάθε μέρα χωρίς κόπο και σε ελάχιστο χρόνο. Χάρη στις κεραμικές πλάκες που διαθέτει, φορμάρει και προστατεύει τα μαλλιά σας από την φθορά και το φριζάρισμα. Τεχνολογία 3 σε 1, που σας δίνει την επιλογή να ισιώσετε τα μαλλιά σας χρησιμοποιώντας τις λείες κεραμικές πλάκες, να τα κάνετε μπούκλες χρησιμοποιώντας το ειδικό «μανταλάκι» ή να κάνετε τα μαλλιά σας κυματιστά χρησιμοποιώντας τις ειδικές πλάκες «τοστιέρα».

Χαρακτηριστικά :
Συσκευή μαλλιών με 3 επιλογές: Ισιωτική, Μασιά, Τοστιέρα.
Κεραμικές Πλάκες.
Θερμοκρασία έως 230 °C.
Διακόπτης ενεργοποίησης με λυχνία λειτουργίας.
Κλείδωμα ασφαλείας.
Περιστρεφόμενο καλώδιο.",ΥΓΕΙΑ - ΟΜΟΡΦΙΑ  Fitness>Είδη κομμωτηρίου>Ισιωτικές μαλλιών και ηλεκτρικές βούρτσες
54226,Ισιωτική μαλλιών - KM-8879 - Kemei,Ισιωτική μαλλιών - KM-8879 - Kemei,in stock,new,16.2 EUR,,https://www.tradesor.gr/wp-content/uploads/2023/05/a7ce6b2373348e19d7c0ae48326f268c.jpg,OEM,No Color,1.0,"Ισιωτική μαλλιών Kemei ΚΜ-5627 με κεραμικές πλάκες με τεχνολογία τουρμαλίνης που προστατεύει τα μαλλιά απ την θερμότητα και τη φθορά, για ένα λείο και λαμπερό αποτέλεσμα! Οι φαρδιές της πλάκες και η ταχύτατη θέρμανσή της σας βοηθούν να ολοκληρώσετε το χτένισμα σας σε ελάχιστο χρόνο. Άμεση θέρμανση σε 30 δευτερόλεπτα.
Ρυθμιζόμενη θερμοκρασία από έως 230 C.
Οθόνη LCD με ενδειξη θερμοκρασίας.
Διάστασεις πλάκας θέρμανσης 90 x 45 mm.
Περιστρεφόμενο καλώδιο 360 μοιρών.
Ισχύς 55W.
Μέγεθος προϊόντος 31 x 5 εκ.
Περιστρεφόμενο καλώδιο.",ΥΓΕΙΑ - ΟΜΟΡΦΙΑ  Fitness>Είδη κομμωτηρίου>Ισιωτικές μαλλιών και ηλεκτρικές βούρτσες
54229,Ισιωτική μαλλιών - KM-9622 - Kemei,Ισιωτική μαλλιών - KM-9622 - Kemei,in stock,new,19.8 EUR,,https://www.tradesor.gr/wp-content/uploads/2023/05/c41e251ffa6e44775e75fcaa5fd68f20.jpg,OEM,No Color,1.0,"Ισιώστε τα μαλλιά σας εύκολα και γρήγορα χωρίς φθορές! Οι κεραμικές πλάκες έχουν ειδική επίστρωση νέας τεχνολογίας με κρυστάλλους τουρμαλίνης που προστατεύουν τα μαλλιά σας από τη θερμότητα και το φριζάρισμα και τα αφήνουν λεία και λαμπερά!

Χαρακτηριστικά:

Άμεση θέρμανση σε 30 δευτερόλεπτα.
Ρυθμιζόμενη θερμοκρασία από 120 Deg. C έως 230 Deg. C (κάθε 5 βαθμούς C)
Οθόνη LCD με ενδειξη θερμοκρασίας.
Διάστασεις πλάκας θέρμανσης 90 x 42 mm
Περιστρεφόμενο καλώδιο 360 μοιρών
Ισχύς 45W
Βάρος προϊόντος 361g
Μέγεθος προϊόντος 31 x 5 εκ
Περιεχόμενο συσκευασίας:
1 Ισιωτική μαλλιών
1 Εγχειρίδιο χρήσης στα Αγγλικά",ΥΓΕΙΑ - ΟΜΟΡΦΙΑ  Fitness>Είδη κομμωτηρίου>Ισιωτικές μαλλιών και ηλεκτρικές βούρτσες
60664,Ηλεκτρική βούρτσα μαλλιών - KM-1327 - Keme,Ηλεκτρική βούρτσα μαλλιών - KM-1327 - Kemei,in stock,new,21.6 EUR,,https://www.tradesor.gr/wp-content/uploads/2023/05/313279.png,OEM,No Color,0.8,"Ηλεκτρική βούρτσα μαλλιών Kemei, ιδανική για εύκολο ίσιωμα και χτένισμα, για λείο αποτέλεσμα με ορατά λιγότερη φθορά της τρίχας. Διαθέτει 3 επίπεδα ρύθμισης θερμοκρασίας έως και 260°C και άμεση θέρμανση σε 30 δευτερόλεπτα. 
Ισχύς 450w
Διαστάσεις : 6.5 * 33 cm
Τάση 220-240v
Περιστρεφόμενο καλώδιο 360 μοιρών, μήκους 1.75m.",ΥΓΕΙΑ - ΟΜΟΡΦΙΑ  Fitness>Είδη κομμωτηρίου>Ισιωτικές μαλλιών και ηλεκτρικές βούρτσες
60667,Ισιωτική μαλλιών - KM-959 - Kemei,Ισιωτική μαλλιών - KM-959 - Kemei,in stock,new,14.4 EUR,,https://www.tradesor.gr/wp-content/uploads/2023/05/309593.png,OEM,No Color,0.8,"Iσιωτική μαλλιών Kemei με κεραμικές πλάκες και τεχνολογία τουρμαλίνης, που προστατεύει τα μαλλιά σας από την φθορά της θερμότητας και το φριζάρισμα, προσφέροντας λείο λαμπερό αποτέλεσμα. 
    Ισχύς 35W,
    Ταχεία θέρμανση σε 30'' με θερμαντικό στοιχείο PTC, 
    Ρύθμιση θερμοκρασίας μέχρι 220 βαθμούς Κελσίου, 
    LCD οθόνη με ενδείξεις, Διαστάσεις: 30x4cm, Καλώδιο 1.7m, 
    Οδηγίες χρήσης στα Αγγλικά.",ΥΓΕΙΑ - ΟΜΟΡΦΙΑ  Fitness>Είδη κομμωτηρίου>Ισιωτικές μαλλιών και ηλεκτρικές βούρτσες
60670,Ισιωτική μαλλιών - KM-2519 - Kemei,Ισιωτική μαλλιών - KM-2519 - Kemei,in stock,new,10.8 EUR,,https://www.tradesor.gr/wp-content/uploads/2023/05/325197.png,OEM,No Color,0.8,"Iσιωτική μαλλιών Kemei με κεραμικές πλάκες και τεχνολογία τουρμαλίνης, που προστατεύει τα μαλλιά σας από την φθορά της θερμότητας και το φριζάρισμα, προσφέροντας λείο λαμπερό αποτέλεσμα. 
    Ισχύς 35W,
    Ταχεία θέρμανση σε 30'' με θερμαντικό στοιχείο PTC, 
    Έλεγχος θερμοκρασίας 150-230°C
    LCD οθόνη με ενδείξεις, Διαστάσεις: 30x4cm, Καλώδιο 1.7m, 
    Οδηγίες χρήσης στα Αγγλικά.",ΥΓΕΙΑ - ΟΜΟΡΦΙΑ  Fitness>Είδη κομμωτηρίου>Ισιωτικές μαλλιών και ηλεκτρικές βούρτσες
60673,Ισιωτική μαλλιών - KM-9916 - Kemei,Ισιωτική μαλλιών - KM-9916 - Kemei,in stock,new,12.6 EUR,,https://www.tradesor.gr/wp-content/uploads/2023/05/399167.png,OEM,No Color,0.8,"Iσιωτική μαλλιών Kemei με κεραμικές πλάκες και τεχνολογία τουρμαλίνης, που προστατεύει τα μαλλιά σας από την φθορά της θερμότητας και το φριζάρισμα, προσφέροντας λείο λαμπερό αποτέλεσμα. 
    Ισχύς 45W,
    Ταχεία θέρμανση σε 30'' με θερμαντικό στοιχείο PTC, 
    Έλεγχος θερμοκρασίας 160-230°C
    LCD οθόνη με ενδείξεις, Διαστάσεις: 29x4.2cm, Καλώδιο 1.7m, 
    Οδηγίες χρήσης στα Αγγλικά.",ΥΓΕΙΑ - ΟΜΟΡΦΙΑ  Fitness>Είδη κομμωτηρίου>Ισιωτικές μαλλιών και ηλεκτρικές βούρτσες
60676,Ισιωτική μαλλιών - KM-1231 - Kemei,Ισιωτική μαλλιών - KM-1231 - Kemei,in stock,new,10.8 EUR,,https://www.tradesor.gr/wp-content/uploads/2023/05/312319.png,OEM,No Color,0.8,"Iσιωτική μαλλιών Kemei με κεραμικές πλάκες και τεχνολογία τουρμαλίνης, που προστατεύει τα μαλλιά σας από την φθορά της θερμότητας και το φριζάρισμα, προσφέροντας λείο λαμπερό αποτέλεσμα. 
    Ισχύς 45W,
    Ταχεία θέρμανση σε 30'' με θερμαντικό στοιχείο PTC, 
    Έλεγχος θερμοκρασίας 150-230°C
    Ενδεικτική λυχνία, Διαστάσεις: 29.3x4.2cm, Καλώδιο περιστρεφόμενο 2m, 
    Οδηγίες χρήσης στα Αγγλικά.",ΥΓΕΙΑ - ΟΜΟΡΦΙΑ  Fitness>Είδη κομμωτηρίου>Ισιωτικές μαλλιών και ηλεκτρικές βούρτσες
60679,Ισιωτική μαλλιών - KM-740 - Kemei,Ισιωτική μαλλιών - KM-740 - Kemei,in stock,new,10.8 EUR,,https://www.tradesor.gr/wp-content/uploads/2023/05/307407.png,OEM,No Color,0.8,"Iσιωτική μαλλιών Kemei με πλατιές κεραμικές πλάκες και τεχνολογία τουρμαλίνης, που προστατεύει τα μαλλιά σας από την φθορά της θερμότητας και το φριζάρισμα, προσφέροντας λείο λαμπερό αποτέλεσμα. 
    Ισχύς 45W,
    Ταχεία θέρμανση σε 30'' με θερμαντικό στοιχείο PTC, 
    Έλεγχος θερμοκρασίας 170-220°C
    Ενδεικτική λυχνία, Διαστάσεις: 29.3x4.2cm, Καλώδιο περιστρεφόμενο 2m, 
    Οδηγίες χρήσης στα Αγγλικά.",ΥΓΕΙΑ - ΟΜΟΡΦΙΑ  Fitness>Είδη κομμωτηρίου>Ισιωτικές μαλλιών και ηλεκτρικές βούρτσες
60682,Ισιωτική μαλλιών - KM-460 - Kemei,Ισιωτική μαλλιών - KM-460 - Kemei,in stock,new,10.8 EUR,,https://www.tradesor.gr/wp-content/uploads/2023/05/304604.png,OEM,No Color,0.8,"Iσιωτική μαλλιών Kemei με κεραμικές πλάκες και τεχνολογία τουρμαλίνης, που προστατεύει τα μαλλιά σας από την φθορά της θερμότητας και το φριζάρισμα, προσφέροντας λείο λαμπερό αποτέλεσμα. 
    Ισχύς 45W,
    Ταχεία θέρμανση σε 30'' με θερμαντικό στοιχείο PTC, 
    Έλεγχος θερμοκρασίας 170-220°C
    Ενδεικτική λυχνία, Διαστάσεις: 29.3x4.2cm, Καλώδιο περιστρεφόμενο 1.7m, 
    Οδηγίες χρήσης στα Αγγλικά.",ΥΓΕΙΑ - ΟΜΟΡΦΙΑ  Fitness>Είδη κομμωτηρίου>Ισιωτικές μαλλιών και ηλεκτρικές βούρτσες
60685,Ισιωτική μαλλιών - KM-2238 - Kemei,Ισιωτική μαλλιών - KM-2238 - Kemei,in stock,new,18 EUR,,https://www.tradesor.gr/wp-content/uploads/2023/05/322387.png,OEM,No Color,0.8,"Iσιωτική μαλλιών Kemei με κεραμικές πλάκες και τεχνολογία τουρμαλίνης, που προστατεύει τα μαλλιά σας από την φθορά της θερμότητας και το φριζάρισμα, προσφέροντας λείο λαμπερό αποτέλεσμα. 
    Ισχύς 45W,
    Ταχεία θέρμανση σε 30'' με θερμαντικό στοιχείο PTC, 
    Έλεγχος θερμοκρασίας 140-220°C
    LCD οθόνη με ενδείξεις, Διαστάσεις: 29.5x3cm, Καλώδιο περιστρεφόμενο 1.7m, 
    Οδηγίες χρήσης στα Αγγλικά.",ΥΓΕΙΑ - ΟΜΟΡΦΙΑ  Fitness>Είδη κομμωτηρίου>Ισιωτικές μαλλιών και ηλεκτρικές βούρτσες
60688,Ισιωτική μαλλιών - KM-9831 - Kemei,Ισιωτική μαλλιών - KM-9831 - Kemei,in stock,new,6.3 EUR,,https://www.tradesor.gr/wp-content/uploads/2023/05/398313.png,OEM,No Color,0.8,"Iσιωτική μαλλιών Kemei με κεραμικές πλάκες και τεχνολογία τουρμαλίνης, που προστατεύει τα μαλλιά σας από την φθορά της θερμότητας και το φριζάρισμα, προσφέροντας λείο λαμπερό αποτέλεσμα. 
    Ισχύς 60W,
    Ταχεία θέρμανση σε 30'' με θερμαντικό στοιχείο PTC, 
    Θερμοκρασία έως 220°C, Διαστάσεις: 30x3.5cm, Καλώδιο περιστρεφόμενο 1.7m, 
    Οδηγίες χρήσης στα Αγγλικά.",ΥΓΕΙΑ - ΟΜΟΡΦΙΑ  Fitness>Είδη κομμωτηρίου>Ισιωτικές μαλλιών και ηλεκτρικές βούρτσες
60691,Ισιωτική μαλλιών - KM-8889 - Kemei,Ισιωτική μαλλιών - KM-8889 - Kemei,in stock,new,9 EUR,,https://www.tradesor.gr/wp-content/uploads/2023/05/388895.png,OEM,No Color,0.8,"Iσιωτική μαλλιών Kemei με κεραμικές πλάκες και τεχνολογία τουρμαλίνης, που προστατεύει τα μαλλιά σας από την φθορά της θερμότητας και το φριζάρισμα, προσφέροντας λείο λαμπερό αποτέλεσμα. 
    Ισχύς 45W,
    Ταχεία θέρμανση σε 30'' με θερμαντικό στοιχείο PTC, 
    Έλεγχος θερμοκρασίας 100-230°C
    Λυχνία ενδείξεων, Διαστάσεις: 29.5x3.5cm, Καλώδιο περιστρεφόμενο 1.7m, 
    Οδηγίες χρήσης στα Αγγλικά.",ΥΓΕΙΑ - ΟΜΟΡΦΙΑ  Fitness>Είδη κομμωτηρίου>Ισιωτικές μαλλιών και ηλεκτρικές βούρτσες
60694,Ισιωτική μαλλιών - KM-2239 - Kemei,Ισιωτική μαλλιών - KM-2239 - Kemei,in stock,new,15.3 EUR,,https://www.tradesor.gr/wp-content/uploads/2023/05/322394.png,OEM,No Color,0.8,"Iσιωτική μαλλιών Kemei με κεραμικές πλάκες και τεχνολογία τουρμαλίνης, που προστατεύει τα μαλλιά σας από την φθορά της θερμότητας και το φριζάρισμα, προσφέροντας λείο λαμπερό αποτέλεσμα. 
    Ισχύς 55W,
    Ταχεία θέρμανση σε 30'' με θερμαντικό στοιχείο PTC, 
    Έλεγχος θερμοκρασίας 170-220°C
    LCD οθόνη με ενδείξεις, Διαστάσεις: 29x4cm, Καλώδιο περιστρεφόμενο 1.7m, 
    Οδηγίες χρήσης στα Αγγλικά.",ΥΓΕΙΑ - ΟΜΟΡΦΙΑ  Fitness>Είδη κομμωτηρίου>Ισιωτικές μαλλιών και ηλεκτρικές βούρτσες
