id,title,description,availability,condition,price,link,image_link,brand,color,shipping_weight,rich_text_description,fb_product_category
35174,Κλειδί - 16-17mm - 192035,Κλειδί - 16-17mm - 192035,in stock,new,1.8 EUR,,https://www.tradesor.gr/wp-content/uploads/2023/04/15636355936525684.jpg,OEM,No Color,0.4,<p>16-17mm</p>,ΕΡΓΑΛΕΙΑ  ΕΠΑΓΓΕΛΜΑΤΙΚΟΣ ΕΞΟΠΛΙΣΜΟΣ>Εργαλεία>Κλειδιά  καστάνιες
35175,Κλειδί πολύγωνο κυρτό - 18-19mm - 192036,Κλειδί πολύγωνο κυρτό - 18-19mm - 192036,in stock,new,2.34 EUR,,https://www.tradesor.gr/wp-content/uploads/2023/04/15636355733055577.jpg,OEM,No Color,0.4,<p>18-19mm</p>,ΕΡΓΑΛΕΙΑ  ΕΠΑΓΓΕΛΜΑΤΙΚΟΣ ΕΞΟΠΛΙΣΜΟΣ>Εργαλεία>Κλειδιά  καστάνιες
35176,Κλειδί πολύγωνο κυρτό - 20-22mm - 192037,Κλειδί πολύγωνο κυρτό - 20-22mm - 192037,in stock,new,2.7 EUR,,https://www.tradesor.gr/wp-content/uploads/2023/04/15636355580421805.jpg,OEM,No Color,0.4,<p>20-22mm</p>,ΕΡΓΑΛΕΙΑ  ΕΠΑΓΓΕΛΜΑΤΙΚΟΣ ΕΞΟΠΛΙΣΜΟΣ>Εργαλεία>Κλειδιά  καστάνιες
35177,Κλειδί γερμανοπολύγωνο - 21mm - 192090,Κλειδί γερμανοπολύγωνο - 21mm - 192090,in stock,new,2.7 EUR,,https://www.tradesor.gr/wp-content/uploads/2023/04/192096_1511.jpg,OEM,No Color,0.4,<p>Μέγεθος: 21mm<br />Φτιαγμένο από ανοξείδωτο ατσάλι.</p>,ΕΡΓΑΛΕΙΑ  ΕΠΑΓΓΕΛΜΑΤΙΚΟΣ ΕΞΟΠΛΙΣΜΟΣ>Εργαλεία>Κλειδιά  καστάνιες
35374,Κλειδί γερμανοπολύγωνο - 8mm - 192077,Κλειδί γερμανοπολύγωνο - 8mm - 192077,in stock,new,0.9 EUR,,https://www.tradesor.gr/wp-content/uploads/2023/04/192096_1511.jpg,OEM,No Color,0.2,<p>Μέγεθος: 8mm<br />Φτιαγμένο από ανοξείδωτο ατσάλι.</p>,ΕΡΓΑΛΕΙΑ  ΕΠΑΓΓΕΛΜΑΤΙΚΟΣ ΕΞΟΠΛΙΣΜΟΣ>Εργαλεία>Κλειδιά  καστάνιες
35376,Κλειδί γερμανοπολύγωνο - 12mm - 192081,Κλειδί γερμανοπολύγωνο - 12mm - 192081,in stock,new,1.26 EUR,,https://www.tradesor.gr/wp-content/uploads/2023/04/15636324945631290.jpg,OEM,No Color,0.2,<p>12mm</p>,ΕΡΓΑΛΕΙΑ  ΕΠΑΓΓΕΛΜΑΤΙΚΟΣ ΕΞΟΠΛΙΣΜΟΣ>Εργαλεία>Κλειδιά  καστάνιες
35379,Κλειδί φίλτρου λαδιού - 10'' - Finder - 190188,Κλειδί φίλτρου λαδιού - 10'' - Finder - 190188,in stock,new,14.4 EUR,,https://www.tradesor.gr/wp-content/uploads/2023/04/190188.jpg,OEM,No Color,0.2,<p>Μέγεθος: 250mm/10''<br />Hardness: 40-48HRC</p><p>Φτιαγμένο από ανοξείδωτο ατσάλι.</p>,ΕΡΓΑΛΕΙΑ  ΕΠΑΓΓΕΛΜΑΤΙΚΟΣ ΕΞΟΠΛΙΣΜΟΣ>Εργαλεία>Κλειδιά  καστάνιες
35390,Κλειδί - Σετ 8X - Finder - 192067,Κλειδί - Σετ 8X - Finder - 192067,in stock,new,14.4 EUR,,https://www.tradesor.gr/wp-content/uploads/2023/04/κλειδί-σετ-8x-finder-192067.jpg,OEM,No Color,0.2,"<p>Σετ 8 Γερμανικών κλειδιών.</p><p>Μέγεθος: 7*8, 8*9, 10*11, 12*13, 14*15, 16*17, 18*19, 20*22, 22*24mm</p><p>Φτιαγμένο από ανοξείδωτο ατσάλι.</p>",ΕΡΓΑΛΕΙΑ  ΕΠΑΓΓΕΛΜΑΤΙΚΟΣ ΕΞΟΠΛΙΣΜΟΣ>Εργαλεία>Κλειδιά  καστάνιες
35391,Σετ κλειδιά πολύγωνα - 6pcs - Finder - 192133,Σετ κλειδιά πολύγωνα - 6pcs - Finder - 192133,in stock,new,11.7 EUR,,https://www.tradesor.gr/wp-content/uploads/2023/04/κλειδί-σετ-6x-finder-192133.jpg,OEM,No Color,0.2,"<p>Σετ 6 γερμανοπολύγωνων κλειδιών.</p><p>Μέγεθος: 6*7, 8*9, 10*11, 12*13, 14*15, 16*17mm</p><p>Φτιαγμένο από χάλυβα βαναδίου.</p>",ΕΡΓΑΛΕΙΑ  ΕΠΑΓΓΕΛΜΑΤΙΚΟΣ ΕΞΟΠΛΙΣΜΟΣ>Εργαλεία>Κλειδιά  καστάνιες
35392,Σετ κλειδιά πολύγωνα - 8pcs  - Finder - 192134,Σετ κλειδιά πολύγωνα - 8pcs  - Finder - 192134,in stock,new,18 EUR,,https://www.tradesor.gr/wp-content/uploads/2023/04/κλειδί-σετ-8x-finder-192134.jpg,OEM,No Color,0.2,"<p>Σετ 8 γερμανοπολύγωνων κλειδιών.</p><p>Μέγεθος: 6*7, 8*9, 10*11, 12*13, 14*15, 16*17, 18*19, 20*22mm</p><p>Φτιαγμένο από χάλυβα βαναδίου.</p>",ΕΡΓΑΛΕΙΑ  ΕΠΑΓΓΕΛΜΑΤΙΚΟΣ ΕΞΟΠΛΙΣΜΟΣ>Εργαλεία>Κλειδιά  καστάνιες
35393,Σετ κλειδιά πολύγωνα κυρτά - 10pcs - Finde,Σετ κλειδιά πολύγωνα κυρτά - 10pcs - Finder - 192136,in stock,new,27 EUR,,https://www.tradesor.gr/wp-content/uploads/2023/04/192136.jpg,OEM,No Color,0.2,"<p>Κλειδιά πολύγωνα κυρτά Finder, σετ 10 τεμαχίων σε επαγγελματική υφασμάτινη θήκη. </p><p>Μέγεθος: 6*7, 8*9, 10*11, 12*13, 14*15, 16*17, 18*19, 20*22, 21*23, 24*27mm</p>",ΕΡΓΑΛΕΙΑ  ΕΠΑΓΓΕΛΜΑΤΙΚΟΣ ΕΞΟΠΛΙΣΜΟΣ>Εργαλεία>Κλειδιά  καστάνιες
35395,Κλειδιά Allen με σφαιρική κεφαλή - 9pcs - ,Κλειδιά Allen με σφαιρική κεφαλή - 9pcs - Finder - 193128,in stock,new,4.5 EUR,,https://www.tradesor.gr/wp-content/uploads/2023/04/193128.jpg,OEM,No Color,0.8,"<p>Σετ 9 τεμάχια Κλειδιά Allen-Ball Point - Long, Finder.</p>",ΕΡΓΑΛΕΙΑ  ΕΠΑΓΓΕΛΜΑΤΙΚΟΣ ΕΞΟΠΛΙΣΜΟΣ>Εργαλεία>Κλειδιά  καστάνιες
35406,Κλειδί πολύγωνο κυρτό - 10-11mm - 192032,Κλειδί πολύγωνο κυρτό - 10-11mm - 192032,in stock,new,1.26 EUR,,https://www.tradesor.gr/wp-content/uploads/2023/04/15636356504372304.jpg,OEM,No Color,0.2,<p>10-11mm</p>,ΕΡΓΑΛΕΙΑ  ΕΠΑΓΓΕΛΜΑΤΙΚΟΣ ΕΞΟΠΛΙΣΜΟΣ>Εργαλεία>Κλειδιά  καστάνιες
35466,Κλειδί πολύγωνο κυρτό - 14-15mm - 192034,Κλειδί πολύγωνο κυρτό - 14-15mm - 192034,in stock,new,1.62 EUR,,https://www.tradesor.gr/wp-content/uploads/2023/04/15636356173836276.jpg,OEM,No Color,0.2,<p>14-15mm</p>,ΕΡΓΑΛΕΙΑ  ΕΠΑΓΓΕΛΜΑΤΙΚΟΣ ΕΞΟΠΛΙΣΜΟΣ>Εργαλεία>Κλειδιά  καστάνιες
35469,Σετ καρυδάκια με καστάνια - Sleeve tools  -,Σετ καρυδάκια με καστάνια - Sleeve tools  - 11pcs - 1/4 - Finder - 192867,in stock,new,11.7 EUR,,https://www.tradesor.gr/wp-content/uploads/2023/04/κλειδί-sleeve-tools-11τμχ-finder-14-192867.jpg,OEM,No Color,0.2,<p>1 pc 1/4'' racket wrench<br />socket 4-13mm</p>,ΕΡΓΑΛΕΙΑ  ΕΠΑΓΓΕΛΜΑΤΙΚΟΣ ΕΞΟΠΛΙΣΜΟΣ>Εργαλεία>Κλειδιά  καστάνιες
35470,Κλειδί γερμανοπολύγωνο - 21mm - 192931,Κλειδί γερμανοπολύγωνο - 21mm - 192931,in stock,new,3.06 EUR,,https://www.tradesor.gr/wp-content/uploads/2023/04/192096_1511.jpg,OEM,No Color,0.4,<p>Μέγεθος: 21mm</p><p>Φτιαγμένο από ανοξείδωτο ατσάλι.</p>,ΕΡΓΑΛΕΙΑ  ΕΠΑΓΓΕΛΜΑΤΙΚΟΣ ΕΞΟΠΛΙΣΜΟΣ>Εργαλεία>Κλειδιά  καστάνιες
35471,Κλειδί γερμανοπολύγωνο - 14mm - 192924,Κλειδί γερμανοπολύγωνο - 14mm - 192924,in stock,new,1.8 EUR,,https://www.tradesor.gr/wp-content/uploads/2023/04/192096_1511.jpg,OEM,No Color,0.4,<p>Μέγεθος: 14mm</p><p>Φτιαγμένο από ανοξείδωτο ατσάλι.</p>,ΕΡΓΑΛΕΙΑ  ΕΠΑΓΓΕΛΜΑΤΙΚΟΣ ΕΞΟΠΛΙΣΜΟΣ>Εργαλεία>Κλειδιά  καστάνιες
35472,Κλειδί γερμανοπολύγωνο - 12mm - 192922,Κλειδί γερμανοπολύγωνο - 12mm - 192922,in stock,new,1.8 EUR,,https://www.tradesor.gr/wp-content/uploads/2023/04/192096_1511.jpg,OEM,No Color,0.4,<p>Μέγεθος: 12mm</p><p>Φτιαγμένο από ανοξείδωτο ατσάλι.</p>,ΕΡΓΑΛΕΙΑ  ΕΠΑΓΓΕΛΜΑΤΙΚΟΣ ΕΞΟΠΛΙΣΜΟΣ>Εργαλεία>Κλειδιά  καστάνιες
35473,Κλειδί γερμανοπολύγωνο - 8mm - 192918,Κλειδί γερμανοπολύγωνο - 8mm - 192918,in stock,new,1.26 EUR,,https://www.tradesor.gr/wp-content/uploads/2023/04/192096_1511.jpg,OEM,No Color,0.2,<p>Μέγεθος: 8mm<br />Φτιαγμένο από ανοξείδωτο ατσάλι.</p>,ΕΡΓΑΛΕΙΑ  ΕΠΑΓΓΕΛΜΑΤΙΚΟΣ ΕΞΟΠΛΙΣΜΟΣ>Εργαλεία>Κλειδιά  καστάνιες
35476,Κλειδί γερμανικό - 16-17mm - 192907,Κλειδί γερμανικό - 16-17mm - 192907,in stock,new,2.16 EUR,,https://www.tradesor.gr/wp-content/uploads/2023/04/κλειδί-γερμανικό-16-17mm-192907.jpg,OEM,No Color,0.4,<p>Γερμανικό κλειδί με ίσια λαβή.</p><p>Μέγεθος: 16*17mm</p><p>Φτιαγμένο από ανοξείδωτο ατσάλι.</p>,ΕΡΓΑΛΕΙΑ  ΕΠΑΓΓΕΛΜΑΤΙΚΟΣ ΕΞΟΠΛΙΣΜΟΣ>Εργαλεία>Κλειδιά  καστάνιες
35477,Κλειδί γερμανικό - 14-15mm - 192906,Κλειδί γερμανικό - 14-15mm - 192906,in stock,new,1.8 EUR,,https://www.tradesor.gr/wp-content/uploads/2023/04/κλειδί-γερμανικό-14-15mm-192906.jpg,OEM,No Color,0.4,<p>Γερμανικό κλειδί με ίσια λαβή.</p><p>Μέγεθος: 14*15mm</p><p>Φτιαγμένο από ανοξείδωτο ατσάλι.</p>,ΕΡΓΑΛΕΙΑ  ΕΠΑΓΓΕΛΜΑΤΙΚΟΣ ΕΞΟΠΛΙΣΜΟΣ>Εργαλεία>Κλειδιά  καστάνιες
35478,Κλειδί γερμανικό - 10-11mm - 192904,Κλειδί γερμανικό - 10-11mm - 192904,in stock,new,1.26 EUR,,https://www.tradesor.gr/wp-content/uploads/2023/04/κλειδί-γερμανικό-10-11mm-192904.jpg,OEM,No Color,0.2,<p>Γερμανικό κλειδί με ίσια λαβή.</p><p>Μέγεθος: 10*11mm</p><p>Φτιαγμένο από ανοξείδωτο ατσάλι.</p>,ΕΡΓΑΛΕΙΑ  ΕΠΑΓΓΕΛΜΑΤΙΚΟΣ ΕΞΟΠΛΙΣΜΟΣ>Εργαλεία>Κλειδιά  καστάνιες
35479,Κλειδί γερμανικό - 8-9mm  - 192903,Κλειδί γερμανικό - 8-9mm  - 192903,in stock,new,1.08 EUR,,https://www.tradesor.gr/wp-content/uploads/2023/04/κλειδί-γερμανικό-8-9mm-192903.jpg,OEM,No Color,0.2,<p>Γερμανικό κλειδί με ίσια λαβή.</p><p>Μέγεθος: 8*9mm</p><p>Φτιαγμένο από ανοξείδωτο ατσάλι.</p>,ΕΡΓΑΛΕΙΑ  ΕΠΑΓΓΕΛΜΑΤΙΚΟΣ ΕΞΟΠΛΙΣΜΟΣ>Εργαλεία>Κλειδιά  καστάνιες
35480,Κλειδί πολύγωνο κυρτό - 25-28mm - 192899,Κλειδί πολύγωνο κυρτό - 25-28mm - 192899,in stock,new,5.4 EUR,,https://www.tradesor.gr/wp-content/uploads/2023/04/κλειδί-πολύγωνο-25-28mm-192899.jpg,OEM,No Color,0.4,<p>Κλειδί πολύγωνο με ίσια λαβή.</p><p>Μέγεθος: 25*28mm</p><p>Φτιαγμένο από ανοξείδωτο ατσάλι.</p>,ΕΡΓΑΛΕΙΑ  ΕΠΑΓΓΕΛΜΑΤΙΚΟΣ ΕΞΟΠΛΙΣΜΟΣ>Εργαλεία>Κλειδιά  καστάνιες
35481,Κλειδί πολύγωνο κυρτό - 21-23mm - 192896,Κλειδί πολύγωνο κυρτό - 21-23mm - 192896,in stock,new,3.6 EUR,,https://www.tradesor.gr/wp-content/uploads/2023/04/κλειδί-πολύγωνο-21-23mm-192896.jpg,OEM,No Color,0.4,<p>Κλειδί πολύγωνο με ίσια λαβή.</p><p>Μέγεθος: 21*23mm</p><p>Φτιαγμένο από ανοξείδωτο ατσάλι.</p>,ΕΡΓΑΛΕΙΑ  ΕΠΑΓΓΕΛΜΑΤΙΚΟΣ ΕΞΟΠΛΙΣΜΟΣ>Εργαλεία>Κλειδιά  καστάνιες
35482,Κλειδί πολύγωνο κυρτό - 18-19mm - 192894,Κλειδί πολύγωνο κυρτό - 18-19mm - 192894,in stock,new,2.7 EUR,,https://www.tradesor.gr/wp-content/uploads/2023/04/κλειδί-πολύγωνο-18-19mm-192894.jpg,OEM,No Color,0.4,<p>Κλειδί πολύγωνο με ίσια λαβή.</p><p>Μέγεθος: 18*19mm</p><p>Φτιαγμένο από ανοξείδωτο ατσάλι.</p>,ΕΡΓΑΛΕΙΑ  ΕΠΑΓΓΕΛΜΑΤΙΚΟΣ ΕΞΟΠΛΙΣΜΟΣ>Εργαλεία>Κλειδιά  καστάνιες
35483,Κλειδί πολύγωνο κυρτό - 16-17mm - 192893,Κλειδί πολύγωνο κυρτό - 16-17mm - 192893,in stock,new,2.34 EUR,,https://www.tradesor.gr/wp-content/uploads/2023/04/κλειδί-πολύγωνο-16-17mm-192893.jpg,OEM,No Color,0.4,<p>Κλειδί πολύγωνο με ίσια λαβή.</p><p>Μέγεθος: 16*17mm</p><p>Φτιαγμένο από ανοξείδωτο ατσάλι.</p>,ΕΡΓΑΛΕΙΑ  ΕΠΑΓΓΕΛΜΑΤΙΚΟΣ ΕΞΟΠΛΙΣΜΟΣ>Εργαλεία>Κλειδιά  καστάνιες
35484,Κλειδί πολύγωνο κυρτό - 12-13mm - 192891,Κλειδί πολύγωνο κυρτό - 12-13mm - 192891,in stock,new,1.8 EUR,,https://www.tradesor.gr/wp-content/uploads/2023/04/κλειδί-πολύγωνο-12-13mm-192891.jpg,OEM,No Color,0.4,<p>Κλειδί πολύγωνο με ίσια λαβή.</p><p>Μέγεθος: 12*13mm<br />Φτιαγμένο από ανοξείδωτο ατσάλι.</p>,ΕΡΓΑΛΕΙΑ  ΕΠΑΓΓΕΛΜΑΤΙΚΟΣ ΕΞΟΠΛΙΣΜΟΣ>Εργαλεία>Κλειδιά  καστάνιες
35485,Κλειδί πολύγωνο κυρτό - 8-9mm - 192889,Κλειδί πολύγωνο κυρτό - 8-9mm - 192889,in stock,new,1.44 EUR,,https://www.tradesor.gr/wp-content/uploads/2023/04/κλειδί-πολύγωνο-8-9mm-192889.jpg,OEM,No Color,0.2,<p>Κλειδί πολύγωνο με ίσια λαβή.</p><p>Μέγεθος:8*9mm</p><p>Φτιαγμένο από ανοξείδωτο ατσάλι.</p>,ΕΡΓΑΛΕΙΑ  ΕΠΑΓΓΕΛΜΑΤΙΚΟΣ ΕΞΟΠΛΙΣΜΟΣ>Εργαλεία>Κλειδιά  καστάνιες
35487,Κλειδί γερμανοπολύγωνο με καστάνια,Κλειδί γερμανοπολύγωνο με καστάνια - 19mm - 192997,in stock,new,6.3 EUR,,https://www.tradesor.gr/wp-content/uploads/2023/04/κλειδί-γερμανοπολύγωνο-19mm-192997.jpg,OEM,No Color,0.4,<p>Γερμανοπολύγωνο κλειδι (ίσια λαβή).</p><p>Μέγεθος: 19mm</p><p>Φτιαγμένο από Cr-V ατσάλι.</p>,ΕΡΓΑΛΕΙΑ  ΕΠΑΓΓΕΛΜΑΤΙΚΟΣ ΕΞΟΠΛΙΣΜΟΣ>Εργαλεία>Κλειδιά  καστάνιες
35488,Κλειδί γερμανοπολύγωνο με καστάνια,Κλειδί γερμανοπολύγωνο με καστάνια - 8mm - 192986,in stock,new,3.24 EUR,,https://www.tradesor.gr/wp-content/uploads/2023/04/κλειδί-γερμανοπολύγωνο-8mm-192986.jpg,OEM,No Color,0.2,<p>Γερμανοπολύγωνο κλειδι (ίσια λαβή).</p><p>Μέγεθος: 8mm</p><p>Φτιαγμένο από Cr-V ατσάλι.</p>,ΕΡΓΑΛΕΙΑ  ΕΠΑΓΓΕΛΜΑΤΙΚΟΣ ΕΞΟΠΛΙΣΜΟΣ>Εργαλεία>Κλειδιά  καστάνιες
35490,Καστάνια - 3/8'' - Finder - 193602,Καστάνια - 3/8'' - Finder - 193602,in stock,new,9 EUR,,https://www.tradesor.gr/wp-content/uploads/2023/04/193602.jpg,OEM,No Color,0.2,<p>Καστάνια Finder με εργονομική λαβή</p><p>Size 3/8''<br />Surface 45T</p>,ΕΡΓΑΛΕΙΑ  ΕΠΑΓΓΕΛΜΑΤΙΚΟΣ ΕΞΟΠΛΙΣΜΟΣ>Εργαλεία>Κλειδιά  καστάνιες
35518,Γαλλικό κλειδί - 30cm - Finder - 192769,Γαλλικό κλειδί - 30cm - Finder - 192769,in stock,new,10.8 EUR,,https://www.tradesor.gr/wp-content/uploads/2023/04/κλειδί-γαλλικό-12mm-finder-192769.jpg,OEM,No Color,0.2,"<p>Γαλλικό κλειδί,φτιαγμένο από ανοξείδωτο ατσάλι.</p><p>Μέγεθος: 300mm/12''</p><p>Body hardness: 40-50HRC</p><p>Ικανότητα ανοίγματος: 36mm</p><p><strong> </strong></p>",ΕΡΓΑΛΕΙΑ  ΕΠΑΓΓΕΛΜΑΤΙΚΟΣ ΕΞΟΠΛΙΣΜΟΣ>Εργαλεία>Κλειδιά  καστάνιες
35519,Γαλλικό κλειδί - 25cm - Finder - 192768,Γαλλικό κλειδί - 25cm - Finder - 192768,in stock,new,8.1 EUR,,https://www.tradesor.gr/wp-content/uploads/2023/04/κλειδί-γαλλικό-10mm-finder-192768.jpg,OEM,No Color,0.2,"<p>Γαλλικό κλειδί,φτιαγμένο από ανοξείδωτο ατσάλι.</p><p>Μέγεθος: 250mm/10''</p><p>Body hardness: 40-50HRC</p><p>Ικανότητα ανοίγματος: 31mm</p>",ΕΡΓΑΛΕΙΑ  ΕΠΑΓΓΕΛΜΑΤΙΚΟΣ ΕΞΟΠΛΙΣΜΟΣ>Εργαλεία>Κλειδιά  καστάνιες
35520,Γαλλικό κλειδί - 20cm - Finder - 192767,Γαλλικό κλειδί - 20cm - Finder - 192767,in stock,new,6.3 EUR,,https://www.tradesor.gr/wp-content/uploads/2023/04/κλειδί-γαλλικό-8mm-finder-192767.jpg,OEM,No Color,0.2,"<p>Γαλλικό κλειδί,φτιαγμένο από ανοξείδωτο ατσάλι.</p><p>Μέγεθος: 200mm/8''</p><p>Body hardness: 40-50HRC</p><p>Ικανότητα ανοίγματος: 27mm</p>",ΕΡΓΑΛΕΙΑ  ΕΠΑΓΓΕΛΜΑΤΙΚΟΣ ΕΞΟΠΛΙΣΜΟΣ>Εργαλεία>Κλειδιά  καστάνιες
35521,Γαλλικό κλειδί - 15cm - Finder - 192766,Γαλλικό κλειδί - 15cm - Finder - 192766,in stock,new,4.5 EUR,,https://www.tradesor.gr/wp-content/uploads/2023/04/κλειδί-γαλλικό-6mm-finder-192766.jpg,OEM,No Color,0.2,"<p>Γαλλικό κλειδί,φτιαγμένο από ανοξείδωτο ατσάλι.</p><p>Μέγεθος: 150mm/6''</p><p>Body hardness: 40-50HRC</p><p>Ικανότητα ανοίγματος: 21mm</p>",ΕΡΓΑΛΕΙΑ  ΕΠΑΓΓΕΛΜΑΤΙΚΟΣ ΕΞΟΠΛΙΣΜΟΣ>Εργαλεία>Κλειδιά  καστάνιες
35547,Καστάνια - 1/4 - Finder - 193601,Καστάνια - 1/4 - Finder - 193601,in stock,new,7.2 EUR,,https://www.tradesor.gr/wp-content/uploads/2023/04/κλειδί-με-λαβή-14-finder-193601.jpg,OEM,No Color,0.2,<p>Size 1/4''<br />Surface 45T</p>,ΕΡΓΑΛΕΙΑ  ΕΠΑΓΓΕΛΜΑΤΙΚΟΣ ΕΞΟΠΛΙΣΜΟΣ>Εργαλεία>Κλειδιά  καστάνιες
35984,"Σετ πολύκλειδα - 3.5""""/-12.5"""" - 2pcs - Finder - 192","Σετ πολύκλειδα - 3.5""""/-12.5"""" - 2pcs - Finder - 192265",in stock,new,6.3 EUR,,https://www.tradesor.gr/wp-content/uploads/2023/04/15842469220421967.jpg,OEM,No Color,0.2,"<p>Σετ 2 πολύκλειδων, φτιαγμένα από ανοξείδωτο ατσάλι.</p><p>Μέγεθος: 3.5""""/9cm - 12.5""""/32cm</p>",ΕΡΓΑΛΕΙΑ  ΕΠΑΓΓΕΛΜΑΤΙΚΟΣ ΕΞΟΠΛΙΣΜΟΣ>Εργαλεία>Κλειδιά  καστάνιες
36164,Θήκη με κλειδιά L-TYPE - Σετ 10Χ - Finder - 1925,Θήκη με κλειδιά L-TYPE - Σετ 10Χ - Finder - 192547,in stock,new,18 EUR,,https://www.tradesor.gr/wp-content/uploads/2023/04/0707_192547.jpg,OEM,No Color,3.5,<p>Θήκη με λαβή που περιέχει κλειδιά τύπου Λ και 10 ανταλλακτικές κεφαλές.</p>,ΕΡΓΑΛΕΙΑ  ΕΠΑΓΓΕΛΜΑΤΙΚΟΣ ΕΞΟΠΛΙΣΜΟΣ>Εργαλεία>Κλειδιά  καστάνιες
36249,"Πολύκλειδο - 10"""" - Finder - 192627","Πολύκλειδο - 10"""" - Finder - 192627",in stock,new,5.4 EUR,,https://www.tradesor.gr/wp-content/uploads/2023/04/2207_192627.jpg,OEM,No Color,0.6,"<p>Μέγεθος: 250mm/10""""<br />Hardness: 48-52HRC</p><p>Ικανότητα ανοίγματος: 30mm</p><p>Φτιαγμένο από ανοξείδωτο ατσάλι, διαθέτει εργονομική λαβή.</p>",ΕΡΓΑΛΕΙΑ  ΕΠΑΓΓΕΛΜΑΤΙΚΟΣ ΕΞΟΠΛΙΣΜΟΣ>Εργαλεία>Κλειδιά  καστάνιες
36401,Κλειδιά Torx - 9pcs - 240mm - Finder - 193121,Κλειδιά Torx - 9pcs - 240mm - Finder - 193121,in stock,new,4.5 EUR,,https://www.tradesor.gr/wp-content/uploads/2023/04/2912_193121.jpg,OEM,No Color,0.4,<p>9Χ Torx Key Set</p><p>Κατασκευασμένα από 40Cr ατσάλι με μεγάλη αντοχή.</p>,ΕΡΓΑΛΕΙΑ  ΕΠΑΓΓΕΛΜΑΤΙΚΟΣ ΕΞΟΠΛΙΣΜΟΣ>Εργαλεία>Κλειδιά  καστάνιες
36498,Κλειδί γερμανοπολύγωνο - 24mm - Finder - 192,Κλειδί γερμανοπολύγωνο - 24mm - Finder - 192093,in stock,new,3.6 EUR,,https://www.tradesor.gr/wp-content/uploads/2023/04/192088_1511-1.jpg,OEM,No Color,0.2,<p>Κλειδί FINDER 24mm με καστανιά</p>,ΕΡΓΑΛΕΙΑ  ΕΠΑΓΓΕΛΜΑΤΙΚΟΣ ΕΞΟΠΛΙΣΜΟΣ>Εργαλεία>Κλειδιά  καστάνιες
36679,"Γαλλικό κλειδί - 30mm - 10"""" - Finder - 192009","Γαλλικό κλειδί - 30mm - 10"""" - Finder - 192009",in stock,new,6.3 EUR,,https://www.tradesor.gr/wp-content/uploads/2023/04/1106_192009.jpg,OEM,No Color,0.5,"<p>Γαλλικό κλειδί 30mm - 10"""", Finder </p>",ΕΡΓΑΛΕΙΑ  ΕΠΑΓΓΕΛΜΑΤΙΚΟΣ ΕΞΟΠΛΙΣΜΟΣ>Εργαλεία>Κλειδιά  καστάνιες
36835,Σετ κλειδιά πολύγωνα - 8pcs - Finder - 192050,Σετ κλειδιά πολύγωνα - 8pcs - Finder - 192050,in stock,new,18 EUR,,https://www.tradesor.gr/wp-content/uploads/2023/04/1308_192050.jpg,OEM,No Color,2.0,"<p>Κλειδί πολύγωνο Finder, σετ 8 τεμαχίων</p><p>Διαστάσεις:</p><ul><li>6x7</li><li>8x9</li><li>10x11</li><li>12x13</li><li>14x15</li><li>16x17</li><li>18x19</li><li>20x22</li></ul>",ΕΡΓΑΛΕΙΑ  ΕΠΑΓΓΕΛΜΑΤΙΚΟΣ ΕΞΟΠΛΙΣΜΟΣ>Εργαλεία>Κλειδιά  καστάνιες
36836,Σετ κλειδιά πολύγωνα κυρτά - 6pcs - Finder,Σετ κλειδιά πολύγωνα κυρτά - 6pcs - Finder - 192049,in stock,new,14.4 EUR,,https://www.tradesor.gr/wp-content/uploads/2023/04/1308_192049.jpg,OEM,No Color,2.0,"<p>Κλειδί πολύγωνο Finder, σετ 6 τεμαχίων</p><p>Διαστάσεις:</p><ul><li>6x7</li><li>8x9</li><li>10x11</li><li>12x13</li><li>14x15</li><li>16x17</li></ul>",ΕΡΓΑΛΕΙΑ  ΕΠΑΓΓΕΛΜΑΤΙΚΟΣ ΕΞΟΠΛΙΣΜΟΣ>Εργαλεία>Κλειδιά  καστάνιες
37113,Σετ καστάνια με καρυδάκια 1/2 - 46pcs - Fin,Σετ καστάνια με καρυδάκια 1/2 - 46pcs - Finder - 192541,in stock,new,36 EUR,,https://www.tradesor.gr/wp-content/uploads/2023/04/16345672109243651.jpg,OEM,No Color,6.5,"<p>Καστάνια 1/2 με καρυδάκια σε διάφορα νούμερα, σε επαγγελματική θήκη.</p><p>Σετ 46 τεμαχίων.</p>",ΕΡΓΑΛΕΙΑ  ΕΠΑΓΓΕΛΜΑΤΙΚΟΣ ΕΞΟΠΛΙΣΜΟΣ>Εργαλεία>Κλειδιά  καστάνιες
37114,Σετ καστάνια με καρυδάκια - 1/2-1/4 - 86pcs,Σετ καστάνια με καρυδάκια - 1/2-1/4 - 86pcs - Finder - 192542,in stock,new,99 EUR,,https://www.tradesor.gr/wp-content/uploads/2023/04/192542_1511.jpg,OEM,No Color,9.0,"<p>Καστάνια 1/2 & 1/4 με καρυδάκια σε διάφορα νούμερα, σε επαγγελματική θήκη.</p><p>Σετ 86 τεμαχίων.</p>",ΕΡΓΑΛΕΙΑ  ΕΠΑΓΓΕΛΜΑΤΙΚΟΣ ΕΞΟΠΛΙΣΜΟΣ>Εργαλεία>Κλειδιά  καστάνιες
37116,Γερμανικά κλειδιά - 10pcs- Finder - 192069,Γερμανικά κλειδιά - 10pcs- Finder - 192069,in stock,new,23.4 EUR,,https://www.tradesor.gr/wp-content/uploads/2023/04/1634478614625516.jpg,OEM,No Color,1.0,"<div class=""sku-description""><div class=""rich-components""><section class=""one-column""><div class=""body-text""><p>Γερμανικά κλειδιά Finder, σετ 10 τεμαχίων, σε επαγγελματική θήκη.</p><p>Μεγέθη:</p><ul><li>6x7mm</li><li>8x9mm</li><li>10x11mm</li><li>12x13mm</li><li>14x15mm</li><li>16x17mm</li><li>18x19mm</li><li>19x20mm</li><li>20x22mm</li><li>22x24mm</li><li>24x27mm</li></ul></div></section></div></div>",ΕΡΓΑΛΕΙΑ  ΕΠΑΓΓΕΛΜΑΤΙΚΟΣ ΕΞΟΠΛΙΣΜΟΣ>Εργαλεία>Κλειδιά  καστάνιες
37126,Κλειδί γερμανοπολύγωνο - 19mm - Finder - 192,Κλειδί γερμανοπολύγωνο - 19mm - Finder - 192088,in stock,new,3.6 EUR,,https://www.tradesor.gr/wp-content/uploads/2023/04/192096_1511.jpg,OEM,No Color,0.3,"<p>Κλειδί γερμανοπολύγωνο 19mm, Finder</p>",ΕΡΓΑΛΕΙΑ  ΕΠΑΓΓΕΛΜΑΤΙΚΟΣ ΕΞΟΠΛΙΣΜΟΣ>Εργαλεία>Κλειδιά  καστάνιες
37127,Κλειδί γερμανοπολύγωνο - 27mm - Finder - 192,Κλειδί γερμανοπολύγωνο - 27mm - Finder - 192096,in stock,new,6.3 EUR,,https://www.tradesor.gr/wp-content/uploads/2023/04/192096_1511.jpg,OEM,No Color,0.3,"<p>Κλειδί γερμανοπολύγωνο 27mm, Finder</p>",ΕΡΓΑΛΕΙΑ  ΕΠΑΓΓΕΛΜΑΤΙΚΟΣ ΕΞΟΠΛΙΣΜΟΣ>Εργαλεία>Κλειδιά  καστάνιες
37144,Κλειδιά Torx - 9pcs - Finder - 193122,Κλειδιά Torx - 9pcs - Finder - 193122,in stock,new,4.5 EUR,,https://www.tradesor.gr/wp-content/uploads/2023/04/193122.jpg,OEM,No Color,0.4,"<p>Κλειδιά Torx, Finder, σετ 9 τεμαχίων.</p><p>Μεγέθη: 10 - 15 - 20 - 25 - 27 - 30 - 40 - 45 - 50 - 10 mm</p>",ΕΡΓΑΛΕΙΑ  ΕΠΑΓΓΕΛΜΑΤΙΚΟΣ ΕΞΟΠΛΙΣΜΟΣ>Εργαλεία>Κλειδιά  καστάνιες
37145,Κλειδιά Allen - 9pcs - Finder - 193124,Κλειδιά Allen - 9pcs - Finder - 193124,in stock,new,5.4 EUR,,https://www.tradesor.gr/wp-content/uploads/2023/04/193124-1.jpg,OEM,No Color,0.4,"<p>Κλειδιά Allen, Finder, σετ 9 τεμαχίων.</p><p>Μεγέθη: 1.5 - 2 - 2.5 - 3 - 4 - 5 - 6 - 8 - 10 mm</p>",ΕΡΓΑΛΕΙΑ  ΕΠΑΓΓΕΛΜΑΤΙΚΟΣ ΕΞΟΠΛΙΣΜΟΣ>Εργαλεία>Κλειδιά  καστάνιες
37146,Κλειδί σωληνωτό γωνιακό - 19mm - Finder - 19,Κλειδί σωληνωτό γωνιακό - 19mm - Finder - 192284,in stock,new,4.5 EUR,,https://www.tradesor.gr/wp-content/uploads/2023/04/192282_1511.jpg,OEM,No Color,1.0,"<p>Κλειδί σωληνωτό γωνιακό (Γ) - 19mm - Finder,<br />ατσάλινο, συμπαγές με εργονομική λαβή.</p>",ΕΡΓΑΛΕΙΑ  ΕΠΑΓΓΕΛΜΑΤΙΚΟΣ ΕΞΟΠΛΙΣΜΟΣ>Εργαλεία>Κλειδιά  καστάνιες
37159,Κλειδί σωληνωτό γωνιακό - 17mm - Finder - 19,Κλειδί σωληνωτό γωνιακό - 17mm - Finder - 192282,in stock,new,3.6 EUR,,https://www.tradesor.gr/wp-content/uploads/2023/04/192282_1511.jpg,OEM,No Color,1.0,"<p>Κλειδί σωληνωτό γωνιακό (Γ) - 17mm - Finder,<br />ατσάλινο, συμπαγές με εργονομική λαβή.</p>",ΕΡΓΑΛΕΙΑ  ΕΠΑΓΓΕΛΜΑΤΙΚΟΣ ΕΞΟΠΛΙΣΜΟΣ>Εργαλεία>Κλειδιά  καστάνιες
37540,"Γαλλικό κλειδί - 6"""" - 15cm - Finder - 192015","Γαλλικό κλειδί - 6"""" - 15cm - Finder - 192015",in stock,new,4.5 EUR,,https://www.tradesor.gr/wp-content/uploads/2023/04/192015.jpg,OEM,No Color,0.4,"<p>Γαλλικό κλειδί Finder μεγέθους 6""""/15cm.</p>",ΕΡΓΑΛΕΙΑ  ΕΠΑΓΓΕΛΜΑΤΙΚΟΣ ΕΞΟΠΛΙΣΜΟΣ>Εργαλεία>Κλειδιά  καστάνιες
37795,"Σετ καρυδάκια με καστάνια - 1/2"""" - Finder ","Σετ καρυδάκια με καστάνια - 1/2"""" - Finder - 192865",in stock,new,23.4 EUR,,https://www.tradesor.gr/wp-content/uploads/2023/04/2912_192865.jpg,OEM,No Color,1.2,"<div id=""tab-description"" - =""panel entry-content wc-tab""><p><span - =""VIiyi"" lang=""el""><span - =""JLqJ4b ChMk0b"" data-language-for-alternatives=""el"" data-language-to-translate-into=""en"" data-phrase-index=""0"">1 τεμ 1/2 «κλειδί καστάνιας</span> </span></p><p><span - =""VIiyi"" lang=""el""><span - =""JLqJ4b ChMk0b"" data-language-for-alternatives=""el"" data-language-to-translate-into=""en"" data-phrase-index=""2"">Υποδοχή: 10-11-12-13-14-15-17-19-22-24mm</span></span></p></div>",ΕΡΓΑΛΕΙΑ  ΕΠΑΓΓΕΛΜΑΤΙΚΟΣ ΕΞΟΠΛΙΣΜΟΣ>Εργαλεία>Κλειδιά  καστάνιες
37796,Κλειδί σωληνωτό γωνιακό - 18mm - Finder - 19,Κλειδί σωληνωτό γωνιακό - 18mm - Finder - 192283,in stock,new,3.6 EUR,,https://www.tradesor.gr/wp-content/uploads/2023/04/192283.jpg,OEM,No Color,0.4,"<p>Κλειδί σωληνωτό γωνιακό (Γ) - 18mm - Finder,<br />ατσάλινο, συμπαγές με εργονομική λαβή.</p>",ΕΡΓΑΛΕΙΑ  ΕΠΑΓΓΕΛΜΑΤΙΚΟΣ ΕΞΟΠΛΙΣΜΟΣ>Εργαλεία>Κλειδιά  καστάνιες
37797,Κλειδί σωληνωτό γωνιακό - 16mm - Finder - 19,Κλειδί σωληνωτό γωνιακό - 16mm - Finder - 192281,in stock,new,2.7 EUR,,https://www.tradesor.gr/wp-content/uploads/2023/04/192283.jpg,OEM,No Color,0.4,"<p>Κλειδί σωληνωτό γωνιακό (Γ) - 16mm - Finder,<br />ατσάλινο, συμπαγές με εργονομική λαβή.</p>",ΕΡΓΑΛΕΙΑ  ΕΠΑΓΓΕΛΜΑΤΙΚΟΣ ΕΞΟΠΛΙΣΜΟΣ>Εργαλεία>Κλειδιά  καστάνιες
37798,Κλειδί σωληνωτό γωνιακό - 15mm - Finder - 19,Κλειδί σωληνωτό γωνιακό - 15mm - Finder - 192280,in stock,new,2.7 EUR,,https://www.tradesor.gr/wp-content/uploads/2023/04/192283.jpg,OEM,No Color,0.4,"<p>Κλειδί σωληνωτό γωνιακό (Γ) - 15mm - Finder,<br />ατσάλινο, συμπαγές με εργονομική λαβή.</p>",ΕΡΓΑΛΕΙΑ  ΕΠΑΓΓΕΛΜΑΤΙΚΟΣ ΕΞΟΠΛΙΣΜΟΣ>Εργαλεία>Κλειδιά  καστάνιες
37799,Κλειδί σωληνωτό γωνιακό - 14mm - Finder - 19,Κλειδί σωληνωτό γωνιακό - 14mm - Finder - 192279,in stock,new,1.8 EUR,,https://www.tradesor.gr/wp-content/uploads/2023/04/192283.jpg,OEM,No Color,0.4,"<p>Κλειδί σωληνωτό γωνιακό (Γ) - 14mm - Finder,<br />ατσάλινο, συμπαγές με εργονομική λαβή.</p>",ΕΡΓΑΛΕΙΑ  ΕΠΑΓΓΕΛΜΑΤΙΚΟΣ ΕΞΟΠΛΙΣΜΟΣ>Εργαλεία>Κλειδιά  καστάνιες
37800,Κλειδί σωληνωτό γωνιακό - 13mm - Finder - 19,Κλειδί σωληνωτό γωνιακό - 13mm - Finder - 192278,in stock,new,1.8 EUR,,https://www.tradesor.gr/wp-content/uploads/2023/04/192283.jpg,OEM,No Color,0.4,"<p>Κλειδί σωληνωτό γωνιακό (Γ) - 13mm - Finder,<br />ατσάλινο, συμπαγές με εργονομική λαβή.</p>",ΕΡΓΑΛΕΙΑ  ΕΠΑΓΓΕΛΜΑΤΙΚΟΣ ΕΞΟΠΛΙΣΜΟΣ>Εργαλεία>Κλειδιά  καστάνιες
37801,Κλειδί σωληνωτό γωνιακό - 12mm - Finder - 19,Κλειδί σωληνωτό γωνιακό - 12mm - Finder - 192277,in stock,new,1.8 EUR,,https://www.tradesor.gr/wp-content/uploads/2023/04/192283.jpg,OEM,No Color,0.4,"<p>Κλειδί σωληνωτό γωνιακό (Γ) - 12mm - Finder,<br />ατσάλινο, συμπαγές με εργονομική λαβή.</p>",ΕΡΓΑΛΕΙΑ  ΕΠΑΓΓΕΛΜΑΤΙΚΟΣ ΕΞΟΠΛΙΣΜΟΣ>Εργαλεία>Κλειδιά  καστάνιες
37805,"Σετ πολύκλειδα - 10""""/14"""" - 2 pcs - Finder - 192629","Σετ πολύκλειδα - 10""""/14"""" - 2 pcs - Finder - 192629",in stock,new,16.2 EUR,,https://www.tradesor.gr/wp-content/uploads/2023/04/192629.jpg,OEM,No Color,0.6,"<div id=""tab-description""><p>Μέγεθος: 10""""/25.5cm + 14""""/35.5cm<br />Hardness: 48-52HRC</p><p>Φτιαγμένο από ανοξείδωτο ατσάλι, διαθέτει εργονομική λαβή.</p></div>",ΕΡΓΑΛΕΙΑ  ΕΠΑΓΓΕΛΜΑΤΙΚΟΣ ΕΞΟΠΛΙΣΜΟΣ>Εργαλεία>Κλειδιά  καστάνιες
37811,"Καστάνια - 1/2"" - Finder - 193600","Καστάνια - 1/2"" - Finder - 193600",in stock,new,11.7 EUR,,https://www.tradesor.gr/wp-content/uploads/2023/04/193600.jpg,OEM,No Color,0.6,"<div id=""tab-description"" - =""panel entry-content wc-tab""><p>Καστάνια</p><p>Size 1/2»<br />Surface 45T</p></div>",ΕΡΓΑΛΕΙΑ  ΕΠΑΓΓΕΛΜΑΤΙΚΟΣ ΕΞΟΠΛΙΣΜΟΣ>Εργαλεία>Κλειδιά  καστάνιες
37812,Σετ κλειδιά Allen τύπου Τ - 8pcs - Finder - 19316,Σετ κλειδιά Allen τύπου Τ - 8pcs - Finder - 193162,in stock,new,12.6 EUR,,https://www.tradesor.gr/wp-content/uploads/2023/04/θήκη-με-εργαλεία-8τμχ-finder-193162.jpg,OEM,No Color,0.5,"<div id=""tab-description"" - =""panel entry-content wc-tab""><p>Σετ 8 κλειδιών T-type</p><p>Μέγεθος: 2-2.5-3-4-5-6-8-10mm</p><p>Λεπίδα από Cr-V και λαβή τύπου PP+TPR</p><p>Hardness: more than 58HRC</p></div>",ΕΡΓΑΛΕΙΑ  ΕΠΑΓΓΕΛΜΑΤΙΚΟΣ ΕΞΟΠΛΙΣΜΟΣ>Εργαλεία>Κλειδιά  καστάνιες
37817,Σετ κλειδιά Allen - 9pcs - Finder - 193126,Σετ κλειδιά Allen - 9pcs - Finder - 193126,in stock,new,3.6 EUR,,https://www.tradesor.gr/wp-content/uploads/2023/04/193126.jpg,OEM,No Color,0.3,<p>Σετ 9 τεμαχίων με Κλειδιά Allen – Standard</p>,ΕΡΓΑΛΕΙΑ  ΕΠΑΓΓΕΛΜΑΤΙΚΟΣ ΕΞΟΠΛΙΣΜΟΣ>Εργαλεία>Κλειδιά  καστάνιες
38061,Κλειδί γερμανοπολύγωνο - 25mm - Finder - 192,Κλειδί γερμανοπολύγωνο - 25mm - Finder - 192094,in stock,new,5.4 EUR,,https://www.tradesor.gr/wp-content/uploads/2023/04/192088_1511-1.jpg,OEM,No Color,0.3,<p>Κλειδί γερμανοπολύγωνο - 25mm - Finder</p>,ΕΡΓΑΛΕΙΑ  ΕΠΑΓΓΕΛΜΑΤΙΚΟΣ ΕΞΟΠΛΙΣΜΟΣ>Εργαλεία>Κλειδιά  καστάνιες
38065,Γαλλικό κλειδί - 300mm/12'' - Finder - 192028,Γαλλικό κλειδί - 300mm/12'' - Finder - 192028,in stock,new,13.5 EUR,,https://www.tradesor.gr/wp-content/uploads/2023/04/192028.jpg,OEM,No Color,1.1,"<p>Κλειδί γαλλικό  300mm/12'', Finder </p>",ΕΡΓΑΛΕΙΑ  ΕΠΑΓΓΕΛΜΑΤΙΚΟΣ ΕΞΟΠΛΙΣΜΟΣ>Εργαλεία>Κλειδιά  καστάνιες
38424,Σετ κλειδιά Allen/Hex - 9pcs - Finder - 193127,Σετ κλειδιά Allen/Hex - 9pcs - Finder - 193127,in stock,new,4.5 EUR,,https://www.tradesor.gr/wp-content/uploads/2023/04/60e691fdfb119aeba0250037cb99dfa3.jpg,OEM,No Color,0.4,"<p>Κλειδιά Allen/Hex σετ 9 τεμαχιων, Finder.</p>",ΕΡΓΑΛΕΙΑ  ΕΠΑΓΓΕΛΜΑΤΙΚΟΣ ΕΞΟΠΛΙΣΜΟΣ>Εργαλεία>Κλειδιά  καστάνιες
38513,"Κλειδί σταυρός - Μπουλονόκλειδο - 18"" ","Κλειδί σταυρός - Μπουλονόκλειδο - 18"" - Finder - 192405",in stock,new,14.4 EUR,,https://www.tradesor.gr/wp-content/uploads/2023/04/192405.png,OEM,No Color,1.0,"<div class=""content clearfix""><div id=""tab-description"" class=""woocommerce-Tabs-panel woocommerce-Tabs-panel--description panel entry-content wc-tab"" role=""tabpanel"" aria-labelledby=""tab-title-description""><p>Μέγεθος: 17-19-21-23mm/18″</p><p>Υλικό: <span class=""tlid-translation translation"" lang=""el""><span class="""" title="""">Cr-V υποδοχή, <br />Σώμα από 45# ανθρακούχο ατσάλι<br />Λαβή τύπου TPR</span></span><br />Hardness: 40HRC</p></div></div>",ΕΡΓΑΛΕΙΑ  ΕΠΑΓΓΕΛΜΑΤΙΚΟΣ ΕΞΟΠΛΙΣΜΟΣ>Εργαλεία>Κλειδιά  καστάνιες
39278,Σετ καστάνια με καρυδάκια 1/2 - 32pcs - Fin,Σετ καστάνια με καρυδάκια 1/2 - 32pcs - Finder - 192537,in stock,new,63 EUR,,https://www.tradesor.gr/wp-content/uploads/2023/04/192537.jpg,OEM,No Color,5.0,"<p>Καστάνια 1/2 με καρυδάκια σε διάφορα νούμερα, σε επαγγελματική θήκη.</p><p>Σετ 32 τεμαχίων.</p>",ΕΡΓΑΛΕΙΑ  ΕΠΑΓΓΕΛΜΑΤΙΚΟΣ ΕΞΟΠΛΙΣΜΟΣ>Εργαλεία>Κλειδιά  καστάνιες
39485,Κλειδιά Allen – Hex Point - 9pcs – Finder – 193125,Κλειδιά Allen – Hex Point - 9pcs – Finder – 193125,in stock,new,4.5 EUR,,https://www.tradesor.gr/wp-content/uploads/2023/04/193125_712.jpg,OEM,No Color,0.9,<p>Σετ 9 τεμαχίων με Κλειδιά Allen – Long</p>,ΕΡΓΑΛΕΙΑ  ΕΠΑΓΓΕΛΜΑΤΙΚΟΣ ΕΞΟΠΛΙΣΜΟΣ>Εργαλεία>Κλειδιά  καστάνιες
39505,Γερμανικά κλειδιά – 8pcs – Finder – 192073,Γερμανικά κλειδιά – 8pcs – Finder – 192073,in stock,new,16.2 EUR,,https://www.tradesor.gr/wp-content/uploads/2023/04/2904_192073-1.jpg,OEM,No Color,1.0,"<p>Γερμανικά κλειδιά από την εταιρεία Finder, σετ 8 τεμαχίων.</p><p>Μεγέθη:</p><ul><li>6x7 mm</li><li>8x9 mm</li><li>10x11 mm</li><li>12x13 mm</li><li>14x15 mm</li><li>16x17 mm</li><li>18x19 mm</li><li>20x22 mm</li></ul>",ΕΡΓΑΛΕΙΑ  ΕΠΑΓΓΕΛΜΑΤΙΚΟΣ ΕΞΟΠΛΙΣΜΟΣ>Εργαλεία>Κλειδιά  καστάνιες
39924,Σετ κλειδιά γερμανοπολύγωνα - 8pcs - Fin,Σετ κλειδιά γερμανοπολύγωνα - 8pcs - Finder - 192111,in stock,new,23.4 EUR,,https://www.tradesor.gr/wp-content/uploads/2023/04/192111_1511.jpg,OEM,No Color,1.0,"<p>Κλειδιά γερμανοπολύγωνα Finder, σετ 8 τεμαχίων, σε επαγγελματική θήκη.</p><p>Μεγέθη:</p><ul><li>8mm</li><li>10mm</li><li>13mm</li><li>14mm</li><li>17mm</li><li>19mm</li><li>22mm</li><li>24mm</li></ul>",ΕΡΓΑΛΕΙΑ  ΕΠΑΓΓΕΛΜΑΤΙΚΟΣ ΕΞΟΠΛΙΣΜΟΣ>Εργαλεία>Κλειδιά  καστάνιες
54943,Σετ καστάνια με καρυδάκια σε εργαλε,Σετ καστάνια με καρυδάκια σε εργαλειοθήκη - 53pcs - 004741,in stock,new,18 EUR,,https://www.tradesor.gr/wp-content/uploads/2023/05/6ae324e7323d63f0f8deff4ed02929f0.jpg,OEM,No Color,2.0,"Πλήρες σετ επισκευών οχημάτων και μοτοσυκλετών, 53 τεμαχίων, σε εργονομική εργαλειοθήκη που μπορεί να αποθηκευτεί εύκολα. Περιεχόμενα συσκευασίας: 21 * Screwdriver Bit
3 * Hexagonal Wrench
1 * 1/4 inch Extension Bar
1 * 1/4 inch Shorting Bar
1 * 1/4 inch Slide Bar
1 * 1/4 inch Ratchet Wrench
1 * 1/4 inch Elastic Extension Bar
1 * 1/4 inch Square Bar
1 * 1/4 inch Power Drill Adapter
1 * 1/4 inch Universal Joint
13 * Metric Sleeve
7 * Extension Sleeve",ΕΡΓΑΛΕΙΑ  ΕΠΑΓΓΕΛΜΑΤΙΚΟΣ ΕΞΟΠΛΙΣΜΟΣ>Εργαλεία>Κλειδιά  καστάνιες
54949,Κλειδί σταυρός - Μπουλονόκλειδο - 0047,Κλειδί σταυρός - Μπουλονόκλειδο - 004727,in stock,new,11.7 EUR,,https://www.tradesor.gr/wp-content/uploads/2023/05/6eff41d23051d6a2a7e6a9764fb773b3.jpg,OEM,No Color,2.0,"Υλικό: Ανθρακούχος χάλυβας 45# με επιχρωμίωση
Σκληρότητα: 25-35HRC
Διαστάσεις: 280X375mm
Μέγεθος υποδοχής: 17mm, 19mm, 21mm, 23mm
Βάρος: 1,5 kg",ΕΡΓΑΛΕΙΑ  ΕΠΑΓΓΕΛΜΑΤΙΚΟΣ ΕΞΟΠΛΙΣΜΟΣ>Εργαλεία>Κλειδιά  καστάνιες
54955,Σετ καστάνια με καρυδάκια - 1/4 - 46pcs - 0,Σετ καστάνια με καρυδάκια - 1/4 - 46pcs - 004734,in stock,new,12.6 EUR,,https://www.tradesor.gr/wp-content/uploads/2023/06/004734.png,OEM,No Color,1.5,,ΕΡΓΑΛΕΙΑ  ΕΠΑΓΓΕΛΜΑΤΙΚΟΣ ΕΞΟΠΛΙΣΜΟΣ>Εργαλεία>Κλειδιά  καστάνιες
55707,Γερμανικά κλειδιά – 6pcs – Finder – 192072,Γερμανικά κλειδιά – 6pcs – Finder – 192072,in stock,new,11.7 EUR,,https://www.tradesor.gr/wp-content/uploads/2023/05/74b39bebd193e5004f20d2d0d5ef61cc.jpg,OEM,No Color,1.0,"Σετ γερμανικά κλειδιά 6 τεμαχίων Finder.

Διαστάσεις:

6x7mm
8x9mm
10x11mm
12x13mm
14x15mm
16x17mm",ΕΡΓΑΛΕΙΑ  ΕΠΑΓΓΕΛΜΑΤΙΚΟΣ ΕΞΟΠΛΙΣΜΟΣ>Εργαλεία>Κλειδιά  καστάνιες
55726,"Κλειδί σταυρός - Μπουλονόκλειδο - 14"" ","Κλειδί σταυρός - Μπουλονόκλειδο - 14"" - Finder - 192403",in stock,new,9 EUR,,https://www.tradesor.gr/wp-content/uploads/2023/05/71886303c8f372f3f227c2f784c659ba.jpg,OEM,No Color,1.0,"Μέγεθος: 17-19-21-23mm/14''

Υλικό: Cr-V υποδοχή, Σώμα από 45# ανθρακούχο ατσάλι και λαβή τύπου TPR. Hardness: 40HRC",ΕΡΓΑΛΕΙΑ  ΕΠΑΓΓΕΛΜΑΤΙΚΟΣ ΕΞΟΠΛΙΣΜΟΣ>Εργαλεία>Κλειδιά  καστάνιες
55744,Σετ κατσαβίδι και καστάνια με κεφαλ,Σετ κατσαβίδι και καστάνια με κεφαλές - F3219 - 65pcs - Finder - 193219,in stock,new,15.3 EUR,,https://www.tradesor.gr/wp-content/uploads/2023/05/a1fbdc4f41155fd5e2b8a6c75493194c.jpg,OEM,No Color,1.0,"Εργαλειοθήκη κασετίνα με κατσαβίδια, καρυδάκια και μύτες. Σετ 65 τεμαχίων. Αναλυτικά, διαθέτει: 1 pc ratchet screwdriver, 1 pc precision ratchet screwdriver handle, 1 pc magnetic precision bit holder, 1 pc magnetic bit holder, 9 pcs socket: 5mm – 13mm1 pc adaptor20 pc mini CRV bit (4.0*28mm):Phillips: #000, #00, #0, #1Pozi: #0, #1Slotted: 1mm, 1.5mm, 2mm, 2.5mm, 3mmTorx: T5, T6, T7, T8, T9Hex: 0.9mm, 1.3mm, 1.5mm, 2mm31 pcs CRV bits (6.35*25mm):Phillips: #0, #1 x 3pcs, #2 x 3pcs, #3Slotted: 3mm, 4mm, 5mm, 6mm, 7mmPozi: #0, #1, #2, #3Square: #0, #1, #2, #3Hex: 3mm, 4mm, 5mm, 6mmTorx: T10, T15, T20, T25, T30, T40",ΕΡΓΑΛΕΙΑ  ΕΠΑΓΓΕΛΜΑΤΙΚΟΣ ΕΞΟΠΛΙΣΜΟΣ>Εργαλεία>Κλειδιά  καστάνιες
55771,Σετ κλειδιά Allen - 9pcs - Finder - 193125,Σετ κλειδιά Allen - 9pcs - Finder - 193125,in stock,new,4.5 EUR,,https://www.tradesor.gr/wp-content/uploads/2023/05/d942d60dae9ffbc67d826f0d3314c10f.jpg,OEM,No Color,0.8,Σετ 9 τεμαχίων με Κλειδιά Allen – Long,ΕΡΓΑΛΕΙΑ  ΕΠΑΓΓΕΛΜΑΤΙΚΟΣ ΕΞΟΠΛΙΣΜΟΣ>Εργαλεία>Κλειδιά  καστάνιες
55799,Γερμανικά κλειδιά – 6pcs – Finder – 192066,Γερμανικά κλειδιά – 6pcs – Finder – 192066,in stock,new,11.7 EUR,,https://www.tradesor.gr/wp-content/uploads/2023/05/d6818f0c858139a0f2f6a3954d40617e.jpg,OEM,No Color,1.0,"Σετ 6 Γερμανικών κλειδιών
Μέγεθος: 6*7, 8*9, 10*11, 12*13, 14*15, 16*17mm
Από ανοξείδωτο ατσάλι.",ΕΡΓΑΛΕΙΑ  ΕΠΑΓΓΕΛΜΑΤΙΚΟΣ ΕΞΟΠΛΙΣΜΟΣ>Εργαλεία>Κλειδιά  καστάνιες
55883,Καρυδάκι για καστάνια 1/2 - 32mm - Finder - 19,Καρυδάκι για καστάνια 1/2 - 32mm - Finder - 192513,in stock,new,4.5 EUR,,https://www.tradesor.gr/wp-content/uploads/2023/05/32mm-PhotoRoom-PhotoRoom.png,OEM,No Color,1.0,<p>Καρυδάκι εξάγωνο CR-V για καστάνια 1/2 - 32mm - Finder.</p>,ΕΡΓΑΛΕΙΑ  ΕΠΑΓΓΕΛΜΑΤΙΚΟΣ ΕΞΟΠΛΙΣΜΟΣ>Εργαλεία>Κλειδιά  καστάνιες
55886,Καρυδάκι για καστάνια 1/2 - 30mm - Finder - 19,Καρυδάκι για καστάνια 1/2 - 30mm - Finder - 192512,in stock,new,3.6 EUR,,https://www.tradesor.gr/wp-content/uploads/2023/05/30mm-PhotoRoom-PhotoRoom.png,OEM,No Color,1.0,<p>Καρυδάκι εξάγωνο CR-V για καστάνια 1/2 - 30mm - Finder</p>,ΕΡΓΑΛΕΙΑ  ΕΠΑΓΓΕΛΜΑΤΙΚΟΣ ΕΞΟΠΛΙΣΜΟΣ>Εργαλεία>Κλειδιά  καστάνιες
55889,Καρυδάκι για καστάνια 1/2 - 27mm - Finder - 19,Καρυδάκι για καστάνια 1/2 - 27mm - Finder - 192511,in stock,new,2.7 EUR,,https://www.tradesor.gr/wp-content/uploads/2023/05/27mm-PhotoRoom-PhotoRoom-Αντιγραφή.png,OEM,No Color,1.0,<p>Καρυδάκι εξάγωνο CR-V για καστάνια 1/2 - 27mm - Finder</p>,ΕΡΓΑΛΕΙΑ  ΕΠΑΓΓΕΛΜΑΤΙΚΟΣ ΕΞΟΠΛΙΣΜΟΣ>Εργαλεία>Κλειδιά  καστάνιες
55892,Καρυδάκι για καστάνια 1/2 - 24mm - Finder - 19,Καρυδάκι για καστάνια 1/2 - 24mm - Finder - 192510,in stock,new,1.8 EUR,,https://www.tradesor.gr/wp-content/uploads/2023/05/24mm-PhotoRoom-PhotoRoom.png,OEM,No Color,1.0,<p>Καρυδάκι εξάγωνο CR-V για καστάνια 1/2 - 24mm - Finder</p>,ΕΡΓΑΛΕΙΑ  ΕΠΑΓΓΕΛΜΑΤΙΚΟΣ ΕΞΟΠΛΙΣΜΟΣ>Εργαλεία>Κλειδιά  καστάνιες
55895,Καρυδάκι για καστάνια 1/2 - 22mm - Finder - 19,Καρυδάκι για καστάνια 1/2 - 22mm - Finder - 192508,in stock,new,1.44 EUR,,https://www.tradesor.gr/wp-content/uploads/2023/05/22mm-PhotoRoom-PhotoRoom.png,OEM,No Color,1.0,<p>Καρυδάκι εξάγωνο CR-V για καστάνια 1/2 - 22mm - Finder</p>,ΕΡΓΑΛΕΙΑ  ΕΠΑΓΓΕΛΜΑΤΙΚΟΣ ΕΞΟΠΛΙΣΜΟΣ>Εργαλεία>Κλειδιά  καστάνιες
55898,Καρυδάκι για καστάνια 1/2 - 21mm - Finder - 19,Καρυδάκι για καστάνια 1/2 - 21mm - Finder - 192507,in stock,new,1.44 EUR,,https://www.tradesor.gr/wp-content/uploads/2023/05/21mm-PhotoRoom-PhotoRoom.png,OEM,No Color,1.0,<p>Καρυδάκι εξάγωνο CR-V για καστάνια 1/2 - 21mm - Finder</p>,ΕΡΓΑΛΕΙΑ  ΕΠΑΓΓΕΛΜΑΤΙΚΟΣ ΕΞΟΠΛΙΣΜΟΣ>Εργαλεία>Κλειδιά  καστάνιες
55901,Καρυδάκι για καστάνια 1/2 - 19mm - Finder - 19,Καρυδάκι για καστάνια 1/2 - 19mm - Finder - 192505,in stock,new,1.44 EUR,,https://www.tradesor.gr/wp-content/uploads/2023/05/19mm-PhotoRoom-PhotoRoom.png,OEM,No Color,1.0,<p>Καρυδάκι εξάγωνο CR-V για καστάνια 1/2 - 19mm - Finder</p>,ΕΡΓΑΛΕΙΑ  ΕΠΑΓΓΕΛΜΑΤΙΚΟΣ ΕΞΟΠΛΙΣΜΟΣ>Εργαλεία>Κλειδιά  καστάνιες
55904,Καρυδάκι για καστάνια 1/2 - 16mm - Finder - 19,Καρυδάκι για καστάνια 1/2 - 16mm - Finder - 192502,in stock,new,0.9 EUR,,https://www.tradesor.gr/wp-content/uploads/2023/05/16mm-PhotoRoom-PhotoRoom.png,OEM,No Color,1.0,<p>Καρυδάκι εξάγωνο CR-V για καστάνια 1/2 - 16mm - Finder</p>,ΕΡΓΑΛΕΙΑ  ΕΠΑΓΓΕΛΜΑΤΙΚΟΣ ΕΞΟΠΛΙΣΜΟΣ>Εργαλεία>Κλειδιά  καστάνιες
55907,Καρυδάκι για καστάνια 1/2 - 14mm - Finder - 19,Καρυδάκι για καστάνια 1/2 - 14mm - Finder - 192500,in stock,new,0.9 EUR,,https://www.tradesor.gr/wp-content/uploads/2023/05/14mm-PhotoRoom-PhotoRoom.png,OEM,No Color,1.0,<p>Καρυδάκι εξάγωνο CR-V για καστάνια 1/2 - 14mm - Finder.</p>,ΕΡΓΑΛΕΙΑ  ΕΠΑΓΓΕΛΜΑΤΙΚΟΣ ΕΞΟΠΛΙΣΜΟΣ>Εργαλεία>Κλειδιά  καστάνιες
58671,Καρυδάκι για καστάνια 1/2 - 15mm - Finder - 19,Καρυδάκι για καστάνια 1/2 - 15mm - Finder - 192501,in stock,new,0.9 EUR,,https://www.tradesor.gr/wp-content/uploads/2023/05/15mm-PhotoRoom-PhotoRoom.png,OEM,No Color,1.0,<p>Καρυδάκι εξάγωνο CR-V για καστάνια 1/2 - 15mm - Finder.</p>,ΕΡΓΑΛΕΙΑ  ΕΠΑΓΓΕΛΜΑΤΙΚΟΣ ΕΞΟΠΛΙΣΜΟΣ>Εργαλεία>Κλειδιά  καστάνιες
97198,Καρυδάκι για καστάνια 1/2 - 23mm - Finder - 19,Καρυδάκι για καστάνια 1/2 - 23mm - Finder - 192509,in stock,new,1.8 EUR,,https://www.tradesor.gr/wp-content/uploads/2023/06/37aef4d67873b1369153e1ae371db877.jpg,OEM,No Color,0.4,,ΕΡΓΑΛΕΙΑ  ΕΠΑΓΓΕΛΜΑΤΙΚΟΣ ΕΞΟΠΛΙΣΜΟΣ>Εργαλεία>Κλειδιά  καστάνιες
97201,Καρυδάκι για καστάνια 1/2 - 20mm - Finder - 19,Καρυδάκι για καστάνια 1/2 - 20mm - Finder - 192506,in stock,new,1.44 EUR,,https://www.tradesor.gr/wp-content/uploads/2023/06/2165083c50a41e98c5deb13ee18efad4.jpg,OEM,No Color,0.4,,ΕΡΓΑΛΕΙΑ  ΕΠΑΓΓΕΛΜΑΤΙΚΟΣ ΕΞΟΠΛΙΣΜΟΣ>Εργαλεία>Κλειδιά  καστάνιες
97204,Καρυδάκι για καστάνια 1/2 - 18mm - Finder - 19,Καρυδάκι για καστάνια 1/2 - 18mm - Finder - 192504,in stock,new,1.26 EUR,,https://www.tradesor.gr/wp-content/uploads/2023/06/4835ff7c0d4bd9a4b1c71e4b0e2fca87.jpg,OEM,No Color,0.4,,ΕΡΓΑΛΕΙΑ  ΕΠΑΓΓΕΛΜΑΤΙΚΟΣ ΕΞΟΠΛΙΣΜΟΣ>Εργαλεία>Κλειδιά  καστάνιες
97207,Καρυδάκι για καστάνια 1/2 - 17m - Finder - 192,Καρυδάκι για καστάνια 1/2 - 17m - Finder - 192503,in stock,new,1.08 EUR,,https://www.tradesor.gr/wp-content/uploads/2023/06/725ded1e4fe40adb97082b83ff77663f.jpg,OEM,No Color,0.4,,ΕΡΓΑΛΕΙΑ  ΕΠΑΓΓΕΛΜΑΤΙΚΟΣ ΕΞΟΠΛΙΣΜΟΣ>Εργαλεία>Κλειδιά  καστάνιες
97210,Καρυδάκι για καστάνια 1/2 - 15mm - Finder - 19,Καρυδάκι για καστάνια 1/2 - 15mm - Finder - 192501,in stock,new,0.9 EUR,,https://www.tradesor.gr/wp-content/uploads/2023/06/87e68e7dc83397a9b8ac918468f7293d.jpg,OEM,No Color,0.4,,ΕΡΓΑΛΕΙΑ  ΕΠΑΓΓΕΛΜΑΤΙΚΟΣ ΕΞΟΠΛΙΣΜΟΣ>Εργαλεία>Κλειδιά  καστάνιες
97213,Καρυδάκι για καστάνια 1/2 - 13mm - Finder - 19,Καρυδάκι για καστάνια 1/2 - 13mm - Finder - 192499,in stock,new,0.9 EUR,,https://www.tradesor.gr/wp-content/uploads/2023/06/233d3ae1874f1d3539f99db122b6efed.jpg,OEM,No Color,0.4,,ΕΡΓΑΛΕΙΑ  ΕΠΑΓΓΕΛΜΑΤΙΚΟΣ ΕΞΟΠΛΙΣΜΟΣ>Εργαλεία>Κλειδιά  καστάνιες
97216,Καρυδάκι για καστάνια 1/2 - 12mm - Finder - 19,Καρυδάκι για καστάνια 1/2 - 12mm - Finder - 192498,in stock,new,0.9 EUR,,https://www.tradesor.gr/wp-content/uploads/2023/06/a2bf5096fa7d49b8d3e6e611717024f3.jpg,OEM,No Color,0.4,,ΕΡΓΑΛΕΙΑ  ΕΠΑΓΓΕΛΜΑΤΙΚΟΣ ΕΞΟΠΛΙΣΜΟΣ>Εργαλεία>Κλειδιά  καστάνιες
97219,Καρυδάκι για καστάνια 1/2 - 11mm - Finder - 19,Καρυδάκι για καστάνια 1/2 - 11mm - Finder - 192497,in stock,new,0.9 EUR,,https://www.tradesor.gr/wp-content/uploads/2023/06/d1b9b837556f8ebfcf477ab2f1b91ffb.jpg,OEM,No Color,0.4,,ΕΡΓΑΛΕΙΑ  ΕΠΑΓΓΕΛΜΑΤΙΚΟΣ ΕΞΟΠΛΙΣΜΟΣ>Εργαλεία>Κλειδιά  καστάνιες
97222,Καρυδάκι για καστάνια 1/2 - 10mm - Finder - 19,Καρυδάκι για καστάνια 1/2 - 10mm - Finder - 192496,in stock,new,0.9 EUR,,https://www.tradesor.gr/wp-content/uploads/2023/06/6b9f160ae53fd3ca642c795ad9256c95.jpg,OEM,No Color,0.4,,ΕΡΓΑΛΕΙΑ  ΕΠΑΓΓΕΛΜΑΤΙΚΟΣ ΕΞΟΠΛΙΣΜΟΣ>Εργαλεία>Κλειδιά  καστάνιες
97225,Καρυδάκι για καστάνια 1/2 - 9mm - Finder - 192,Καρυδάκι για καστάνια 1/2 - 9mm - Finder - 192495,in stock,new,0.9 EUR,,https://www.tradesor.gr/wp-content/uploads/2023/06/06b570854c0b038694cb67cfd7c5f610.jpg,OEM,No Color,0.4,,ΕΡΓΑΛΕΙΑ  ΕΠΑΓΓΕΛΜΑΤΙΚΟΣ ΕΞΟΠΛΙΣΜΟΣ>Εργαλεία>Κλειδιά  καστάνιες
97228,Καρυδάκι για καστάνια 1/2 - 8mm - Finder - 192,Καρυδάκι για καστάνια 1/2 - 8mm - Finder - 192494,in stock,new,0.9 EUR,,https://www.tradesor.gr/wp-content/uploads/2023/06/0e4cf652d1e030e33da774a710ea8b45.jpg,OEM,No Color,0.4,,ΕΡΓΑΛΕΙΑ  ΕΠΑΓΓΕΛΜΑΤΙΚΟΣ ΕΞΟΠΛΙΣΜΟΣ>Εργαλεία>Κλειδιά  καστάνιες
97702,Σετ κλειδιά Allen - 10pcs - Finder - 193172,Σετ κλειδιά Allen - 10pcs - Finder - 193172,in stock,new,1.8 EUR,,https://www.tradesor.gr/wp-content/uploads/2023/06/a04e88c081cdc89ab9168137e75f56ba.jpg,OEM,No Color,1.0,,ΕΡΓΑΛΕΙΑ  ΕΠΑΓΓΕΛΜΑΤΙΚΟΣ ΕΞΟΠΛΙΣΜΟΣ>Εργαλεία>Κλειδιά  καστάνιες
97705,"Γαλλικό κλειδί - 250mm/10"" - Finder - 192303","Γαλλικό κλειδί - 250mm/10"" - Finder - 192303",in stock,new,8.1 EUR,,https://www.tradesor.gr/wp-content/uploads/2023/06/97af518ce497fa99d29b2491705e46e0.jpg,OEM,No Color,1.0,,ΕΡΓΑΛΕΙΑ  ΕΠΑΓΓΕΛΜΑΤΙΚΟΣ ΕΞΟΠΛΙΣΜΟΣ>Εργαλεία>Κλειδιά  καστάνιες
97708,"Γαλλικό κλειδί - 200mm/8"" - Finder - 192302","Γαλλικό κλειδί - 200mm/8"" - Finder - 192302",in stock,new,6.3 EUR,,https://www.tradesor.gr/wp-content/uploads/2023/06/70a9ce2baed16e1fbfbf4b083f4ae140.jpg,OEM,No Color,1.0,,ΕΡΓΑΛΕΙΑ  ΕΠΑΓΓΕΛΜΑΤΙΚΟΣ ΕΞΟΠΛΙΣΜΟΣ>Εργαλεία>Κλειδιά  καστάνιες
97711,"Γαλλικό κλειδί - 150mm/6"" - Finder - 192301","Γαλλικό κλειδί - 150mm/6"" - Finder - 192301",in stock,new,4.5 EUR,,https://www.tradesor.gr/wp-content/uploads/2023/06/90c90d719bed53936bc634dc6f91c229.jpg,OEM,No Color,1.0,,ΕΡΓΑΛΕΙΑ  ΕΠΑΓΓΕΛΜΑΤΙΚΟΣ ΕΞΟΠΛΙΣΜΟΣ>Εργαλεία>Κλειδιά  καστάνιες
97714,"Γαλλικό κλειδί - 15"" - Finder - 192765","Γαλλικό κλειδί - 15"" - Finder - 192765",in stock,new,18 EUR,,https://www.tradesor.gr/wp-content/uploads/2023/06/47255924a356bec0fcaceb016c6071f5.jpg,OEM,No Color,1.0,,ΕΡΓΑΛΕΙΑ  ΕΠΑΓΓΕΛΜΑΤΙΚΟΣ ΕΞΟΠΛΙΣΜΟΣ>Εργαλεία>Κλειδιά  καστάνιες
97717,"Γαλλικό κλειδί - 12"" - Finder - 192764","Γαλλικό κλειδί - 12"" - Finder - 192764",in stock,new,10.8 EUR,,https://www.tradesor.gr/wp-content/uploads/2023/06/5dd86168e88dfefa23c8e95dcd0dc928.jpg,OEM,No Color,1.0,,ΕΡΓΑΛΕΙΑ  ΕΠΑΓΓΕΛΜΑΤΙΚΟΣ ΕΞΟΠΛΙΣΜΟΣ>Εργαλεία>Κλειδιά  καστάνιες
97720,"Γαλλικό κλειδί - 10"" - Finder - 192763","Γαλλικό κλειδί - 10"" - Finder - 192763",in stock,new,8.1 EUR,,https://www.tradesor.gr/wp-content/uploads/2023/06/06817dfdad7449c4c4717920a79251da.jpg,OEM,No Color,1.0,,ΕΡΓΑΛΕΙΑ  ΕΠΑΓΓΕΛΜΑΤΙΚΟΣ ΕΞΟΠΛΙΣΜΟΣ>Εργαλεία>Κλειδιά  καστάνιες
97723,"Γαλλικό κλειδί - 8"" - Finder - 192762","Γαλλικό κλειδί - 8"" - Finder - 192762",in stock,new,6.3 EUR,,https://www.tradesor.gr/wp-content/uploads/2023/06/ba2c32532fd2b3129a7915269fc8ac2a.jpg,OEM,No Color,1.0,,ΕΡΓΑΛΕΙΑ  ΕΠΑΓΓΕΛΜΑΤΙΚΟΣ ΕΞΟΠΛΙΣΜΟΣ>Εργαλεία>Κλειδιά  καστάνιες
97726,"Γαλλικό κλειδί - 6"" - Finder - 192761","Γαλλικό κλειδί - 6"" - Finder - 192761",in stock,new,4.5 EUR,,https://www.tradesor.gr/wp-content/uploads/2023/06/5369449758e330af35372bdbd1b6b3fd.jpg,OEM,No Color,1.0,,ΕΡΓΑΛΕΙΑ  ΕΠΑΓΓΕΛΜΑΤΙΚΟΣ ΕΞΟΠΛΙΣΜΟΣ>Εργαλεία>Κλειδιά  καστάνιες
97738,"Γαλλικό κλειδί σωλήνων - 600mm/24"" - Finder -","Γαλλικό κλειδί σωλήνων - 600mm/24"" - Finder - 190283",in stock,new,30.6 EUR,,https://www.tradesor.gr/wp-content/uploads/2023/06/f3d7cdd1d7fd38c159f9bdaf3455f3f9.jpg,OEM,No Color,2.0,,ΕΡΓΑΛΕΙΑ  ΕΠΑΓΓΕΛΜΑΤΙΚΟΣ ΕΞΟΠΛΙΣΜΟΣ>Εργαλεία>Κλειδιά  καστάνιες
97741,"Γαλλικό κλειδί σωλήνων - 450mm/18"" - Finder -","Γαλλικό κλειδί σωλήνων - 450mm/18"" - Finder - 190282",in stock,new,18 EUR,,https://www.tradesor.gr/wp-content/uploads/2023/06/db07b65013887caea5a17f0922a43de6.jpg,OEM,No Color,2.0,,ΕΡΓΑΛΕΙΑ  ΕΠΑΓΓΕΛΜΑΤΙΚΟΣ ΕΞΟΠΛΙΣΜΟΣ>Εργαλεία>Κλειδιά  καστάνιες
97744,"Γαλλικό κλειδί σωλήνων - 350mm/14"" - Finder -","Γαλλικό κλειδί σωλήνων - 350mm/14"" - Finder - 190281",in stock,new,12.6 EUR,,https://www.tradesor.gr/wp-content/uploads/2023/06/07a7206089a1ec0648198d2ddf4562cc.jpg,OEM,No Color,1.0,,ΕΡΓΑΛΕΙΑ  ΕΠΑΓΓΕΛΜΑΤΙΚΟΣ ΕΞΟΠΛΙΣΜΟΣ>Εργαλεία>Κλειδιά  καστάνιες
97747,"Γαλλικό κλειδί σωλήνων - 600mm/24"" - Finder -","Γαλλικό κλειδί σωλήνων - 600mm/24"" - Finder - 190278",in stock,new,23.4 EUR,,https://www.tradesor.gr/wp-content/uploads/2023/06/1c00a125aaf3678aed0d8048beae843d.jpg,OEM,No Color,1.0,,ΕΡΓΑΛΕΙΑ  ΕΠΑΓΓΕΛΜΑΤΙΚΟΣ ΕΞΟΠΛΙΣΜΟΣ>Εργαλεία>Κλειδιά  καστάνιες
97750,"Γαλλικό κλειδί σωλήνων - 450mm/18"" - Finder -","Γαλλικό κλειδί σωλήνων - 450mm/18"" - Finder - 190277",in stock,new,15.3 EUR,,https://www.tradesor.gr/wp-content/uploads/2023/06/3b22768c88745cd59d8465a6775312ee.jpg,OEM,No Color,1.0,,ΕΡΓΑΛΕΙΑ  ΕΠΑΓΓΕΛΜΑΤΙΚΟΣ ΕΞΟΠΛΙΣΜΟΣ>Εργαλεία>Κλειδιά  καστάνιες
97753,"Γαλλικό κλειδί σωλήνων - 350mm/14"" - Finder -","Γαλλικό κλειδί σωλήνων - 350mm/14"" - Finder - 190276",in stock,new,10.8 EUR,,https://www.tradesor.gr/wp-content/uploads/2023/06/84fc3af11f581b7ba124649e21aa4e18.jpg,OEM,No Color,1.0,,ΕΡΓΑΛΕΙΑ  ΕΠΑΓΓΕΛΜΑΤΙΚΟΣ ΕΞΟΠΛΙΣΜΟΣ>Εργαλεία>Κλειδιά  καστάνιες
97756,"Γαλλικό κλειδί σωλήνων - 300mm/12"" - Finder -","Γαλλικό κλειδί σωλήνων - 300mm/12"" - Finder - 190275",in stock,new,8.1 EUR,,https://www.tradesor.gr/wp-content/uploads/2023/06/94f6e81fe668ac230c97274bef529d9f.jpg,OEM,No Color,1.0,,ΕΡΓΑΛΕΙΑ  ΕΠΑΓΓΕΛΜΑΤΙΚΟΣ ΕΞΟΠΛΙΣΜΟΣ>Εργαλεία>Κλειδιά  καστάνιες
97759,"Γαλλικό κλειδί σωλήνων - 250mm/10"" - Finder -","Γαλλικό κλειδί σωλήνων - 250mm/10"" - Finder - 190274",in stock,new,7.2 EUR,,https://www.tradesor.gr/wp-content/uploads/2023/06/7022865211d05f38b4812b6e090a809b.jpg,OEM,No Color,1.0,,ΕΡΓΑΛΕΙΑ  ΕΠΑΓΓΕΛΜΑΤΙΚΟΣ ΕΞΟΠΛΙΣΜΟΣ>Εργαλεία>Κλειδιά  καστάνιες
97762,"Γαλλικό κλειδί σωλήνων - 200mm/8"" - Finder - ","Γαλλικό κλειδί σωλήνων - 200mm/8"" - Finder - 190273",in stock,new,5.4 EUR,,https://www.tradesor.gr/wp-content/uploads/2023/06/e52b885aef801396e39f7ae9cbe07b58.jpg,OEM,No Color,1.0,,ΕΡΓΑΛΕΙΑ  ΕΠΑΓΓΕΛΜΑΤΙΚΟΣ ΕΞΟΠΛΙΣΜΟΣ>Εργαλεία>Κλειδιά  καστάνιες
97765,Γαλλικό κλειδί σωλήνων - 1200mm/48“ - Finde,Γαλλικό κλειδί σωλήνων - 1200mm/48“ - Finder - 190224,in stock,new,50.4 EUR,,https://www.tradesor.gr/wp-content/uploads/2023/06/a4c260ced0e8f03daae8618245ff6828.jpg,OEM,No Color,2.0,,ΕΡΓΑΛΕΙΑ  ΕΠΑΓΓΕΛΜΑΤΙΚΟΣ ΕΞΟΠΛΙΣΜΟΣ>Εργαλεία>Κλειδιά  καστάνιες
97768,Γαλλικό κλειδί σωλήνων - 900mm/36“ - Finder,Γαλλικό κλειδί σωλήνων - 900mm/36“ - Finder - 190223,in stock,new,32.4 EUR,,https://www.tradesor.gr/wp-content/uploads/2023/06/06389628acd2a6f9019e08673cc135d7.jpg,OEM,No Color,2.0,,ΕΡΓΑΛΕΙΑ  ΕΠΑΓΓΕΛΜΑΤΙΚΟΣ ΕΞΟΠΛΙΣΜΟΣ>Εργαλεία>Κλειδιά  καστάνιες
97771,Γαλλικό κλειδί σωλήνων - 450mm/18“ - Finder,Γαλλικό κλειδί σωλήνων - 450mm/18“ - Finder - 190221,in stock,new,11.7 EUR,,https://www.tradesor.gr/wp-content/uploads/2023/06/05918e11f0e499ff10246c0fabb7ada5.jpg,OEM,No Color,2.0,,ΕΡΓΑΛΕΙΑ  ΕΠΑΓΓΕΛΜΑΤΙΚΟΣ ΕΞΟΠΛΙΣΜΟΣ>Εργαλεία>Κλειδιά  καστάνιες
97774,Γαλλικό κλειδί σωλήνων - 350mm/14“ - Finder,Γαλλικό κλειδί σωλήνων - 350mm/14“ - Finder - 190220,in stock,new,9 EUR,,https://www.tradesor.gr/wp-content/uploads/2023/06/1b3bd14fc3685e25f275fd07f1bc684b.jpg,OEM,No Color,2.0,,ΕΡΓΑΛΕΙΑ  ΕΠΑΓΓΕΛΜΑΤΙΚΟΣ ΕΞΟΠΛΙΣΜΟΣ>Εργαλεία>Κλειδιά  καστάνιες
97777,Γαλλικό κλειδί σωλήνων - 300mm/12“ - Finder,Γαλλικό κλειδί σωλήνων - 300mm/12“ - Finder - 190219,in stock,new,7.2 EUR,,https://www.tradesor.gr/wp-content/uploads/2023/06/fedc1ac198ff2fd9e5616618a35be30f.jpg,OEM,No Color,1.0,,ΕΡΓΑΛΕΙΑ  ΕΠΑΓΓΕΛΜΑΤΙΚΟΣ ΕΞΟΠΛΙΣΜΟΣ>Εργαλεία>Κλειδιά  καστάνιες
97780,Γαλλικό κλειδί σωλήνων - 250mm/10“ - Finder,Γαλλικό κλειδί σωλήνων - 250mm/10“ - Finder - 190218,in stock,new,5.4 EUR,,https://www.tradesor.gr/wp-content/uploads/2023/06/494a8492d392ae83e827ff3abd8d201a.jpg,OEM,No Color,1.0,,ΕΡΓΑΛΕΙΑ  ΕΠΑΓΓΕΛΜΑΤΙΚΟΣ ΕΞΟΠΛΙΣΜΟΣ>Εργαλεία>Κλειδιά  καστάνιες
97783,Γαλλικό κλειδί σωλήνων - 200mm/8“ - Finder ,Γαλλικό κλειδί σωλήνων - 200mm/8“ - Finder - 190217,in stock,new,4.5 EUR,,https://www.tradesor.gr/wp-content/uploads/2023/06/6f4b2c7fb0d3363c922d3863466b3734.jpg,OEM,No Color,1.0,,ΕΡΓΑΛΕΙΑ  ΕΠΑΓΓΕΛΜΑΤΙΚΟΣ ΕΞΟΠΛΙΣΜΟΣ>Εργαλεία>Κλειδιά  καστάνιες
