id,title,description,availability,condition,price,link,image_link,brand,color,shipping_weight,rich_text_description,fb_product_category
37839,Αναλογικό ρολόι χειρός – Skmei - 1768 - 017,Αναλογικό ρολόι χειρός – Skmei - 1768 - 017684 - Red/White,in stock,new,15.3 EUR,,https://www.tradesor.gr/wp-content/uploads/2023/04/017684_rw.jpg,OEM,No Color,0.5,<p>Αναλογικό ρολόι χειρός Skmei με εξαιρετικό design και στυλ που ταιριάζει σε κάθε ύφος και διάθεση.</p><p><strong>Χαρακτηριστικά:</strong><br />Άνετη εφαρμογή<br />Αντοχή υγρασίας<br />Καπάκι μπαταρίας από ανοξείδωτο ατσάλι<br />Μήκος λουριού: 20cm<br />Πλάτος καντράν: 20mm</p>,ΡΟΛΟΓΙΑ>Ρολόγια χειρός>Αναλογικά ρολόγια χειρός
37841,Αναλογικό ρολόι χειρός – Skmei - 1783 - 017,Αναλογικό ρολόι χειρός – Skmei - 1783 - 017837 - Red,in stock,new,18 EUR,,https://www.tradesor.gr/wp-content/uploads/2023/04/017837_r.png,OEM,No Color,0.5,<p>Αναλογικό ρολόι χειρός Skmei με εξαιρετικό design και στυλ που ταιριάζει σε κάθε ύφος και διάθεση.</p><p><strong>Χαρακτηριστικά:</strong><br />Άνετη εφαρμογή<br />Αντοχή υγρασίας<br />Καπάκι μπαταρίας από ανοξείδωτο ατσάλι<br />Μήκος λουριού: 20cm<br />Πλάτος καντράν: 18mm</p>,ΡΟΛΟΓΙΑ>Ρολόγια χειρός>Αναλογικά ρολόγια χειρός
37842,Αναλογικό ρολόι χειρός – Skmei - 1781 - 017,Αναλογικό ρολόι χειρός – Skmei - 1781 - 017813 - White,in stock,new,14.4 EUR,,https://www.tradesor.gr/wp-content/uploads/2023/04/017813_w.png,OEM,No Color,0.5,<p>Αναλογικό ρολόι χειρός Skmei με εξαιρετικό design και στυλ που ταιριάζει σε κάθε ύφος και διάθεση.</p><p><strong>Χαρακτηριστικά:</strong><br />Άνετη εφαρμογή<br />Αντοχή υγρασίας<br />Καπάκι μπαταρίας από ανοξείδωτο ατσάλι<br />Μήκος λουριού: 20cm<br />Πλάτος καντράν: 20mm</p>,ΡΟΛΟΓΙΑ>Ρολόγια χειρός>Αναλογικά ρολόγια χειρός
37865,Αναλογικό ρολόι χειρός – Skmei - 1783 - 017,Αναλογικό ρολόι χειρός – Skmei - 1783 - 017837 - Βlack,in stock,new,18 EUR,,https://www.tradesor.gr/wp-content/uploads/2023/04/017837_b.png,OEM,No Color,0.5,<p>Αναλογικό ρολόι χειρός Skmei με εξαιρετικό design και στυλ που ταιριάζει σε κάθε ύφος και διάθεση.</p><p><strong>Χαρακτηριστικά:</strong><br />Άνετη εφαρμογή<br />Αντοχή υγρασίας<br />Καπάκι μπαταρίας από ανοξείδωτο ατσάλι<br />Μήκος λουριού: 20cm<br />Πλάτος καντράν: 18mm</p>,ΡΟΛΟΓΙΑ>Ρολόγια χειρός>Αναλογικά ρολόγια χειρός
37866,Αναλογικό ρολόι χειρός – Skmei - 1781 - 017,Αναλογικό ρολόι χειρός – Skmei - 1781 - 017813 - Brown,in stock,new,14.4 EUR,,https://www.tradesor.gr/wp-content/uploads/2023/04/017813_br.jpg,OEM,No Color,0.5,<p>Αναλογικό ρολόι χειρός Skmei με εξαιρετικό design και στυλ που ταιριάζει σε κάθε ύφος και διάθεση.</p><p><strong>Χαρακτηριστικά:</strong><br />Άνετη εφαρμογή<br />Αντοχή υγρασίας<br />Καπάκι μπαταρίας από ανοξείδωτο ατσάλι<br />Μήκος λουριού: 20cm<br />Πλάτος καντράν: 20mm</p>,ΡΟΛΟΓΙΑ>Ρολόγια χειρός>Αναλογικά ρολόγια χειρός
37867,Αναλογικό ρολόι χειρός – Skmei - 1781 - 017,Αναλογικό ρολόι χειρός – Skmei - 1781 - 017813 - Black,in stock,new,14.4 EUR,,https://www.tradesor.gr/wp-content/uploads/2023/04/017813_b.png,OEM,No Color,0.5,<p>Αναλογικό ρολόι χειρός Skmei με εξαιρετικό design και στυλ που ταιριάζει σε κάθε ύφος και διάθεση.</p><p><strong>Χαρακτηριστικά:</strong><br />Άνετη εφαρμογή<br />Αντοχή υγρασίας<br />Καπάκι μπαταρίας από ανοξείδωτο ατσάλι<br />Μήκος λουριού: 20cm<br />Πλάτος καντράν: 20mm</p>,ΡΟΛΟΓΙΑ>Ρολόγια χειρός>Αναλογικά ρολόγια χειρός
37873,Αναλογικό ρολόι χειρός – Skmei - 1768 - 017,Αναλογικό ρολόι χειρός – Skmei - 1768 - 017684 - White,in stock,new,15.3 EUR,,https://www.tradesor.gr/wp-content/uploads/2023/04/017684_w.jpg,OEM,No Color,0.5,<p>Αναλογικό ρολόι χειρός Skmei με εξαιρετικό design και στυλ που ταιριάζει σε κάθε ύφος και διάθεση.</p><p><strong>Χαρακτηριστικά:</strong><br />Άνετη εφαρμογή<br />Αντοχή υγρασίας<br />Καπάκι μπαταρίας από ανοξείδωτο ατσάλι<br />Μήκος λουριού: 20cm<br />Πλάτος καντράν: 20mm</p>,ΡΟΛΟΓΙΑ>Ρολόγια χειρός>Αναλογικά ρολόγια χειρός
37874,Αναλογικό ρολόι χειρός – Skmei - 1768 - 017,Αναλογικό ρολόι χειρός – Skmei - 1768 - 017684 - Red/Black,in stock,new,15.3 EUR,,https://www.tradesor.gr/wp-content/uploads/2023/04/017684_rb.jpg,OEM,No Color,0.5,<p>Αναλογικό ρολόι χειρός Skmei με εξαιρετικό design και στυλ που ταιριάζει σε κάθε ύφος και διάθεση.</p><p><strong>Χαρακτηριστικά:</strong><br />Άνετη εφαρμογή<br />Αντοχή υγρασίας<br />Καπάκι μπαταρίας από ανοξείδωτο ατσάλι<br />Μήκος λουριού: 20cm<br />Πλάτος καντράν: 20mm</p>,ΡΟΛΟΓΙΑ>Ρολόγια χειρός>Αναλογικά ρολόγια χειρός
37875,Αναλογικό ρολόι χειρός – Skmei - 1768 - 017,Αναλογικό ρολόι χειρός – Skmei - 1768 - 017684 - Brown,in stock,new,15.3 EUR,,https://www.tradesor.gr/wp-content/uploads/2023/04/017684_br.jpg,OEM,No Color,0.5,<p>Αναλογικό ρολόι χειρός Skmei με εξαιρετικό design και στυλ που ταιριάζει σε κάθε ύφος και διάθεση.</p><p><strong>Χαρακτηριστικά:</strong><br />Άνετη εφαρμογή<br />Αντοχή υγρασίας<br />Καπάκι μπαταρίας από ανοξείδωτο ατσάλι<br />Μήκος λουριού: 20cm<br />Πλάτος καντράν: 20mm</p>,ΡΟΛΟΓΙΑ>Ρολόγια χειρός>Αναλογικά ρολόγια χειρός
37876,Αναλογικό ρολόι χειρός – Skmei - 1768 - 017,Αναλογικό ρολόι χειρός – Skmei - 1768 - 017684 - Black,in stock,new,15.3 EUR,,https://www.tradesor.gr/wp-content/uploads/2023/04/017684_b.jpg,OEM,No Color,0.5,<p>Αναλογικό ρολόι χειρός Skmei με εξαιρετικό design και στυλ που ταιριάζει σε κάθε ύφος και διάθεση.</p><p><strong>Χαρακτηριστικά:</strong><br />Άνετη εφαρμογή<br />Αντοχή υγρασίας<br />Καπάκι μπαταρίας από ανοξείδωτο ατσάλι<br />Μήκος λουριού: 20cm<br />Πλάτος καντράν: 20mm</p>,ΡΟΛΟΓΙΑ>Ρολόγια χειρός>Αναλογικά ρολόγια χειρός
38075,Αναλογικό ρολόι χειρός – Skmei - 9236 - Bla,Αναλογικό ρολόι χειρός – Skmei - 9236 - Black,in stock,new,21.6 EUR,,https://www.tradesor.gr/wp-content/uploads/2023/04/9236-black-black.jpg,OEM,No Color,0.5,<p>Ψηφιακό/αναλογικό ρολόι χειρός Skmei με εξαιρετικό design και στυλ που ταιριάζει σε κάθε ύφος και διάθεση.</p><p><strong>Χαρακτηριστικά:</strong><br />Άνετη εφαρμογή<br />Λουράκι δερματίνης ανάγλυφο<br />Αντοχή υγρασίας<br />Καπάκι μπαταρίας από ανοξείδωτο ατσάλι<br />Μήκος λουριού: 20cm<br />Πλάτος καντράν: 29mm</p>,ΡΟΛΟΓΙΑ>Ρολόγια χειρός>Αναλογικά ρολόγια χειρός
38076,Αναλογικό ρολόι χειρός – Skmei - 9236 - Bla,Αναλογικό ρολόι χειρός – Skmei - 9236 - Black/Blue,in stock,new,21.6 EUR,,https://www.tradesor.gr/wp-content/uploads/2023/04/9236-black-blue.jpg,OEM,No Color,0.5,<p>Ψηφιακό/αναλογικό ρολόι χειρός Skmei με εξαιρετικό design και στυλ που ταιριάζει σε κάθε ύφος και διάθεση.</p><p><strong>Χαρακτηριστικά:</strong><br />Άνετη εφαρμογή<br />Λουράκι δερματίνης ανάγλυφο<br />Αντοχή υγρασίας<br />Καπάκι μπαταρίας από ανοξείδωτο ατσάλι<br />Μήκος λουριού: 20cm<br />Πλάτος καντράν: 29mm</p>,ΡΟΛΟΓΙΑ>Ρολόγια χειρός>Αναλογικά ρολόγια χειρός
38315,Αναλογικό ρολόι χειρός - 8001 - 687332,Αναλογικό ρολόι χειρός - 8001 - 687332,in stock,new,6.3 EUR,,https://www.tradesor.gr/wp-content/uploads/2023/04/687332.jpg,OEM,No Color,0.2,"<p>Αναλογικό ρολόι χειρός Unisex, με ασημί μπρασελέ και λευκό καντράν. Μίνιμαλ σχεδιασμός που ταιριάζει σε κάθε στυλ και ώρα της ημέρας.</p><p>Καπάκι μπαταρίας και κούμπωμα από ανοξείδωτο ατσάλι. <br />Διάμετρος καντράν: περ. 25mm</p>",ΡΟΛΟΓΙΑ>Ρολόγια χειρός>Αναλογικά ρολόγια χειρός
38316,Αναλογικό ρολόι χειρός - 8016 - 687356,Αναλογικό ρολόι χειρός - 8016 - 687356,in stock,new,6.3 EUR,,https://www.tradesor.gr/wp-content/uploads/2023/04/687318.png,OEM,No Color,0.2,"<p>Αναλογικό ρολόι χειρός Unisex, με ασημί μπρασελέ και λευκό καντράν. Μίνιμαλ σχεδιασμός που ταιριάζει σε κάθε στυλ και ώρα της ημέρας.</p><p>Καπάκι μπαταρίας και κούμπωμα από ανοξείδωτο ατσάλι. <br />Πλάτος καντράν: περ. 19mm</p>",ΡΟΛΟΓΙΑ>Ρολόγια χειρός>Αναλογικά ρολόγια χειρός
38317,Αναλογικό ρολόι χειρός - 8010G - 687301,Αναλογικό ρολόι χειρός - 8010G - 687301,in stock,new,6.3 EUR,,https://www.tradesor.gr/wp-content/uploads/2023/04/687271.jpg,OEM,No Color,0.2,"<p>Αναλογικό ρολόι χειρός Unisex, με ασημί μπρασελέ και λευκό καντράν. Μίνιμαλ σχεδιασμός που ταιριάζει σε κάθε στυλ και ώρα της ημέρας.</p><p>Καπάκι μπαταρίας και κούμπωμα από ανοξείδωτο ατσάλι. <br />Διάμετρος καντράν: περ. 25mm</p>",ΡΟΛΟΓΙΑ>Ρολόγια χειρός>Αναλογικά ρολόγια χειρός
38318,Αναλογικό ρολόι χειρός - 8010G - 687295,Αναλογικό ρολόι χειρός - 8010G - 687295,in stock,new,6.3 EUR,,https://www.tradesor.gr/wp-content/uploads/2023/04/687295.png,OEM,No Color,0.2,"<p>Αναλογικό ρολόι χειρός Unisex, με ασημί μπρασελέ και λευκό καντράν. Μίνιμαλ σχεδιασμός που ταιριάζει σε κάθε στυλ και ώρα της ημέρας.</p><p>Καπάκι μπαταρίας και κούμπωμα από ανοξείδωτο ατσάλι. <br />Διάμετρος καντράν: περ. 25mm</p>",ΡΟΛΟΓΙΑ>Ρολόγια χειρός>Αναλογικά ρολόγια χειρός
38319,Αναλογικό ρολόι χειρός - 8003G - 687264,Αναλογικό ρολόι χειρός - 8003G - 687264,in stock,new,6.3 EUR,,https://www.tradesor.gr/wp-content/uploads/2023/04/687264.jpg,OEM,No Color,0.2,"<p>Αναλογικό ρολόι χειρός Unisex, με ασημί μπρασελέ και λευκό καντράν. Μίνιμαλ σχεδιασμός που ταιριάζει σε κάθε στυλ και ώρα της ημέρας.</p><p>Καπάκι μπαταρίας και κούμπωμα από ανοξείδωτο ατσάλι. <br />Διάμετρος καντράν: περ. 25mm</p>",ΡΟΛΟΓΙΑ>Ρολόγια χειρός>Αναλογικά ρολόγια χειρός
38320,Αναλογικό ρολόι χειρός - 8237G - 687257,Αναλογικό ρολόι χειρός - 8237G - 687257,in stock,new,6.3 EUR,,https://www.tradesor.gr/wp-content/uploads/2023/04/687257.jpg,OEM,No Color,0.2,"<p>Αναλογικό ρολόι χειρός Unisex, με ασημί μπρασελέ. Μίνιμαλ σχεδιασμός που ταιριάζει σε κάθε στυλ και ώρα της ημέρας.</p><p>Καπάκι μπαταρίας και κούμπωμα από ανοξείδωτο ατσάλι. <br />Διάμετρος καντράν: περ. 25mm</p>",ΡΟΛΟΓΙΑ>Ρολόγια χειρός>Αναλογικά ρολόγια χειρός
38321,Αναλογικό ρολόι χειρός - 8092G - 687219,Αναλογικό ρολόι χειρός - 8092G - 687219,in stock,new,6.3 EUR,,https://www.tradesor.gr/wp-content/uploads/2023/04/687219_1009.jpg,OEM,No Color,0.2,"<p>Αναλογικό ρολόι χειρός Unisex, με ασημί μπρασελέ και λευκό καντράν. Μίνιμαλ σχεδιασμός που ταιριάζει σε κάθε στυλ και ώρα της ημέρας.</p><p>Καπάκι μπαταρίας και κούμπωμα από ανοξείδωτο ατσάλι. <br />Διάμετρος καντράν: περ. 25mm</p>",ΡΟΛΟΓΙΑ>Ρολόγια χειρός>Αναλογικά ρολόγια χειρός
38322,Αναλογικό ρολόι χειρός - 8593G - 687349,Αναλογικό ρολόι χειρός - 8593G - 687349,in stock,new,6.3 EUR,,https://www.tradesor.gr/wp-content/uploads/2023/04/687349.png,OEM,No Color,0.2,"<p>Αναλογικό ρολόι χειρός Unisex, με ασημί μπρασελέ και λευκό καντράν. Μίνιμαλ σχεδιασμός που ταιριάζει σε κάθε στυλ και ώρα της ημέρας.</p><p>Καπάκι μπαταρίας και κούμπωμα από ανοξείδωτο ατσάλι. <br />Πλάτος καντράν: περ. 20mm</p>",ΡΟΛΟΓΙΑ>Ρολόγια χειρός>Αναλογικά ρολόγια χειρός
38323,Αναλογικό ρολόι χειρός - 8127G - 687196,Αναλογικό ρολόι χειρός - 8127G - 687196,in stock,new,6.3 EUR,,https://www.tradesor.gr/wp-content/uploads/2023/04/687196.png,OEM,No Color,0.2,"<p>Αναλογικό ρολόι χειρός Unisex, με ασημί μπρασελέ και λευκό καντράν. Μίνιμαλ σχεδιασμός που ταιριάζει σε κάθε στυλ και ώρα της ημέρας.</p><p>Καπάκι μπαταρίας και κούμπωμα από ανοξείδωτο ατσάλι. <br />Διάμετρος καντράν: περ. 25mm</p>",ΡΟΛΟΓΙΑ>Ρολόγια χειρός>Αναλογικά ρολόγια χειρός
38324,Αναλογικό ρολόι χειρός - 8091AG - 687158,Αναλογικό ρολόι χειρός - 8091AG - 687158,in stock,new,6.3 EUR,,https://www.tradesor.gr/wp-content/uploads/2023/04/687158.jpg,OEM,No Color,0.2,"<p>Αναλογικό ρολόι χειρός Unisex, με ασημί μπρασελέ και λευκό καντράν. Μίνιμαλ σχεδιασμός που ταιριάζει σε κάθε στυλ και ώρα της ημέρας.</p><p>Καπάκι μπαταρίας και κούμπωμα από ανοξείδωτο ατσάλι. <br />Διάμετρος καντράν: περ. 25mm</p>",ΡΟΛΟΓΙΑ>Ρολόγια χειρός>Αναλογικά ρολόγια χειρός
38325,Αναλογικό ρολόι χειρός - 8563G - 687110,Αναλογικό ρολόι χειρός - 8563G - 687110,in stock,new,6.3 EUR,,https://www.tradesor.gr/wp-content/uploads/2023/04/687110.jpg,OEM,No Color,0.2,"<p>Αναλογικό ρολόι χειρός Unisex, με ασημί μπρασελέ και λευκό καντράν. Μίνιμαλ σχεδιασμός που ταιριάζει σε κάθε στυλ και ώρα της ημέρας.</p><p>Καπάκι μπαταρίας και κούμπωμα από ανοξείδωτο ατσάλι. <br />Διάμετρος καντράν: περ. 25mm</p>",ΡΟΛΟΓΙΑ>Ρολόγια χειρός>Αναλογικά ρολόγια χειρός
38326,Αναλογικό ρολόι χειρός - 8596G - 687103,Αναλογικό ρολόι χειρός - 8596G - 687103,in stock,new,6.3 EUR,,https://www.tradesor.gr/wp-content/uploads/2023/04/687103.jpg,OEM,No Color,0.2,"<p>Αναλογικό ρολόι χειρός Unisex, με ασημί μπρασελέ και λευκό καντράν. Μίνιμαλ σχεδιασμός που ταιριάζει σε κάθε στυλ και ώρα της ημέρας.</p><p>Καπάκι μπαταρίας και κούμπωμα από ανοξείδωτο ατσάλι. <br />Διάμετρος καντράν: περ. 25mm</p>",ΡΟΛΟΓΙΑ>Ρολόγια χειρός>Αναλογικά ρολόγια χειρός
38327,Αναλογικό ρολόι χειρός - 8561G - 687097,Αναλογικό ρολόι χειρός - 8561G - 687097,in stock,new,6.3 EUR,,https://www.tradesor.gr/wp-content/uploads/2023/04/687097.png,OEM,No Color,0.2,"<p>Αναλογικό ρολόι χειρός Unisex, με ασημί μπρασελέ και λευκό καντράν. Μίνιμαλ σχεδιασμός που ταιριάζει σε κάθε στυλ και ώρα της ημέρας.</p><p>Καπάκι μπαταρίας και κούμπωμα από ανοξείδωτο ατσάλι. <br />Διάμετρος καντράν: περ. 25mm</p>",ΡΟΛΟΓΙΑ>Ρολόγια χειρός>Αναλογικά ρολόγια χειρός
38328,Αναλογικό ρολόι χειρός - 8538G - 687080,Αναλογικό ρολόι χειρός - 8538G - 687080,in stock,new,6.3 EUR,,https://www.tradesor.gr/wp-content/uploads/2023/04/687080.jpg,OEM,No Color,0.2,"<p>Αναλογικό ρολόι χειρός Unisex, με ασημί μπρασελέ και λευκό καντράν. Μίνιμαλ σχεδιασμός που ταιριάζει σε κάθε στυλ και ώρα της ημέρας.</p><p>Καπάκι μπαταρίας και κούμπωμα από ανοξείδωτο ατσάλι. <br />Διάμετρος καντράν: περ. 25mm</p>",ΡΟΛΟΓΙΑ>Ρολόγια χειρός>Αναλογικά ρολόγια χειρός
38330,Αναλογικό ρολόι χειρός - 8568G - 687011,Αναλογικό ρολόι χειρός - 8568G - 687011,in stock,new,6.3 EUR,,https://www.tradesor.gr/wp-content/uploads/2023/04/687011_1009.jpg,OEM,No Color,0.2,"<p>Αναλογικό ρολόι χειρός Unisex, με ασημί μπρασελέ και λευκό καντράν. Μίνιμαλ σχεδιασμός που ταιριάζει σε κάθε στυλ και ώρα της ημέρας.</p><p>Καπάκι μπαταρίας και κούμπωμα από ανοξείδωτο ατσάλι. <br />Διάμετρος καντράν: περ. 25mm</p>",ΡΟΛΟΓΙΑ>Ρολόγια χειρός>Αναλογικά ρολόγια χειρός
38331,Αναλογικό ρολόι χειρός - 8016L - 687318,Αναλογικό ρολόι χειρός - 8016L - 687318,in stock,new,6.3 EUR,,https://www.tradesor.gr/wp-content/uploads/2023/04/687318.png,OEM,No Color,0.2,"<p>Αναλογικό ρολόι χειρός Unisex, με ασημί μπρασελέ και λευκό καντράν. Μίνιμαλ σχεδιασμός που ταιριάζει σε κάθε στυλ και ώρα της ημέρας.</p><p>Καπάκι μπαταρίας και κούμπωμα από ανοξείδωτο ατσάλι. <br />Πλάτος καντράν: περ. 19mm</p>",ΡΟΛΟΓΙΑ>Ρολόγια χειρός>Αναλογικά ρολόγια χειρός
38333,Αναλογικό ρολόι χειρός - 8237L - 687233,Αναλογικό ρολόι χειρός - 8237L - 687233,in stock,new,6.3 EUR,,https://www.tradesor.gr/wp-content/uploads/2023/04/687233.jpg,OEM,No Color,0.2,"<p>Αναλογικό ρολόι χειρός Unisex, με ασημί μπρασελέ και λευκό καντράν. Μίνιμαλ σχεδιασμός που ταιριάζει σε κάθε στυλ και ώρα της ημέρας.</p><p>Καπάκι μπαταρίας και κούμπωμα από ανοξείδωτο ατσάλι. <br />Διάμετρος καντράν: περ. 25mm</p>",ΡΟΛΟΓΙΑ>Ρολόγια χειρός>Αναλογικά ρολόγια χειρός
38334,Αναλογικό ρολόι χειρός - 8092L - 687202,Αναλογικό ρολόι χειρός - 8092L - 687202,in stock,new,6.3 EUR,,https://www.tradesor.gr/wp-content/uploads/2023/04/687202-1.jpg,OEM,No Color,0.2,"<p>Αναλογικό ρολόι χειρός Unisex, με ασημί μπρασελέ και λευκό καντράν. Μίνιμαλ σχεδιασμός που ταιριάζει σε κάθε στυλ και ώρα της ημέρας.</p><p>Καπάκι μπαταρίας και κούμπωμα από ανοξείδωτο ατσάλι. <br />Διάμετρος καντράν: περ. 25mm</p>",ΡΟΛΟΓΙΑ>Ρολόγια χειρός>Αναλογικά ρολόγια χειρός
38335,Αναλογικό ρολόι χειρός - 8294L - 687165,Αναλογικό ρολόι χειρός - 8294L - 687165,in stock,new,6.3 EUR,,https://www.tradesor.gr/wp-content/uploads/2023/04/687165-1.jpg,OEM,No Color,0.2,"<p>Αναλογικό ρολόι χειρός Unisex, με ασημί μπρασελέ και λευκό καντράν. Μίνιμαλ σχεδιασμός που ταιριάζει σε κάθε στυλ και ώρα της ημέρας.</p><p>Καπάκι μπαταρίας και κούμπωμα από ανοξείδωτο ατσάλι. <br />Διάμετρος καντράν: περ. 25mm</p>",ΡΟΛΟΓΙΑ>Ρολόγια χειρός>Αναλογικά ρολόγια χειρός
38336,Αναλογικό ρολόι χειρός - 8091L - 687134,Αναλογικό ρολόι χειρός - 8091L - 687134,in stock,new,6.3 EUR,,https://www.tradesor.gr/wp-content/uploads/2023/04/687134.jpg,OEM,No Color,0.2,"<p>Αναλογικό ρολόι χειρός Unisex, με ασημί μπρασελέ και λευκό καντράν. Μίνιμαλ σχεδιασμός που ταιριάζει σε κάθε στυλ και ώρα της ημέρας.</p><p>Καπάκι μπαταρίας και κούμπωμα από ανοξείδωτο ατσάλι. <br />Διάμετρος καντράν: περ. 25mm</p>",ΡΟΛΟΓΙΑ>Ρολόγια χειρός>Αναλογικά ρολόγια χειρός
38337,Αναλογικό ρολόι χειρός - 8341BL - 687127,Αναλογικό ρολόι χειρός - 8341BL - 687127,in stock,new,6.3 EUR,,https://www.tradesor.gr/wp-content/uploads/2023/04/687127.png,OEM,No Color,0.2,"<p>Αναλογικό ρολόι χειρός Unisex, με ασημί μπρασελέ και λευκό καντράν. Μίνιμαλ σχεδιασμός που ταιριάζει σε κάθε στυλ και ώρα της ημέρας.</p><p>Καπάκι μπαταρίας και κούμπωμα από ανοξείδωτο ατσάλι. <br />Διάμετρος καντράν: περ. 25mm</p>",ΡΟΛΟΓΙΑ>Ρολόγια χειρός>Αναλογικά ρολόγια χειρός
38338,Αναλογικό ρολόι χειρός - 8565G - 687066,Αναλογικό ρολόι χειρός - 8565G - 687066,in stock,new,6.3 EUR,,https://www.tradesor.gr/wp-content/uploads/2023/04/687066.jpg,OEM,No Color,0.2,"<p>Αναλογικό ρολόι χειρός Unisex, με ασημί μπρασελέ. Μίνιμαλ σχεδιασμός που ταιριάζει σε κάθε στυλ και ώρα της ημέρας.</p><p>Καπάκι μπαταρίας και κούμπωμα από ανοξείδωτο ατσάλι. <br />Διάμετρος καντράν: περ. 25mm</p>",ΡΟΛΟΓΙΑ>Ρολόγια χειρός>Αναλογικά ρολόγια χειρός
38339,Αναλογικό ρολόι χειρός - 8565L - 687059,Αναλογικό ρολόι χειρός - 8565L - 687059,in stock,new,6.3 EUR,,https://www.tradesor.gr/wp-content/uploads/2023/04/687059.jpg,OEM,No Color,0.2,"<p>Αναλογικό ρολόι χειρός Unisex, με ασημί μπρασελέ και λευκό καντράν. Μίνιμαλ σχεδιασμός που ταιριάζει σε κάθε στυλ και ώρα της ημέρας.</p><p>Καπάκι μπαταρίας και κούμπωμα από ανοξείδωτο ατσάλι. <br />Διάμετρος καντράν: περ. 25mm</p>",ΡΟΛΟΓΙΑ>Ρολόγια χειρός>Αναλογικά ρολόγια χειρός
38340,Αναλογικό ρολόι χειρός - 8568L - 687028,Αναλογικό ρολόι χειρός - 8568L - 687028,in stock,new,6.3 EUR,,https://www.tradesor.gr/wp-content/uploads/2023/04/687028.jpg,OEM,No Color,0.2,"<p>Αναλογικό ρολόι χειρός Unisex, με ασημί μπρασελέ και λευκό καντράν. Μίνιμαλ σχεδιασμός που ταιριάζει σε κάθε στυλ και ώρα της ημέρας.</p><p>Καπάκι μπαταρίας και κούμπωμα από ανοξείδωτο ατσάλι. <br />Διάμετρος καντράν: περ. 25mm<br /><br /></p>",ΡΟΛΟΓΙΑ>Ρολόγια χειρός>Αναλογικά ρολόγια χειρός
50171,Αναλογικό ρολόι χειρός – Skmei - 1717 - Gol,Αναλογικό ρολόι χειρός – Skmei - 1717 - Gold,in stock,new,12.6 EUR,,https://www.tradesor.gr/wp-content/uploads/2023/05/6dcce43fec92aee96985b440523abdef.jpg,OEM,No Color,0.3,"Αναλογικό ρολόι χειρός Skmei με εξαιρετικό design και στυλ που ταιριάζει σε κάθε ύφος και διάθεση.

Χαρακτηριστικά:
Άνετη εφαρμογή
Αντοχή υγρασίας
Καπάκι μπαταρίας από ανοξείδωτο ατσάλι
Μήκος λουριού: 20cm
Πλάτος καντράν: 23mm.",ΡΟΛΟΓΙΑ>Ρολόγια χειρός>Αναλογικά ρολόγια χειρός
50174,Αναλογικό ρολόι χειρός – Skmei - 1717 - Sil,Αναλογικό ρολόι χειρός – Skmei - 1717 - Silver,in stock,new,12.6 EUR,,https://www.tradesor.gr/wp-content/uploads/2023/05/3ae3874a5aedc831a76607926f84e99d.jpg,OEM,No Color,0.3,"Αναλογικό ρολόι χειρός Skmei με εξαιρετικό design και στυλ που ταιριάζει σε κάθε ύφος και διάθεση.

Χαρακτηριστικά:
Άνετη εφαρμογή
Αντοχή υγρασίας
Καπάκι μπαταρίας από ανοξείδωτο ατσάλι
Μήκος λουριού: 20cm
Πλάτος καντράν: 23mm.",ΡΟΛΟΓΙΑ>Ρολόγια χειρός>Αναλογικά ρολόγια χειρός
50177,Αναλογικό ρολόι χειρός – Skmei - 1717 - Bla,Αναλογικό ρολόι χειρός – Skmei - 1717 - Black/White,in stock,new,12.6 EUR,,https://www.tradesor.gr/wp-content/uploads/2023/05/1600f66ec86e404935d19e9c185eb569.jpg,OEM,No Color,0.3,"Αναλογικό ρολόι χειρός Skmei με εξαιρετικό design και στυλ που ταιριάζει σε κάθε ύφος και διάθεση.

Χαρακτηριστικά:
Άνετη εφαρμογή
Αντοχή υγρασίας
Καπάκι μπαταρίας από ανοξείδωτο ατσάλι
Μήκος λουριού: 20cm
Πλάτος καντράν: 23mm.",ΡΟΛΟΓΙΑ>Ρολόγια χειρός>Αναλογικά ρολόγια χειρός
50195,Αναλογικό ρολόι χειρός – Skmei - 1509 - Blu,Αναλογικό ρολόι χειρός – Skmei - 1509 - Blue,in stock,new,14.4 EUR,,https://www.tradesor.gr/wp-content/uploads/2023/05/4ecb717d2ae3a289c9f541f2ab943784.jpg,OEM,No Color,0.3,"Αναλογικό ρολόι χειρός Skmei με εξαιρετικό design και στυλ που ταιριάζει σε κάθε ύφος και διάθεση.

Χαρακτηριστικά:
Άνετη εφαρμογή
Αντοχή υγρασίας
Καπάκι μπαταρίας από ανοξείδωτο ατσάλι
Μήκος λουριού: 20cm
Διάμετρος καντράν: 25mm.",ΡΟΛΟΓΙΑ>Ρολόγια χειρός>Αναλογικά ρολόγια χειρός
50198,Αναλογικό ρολόι χειρός – Skmei - 1509 - Bla,Αναλογικό ρολόι χειρός – Skmei - 1509 - Black,in stock,new,14.4 EUR,,https://www.tradesor.gr/wp-content/uploads/2023/05/26d59b090012f01f8f2f4e71d7bfad1b.jpg,OEM,No Color,0.3,"Αναλογικό ρολόι χειρός Skmei με εξαιρετικό design και στυλ που ταιριάζει σε κάθε ύφος και διάθεση.

Χαρακτηριστικά:
Άνετη εφαρμογή
Αντοχή υγρασίας
Καπάκι μπαταρίας από ανοξείδωτο ατσάλι
Μήκος λουριού: 20cm
Διάμετρος καντράν: 25mm.",ΡΟΛΟΓΙΑ>Ρολόγια χειρός>Αναλογικά ρολόγια χειρός
50201,Αναλογικό ρολόι χειρός – Skmei - 1509 - Gre,Αναλογικό ρολόι χειρός – Skmei - 1509 - Green,in stock,new,14.4 EUR,,https://www.tradesor.gr/wp-content/uploads/2023/05/d6cc7432fdbb17d7c09571e6503f7cfb.jpg,OEM,No Color,0.3,"Αναλογικό ρολόι χειρός Skmei με εξαιρετικό design και στυλ που ταιριάζει σε κάθε ύφος και διάθεση.

Χαρακτηριστικά:
Άνετη εφαρμογή
Αντοχή υγρασίας
Καπάκι μπαταρίας από ανοξείδωτο ατσάλι
Μήκος λουριού: 20cm
Διάμετρος καντράν: 25mm.",ΡΟΛΟΓΙΑ>Ρολόγια χειρός>Αναλογικά ρολόγια χειρός
50204,Αναλογικό ρολόι χειρός – Skmei - 1509 - Red,Αναλογικό ρολόι χειρός – Skmei - 1509 - Red,in stock,new,14.4 EUR,,https://www.tradesor.gr/wp-content/uploads/2023/05/0769d7eb24b5a09c15a216e67c377aab.jpg,OEM,No Color,0.3,"Αναλογικό ρολόι χειρός Skmei με εξαιρετικό design και στυλ που ταιριάζει σε κάθε ύφος και διάθεση.

Χαρακτηριστικά:
Άνετη εφαρμογή
Αντοχή υγρασίας
Καπάκι μπαταρίας από ανοξείδωτο ατσάλι
Μήκος λουριού: 20cm
Διάμετρος καντράν: 25mm.",ΡΟΛΟΓΙΑ>Ρολόγια χειρός>Αναλογικά ρολόγια χειρός
50207,Αναλογικό ρολόι χειρός – Skmei - 9073 - Bla,Αναλογικό ρολόι χειρός – Skmei - 9073 - Black/Gold,in stock,new,18 EUR,,https://www.tradesor.gr/wp-content/uploads/2023/05/5a41bc843ca2391ad38af2a97519f2c5.jpg,OEM,No Color,0.3,"Αναλογικό ρολόι χειρός Skmei με εξαιρετικό design και στυλ που ταιριάζει σε κάθε ύφος και διάθεση.

Χαρακτηριστικά:
Άνετη εφαρμογή
Αντοχή υγρασίας
Καπάκι μπαταρίας από ανοξείδωτο ατσάλι, Λουράκι δερματίνης ανάγλυφο, 
Μήκος λουριού: 20cm
Διάμετρος καντράν: 25mm.",ΡΟΛΟΓΙΑ>Ρολόγια χειρός>Αναλογικά ρολόγια χειρός
50210,Αναλογικό ρολόι χειρός – Skmei - 9073 - Bro,Αναλογικό ρολόι χειρός – Skmei - 9073 - Brown/Gold,in stock,new,18 EUR,,https://www.tradesor.gr/wp-content/uploads/2023/05/575417fa4ac867036d352d921f3e22f4.jpg,OEM,No Color,0.3,"Αναλογικό ρολόι χειρός Skmei με εξαιρετικό design και στυλ που ταιριάζει σε κάθε ύφος και διάθεση.

Χαρακτηριστικά:
Άνετη εφαρμογή
Αντοχή υγρασίας
Καπάκι μπαταρίας από ανοξείδωτο ατσάλι, Λουράκι δερματίνης ανάγλυφο, 
Μήκος λουριού: 20cm
Διάμετρος καντράν: 25mm.",ΡΟΛΟΓΙΑ>Ρολόγια χειρός>Αναλογικά ρολόγια χειρός
50213,Αναλογικό ρολόι χειρός – Skmei - 9073 - Bro,Αναλογικό ρολόι χειρός – Skmei - 9073 - Brown/Silver,in stock,new,18 EUR,,https://www.tradesor.gr/wp-content/uploads/2023/05/5e901715ee882a8a5f2f0c9c51d8ba05.jpg,OEM,No Color,0.3,"Αναλογικό ρολόι χειρός Skmei με εξαιρετικό design και στυλ που ταιριάζει σε κάθε ύφος και διάθεση.

Χαρακτηριστικά:
Άνετη εφαρμογή
Αντοχή υγρασίας
Καπάκι μπαταρίας από ανοξείδωτο ατσάλι, Λουράκι δερματίνης ανάγλυφο, 
Μήκος λουριού: 20cm
Διάμετρος καντράν: 25mm.",ΡΟΛΟΓΙΑ>Ρολόγια χειρός>Αναλογικά ρολόγια χειρός
50216,Αναλογικό ρολόι χειρός – Skmei - 9073 - Bla,Αναλογικό ρολόι χειρός – Skmei - 9073 - Black/Silver,in stock,new,18 EUR,,https://www.tradesor.gr/wp-content/uploads/2023/05/a25252fee3e0496d3a0921b19e3c06a2.jpg,OEM,No Color,0.3,"Αναλογικό ρολόι χειρός Skmei με εξαιρετικό design και στυλ που ταιριάζει σε κάθε ύφος και διάθεση.

Χαρακτηριστικά:
Άνετη εφαρμογή
Αντοχή υγρασίας
Καπάκι μπαταρίας από ανοξείδωτο ατσάλι, Λουράκι δερματίνης ανάγλυφο, 
Μήκος λουριού: 20cm
Διάμετρος καντράν: 25mm.",ΡΟΛΟΓΙΑ>Ρολόγια χειρός>Αναλογικά ρολόγια χειρός
50219,Αναλογικό ρολόι χειρός – Skmei - 9098 - Bla,Αναλογικό ρολόι χειρός – Skmei - 9098 - Black/Silver,in stock,new,19.8 EUR,,https://www.tradesor.gr/wp-content/uploads/2023/05/9d92f22aa60437b9b569fa547ead3dc8.jpg,OEM,No Color,0.3,"Γυναικείο αναλογικό ρολόι χειρός Skmei με εξαιρετικό μεταλλικό design και στυλ που ταιριάζει σε κάθε ύφος και διάθεση.

Χαρακτηριστικά:
Άνετη εφαρμογή
Αντοχή υγρασίας
Καπάκι μπαταρίας από ανοξείδωτο ατσάλι, 
Μήκος λουριού: 20cm
Διάμετρος καντράν: 25mm.",ΡΟΛΟΓΙΑ>Ρολόγια χειρός>Αναλογικά ρολόγια χειρός
50222,Αναλογικό ρολόι χειρός – Skmei - 9098 - Bla,Αναλογικό ρολόι χειρός – Skmei - 9098 - Black/Gold,in stock,new,19.8 EUR,,https://www.tradesor.gr/wp-content/uploads/2023/05/e8c6bfb7ab355a8f2744bd7c0bfbf25f.jpg,OEM,No Color,0.3,"Γυναικείο αναλογικό ρολόι χειρός Skmei με εξαιρετικό μεταλλικό design και στυλ που ταιριάζει σε κάθε ύφος και διάθεση.

Χαρακτηριστικά:
Άνετη εφαρμογή
Αντοχή υγρασίας
Καπάκι μπαταρίας από ανοξείδωτο ατσάλι, 
Μήκος λουριού: 20cm
Διάμετρος καντράν: 25mm.",ΡΟΛΟΓΙΑ>Ρολόγια χειρός>Αναλογικά ρολόγια χειρός
50225,Αναλογικό ρολόι χειρός – Skmei - 9098 - Whi,Αναλογικό ρολόι χειρός – Skmei - 9098 - White/Gold,in stock,new,19.8 EUR,,https://www.tradesor.gr/wp-content/uploads/2023/05/665bdaddb0e1fd9c8005fee9a4c58c7b.jpg,OEM,No Color,0.3,"Γυναικείο αναλογικό ρολόι χειρός Skmei με εξαιρετικό μεταλλικό design και στυλ που ταιριάζει σε κάθε ύφος και διάθεση.

Χαρακτηριστικά:
Άνετη εφαρμογή
Αντοχή υγρασίας
Καπάκι μπαταρίας από ανοξείδωτο ατσάλι, 
Μήκος λουριού: 20cm
Διάμετρος καντράν: 25mm.",ΡΟΛΟΓΙΑ>Ρολόγια χειρός>Αναλογικά ρολόγια χειρός
50228,Αναλογικό ρολόι χειρός – Skmei - 9098 - Sil,Αναλογικό ρολόι χειρός – Skmei - 9098 - Silver/Gold,in stock,new,19.8 EUR,,https://www.tradesor.gr/wp-content/uploads/2023/05/9a6a104e1b9b0c830c127c97e7849f11.jpg,OEM,No Color,0.3,"Γυναικείο αναλογικό ρολόι χειρός Skmei με εξαιρετικό μεταλλικό design και στυλ που ταιριάζει σε κάθε ύφος και διάθεση.

Χαρακτηριστικά:
Άνετη εφαρμογή
Αντοχή υγρασίας
Καπάκι μπαταρίας από ανοξείδωτο ατσάλι, 
Μήκος λουριού: 20cm
Διάμετρος καντράν: 25mm.",ΡΟΛΟΓΙΑ>Ρολόγια χειρός>Αναλογικά ρολόγια χειρός
50231,Αναλογικό ρολόι χειρός – Skmei - 9058 - Bla,Αναλογικό ρολόι χειρός – Skmei - 9058 - Black/Black,in stock,new,14.4 EUR,,https://www.tradesor.gr/wp-content/uploads/2023/05/5f6ed182a6156b71fdb62cb98775dab9.jpg,OEM,No Color,0.3,"Αναλογικό ρολόι χειρός Skmei με εξαιρετικό design και στυλ που ταιριάζει σε κάθε ύφος και διάθεση.

Χαρακτηριστικά:
Άνετη εφαρμογή
Αντοχή υγρασίας
Καπάκι μπαταρίας από ανοξείδωτο ατσάλι, Λουράκι δερματίνης ανάγλυφο, 
Μήκος λουριού: 20cm
Διάμετρος καντράν: 25mm.",ΡΟΛΟΓΙΑ>Ρολόγια χειρός>Αναλογικά ρολόγια χειρός
50234,Αναλογικό ρολόι χειρός – Skmei - 9058 - Bla,Αναλογικό ρολόι χειρός – Skmei - 9058 - Black/White,in stock,new,14.4 EUR,,https://www.tradesor.gr/wp-content/uploads/2023/05/aa4b689f12c46d8042385ef3e398e393.jpg,OEM,No Color,0.3,"Αναλογικό ρολόι χειρός Skmei με εξαιρετικό design και στυλ που ταιριάζει σε κάθε ύφος και διάθεση.

Χαρακτηριστικά:
Άνετη εφαρμογή
Αντοχή υγρασίας
Καπάκι μπαταρίας από ανοξείδωτο ατσάλι, Λουράκι δερματίνης ανάγλυφο, 
Μήκος λουριού: 20cm
Διάμετρος καντράν: 25mm.",ΡΟΛΟΓΙΑ>Ρολόγια χειρός>Αναλογικά ρολόγια χειρός
50237,Αναλογικό ρολόι χειρός – Skmei - 9058 - Bro,Αναλογικό ρολόι χειρός – Skmei - 9058 - Brown/White,in stock,new,14.4 EUR,,https://www.tradesor.gr/wp-content/uploads/2023/05/69ce296b228ad024fcc420d88ac828ac.jpg,OEM,No Color,0.3,"Αναλογικό ρολόι χειρός Skmei με εξαιρετικό design και στυλ που ταιριάζει σε κάθε ύφος και διάθεση.

Χαρακτηριστικά:
Άνετη εφαρμογή
Αντοχή υγρασίας
Καπάκι μπαταρίας από ανοξείδωτο ατσάλι, Λουράκι δερματίνης ανάγλυφο, 
Μήκος λουριού: 20cm
Διάμετρος καντράν: 25mm.",ΡΟΛΟΓΙΑ>Ρολόγια χειρός>Αναλογικά ρολόγια χειρός
50240,Αναλογικό ρολόι χειρός – Skmei - 9112 - Bro,Αναλογικό ρολόι χειρός – Skmei - 9112 - Brown,in stock,new,14.4 EUR,,https://www.tradesor.gr/wp-content/uploads/2023/05/c0ad40939b55dfe0ec738a5ee120271b.jpg,OEM,No Color,0.3,"<p>Αναλογικό ρολόι χειρός Skmei με εξαιρετικό design και στυλ που ταιριάζει σε κάθε ύφος και διάθεση. <br />Χαρακτηριστικά: <br />Άνετη εφαρμογή <br />Αντοχή υγρασίας <br />Καπάκι μπαταρίας από ανοξείδωτο ατσάλι, <br />Υφασμάτινο λουράκι, <br />Μήκος λουριού: 24cm, <br />Διαστάσεις: 47mm(Dia),40mm(W),11mm(H).</p>",ΡΟΛΟΓΙΑ>Ρολόγια χειρός>Αναλογικά ρολόγια χειρός
50243,Αναλογικό ρολόι χειρός – Skmei - 9112 - Blu,Αναλογικό ρολόι χειρός – Skmei - 9112 - Blue,in stock,new,14.4 EUR,,https://www.tradesor.gr/wp-content/uploads/2023/05/bd12fe4d3608c9dad734be520b35405e.jpg,OEM,No Color,0.3,"<p>Αναλογικό ρολόι χειρός Skmei με εξαιρετικό design και στυλ που ταιριάζει σε κάθε ύφος και διάθεση. <br />Χαρακτηριστικά: <br />Άνετη εφαρμογή <br />Αντοχή υγρασίας <br />Καπάκι μπαταρίας από ανοξείδωτο ατσάλι, <br />Υφασμάτινο λουράκι, <br />Μήκος λουριού: 24cm, <br />Διαστάσεις: 47mm(Dia),40mm(W),11mm(H).</p>",ΡΟΛΟΓΙΑ>Ρολόγια χειρός>Αναλογικά ρολόγια χειρός
50246,Αναλογικό ρολόι χειρός – Skmei - 9112 - Gre,Αναλογικό ρολόι χειρός – Skmei - 9112 - Green,in stock,new,14.4 EUR,,https://www.tradesor.gr/wp-content/uploads/2023/05/6a1369e8875948be30a69938aea04be6.jpg,OEM,No Color,0.3,"<p>Αναλογικό ρολόι χειρός Skmei με εξαιρετικό design και στυλ που ταιριάζει σε κάθε ύφος και διάθεση. <br />Χαρακτηριστικά: <br />Άνετη εφαρμογή <br />Αντοχή υγρασίας <br />Καπάκι μπαταρίας από ανοξείδωτο ατσάλι, <br />Υφασμάτινο λουράκι, <br />Μήκος λουριού: 24cm, <br />Διαστάσεις: 47mm(Dia),40mm(W),11mm(H).</p>",ΡΟΛΟΓΙΑ>Ρολόγια χειρός>Αναλογικά ρολόγια χειρός
50249,Αναλογικό ρολόι χειρός – Skmei - 9112 - Bla,Αναλογικό ρολόι χειρός – Skmei - 9112 - Black,in stock,new,14.4 EUR,,https://www.tradesor.gr/wp-content/uploads/2023/05/84181a25f3dd88a8c0207775feeadb47.jpg,OEM,No Color,0.3,"<p>Αναλογικό ρολόι χειρός Skmei με εξαιρετικό design και στυλ που ταιριάζει σε κάθε ύφος και διάθεση. <br />Χαρακτηριστικά: <br />Άνετη εφαρμογή <br />Αντοχή υγρασίας <br />Καπάκι μπαταρίας από ανοξείδωτο ατσάλι, <br />Υφασμάτινο λουράκι, <br />Μήκος λουριού: 24cm, <br />Διαστάσεις: 47mm(Dia),40mm(W),11mm(H).</p>",ΡΟΛΟΓΙΑ>Ρολόγια χειρός>Αναλογικά ρολόγια χειρός
50252,Αναλογικό ρολόι χειρός – Skmei - 9133 - Blu,Αναλογικό ρολόι χειρός – Skmei - 9133 - Blue/Red,in stock,new,14.4 EUR,,https://www.tradesor.gr/wp-content/uploads/2023/05/72f0bd424d5bd202253508d1f93f857e.jpg,OEM,No Color,0.3,"Αναλογικό ρολόι χειρός Skmei με εξαιρετικό design και στυλ που ταιριάζει σε κάθε ύφος και διάθεση.

Χαρακτηριστικά:
Άνετη εφαρμογή
Αντοχή υγρασίας
Καπάκι μπαταρίας από ανοξείδωτο ατσάλι, Υφασμάτινο λουράκι, 
Μήκος λουριού: 20cm
Διάμετρος καντράν: 25mm.",ΡΟΛΟΓΙΑ>Ρολόγια χειρός>Αναλογικά ρολόγια χειρός
50255,Αναλογικό ρολόι χειρός – Skmei - 9133 - Red,Αναλογικό ρολόι χειρός – Skmei - 9133 - Red/Blue,in stock,new,14.4 EUR,,https://www.tradesor.gr/wp-content/uploads/2023/05/a569efdf475c34a20d228d81628ebb57.jpg,OEM,No Color,0.3,"Αναλογικό ρολόι χειρός Skmei με εξαιρετικό design και στυλ που ταιριάζει σε κάθε ύφος και διάθεση.

Χαρακτηριστικά:
Άνετη εφαρμογή
Αντοχή υγρασίας
Καπάκι μπαταρίας από ανοξείδωτο ατσάλι, Υφασμάτινο λουράκι, 
Μήκος λουριού: 20cm
Διάμετρος καντράν: 25mm.",ΡΟΛΟΓΙΑ>Ρολόγια χειρός>Αναλογικά ρολόγια χειρός
50258,Αναλογικό ρολόι χειρός – Skmei - 9133 - Blu,Αναλογικό ρολόι χειρός – Skmei - 9133 - Blue/Red,in stock,new,14.4 EUR,,https://www.tradesor.gr/wp-content/uploads/2023/05/d8b1f2ee19c7386cbd80bbdb19d433df.jpg,OEM,No Color,0.3,"Αναλογικό ρολόι χειρός Skmei με εξαιρετικό design και στυλ που ταιριάζει σε κάθε ύφος και διάθεση.

Χαρακτηριστικά:
Άνετη εφαρμογή
Αντοχή υγρασίας
Καπάκι μπαταρίας από ανοξείδωτο ατσάλι, Υφασμάτινο λουράκι, 
Μήκος λουριού: 20cm
Διάμετρος καντράν: 25mm.",ΡΟΛΟΓΙΑ>Ρολόγια χειρός>Αναλογικά ρολόγια χειρός
50261,Αναλογικό ρολόι χειρός – Skmei - 9133 - Blu,Αναλογικό ρολόι χειρός – Skmei - 9133 - Blue,in stock,new,14.4 EUR,,https://www.tradesor.gr/wp-content/uploads/2023/05/7c5de1adf371d56de6b99540f2d216e3.jpg,OEM,No Color,0.3,"Αναλογικό ρολόι χειρός Skmei με εξαιρετικό design και στυλ που ταιριάζει σε κάθε ύφος και διάθεση.

Χαρακτηριστικά:
Άνετη εφαρμογή
Αντοχή υγρασίας
Καπάκι μπαταρίας από ανοξείδωτο ατσάλι, Υφασμάτινο λουράκι, 
Μήκος λουριού: 20cm
Διάμετρος καντράν: 25mm.",ΡΟΛΟΓΙΑ>Ρολόγια χειρός>Αναλογικά ρολόγια χειρός
50264,Αναλογικό ρολόι χειρός – Skmei - 9133 - Red,Αναλογικό ρολόι χειρός – Skmei - 9133 - Red/White/Blue,in stock,new,14.4 EUR,,https://www.tradesor.gr/wp-content/uploads/2023/05/bd86f94b0b6c840029a67553c96646a9.jpg,OEM,No Color,0.3,"Αναλογικό ρολόι χειρός Skmei με εξαιρετικό design και στυλ που ταιριάζει σε κάθε ύφος και διάθεση.

Χαρακτηριστικά:
Άνετη εφαρμογή
Αντοχή υγρασίας
Καπάκι μπαταρίας από ανοξείδωτο ατσάλι, Υφασμάτινο λουράκι, 
Μήκος λουριού: 20cm
Διάμετρος καντράν: 25mm.",ΡΟΛΟΓΙΑ>Ρολόγια χειρός>Αναλογικά ρολόγια χειρός
50267,Αναλογικό ρολόι χειρός – Skmei - 9128 - Blu,Αναλογικό ρολόι χειρός – Skmei - 9128 - Blue,in stock,new,23.4 EUR,,https://www.tradesor.gr/wp-content/uploads/2023/05/b99473725bf1c073a729c8632abdb27c.jpg,OEM,No Color,0.3,"Αναλογικό ρολόι χειρός Skmei με εξαιρετικό design και στυλ που ταιριάζει σε κάθε ύφος και διάθεση.

Χαρακτηριστικά:
Άνετη εφαρμογή
Αντοχή υγρασίας
Καπάκι μπαταρίας από ανοξείδωτο ατσάλι, 
Μήκος λουριού: 20cm
Διάμετρος καντράν: 30mm.",ΡΟΛΟΓΙΑ>Ρολόγια χειρός>Αναλογικά ρολόγια χειρός
50270,Αναλογικό ρολόι χειρός – Skmei - 9128 - Red,Αναλογικό ρολόι χειρός – Skmei - 9128 - Red,in stock,new,23.4 EUR,,https://www.tradesor.gr/wp-content/uploads/2023/05/a4b49d195f4ccf20726df1e46c5a9b4b.jpg,OEM,No Color,0.3,"Αναλογικό ρολόι χειρός Skmei με εξαιρετικό design και στυλ που ταιριάζει σε κάθε ύφος και διάθεση.

Χαρακτηριστικά:
Άνετη εφαρμογή
Αντοχή υγρασίας
Καπάκι μπαταρίας από ανοξείδωτο ατσάλι, 
Μήκος λουριού: 20cm
Διάμετρος καντράν: 30mm.",ΡΟΛΟΓΙΑ>Ρολόγια χειρός>Αναλογικά ρολόγια χειρός
50273,Αναλογικό ρολόι χειρός – Skmei - 9128 - Ora,Αναλογικό ρολόι χειρός – Skmei - 9128 - Orange,in stock,new,23.4 EUR,,https://www.tradesor.gr/wp-content/uploads/2023/05/7abb7d29a0ecd43877c101a08288fc59.jpg,OEM,No Color,0.3,"Αναλογικό ρολόι χειρός Skmei με εξαιρετικό design και στυλ που ταιριάζει σε κάθε ύφος και διάθεση.

Χαρακτηριστικά:
Άνετη εφαρμογή
Αντοχή υγρασίας
Καπάκι μπαταρίας από ανοξείδωτο ατσάλι, 
Μήκος λουριού: 20cm
Διάμετρος καντράν: 30mm.",ΡΟΛΟΓΙΑ>Ρολόγια χειρός>Αναλογικά ρολόγια χειρός
50276,Αναλογικό ρολόι χειρός – Skmei - 9128 - Bla,Αναλογικό ρολόι χειρός – Skmei - 9128 - Black,in stock,new,23.4 EUR,,https://www.tradesor.gr/wp-content/uploads/2023/05/29323442004598ab9186cd60d7b1ae9c.jpg,OEM,No Color,0.3,"Αναλογικό ρολόι χειρός Skmei με εξαιρετικό design και στυλ που ταιριάζει σε κάθε ύφος και διάθεση.

Χαρακτηριστικά:
Άνετη εφαρμογή
Αντοχή υγρασίας
Καπάκι μπαταρίας από ανοξείδωτο ατσάλι, 
Μήκος λουριού: 20cm
Διάμετρος καντράν: 30mm.",ΡΟΛΟΓΙΑ>Ρολόγια χειρός>Αναλογικά ρολόγια χειρός
50279,Αναλογικό ρολόι χειρός – Skmei - 9128 - Gre,Αναλογικό ρολόι χειρός – Skmei - 9128 - Green,in stock,new,23.4 EUR,,https://www.tradesor.gr/wp-content/uploads/2023/05/91c6161f494b36c9aeae77c371f2f52d.jpg,OEM,No Color,0.3,"Αναλογικό ρολόι χειρός Skmei με εξαιρετικό design και στυλ που ταιριάζει σε κάθε ύφος και διάθεση.

Χαρακτηριστικά:
Άνετη εφαρμογή
Αντοχή υγρασίας
Καπάκι μπαταρίας από ανοξείδωτο ατσάλι, 
Μήκος λουριού: 20cm
Διάμετρος καντράν: 30mm.",ΡΟΛΟΓΙΑ>Ρολόγια χειρός>Αναλογικά ρολόγια χειρός
50282,Αναλογικό ρολόι χειρός – Skmei - 1601 - Red,Αναλογικό ρολόι χειρός – Skmei - 1601 - Red,in stock,new,14.4 EUR,,https://www.tradesor.gr/wp-content/uploads/2023/05/52cbcf7f12c3e49ca7b031e824839c20.jpg,OEM,No Color,0.3,"Αναλογικό ρολόι χειρός Skmei με εξαιρετικό design και στυλ που ταιριάζει σε κάθε ύφος και διάθεση.

Χαρακτηριστικά:
Άνετη εφαρμογή
Αντοχή υγρασίας
Καπάκι μπαταρίας από ανοξείδωτο ατσάλι, 
Μήκος λουριού: 20cm
Διάμετρος καντράν: 22mm.",ΡΟΛΟΓΙΑ>Ρολόγια χειρός>Αναλογικά ρολόγια χειρός
50285,Αναλογικό ρολόι χειρός – Skmei - 1601 - Gre,Αναλογικό ρολόι χειρός – Skmei - 1601 - Grey,in stock,new,14.4 EUR,,https://www.tradesor.gr/wp-content/uploads/2023/05/c41e1faacc3876c092c0685dc8aca6df.jpg,OEM,No Color,0.3,"Αναλογικό ρολόι χειρός Skmei με εξαιρετικό design και στυλ που ταιριάζει σε κάθε ύφος και διάθεση.

Χαρακτηριστικά:
Άνετη εφαρμογή
Αντοχή υγρασίας
Καπάκι μπαταρίας από ανοξείδωτο ατσάλι, 
Μήκος λουριού: 20cm
Διάμετρος καντράν: 22mm.",ΡΟΛΟΓΙΑ>Ρολόγια χειρός>Αναλογικά ρολόγια χειρός
50288,Αναλογικό ρολόι χειρός – Skmei - 1601 - Bro,Αναλογικό ρολόι χειρός – Skmei - 1601 - Brown,in stock,new,14.4 EUR,,https://www.tradesor.gr/wp-content/uploads/2023/05/9975f6be054a1eb8a4c755b084bdc046.jpg,OEM,No Color,0.3,"Αναλογικό ρολόι χειρός Skmei με εξαιρετικό design και στυλ που ταιριάζει σε κάθε ύφος και διάθεση.

Χαρακτηριστικά:
Άνετη εφαρμογή
Αντοχή υγρασίας
Καπάκι μπαταρίας από ανοξείδωτο ατσάλι, 
Μήκος λουριού: 20cm
Διάμετρος καντράν: 22mm.",ΡΟΛΟΓΙΑ>Ρολόγια χειρός>Αναλογικά ρολόγια χειρός
50291,Αναλογικό ρολόι χειρός – Skmei - 1601 - Gre,Αναλογικό ρολόι χειρός – Skmei - 1601 - Green,in stock,new,14.4 EUR,,https://www.tradesor.gr/wp-content/uploads/2023/05/83fcac4e7ca61ed3e87394ff1b504a23.jpg,OEM,No Color,0.3,"Αναλογικό ρολόι χειρός Skmei με εξαιρετικό design και στυλ που ταιριάζει σε κάθε ύφος και διάθεση.

Χαρακτηριστικά:
Άνετη εφαρμογή
Αντοχή υγρασίας
Καπάκι μπαταρίας από ανοξείδωτο ατσάλι, 
Μήκος λουριού: 20cm
Διάμετρος καντράν: 22mm.",ΡΟΛΟΓΙΑ>Ρολόγια χειρός>Αναλογικά ρολόγια χειρός
50294,Αναλογικό ρολόι χειρός – Skmei - 1601 - Bla,Αναλογικό ρολόι χειρός – Skmei - 1601 - Black/White,in stock,new,14.4 EUR,,https://www.tradesor.gr/wp-content/uploads/2023/05/fdb5bea4517688440913be03f884b908.jpg,OEM,No Color,0.3,"Αναλογικό ρολόι χειρός Skmei με εξαιρετικό design και στυλ που ταιριάζει σε κάθε ύφος και διάθεση.

Χαρακτηριστικά:
Άνετη εφαρμογή
Αντοχή υγρασίας
Καπάκι μπαταρίας από ανοξείδωτο ατσάλι, 
Μήκος λουριού: 20cm
Διάμετρος καντράν: 22mm.",ΡΟΛΟΓΙΑ>Ρολόγια χειρός>Αναλογικά ρολόγια χειρός
50297,Αναλογικό ρολόι χειρός – Skmei - 1601 - Bla,Αναλογικό ρολόι χειρός – Skmei - 1601 - Black/Blue,in stock,new,14.4 EUR,,https://www.tradesor.gr/wp-content/uploads/2023/05/91f4ffe5a7ab4faa637b74eded57a12a.jpg,OEM,No Color,0.3,"Αναλογικό ρολόι χειρός Skmei με εξαιρετικό design και στυλ που ταιριάζει σε κάθε ύφος και διάθεση.

Χαρακτηριστικά:
Άνετη εφαρμογή
Αντοχή υγρασίας
Καπάκι μπαταρίας από ανοξείδωτο ατσάλι, 
Μήκος λουριού: 20cm
Διάμετρος καντράν: 22mm.",ΡΟΛΟΓΙΑ>Ρολόγια χειρός>Αναλογικά ρολόγια χειρός
50300,Αναλογικό ρολόι χειρός – Skmei - 1601 - Bla,Αναλογικό ρολόι χειρός – Skmei - 1601 - Black,in stock,new,14.4 EUR,,https://www.tradesor.gr/wp-content/uploads/2023/05/8f9cb4d048ee5026097b0cdeeb6986f8.jpg,OEM,No Color,0.3,"Αναλογικό ρολόι χειρός Skmei με εξαιρετικό design και στυλ που ταιριάζει σε κάθε ύφος και διάθεση.

Χαρακτηριστικά:
Άνετη εφαρμογή
Αντοχή υγρασίας
Καπάκι μπαταρίας από ανοξείδωτο ατσάλι, 
Μήκος λουριού: 20cm
Διάμετρος καντράν: 22mm.",ΡΟΛΟΓΙΑ>Ρολόγια χειρός>Αναλογικά ρολόγια χειρός
50303,Αναλογικό ρολόι χειρός – Skmei - 9202 - Red,Αναλογικό ρολόι χειρός – Skmei - 9202 - Red,in stock,new,18 EUR,,https://www.tradesor.gr/wp-content/uploads/2023/05/ae7caf630be66a49bcd89985f9306318.jpg,OEM,No Color,0.3,"Αναλογικό ρολόι χειρός Skmei με εξαιρετικό design και στυλ που ταιριάζει σε κάθε ύφος και διάθεση.

Χαρακτηριστικά:
Άνετη εφαρμογή
Αντοχή υγρασίας
Καπάκι μπαταρίας από ανοξείδωτο ατσάλι, 
Μήκος λουριού: 20cm
Διάμετρος καντράν: 27mm.",ΡΟΛΟΓΙΑ>Ρολόγια χειρός>Αναλογικά ρολόγια χειρός
50306,Αναλογικό ρολόι χειρός – Skmei - 9202 - Blu,Αναλογικό ρολόι χειρός – Skmei - 9202 - Blue,in stock,new,18 EUR,,https://www.tradesor.gr/wp-content/uploads/2023/05/1a5854653124df555a1f67a04fe8abb0.jpg,OEM,No Color,0.3,"Αναλογικό ρολόι χειρός Skmei με εξαιρετικό design και στυλ που ταιριάζει σε κάθε ύφος και διάθεση.

Χαρακτηριστικά:
Άνετη εφαρμογή
Αντοχή υγρασίας
Καπάκι μπαταρίας από ανοξείδωτο ατσάλι, 
Μήκος λουριού: 20cm
Διάμετρος καντράν: 27mm.",ΡΟΛΟΓΙΑ>Ρολόγια χειρός>Αναλογικά ρολόγια χειρός
50309,Αναλογικό ρολόι χειρός – Skmei - 9202 - Yel,Αναλογικό ρολόι χειρός – Skmei - 9202 - Yellow,in stock,new,18 EUR,,https://www.tradesor.gr/wp-content/uploads/2023/05/16b39c783ca17a8fd4f12455b81d02ea.jpg,OEM,No Color,0.3,"Αναλογικό ρολόι χειρός Skmei με εξαιρετικό design και στυλ που ταιριάζει σε κάθε ύφος και διάθεση.

Χαρακτηριστικά:
Άνετη εφαρμογή
Αντοχή υγρασίας
Καπάκι μπαταρίας από ανοξείδωτο ατσάλι, 
Μήκος λουριού: 20cm
Διάμετρος καντράν: 27mm.",ΡΟΛΟΓΙΑ>Ρολόγια χειρός>Αναλογικά ρολόγια χειρός
50312,Αναλογικό ρολόι χειρός – Skmei - 9202 - Ora,Αναλογικό ρολόι χειρός – Skmei - 9202 - Orange,in stock,new,18 EUR,,https://www.tradesor.gr/wp-content/uploads/2023/05/5ecfb9dee1044b9044343adcb4201ccd.jpg,OEM,No Color,0.3,"Αναλογικό ρολόι χειρός Skmei με εξαιρετικό design και στυλ που ταιριάζει σε κάθε ύφος και διάθεση.

Χαρακτηριστικά:
Άνετη εφαρμογή
Αντοχή υγρασίας
Καπάκι μπαταρίας από ανοξείδωτο ατσάλι, 
Μήκος λουριού: 20cm
Διάμετρος καντράν: 27mm.",ΡΟΛΟΓΙΑ>Ρολόγια χειρός>Αναλογικά ρολόγια χειρός
50315,Αναλογικό ρολόι χειρός – Skmei - 9202 - Bla,Αναλογικό ρολόι χειρός – Skmei - 9202 - Black/White,in stock,new,18 EUR,,https://www.tradesor.gr/wp-content/uploads/2023/05/2d03bdc97ea41aaf7ec3b456939ff26f.jpg,OEM,No Color,0.3,"Αναλογικό ρολόι χειρός Skmei με εξαιρετικό design και στυλ που ταιριάζει σε κάθε ύφος και διάθεση.

Χαρακτηριστικά:
Άνετη εφαρμογή
Αντοχή υγρασίας
Καπάκι μπαταρίας από ανοξείδωτο ατσάλι, 
Μήκος λουριού: 20cm
Διάμετρος καντράν: 27mm.",ΡΟΛΟΓΙΑ>Ρολόγια χειρός>Αναλογικά ρολόγια χειρός
50318,Αναλογικό ρολόι χειρός – Skmei - 9213 - Bla,Αναλογικό ρολόι χειρός – Skmei - 9213 - Black,in stock,new,16.2 EUR,,https://www.tradesor.gr/wp-content/uploads/2023/05/1f713bb8e6eb0e5b8704240c15f000c6.jpg,OEM,No Color,0.3,"Αναλογικό ρολόι χειρός Skmei με εξαιρετικό design και στυλ που ταιριάζει σε κάθε ύφος και διάθεση.

Χαρακτηριστικά:
Άνετη εφαρμογή
Αντοχή υγρασίας
Καπάκι μπαταρίας από ανοξείδωτο ατσάλι, 
Μήκος λουριού: 20cm
Διάμετρος καντράν: 27mm.",ΡΟΛΟΓΙΑ>Ρολόγια χειρός>Αναλογικά ρολόγια χειρός
50321,Αναλογικό ρολόι χειρός – Skmei - 9213 - Bla,Αναλογικό ρολόι χειρός – Skmei - 9213 - Black/Blue,in stock,new,16.2 EUR,,https://www.tradesor.gr/wp-content/uploads/2023/05/0926934698ca97ed788cff7c52aca645.jpg,OEM,No Color,0.3,"Αναλογικό ρολόι χειρός Skmei με εξαιρετικό design και στυλ που ταιριάζει σε κάθε ύφος και διάθεση.

Χαρακτηριστικά:
Άνετη εφαρμογή
Αντοχή υγρασίας
Καπάκι μπαταρίας από ανοξείδωτο ατσάλι, 
Μήκος λουριού: 20cm
Διάμετρος καντράν: 27mm.",ΡΟΛΟΓΙΑ>Ρολόγια χειρός>Αναλογικά ρολόγια χειρός
50324,Αναλογικό ρολόι χειρός – Skmei - 9213 - Bla,Αναλογικό ρολόι χειρός – Skmei - 9213 - Black/Gold,in stock,new,16.2 EUR,,https://www.tradesor.gr/wp-content/uploads/2023/05/c2e392a3b96db66fcfa8228a42a8d4c1.jpg,OEM,No Color,0.3,"Αναλογικό ρολόι χειρός Skmei με εξαιρετικό design και στυλ που ταιριάζει σε κάθε ύφος και διάθεση.

Χαρακτηριστικά:
Άνετη εφαρμογή
Αντοχή υγρασίας
Καπάκι μπαταρίας από ανοξείδωτο ατσάλι, 
Μήκος λουριού: 20cm
Διάμετρος καντράν: 27mm.",ΡΟΛΟΓΙΑ>Ρολόγια χειρός>Αναλογικά ρολόγια χειρός
50327,Αναλογικό ρολόι χειρός – Skmei - 9213 - Bro,Αναλογικό ρολόι χειρός – Skmei - 9213 - Brown/White,in stock,new,16.2 EUR,,https://www.tradesor.gr/wp-content/uploads/2023/05/30156bf1cb350f49ec852f76f3955ee8.jpg,OEM,No Color,0.3,"Αναλογικό ρολόι χειρός Skmei με εξαιρετικό design και στυλ που ταιριάζει σε κάθε ύφος και διάθεση.

Χαρακτηριστικά:
Άνετη εφαρμογή
Αντοχή υγρασίας
Καπάκι μπαταρίας από ανοξείδωτο ατσάλι, 
Μήκος λουριού: 20cm
Διάμετρος καντράν: 27mm.",ΡΟΛΟΓΙΑ>Ρολόγια χειρός>Αναλογικά ρολόγια χειρός
50330,Αναλογικό ρολόι χειρός – Skmei - 9213 - Bro,Αναλογικό ρολόι χειρός – Skmei - 9213 - Brown/Gold,in stock,new,16.2 EUR,,https://www.tradesor.gr/wp-content/uploads/2023/05/3c7e56db8a2b8da8d205e396218a3d47.jpg,OEM,No Color,0.3,"Αναλογικό ρολόι χειρός Skmei με εξαιρετικό design και στυλ που ταιριάζει σε κάθε ύφος και διάθεση.

Χαρακτηριστικά:
Άνετη εφαρμογή
Αντοχή υγρασίας
Καπάκι μπαταρίας από ανοξείδωτο ατσάλι, 
Μήκος λουριού: 20cm
Διάμετρος καντράν: 27mm.",ΡΟΛΟΓΙΑ>Ρολόγια χειρός>Αναλογικά ρολόγια χειρός
50333,Αναλογικό ρολόι χειρός – Skmei - 9236 - Bro,Αναλογικό ρολόι χειρός – Skmei - 9236 - Brown/Gold,in stock,new,19.8 EUR,,https://www.tradesor.gr/wp-content/uploads/2023/05/6da0a598972783733e0e6a26c8d683ef.jpg,OEM,No Color,0.3,"Αναλογικό ρολόι χειρός Skmei με εξαιρετικό design και στυλ που ταιριάζει σε κάθε ύφος και διάθεση.

Χαρακτηριστικά:
Άνετη εφαρμογή
Αντοχή υγρασίας
Καπάκι μπαταρίας από ανοξείδωτο ατσάλι, Λουράκι δερματίνης ανάγλυφο, 
Μήκος λουριού: 20cm
Διάμετρος καντράν: 27mm.",ΡΟΛΟΓΙΑ>Ρολόγια χειρός>Αναλογικά ρολόγια χειρός
50336,Αναλογικό ρολόι χειρός – Skmei - 9236 - Bla,Αναλογικό ρολόι χειρός – Skmei - 9236 - Black/Gold,in stock,new,19.8 EUR,,https://www.tradesor.gr/wp-content/uploads/2023/05/7ed67eba46af07d7864e8623e2e23acb.jpg,OEM,No Color,0.3,"Αναλογικό ρολόι χειρός Skmei με εξαιρετικό design και στυλ που ταιριάζει σε κάθε ύφος και διάθεση.

Χαρακτηριστικά:
Άνετη εφαρμογή
Αντοχή υγρασίας
Καπάκι μπαταρίας από ανοξείδωτο ατσάλι, Λουράκι δερματίνης ανάγλυφο, 
Μήκος λουριού: 20cm
Διάμετρος καντράν: 27mm.",ΡΟΛΟΓΙΑ>Ρολόγια χειρός>Αναλογικά ρολόγια χειρός
50339,Αναλογικό ρολόι χειρός – Skmei - 9236 - Whi,Αναλογικό ρολόι χειρός – Skmei - 9236 - White/Silver,in stock,new,18 EUR,,https://www.tradesor.gr/wp-content/uploads/2023/05/06e1b4757a2b6a1a29e0a4f8f0e89334.jpg,OEM,No Color,0.3,"Αναλογικό ρολόι χειρός Skmei με εξαιρετικό design και στυλ που ταιριάζει σε κάθε ύφος και διάθεση.

Χαρακτηριστικά:
Άνετη εφαρμογή
Αντοχή υγρασίας
Καπάκι μπαταρίας από ανοξείδωτο ατσάλι, Λουράκι δερματίνης ανάγλυφο, 
Μήκος λουριού: 20cm
Διάμετρος καντράν: 27mm.",ΡΟΛΟΓΙΑ>Ρολόγια χειρός>Αναλογικά ρολόγια χειρός
50342,Αναλογικό ρολόι χειρός – Skmei - 9236 - Bla,Αναλογικό ρολόι χειρός – Skmei - 9236 - Black/Silver,in stock,new,18 EUR,,https://www.tradesor.gr/wp-content/uploads/2023/05/a080d724233fb3154e16aeaae463b13b.jpg,OEM,No Color,0.3,"Αναλογικό ρολόι χειρός Skmei με εξαιρετικό design και στυλ που ταιριάζει σε κάθε ύφος και διάθεση.

Χαρακτηριστικά:
Άνετη εφαρμογή
Αντοχή υγρασίας
Καπάκι μπαταρίας από ανοξείδωτο ατσάλι, Λουράκι δερματίνης ανάγλυφο, 
Μήκος λουριού: 20cm
Διάμετρος καντράν: 27mm.",ΡΟΛΟΓΙΑ>Ρολόγια χειρός>Αναλογικά ρολόγια χειρός
50345,Αναλογικό ρολόι χειρός – Skmei - 9261 - Bro,Αναλογικό ρολόι χειρός – Skmei - 9261 - Brown/White/Gold,in stock,new,14.4 EUR,,https://www.tradesor.gr/wp-content/uploads/2023/05/007316ac6f1d5e28623e1cedb3feab78.jpg,OEM,No Color,0.3,"Αναλογικό ρολόι χειρός Skmei με εξαιρετικό design και στυλ που ταιριάζει σε κάθε ύφος και διάθεση.

Χαρακτηριστικά:
Άνετη εφαρμογή
Αντοχή υγρασίας
Καπάκι μπαταρίας από ανοξείδωτο ατσάλι, Λουράκι δερματίνης ανάγλυφο, 
Μήκος λουριού: 20cm
Διάμετρος καντράν: 27mm.",ΡΟΛΟΓΙΑ>Ρολόγια χειρός>Αναλογικά ρολόγια χειρός
50348,Αναλογικό ρολόι χειρός – Skmei - 9261 - Bro,Αναλογικό ρολόι χειρός – Skmei - 9261 - Brown/Gold,in stock,new,14.4 EUR,,https://www.tradesor.gr/wp-content/uploads/2023/05/ce7f8575c2bfb9fd88b75a9a45ad9540.jpg,OEM,No Color,0.3,"Αναλογικό ρολόι χειρός Skmei με εξαιρετικό design και στυλ που ταιριάζει σε κάθε ύφος και διάθεση.

Χαρακτηριστικά:
Άνετη εφαρμογή
Αντοχή υγρασίας
Καπάκι μπαταρίας από ανοξείδωτο ατσάλι, Λουράκι δερματίνης ανάγλυφο, 
Μήκος λουριού: 20cm
Διάμετρος καντράν: 27mm.",ΡΟΛΟΓΙΑ>Ρολόγια χειρός>Αναλογικά ρολόγια χειρός
50351,Αναλογικό ρολόι χειρός – Skmei - 9261 - Bla,Αναλογικό ρολόι χειρός – Skmei - 9261 - Black/Gold,in stock,new,14.4 EUR,,https://www.tradesor.gr/wp-content/uploads/2023/05/cc929131a6e2e2204b76fb4175f89a3a.jpg,OEM,No Color,0.3,"Αναλογικό ρολόι χειρός Skmei με εξαιρετικό design και στυλ που ταιριάζει σε κάθε ύφος και διάθεση.

Χαρακτηριστικά:
Άνετη εφαρμογή
Αντοχή υγρασίας
Καπάκι μπαταρίας από ανοξείδωτο ατσάλι, Λουράκι δερματίνης ανάγλυφο, 
Μήκος λουριού: 20cm
Διάμετρος καντράν: 27mm.",ΡΟΛΟΓΙΑ>Ρολόγια χειρός>Αναλογικά ρολόγια χειρός
50354,Αναλογικό ρολόι χειρός – Skmei - 9261  - Bl,Αναλογικό ρολόι χειρός – Skmei - 9261  - Black/White/Gold,in stock,new,14.4 EUR,,https://www.tradesor.gr/wp-content/uploads/2023/05/d1875e573e0a0adf4f3af7b4950efab8.jpg,OEM,No Color,0.3,"Αναλογικό ρολόι χειρός Skmei με εξαιρετικό design και στυλ που ταιριάζει σε κάθε ύφος και διάθεση.

Χαρακτηριστικά:
Άνετη εφαρμογή
Αντοχή υγρασίας
Καπάκι μπαταρίας από ανοξείδωτο ατσάλι, Λουράκι δερματίνης ανάγλυφο, 
Μήκος λουριού: 20cm
Διάμετρος καντράν: 27mm.",ΡΟΛΟΓΙΑ>Ρολόγια χειρός>Αναλογικά ρολόγια χειρός
50357,Αναλογικό ρολόι χειρός – Skmei - 9261 - Bla,Αναλογικό ρολόι χειρός – Skmei - 9261 - Black/Blue,in stock,new,14.4 EUR,,https://www.tradesor.gr/wp-content/uploads/2023/05/913774a946bd0e9ebebb24a7456ecc40.jpg,OEM,No Color,0.3,"<p>Αναλογικό ρολόι χειρός Skmei με εξαιρετικό design και στυλ που ταιριάζει σε κάθε ύφος και διάθεση. Χαρακτηριστικά: Άνετη εφαρμογή Αντοχή υγρασίας Καπάκι μπαταρίας από ανοξείδωτο ατσάλι, Λουράκι δερματίνης ανάγλυφο, Μήκος λουριού: 20cm Διάμετρος καντράν: 27mm.</p>",ΡΟΛΟΓΙΑ>Ρολόγια χειρός>Αναλογικά ρολόγια χειρός
50360,Αναλογικό ρολόι χειρός – Skmei - 9266 - Bla,Αναλογικό ρολόι χειρός – Skmei - 9266 - Black,in stock,new,18 EUR,,https://www.tradesor.gr/wp-content/uploads/2023/05/723361e986e7f525f4af3918dddcb283.jpg,OEM,No Color,0.3,"Αναλογικό ρολόι χειρός Skmei με εξαιρετικό design και στυλ που ταιριάζει σε κάθε ύφος και διάθεση.

Χαρακτηριστικά:
Άνετη εφαρμογή
Αντοχή υγρασίας
Καπάκι μπαταρίας από ανοξείδωτο ατσάλι, Λουράκι δερματίνης, 
Μήκος λουριού: 20cm
Διάμετρος καντράν: 25mm.",ΡΟΛΟΓΙΑ>Ρολόγια χειρός>Αναλογικά ρολόγια χειρός
50363,Αναλογικό ρολόι χειρός – Skmei - 9266 - Bla,Αναλογικό ρολόι χειρός – Skmei - 9266 - Black/Blue,in stock,new,18 EUR,,https://www.tradesor.gr/wp-content/uploads/2023/05/006c73d66601752a6fef9668264af43f.jpg,OEM,No Color,0.3,"Αναλογικό ρολόι χειρός Skmei με εξαιρετικό design και στυλ που ταιριάζει σε κάθε ύφος και διάθεση.

Χαρακτηριστικά:
Άνετη εφαρμογή
Αντοχή υγρασίας
Καπάκι μπαταρίας από ανοξείδωτο ατσάλι, Λουράκι δερματίνης, 
Μήκος λουριού: 20cm
Διάμετρος καντράν: 25mm.",ΡΟΛΟΓΙΑ>Ρολόγια χειρός>Αναλογικά ρολόγια χειρός
50366,Αναλογικό ρολόι χειρός – Skmei - 9266 - Bla,Αναλογικό ρολόι χειρός – Skmei - 9266 - Black/Silver,in stock,new,18 EUR,,https://www.tradesor.gr/wp-content/uploads/2023/05/5ab86f4f31cd36f366abc59a95d3f7f3.jpg,OEM,No Color,0.3,"Αναλογικό ρολόι χειρός Skmei με εξαιρετικό design και στυλ που ταιριάζει σε κάθε ύφος και διάθεση.

Χαρακτηριστικά:
Άνετη εφαρμογή
Αντοχή υγρασίας
Καπάκι μπαταρίας από ανοξείδωτο ατσάλι, Λουράκι δερματίνης, 
Μήκος λουριού: 20cm
Διάμετρος καντράν: 25mm.",ΡΟΛΟΓΙΑ>Ρολόγια χειρός>Αναλογικά ρολόγια χειρός
50369,Αναλογικό ρολόι χειρός – Skmei - 9266 - Bro,Αναλογικό ρολόι χειρός – Skmei - 9266 - Brown/Silver,in stock,new,18 EUR,,https://www.tradesor.gr/wp-content/uploads/2023/05/d7b3872def469d7afa4463a419bcc858.jpg,OEM,No Color,0.3,"Αναλογικό ρολόι χειρός Skmei με εξαιρετικό design και στυλ που ταιριάζει σε κάθε ύφος και διάθεση.

Χαρακτηριστικά:
Άνετη εφαρμογή
Αντοχή υγρασίας
Καπάκι μπαταρίας από ανοξείδωτο ατσάλι, Λουράκι δερματίνης, 
Μήκος λουριού: 20cm
Διάμετρος καντράν: 25mm.",ΡΟΛΟΓΙΑ>Ρολόγια χειρός>Αναλογικά ρολόγια χειρός
50372,Αναλογικό ρολόι χειρός – Skmei - 9266 - Bla,Αναλογικό ρολόι χειρός – Skmei - 9266 - Black/Gold,in stock,new,18 EUR,,https://www.tradesor.gr/wp-content/uploads/2023/05/e5e3de8c5c6782825c247817d25c094a.jpg,OEM,No Color,0.3,"Αναλογικό ρολόι χειρός Skmei με εξαιρετικό design και στυλ που ταιριάζει σε κάθε ύφος και διάθεση.

Χαρακτηριστικά:
Άνετη εφαρμογή
Αντοχή υγρασίας
Καπάκι μπαταρίας από ανοξείδωτο ατσάλι, Λουράκι δερματίνης, 
Μήκος λουριού: 20cm
Διάμετρος καντράν: 25mm.",ΡΟΛΟΓΙΑ>Ρολόγια χειρός>Αναλογικά ρολόγια χειρός
50375,Αναλογικό ρολόι χειρός – Skmei - 9266 - Gol,Αναλογικό ρολόι χειρός – Skmei - 9266 - Gold/Silver,in stock,new,18 EUR,,https://www.tradesor.gr/wp-content/uploads/2023/05/af4fdd79cf4642f658dbbedd5da02413.jpg,OEM,No Color,0.3,"Αναλογικό ρολόι χειρός Skmei με εξαιρετικό design και στυλ που ταιριάζει σε κάθε ύφος και διάθεση.

Χαρακτηριστικά:
Άνετη εφαρμογή
Αντοχή υγρασίας
Καπάκι μπαταρίας από ανοξείδωτο ατσάλι, Λουράκι δερματίνης, 
Μήκος λουριού: 20cm
Διάμετρος καντράν: 25mm.",ΡΟΛΟΓΙΑ>Ρολόγια χειρός>Αναλογικά ρολόγια χειρός
50378,Αναλογικό ρολόι χειρός – Skmei - 9266 - Bro,Αναλογικό ρολόι χειρός – Skmei - 9266 - Brown/Gold,in stock,new,18 EUR,,https://www.tradesor.gr/wp-content/uploads/2023/05/d1866dd8376e0e609b8770e081733ce3.jpg,OEM,No Color,0.3,"Αναλογικό ρολόι χειρός Skmei με εξαιρετικό design και στυλ που ταιριάζει σε κάθε ύφος και διάθεση.

Χαρακτηριστικά:
Άνετη εφαρμογή
Αντοχή υγρασίας
Καπάκι μπαταρίας από ανοξείδωτο ατσάλι, Λουράκι δερματίνης, 
Μήκος λουριού: 20cm
Διάμετρος καντράν: 25mm.",ΡΟΛΟΓΙΑ>Ρολόγια χειρός>Αναλογικά ρολόγια χειρός
50381,Αναλογικό ρολόι χειρός – Skmei - 9266 - Bro,Αναλογικό ρολόι χειρός – Skmei - 9266 - Brown/Silver,in stock,new,18 EUR,,https://www.tradesor.gr/wp-content/uploads/2023/05/c93e8d012a78282d6aeb808f0cfb24b1.jpg,OEM,No Color,0.3,"Αναλογικό ρολόι χειρός Skmei με εξαιρετικό design και στυλ που ταιριάζει σε κάθε ύφος και διάθεση.

Χαρακτηριστικά:
Άνετη εφαρμογή
Αντοχή υγρασίας
Καπάκι μπαταρίας από ανοξείδωτο ατσάλι, Λουράκι δερματίνης, 
Μήκος λουριού: 20cm
Διάμετρος καντράν: 25mm.",ΡΟΛΟΓΙΑ>Ρολόγια χειρός>Αναλογικά ρολόγια χειρός
109111,Αναλογικό ρολόι χειρός – Skmei - 1578 - 215,Αναλογικό ρολόι χειρός – Skmei - 1578 - 215781 - White/Pink,in stock,new,12.6 EUR,,https://www.tradesor.gr/wp-content/uploads/2023/06/10abf5657fabd10458169554ad1009aa.jpg,OEM,No Color,0.3,"Αναλογικό ρολόι χειρός Skmei με εξαιρετικό design και στυλ που ταιριάζει σε κάθε ύφος και διάθεση. Χαρακτηριστικά: Άνετη εφαρμογή, Αντοχή υγρασίας, Καπάκι μπαταρίας από ανοξείδωτο ατσάλι, Λουράκι σιλικόνης, Μήκος λουριού: 20cm Διάμετρος καντράν: 30mm.",ΡΟΛΟΓΙΑ>Ρολόγια χειρός>Αναλογικά ρολόγια χειρός
109114,Αναλογικό ρολόι χειρός – Skmei - 1578 - 215,Αναλογικό ρολόι χειρός – Skmei - 1578 - 215781 - White/Green,in stock,new,12.6 EUR,,https://www.tradesor.gr/wp-content/uploads/2023/06/c9e3a188af41dba26feb79bd2a76f441.jpg,OEM,No Color,0.3,"Αναλογικό ρολόι χειρός Skmei με εξαιρετικό design και στυλ που ταιριάζει σε κάθε ύφος και διάθεση. Χαρακτηριστικά: Άνετη εφαρμογή, Αντοχή υγρασίας, Καπάκι μπαταρίας από ανοξείδωτο ατσάλι, Λουράκι σιλικόνης, Μήκος λουριού: 20cm Διάμετρος καντράν: 30mm.",ΡΟΛΟΓΙΑ>Ρολόγια χειρός>Αναλογικά ρολόγια χειρός
109117,Αναλογικό ρολόι χειρός – Skmei - 1578 - 215,Αναλογικό ρολόι χειρός – Skmei - 1578 - 215781 - Black/Blue,in stock,new,12.6 EUR,,https://www.tradesor.gr/wp-content/uploads/2023/06/95c3c04d3dd15db31e2b8b5e51b57f9b.jpg,OEM,No Color,0.3,"Αναλογικό ρολόι χειρός Skmei με εξαιρετικό design και στυλ που ταιριάζει σε κάθε ύφος και διάθεση. Χαρακτηριστικά: Άνετη εφαρμογή, Αντοχή υγρασίας, Καπάκι μπαταρίας από ανοξείδωτο ατσάλι, Λουράκι σιλικόνης, Μήκος λουριού: 20cm Διάμετρος καντράν: 30mm.",ΡΟΛΟΓΙΑ>Ρολόγια χειρός>Αναλογικά ρολόγια χειρός
109120,Αναλογικό ρολόι χειρός – Skmei - 1578 - 215,Αναλογικό ρολόι χειρός – Skmei - 1578 - 215781 - Black/White,in stock,new,12.6 EUR,,https://www.tradesor.gr/wp-content/uploads/2023/06/fe5df533b7a2d687754d32d9d904d504.jpg,OEM,No Color,0.3,"Αναλογικό ρολόι χειρός Skmei με εξαιρετικό design και στυλ που ταιριάζει σε κάθε ύφος και διάθεση. Χαρακτηριστικά: Άνετη εφαρμογή, Αντοχή υγρασίας, Καπάκι μπαταρίας από ανοξείδωτο ατσάλι, Λουράκι σιλικόνης, Μήκος λουριού: 20cm Διάμετρος καντράν: 30mm.",ΡΟΛΟΓΙΑ>Ρολόγια χειρός>Αναλογικά ρολόγια χειρός
109123,Αναλογικό ρολόι χειρός – Skmei - 1399 - 213,Αναλογικό ρολόι χειρός – Skmei - 1399 - 213992 - White/Silver,in stock,new,14.4 EUR,,https://www.tradesor.gr/wp-content/uploads/2023/06/78ad010d531bc6a42255624245167839.jpg,OEM,No Color,0.3,"Αναλογικό ρολόι χειρός Skmei με εξαιρετικό design και στυλ που ταιριάζει σε κάθε ύφος και διάθεση. Χαρακτηριστικά: Άνετη εφαρμογή, Αντοχή υγρασίας, Καπάκι μπαταρίας από ανοξείδωτο ατσάλι, Λουράκι δερματίνης, Μήκος λουριού: 20cm Διάμετρος καντράν: 35mm.",ΡΟΛΟΓΙΑ>Ρολόγια χειρός>Αναλογικά ρολόγια χειρός
109126,Αναλογικό ρολόι χειρός – Skmei - 1399 - 213,Αναλογικό ρολόι χειρός – Skmei - 1399 - 213992 - White/Gold,in stock,new,14.4 EUR,,https://www.tradesor.gr/wp-content/uploads/2023/06/87609c880cf8089e7658a343258107c3.jpg,OEM,No Color,0.3,"Αναλογικό ρολόι χειρός Skmei με εξαιρετικό design και στυλ που ταιριάζει σε κάθε ύφος και διάθεση. Χαρακτηριστικά: Άνετη εφαρμογή, Αντοχή υγρασίας, Καπάκι μπαταρίας από ανοξείδωτο ατσάλι, Λουράκι δερματίνης, Μήκος λουριού: 20cm Διάμετρος καντράν: 35mm.",ΡΟΛΟΓΙΑ>Ρολόγια χειρός>Αναλογικά ρολόγια χειρός
109129,Αναλογικό ρολόι χειρός – Skmei - 1399 - 213,Αναλογικό ρολόι χειρός – Skmei - 1399 - 213992 - Black,in stock,new,14.4 EUR,,https://www.tradesor.gr/wp-content/uploads/2023/06/61b1ccbd0cb09dbb7f9e9e773fd684e6.jpg,OEM,No Color,0.3,"Αναλογικό ρολόι χειρός Skmei με εξαιρετικό design και στυλ που ταιριάζει σε κάθε ύφος και διάθεση. Χαρακτηριστικά: Άνετη εφαρμογή, Αντοχή υγρασίας, Καπάκι μπαταρίας από ανοξείδωτο ατσάλι, Λουράκι δερματίνης, Μήκος λουριού: 20cm Διάμετρος καντράν: 35mm.",ΡΟΛΟΓΙΑ>Ρολόγια χειρός>Αναλογικά ρολόγια χειρός
109174,Αναλογικό ρολόι χειρός – Skmei - 9103 - 291,Αναλογικό ρολόι χειρός – Skmei - 9103 - 291037 - Brown/White,in stock,new,21.6 EUR,,https://www.tradesor.gr/wp-content/uploads/2023/06/22b2d5ef18818fc669789a9bd014030b.jpg,OEM,No Color,0.3,"Αναλογικό ρολόι χειρός Skmei με εξαιρετικό design και στυλ που ταιριάζει σε κάθε ύφος και διάθεση. Χαρακτηριστικά: Άνετη εφαρμογή, Αντοχή υγρασίας, Καπάκι μπαταρίας από ανοξείδωτο ατσάλι, Λουράκι δερματίνης, Μήκος λουριού: 20cm Διάμετρος καντράν: 40mm.",ΡΟΛΟΓΙΑ>Ρολόγια χειρός>Αναλογικά ρολόγια χειρός
109177,Αναλογικό ρολόι χειρός – Skmei - 9103 - 291,Αναλογικό ρολόι χειρός – Skmei - 9103 - 291037 - Black/White,in stock,new,21.6 EUR,,https://www.tradesor.gr/wp-content/uploads/2023/06/f25127610ba6c78e263425a00b52d7dd.jpg,OEM,No Color,0.3,"Αναλογικό ρολόι χειρός Skmei με εξαιρετικό design και στυλ που ταιριάζει σε κάθε ύφος και διάθεση. Χαρακτηριστικά: Άνετη εφαρμογή, Αντοχή υγρασίας, Καπάκι μπαταρίας από ανοξείδωτο ατσάλι, Λουράκι δερματίνης, Μήκος λουριού: 20cm Διάμετρος καντράν: 40mm.",ΡΟΛΟΓΙΑ>Ρολόγια χειρός>Αναλογικά ρολόγια χειρός
109180,Αναλογικό ρολόι χειρός – Skmei - 9103 - 291,Αναλογικό ρολόι χειρός – Skmei - 9103 - 291037 - Black/Black,in stock,new,21.6 EUR,,https://www.tradesor.gr/wp-content/uploads/2023/06/89c7203efeda8c01ee2f2703626c21f6.jpg,OEM,No Color,0.3,"Αναλογικό ρολόι χειρός Skmei με εξαιρετικό design και στυλ που ταιριάζει σε κάθε ύφος και διάθεση. Χαρακτηριστικά: Άνετη εφαρμογή, Αντοχή υγρασίας, Καπάκι μπαταρίας από ανοξείδωτο ατσάλι, Λουράκι δερματίνης, Μήκος λουριού: 20cm Διάμετρος καντράν: 40mm.",ΡΟΛΟΓΙΑ>Ρολόγια χειρός>Αναλογικά ρολόγια χειρός
109183,Αναλογικό ρολόι χειρός – Skmei - 0992 - 209,Αναλογικό ρολόι χειρός – Skmei - 0992 - 209926 - Silver/White,in stock,new,16.2 EUR,,https://www.tradesor.gr/wp-content/uploads/2023/06/98c31957de338d5f41159004b894d183.jpg,OEM,No Color,0.3,"Αναλογικό ρολόι χειρός Skmei με εξαιρετικό design και στυλ που ταιριάζει σε κάθε ύφος και διάθεση. Χαρακτηριστικά: Άνετη εφαρμογή, Αντοχή υγρασίας, Καπάκι μπαταρίας από ανοξείδωτο ατσάλι, Λουράκι μπρασελέ μεταλλικό, Μήκος λουριού: 20cm Διάμετρος καντράν: 30mm.",ΡΟΛΟΓΙΑ>Ρολόγια χειρός>Αναλογικά ρολόγια χειρός
109186,Αναλογικό ρολόι χειρός – Skmei - 0992 - 209,Αναλογικό ρολόι χειρός – Skmei - 0992 - 209926 - Silver/Black,in stock,new,16.2 EUR,,https://www.tradesor.gr/wp-content/uploads/2023/06/7c62d69d7bdb3a1f210544bb3fd7577a.jpg,OEM,No Color,0.3,"Αναλογικό ρολόι χειρός Skmei με εξαιρετικό design και στυλ που ταιριάζει σε κάθε ύφος και διάθεση. Χαρακτηριστικά: Άνετη εφαρμογή, Αντοχή υγρασίας, Καπάκι μπαταρίας από ανοξείδωτο ατσάλι, Λουράκι μπρασελέ μεταλλικό, Μήκος λουριού: 20cm Διάμετρος καντράν: 30mm.",ΡΟΛΟΓΙΑ>Ρολόγια χειρός>Αναλογικά ρολόγια χειρός
109189,Αναλογικό ρολόι χειρός – Skmei - 0992 - 209,Αναλογικό ρολόι χειρός – Skmei - 0992 - 209926 - White/Orange,in stock,new,16.2 EUR,,https://www.tradesor.gr/wp-content/uploads/2023/06/30fec369286f431fb49231824e8a2c25.jpg,OEM,No Color,0.3,"Αναλογικό ρολόι χειρός Skmei με εξαιρετικό design και στυλ που ταιριάζει σε κάθε ύφος και διάθεση. Χαρακτηριστικά: Άνετη εφαρμογή, Αντοχή υγρασίας, Καπάκι μπαταρίας από ανοξείδωτο ατσάλι, Λουράκι σιλικόνης, Μήκος λουριού: 20cm Διάμετρος καντράν: 30mm.",ΡΟΛΟΓΙΑ>Ρολόγια χειρός>Αναλογικά ρολόγια χειρός
109192,Αναλογικό ρολόι χειρός – Skmei - 0992 -  20,Αναλογικό ρολόι χειρός – Skmei - 0992 -  209926 - White/Black,in stock,new,16.2 EUR,,https://www.tradesor.gr/wp-content/uploads/2023/06/3a3ac660a003b855e88963d93520ab4c.jpg,OEM,No Color,0.3,"Αναλογικό ρολόι χειρός Skmei με εξαιρετικό design και στυλ που ταιριάζει σε κάθε ύφος και διάθεση. Χαρακτηριστικά: Άνετη εφαρμογή, Αντοχή υγρασίας, Καπάκι μπαταρίας από ανοξείδωτο ατσάλι, Λουράκι σιλικόνης, Μήκος λουριού: 20cm Διάμετρος καντράν: 30mm.",ΡΟΛΟΓΙΑ>Ρολόγια χειρός>Αναλογικά ρολόγια χειρός
109195,Αναλογικό ρολόι χειρός – Skmei - 0992 - 209,Αναλογικό ρολόι χειρός – Skmei - 0992 - 209926 - Black/Orange,in stock,new,16.2 EUR,,https://www.tradesor.gr/wp-content/uploads/2023/06/3a4400f1e0e1c301cad68abc7585f70e.jpg,OEM,No Color,0.3,"Αναλογικό ρολόι χειρός Skmei με εξαιρετικό design και στυλ που ταιριάζει σε κάθε ύφος και διάθεση. Χαρακτηριστικά: Άνετη εφαρμογή, Αντοχή υγρασίας, Καπάκι μπαταρίας από ανοξείδωτο ατσάλι, Λουράκι σιλικόνης, Μήκος λουριού: 20cm Διάμετρος καντράν: 30mm.",ΡΟΛΟΓΙΑ>Ρολόγια χειρός>Αναλογικά ρολόγια χειρός
109198,Αναλογικό ρολόι χειρός – Skmei - 9256 - 292,Αναλογικό ρολόι χειρός – Skmei - 9256 - 292560 - Brown/Silver,in stock,new,18 EUR,,https://www.tradesor.gr/wp-content/uploads/2023/06/3926db6957ea1a713c2a48f6ea0abfc3.jpg,OEM,No Color,0.3,"Αναλογικό ρολόι χειρός Skmei με εξαιρετικό design και στυλ που ταιριάζει σε κάθε ύφος και διάθεση. Χαρακτηριστικά: Άνετη εφαρμογή, Αντοχή υγρασίας, Καπάκι μπαταρίας από ανοξείδωτο ατσάλι, Λουράκι δερματίνης, Μήκος λουριού: 20cm Διάμετρος καντράν: 38mm.",ΡΟΛΟΓΙΑ>Ρολόγια χειρός>Αναλογικά ρολόγια χειρός
109201,Αναλογικό ρολόι χειρός – Skmei - 9256 - 292,Αναλογικό ρολόι χειρός – Skmei - 9256 - 292560 - Black/Silver,in stock,new,18 EUR,,https://www.tradesor.gr/wp-content/uploads/2023/06/728d9c841d6b8bd95bbce3ca24a3ec68.jpg,OEM,No Color,0.3,"Αναλογικό ρολόι χειρός Skmei με εξαιρετικό design και στυλ που ταιριάζει σε κάθε ύφος και διάθεση. Χαρακτηριστικά: Άνετη εφαρμογή, Αντοχή υγρασίας, Καπάκι μπαταρίας από ανοξείδωτο ατσάλι, Λουράκι δερματίνης, Μήκος λουριού: 20cm Διάμετρος καντράν: 38mm.",ΡΟΛΟΓΙΑ>Ρολόγια χειρός>Αναλογικά ρολόγια χειρός
109204,Αναλογικό ρολόι χειρός – Skmei - 9256 - 292,Αναλογικό ρολόι χειρός – Skmei - 9256 - 292560 - Brown/Gold,in stock,new,18 EUR,,https://www.tradesor.gr/wp-content/uploads/2023/06/0cda36288dbdec638a6cbbe2002ada42.jpg,OEM,No Color,0.3,"Αναλογικό ρολόι χειρός Skmei με εξαιρετικό design και στυλ που ταιριάζει σε κάθε ύφος και διάθεση. Χαρακτηριστικά: Άνετη εφαρμογή, Αντοχή υγρασίας, Καπάκι μπαταρίας από ανοξείδωτο ατσάλι, Λουράκι δερματίνης, Μήκος λουριού: 20cm Διάμετρος καντράν: 38mm.",ΡΟΛΟΓΙΑ>Ρολόγια χειρός>Αναλογικά ρολόγια χειρός
109207,Αναλογικό ρολόι χειρός – Skmei - 9256 - 292,Αναλογικό ρολόι χειρός – Skmei - 9256 - 292560 - Black/Gold,in stock,new,18 EUR,,https://www.tradesor.gr/wp-content/uploads/2023/06/c9b0941518681650a6790929d6b69c28.jpg,OEM,No Color,0.3,"Αναλογικό ρολόι χειρός Skmei με εξαιρετικό design και στυλ που ταιριάζει σε κάθε ύφος και διάθεση. Χαρακτηριστικά: Άνετη εφαρμογή, Αντοχή υγρασίας, Καπάκι μπαταρίας από ανοξείδωτο ατσάλι, Λουράκι δερματίνης, Μήκος λουριού: 20cm Διάμετρος καντράν: 38mm.",ΡΟΛΟΓΙΑ>Ρολόγια χειρός>Αναλογικά ρολόγια χειρός
109210,Αναλογικό ρολόι χειρός – Skmei - 9115 - 291,Αναλογικό ρολόι χειρός – Skmei - 9115 - 291150 - Brown/White,in stock,new,16.2 EUR,,https://www.tradesor.gr/wp-content/uploads/2023/06/5a2d8e49585364ec68d3a9f5e8e86e94.jpg,OEM,No Color,0.3,"Αναλογικό ρολόι χειρός Skmei με εξαιρετικό design και στυλ που ταιριάζει σε κάθε ύφος και διάθεση. Χαρακτηριστικά: Άνετη εφαρμογή, Αντοχή υγρασίας, Καπάκι μπαταρίας από ανοξείδωτο ατσάλι, Λουράκι δερματίνης, Μήκος λουριού: 20cm Διάμετρος καντράν: 35mm.",ΡΟΛΟΓΙΑ>Ρολόγια χειρός>Αναλογικά ρολόγια χειρός
109213,Αναλογικό ρολόι χειρός – Skmei - 9115 - 291,Αναλογικό ρολόι χειρός – Skmei - 9115 - 291150 - Brown/Brown,in stock,new,16.2 EUR,,https://www.tradesor.gr/wp-content/uploads/2023/06/878e879a5e6be3963329e811ab53b1f1.jpg,OEM,No Color,0.3,"Αναλογικό ρολόι χειρός Skmei με εξαιρετικό design και στυλ που ταιριάζει σε κάθε ύφος και διάθεση. Χαρακτηριστικά: Άνετη εφαρμογή, Αντοχή υγρασίας, Καπάκι μπαταρίας από ανοξείδωτο ατσάλι, Λουράκι δερματίνης, Μήκος λουριού: 20cm Διάμετρος καντράν: 35mm.",ΡΟΛΟΓΙΑ>Ρολόγια χειρός>Αναλογικά ρολόγια χειρός
109216,Αναλογικό ρολόι χειρός – Skmei - 9115 - 291,Αναλογικό ρολόι χειρός – Skmei - 9115 - 291150 - Brown/Black,in stock,new,16.2 EUR,,https://www.tradesor.gr/wp-content/uploads/2023/06/85202ee305efbc3719a7ae537fc79c93.jpg,OEM,No Color,0.3,"Αναλογικό ρολόι χειρός Skmei με εξαιρετικό design και στυλ που ταιριάζει σε κάθε ύφος και διάθεση. Χαρακτηριστικά: Άνετη εφαρμογή, Αντοχή υγρασίας, Καπάκι μπαταρίας από ανοξείδωτο ατσάλι, Λουράκι δερματίνης, Μήκος λουριού: 20cm Διάμετρος καντράν: 35mm.",ΡΟΛΟΓΙΑ>Ρολόγια χειρός>Αναλογικά ρολόγια χειρός
109219,Αναλογικό ρολόι χειρός – Skmei - 9115 - 291,Αναλογικό ρολόι χειρός – Skmei - 9115 - 291150 - Black/Black,in stock,new,16.2 EUR,,https://www.tradesor.gr/wp-content/uploads/2023/06/cb211ed26cd87797a5242c6eb1e2a782.jpg,OEM,No Color,0.3,"Αναλογικό ρολόι χειρός Skmei με εξαιρετικό design και στυλ που ταιριάζει σε κάθε ύφος και διάθεση. Χαρακτηριστικά: Άνετη εφαρμογή, Αντοχή υγρασίας, Καπάκι μπαταρίας από ανοξείδωτο ατσάλι, Λουράκι δερματίνης, Μήκος λουριού: 20cm Διάμετρος καντράν: 35mm.",ΡΟΛΟΓΙΑ>Ρολόγια χειρός>Αναλογικά ρολόγια χειρός
