id,title,description,availability,condition,price,link,image_link,brand,color,shipping_weight,rich_text_description,fb_product_category
36322,Υπολογιστής ταξιδιού ποδηλάτου - SD-3,Υπολογιστής ταξιδιού ποδηλάτου - SD-368A - 151208,in stock,new,7.2 EUR,,https://www.tradesor.gr/wp-content/uploads/2023/04/2710_151208.jpg,OEM,No Color,0.4,"<p><span class=""VIiyi"" lang=""el""><span class=""JLqJ4b ChMk0b"" data-language-for-alternatives=""el"" data-language-to-translate-into=""auto"" data-phrase-index=""14"">Κάντε την αθλητική σας ζωή πιο άνετη!</span></span></p><p><span class=""VIiyi"" lang=""el""><span class=""JLqJ4b ChMk0b"" data-language-for-alternatives=""el"" data-language-to-translate-into=""auto"" data-phrase-index=""4"">Ασύρματος υπολογιστής ποδηλάτου με πολλαπλές λειτουργίες, ιδανικός για τους λάτρεις της ποδηλασίας.</span> <br /><span class=""JLqJ4b ChMk0b"" data-language-for-alternatives=""el"" data-language-to-translate-into=""auto"" data-phrase-index=""6"">Με τον υπολογιστή, μπορείτε να παρακολουθείτε την ταχύτητα, την απόσταση και το χρόνο ταξιδιού.</span> <br /></span><span class=""VIiyi"" lang=""el""><span class=""JLqJ4b ChMk0b"" data-language-for-alternatives=""el"" data-language-to-translate-into=""auto"" data-phrase-index=""10"">Τα δεδομένα συλλέγονται μέσω του υπολογιστή ποδηλασίας σε συνδυασμό με τον συνδεδεμένο μαγνήτη και τον πομπό.</span> </span></p><p><span class=""VIiyi"" lang=""el""><span class=""JLqJ4b ChMk0b"" data-language-for-alternatives=""el"" data-language-to-translate-into=""auto"" data-phrase-index=""16"">Ελαφρύ, ανθεκτικό στη χρήση.</span> <br /></span><span class=""VIiyi"" lang=""el""><span class=""JLqJ4b ChMk0b"" data-language-for-alternatives=""el"" data-language-to-translate-into=""auto"" data-phrase-index=""18"">Μεγάλη οθόνη LCD, wired τύπου.</span> <br /></span><span class=""VIiyi"" lang=""el""><span class=""JLqJ4b ChMk0b"" data-language-for-alternatives=""el"" data-language-to-translate-into=""auto"" data-phrase-index=""20"">Εύκολη εγκατάσταση για το ποδήλατό σας.</span> </span></p>",AUTO-MOTO-BIKE>Αξεσουάρ ποδηλάτου  μηχανής>Υπολογιστές ταξιδίου
36607,Υπολογιστής ταξιδιού ποδηλάτου - SD-5,Υπολογιστής ταξιδιού ποδηλάτου - SD-558A - 151802,in stock,new,10.8 EUR,,https://www.tradesor.gr/wp-content/uploads/2023/04/1305_151802.jpg,OEM,No Color,0.4,"<p>Ψηφιακό, αδιάβροχο ταχύμετρο-ηλεκτρονικός υπολογιστής ποδηλάτου με μεγάλη οθόνη</p><p><strong>Χαρακτηριστικά - Ενδείξεις:</strong></p><ul><li>Οθόνη LCD με backlight</li><li>ODO χιλιομετρητής (0-99999KM/MILE).</li><li>DST απόσταση ταξιδιού</li><li>MXS μέγιστη ταχύτητα</li><li>AVS μέση ταχύτητα</li><li>OTM συνολικός χρόνος ταξιδιού</li><li>TM χρόνος ταξιδιού</li><li>CLK Ρολόι (12H/24H)</li><li>Θερμοκρασία λειτουργίας (-20 ℃ ~ 70 ℃)</li><li>TM DN χρόνος ταξιδιού</li><li>Χιλιόμετρα / Miles</li><li>Ειδοποίηση συντήρησης</li><li>Υπενθύμιση υψηλής ταχύτητας</li><li>Μνήμη αποθήκευσης</li><li>Ένδειξη χαμηλής μπαταρίας.</li><li>AUTO ON / OFF.</li><li>Ισχύς: 1x 3V CR203 (μπαταρίες λιθίου)</li></ul>",AUTO-MOTO-BIKE>Αξεσουάρ ποδηλάτου  μηχανής>Υπολογιστές ταξιδίου
36608,Υπολογιστής ταξιδιού ποδηλάτου - SD-5,Υπολογιστής ταξιδιού ποδηλάτου - SD-563A - 151215,in stock,new,8.1 EUR,,https://www.tradesor.gr/wp-content/uploads/2023/04/1305_151215.jpg,OEM,No Color,0.4,"<p>Ψηφιακό, αδιάβροχο ταχύμετρο-ηλεκτρονικός υπολογιστής ποδηλάτου με μεγάλη οθόνη (4 σειρές ενδείξεων).</p><p>Έχει πράσινο backlight για λειτουργία νύχτας και χαμηλή κατανάλωση μπαταρίας.</p><p>Λειτουργίες – ενδείξεις:</p><p>Τρέχουσα ταχύτητα<br />Οδόμετρο (0-9999KM/MILE)<br />Μέγιστη και μέση ταχύτητα<br />Συνολικός χρόνος ταξιδιού<br />Ένδειξη ώρας（12H/24H)<br />Χρονόμετρο<br />Θερμόμετρο<br />Ειδοποίηση υπέρβασης φυσιολογικής ταχύτητας<br />Αυτόματη ενεργοποίηση/απενεργοποίηση<br />Ένδειξη χαμηλής μπαταρίας<br />Αδιάβροχο</p><p>Ενσύρματη σύνδεση</p>",AUTO-MOTO-BIKE>Αξεσουάρ ποδηλάτου  μηχανής>Υπολογιστές ταξιδίου
108651,Υπολογιστής ταξιδιού ποδηλάτου - SJ-1,Υπολογιστής ταξιδιού ποδηλάτου - SJ-10908-813 - 650219,in stock,new,11.7 EUR,,https://www.tradesor.gr/wp-content/uploads/2023/06/da729cc46855c6d597bf55e3d4c9471f.jpg,OEM,No Color,1.0,,AUTO-MOTO-BIKE>Αξεσουάρ ποδηλάτου  μηχανής>Υπολογιστές ταξιδίου
