id,title,description,availability,condition,price,link,image_link,brand,color,shipping_weight,rich_text_description,fb_product_category
48716,Παιδική φουσκωτή σχεδία - 120cm - 150960,Παιδική φουσκωτή σχεδία - 120cm - 150960,in stock,new,4.5 EUR,,https://www.tradesor.gr/wp-content/uploads/2023/05/150960.png,OEM,No Color,3.0,"Παιδική φουσκωτή σχεδία-στρωματάκι μήκους 120cm με μαξιλαράκι. Κατασκευασμένη από ανθεκτικό, μη τοξικό PVC. Σημείωση: Το παρόν σωσίβιο δε θεωρείται σωστικό μέσο και πρέπει να χρησιμοποιείται πάντα με την επίβλεψη ενήλικα.",ΕΠΟΧΙΑΚΑ - ΤΟΥΡΙΣΤΙΚΑ  HOBBY>Κυνήγι - θάλασσα  camping>Στρώματα θαλάσσης
48719,Παιδική φουσκωτή πισίνα - 140*100*70cm - 150,Παιδική φουσκωτή πισίνα - 140*100*70cm - 150953,in stock,new,32.4 EUR,,https://www.tradesor.gr/wp-content/uploads/2023/05/150953.png,OEM,No Color,3.0,"Παιδική φουσκωτή πισίνα κήπου με σχέδια, για ατελειώτα καλοκαιρινά παιχνίδια στο νερό! Μπορεί να τοποθετηθεί στον κήπο σας, στη βεράντα, ακόμη και στο μπαλκόνι σας. Κατασκευασμένη από ανθεκτικό, μη τοξικό PVC. Διαστάσεις: 140x100x70cm. Σημείωση: Το παρόν προϊόν δε θεωρείται σωστικό μέσο και πρέπει να χρησιμοποιείται πάντα με την επίβλεψη ενήλικα.",ΕΠΟΧΙΑΚΑ - ΤΟΥΡΙΣΤΙΚΑ  HOBBY>Κυνήγι - θάλασσα  camping>Στρώματα θαλάσσης
48722,Παιδική φουσκωτή πισίνα - 120*90*35cm - 1509,Παιδική φουσκωτή πισίνα - 120*90*35cm - 150946,in stock,new,18 EUR,,https://www.tradesor.gr/wp-content/uploads/2023/05/150946.png,OEM,No Color,3.0,"Παιδική φουσκωτή πισίνα κήπου με σχέδια, για ατελειώτα καλοκαιρινά παιχνίδια στο νερό! Μπορεί να τοποθετηθεί στον κήπο σας, στη βεράντα, ακόμη και στο μπαλκόνι σας. Κατασκευασμένη από ανθεκτικό, μη τοξικό PVC. Διαστάσεις: 120x90x35cm. Σημείωση: Το παρόν προϊόν δε θεωρείται σωστικό μέσο και πρέπει να χρησιμοποιείται πάντα με την επίβλεψη ενήλικα.",ΕΠΟΧΙΑΚΑ - ΤΟΥΡΙΣΤΙΚΑ  HOBBY>Κυνήγι - θάλασσα  camping>Στρώματα θαλάσσης
48725,Παιδική φουσκωτή πισίνα Γοργόνα - 90c,Παιδική φουσκωτή πισίνα Γοργόνα - 90cm - 150939,in stock,new,14.4 EUR,,https://www.tradesor.gr/wp-content/uploads/2023/05/150939.png,OEM,No Color,3.0,"Παιδική φουσκωτή πισίνα κήπου Γοργόνα, για ατελειώτα καλοκαιρινά παιχνίδια στο νερό! Μπορεί να τοποθετηθεί στον κήπο σας, στη βεράντα, ακόμη και στο μπαλκόνι σας. Κατασκευασμένη από ανθεκτικό, μη τοξικό PVC. Διαστάσεις: 90cm. Σημείωση: Το παρόν προϊόν δε θεωρείται σωστικό μέσο και πρέπει να χρησιμοποιείται πάντα με την επίβλεψη ενήλικα.",ΕΠΟΧΙΑΚΑ - ΤΟΥΡΙΣΤΙΚΑ  HOBBY>Κυνήγι - θάλασσα  camping>Στρώματα θαλάσσης
48728,Παιδική φουσκωτή πισίνα Rainbow - 110*30cm -,Παιδική φουσκωτή πισίνα Rainbow - 110*30cm - 150922,in stock,new,12.6 EUR,,https://www.tradesor.gr/wp-content/uploads/2023/05/150915.png,OEM,No Color,3.0,"Παιδική φουσκωτή πισίνα κήπου πολύχρωμη, για ατελειώτα καλοκαιρινά παιχνίδια στο νερό! Μπορεί να τοποθετηθεί στον κήπο σας, στη βεράντα, ακόμη και στο μπαλκόνι σας. Κατασκευασμένη από ανθεκτικό, μη τοξικό PVC. Διαστάσεις: 110x30cm. Σημείωση: Το παρόν προϊόν δε θεωρείται σωστικό μέσο και πρέπει να χρησιμοποιείται πάντα με την επίβλεψη ενήλικα.",ΕΠΟΧΙΑΚΑ - ΤΟΥΡΙΣΤΙΚΑ  HOBBY>Κυνήγι - θάλασσα  camping>Στρώματα θαλάσσης
48731,Παιδική φουσκωτή πισίνα Rainbow - 90*30cm - ,Παιδική φουσκωτή πισίνα Rainbow - 90*30cm - 150915,in stock,new,10.8 EUR,,https://www.tradesor.gr/wp-content/uploads/2023/05/150915.png,OEM,No Color,3.0,"Παιδική φουσκωτή πισίνα κήπου πολύχρωμη, για ατελειώτα καλοκαιρινά παιχνίδια στο νερό! Μπορεί να τοποθετηθεί στον κήπο σας, στη βεράντα, ακόμη και στο μπαλκόνι σας. Κατασκευασμένη από ανθεκτικό, μη τοξικό PVC. Διαστάσεις: 90x30cm. Σημείωση: Το παρόν προϊόν δε θεωρείται σωστικό μέσο και πρέπει να χρησιμοποιείται πάντα με την επίβλεψη ενήλικα.",ΕΠΟΧΙΑΚΑ - ΤΟΥΡΙΣΤΙΚΑ  HOBBY>Κυνήγι - θάλασσα  camping>Στρώματα θαλάσσης
48734,Παιδική φουσκωτή πισίνα - 110*30cm - 150908,Παιδική φουσκωτή πισίνα - 110*30cm - 150908,in stock,new,12.6 EUR,,https://www.tradesor.gr/wp-content/uploads/2023/05/150908.png,OEM,No Color,3.0,"Παιδική φουσκωτή πισίνα κήπου με σχέδια, για ατελειώτα καλοκαιρινά παιχνίδια στο νερό! Μπορεί να τοποθετηθεί στον κήπο σας, στη βεράντα, ακόμη και στο μπαλκόνι σας. Κατασκευασμένη από ανθεκτικό, μη τοξικό PVC. Διαστάσεις: 110x30cm. Σημείωση: Το παρόν προϊόν δε θεωρείται σωστικό μέσο και πρέπει να χρησιμοποιείται πάντα με την επίβλεψη ενήλικα.",ΕΠΟΧΙΑΚΑ - ΤΟΥΡΙΣΤΙΚΑ  HOBBY>Κυνήγι - θάλασσα  camping>Στρώματα θαλάσσης
48737,Παιδική φουσκωτή πισίνα - 90*30cm - 150892,Παιδική φουσκωτή πισίνα - 90*30cm - 150892,in stock,new,10.8 EUR,,https://www.tradesor.gr/wp-content/uploads/2023/05/150892.jpg,OEM,No Color,3.0,"Παιδική φουσκωτή πισίνα κήπου με σχέδια, για ατελειώτα καλοκαιρινά παιχνίδια στο νερό! Μπορεί να τοποθετηθεί στον κήπο σας, στη βεράντα, ακόμη και στο μπαλκόνι σας. Κατασκευασμένη από ανθεκτικό, μη τοξικό PVC. Διαστάσεις: 90x30cm. Σημείωση: Το παρόν προϊόν δε θεωρείται σωστικό μέσο και πρέπει να χρησιμοποιείται πάντα με την επίβλεψη ενήλικα.",ΕΠΟΧΙΑΚΑ - ΤΟΥΡΙΣΤΙΚΑ  HOBBY>Κυνήγι - θάλασσα  camping>Στρώματα θαλάσσης
