id,title,description,availability,condition,price,link,image_link,brand,color,shipping_weight,rich_text_description,fb_product_category
37518,Ρολόι τοίχου - 6616 - 103557,Ρολόι τοίχου - 6616 - 103557,in stock,new,9.9 EUR,,https://www.tradesor.gr/wp-content/uploads/2023/04/1106_103557-1.jpg,OEM,No Color,3,"<p>Ρολόι τοίχου σε κλασσικό στυλ, με εφέ ξύλου.<br />Διαστάσεις: 30x 27cm</p>",ΡΟΛΟΓΙΑ>Ρολόγια τοίχου>Επιτοίχια ρολόγια
37519,Ρολόι τοίχου - 9148 - 103526,Ρολόι τοίχου - 9148 - 103526,in stock,new,9.9 EUR,,https://www.tradesor.gr/wp-content/uploads/2023/04/1106_103526-1.jpg,OEM,No Color,3,<p>Ρολόι τοίχου σε μοντέρνο στυλ.<br />Διαστάσεις: 32x32cm</p>,ΡΟΛΟΓΙΑ>Ρολόγια τοίχου>Επιτοίχια ρολόγια
37592,Ρολόι τοίχου - 9141B - 691416,Ρολόι τοίχου - 9141B - 691416,in stock,new,10.8 EUR,,https://www.tradesor.gr/wp-content/uploads/2023/04/1106_691416-1.jpg,OEM,No Color,3,"<p>Ρολόι τοίχου στρογγυλό, σε μοντέρνο, μίνιμαλ στυλ.<br />Διάμετρος: 25cm</p>",ΡΟΛΟΓΙΑ>Ρολόγια τοίχου>Επιτοίχια ρολόγια
37948,Ρολόι τοίχου - 35cm -25673-CF,Ρολόι τοίχου - 35cm -25673-CF,in stock,new,6.3 EUR,,https://www.tradesor.gr/wp-content/uploads/2023/04/25673-CF.jpg,OEM,No Color,3,<p>Ρολόι τοίχου αναλογικό σε μοντέρνο στυλ που ταιριάζει σε κάθε χώρο και διακόσμηση.<br />Υλικό: πλαστικό<br />Διάμετρος: 35cm</p>,ΡΟΛΟΓΙΑ>Ρολόγια τοίχου>Επιτοίχια ρολόγια
37949,Ρολόι τοίχου - 35cm - 99127-1-WH,Ρολόι τοίχου - 35cm - 99127-1-WH,in stock,new,6.3 EUR,,https://www.tradesor.gr/wp-content/uploads/2023/04/99127-1-WH.jpg,OEM,No Color,3,<p>Ρολόι τοίχου αναλογικό σε μοντέρνο στυλ που ταιριάζει σε κάθε χώρο και διακόσμηση.<br />Υλικό: πλαστικό<br />Διάμετρος: 35cm</p>,ΡΟΛΟΓΙΑ>Ρολόγια τοίχου>Επιτοίχια ρολόγια
37950,Ρολόι τοίχου - 45cm - 25732-FLAG,Ρολόι τοίχου - 45cm - 25732-FLAG,in stock,new,8.1 EUR,,https://www.tradesor.gr/wp-content/uploads/2023/04/25732-FLAG.jpg,OEM,No Color,3,"<p>Ρολόι τοίχου αναλογικό σε μοντέρνο στυλ με την Αγγλική σημαία, που ταιριάζει σε κάθε χώρο και διακόσμηση.<br />Υλικό: πλαστικό<br />Διάμετρος: 45cm</p>",ΡΟΛΟΓΙΑ>Ρολόγια τοίχου>Επιτοίχια ρολόγια
37951,Ρολόι τοίχου - 35cm - 99145-BK,Ρολόι τοίχου - 35cm - 99145-BK,in stock,new,6.3 EUR,,https://www.tradesor.gr/wp-content/uploads/2023/04/99145-BK.jpg,OEM,No Color,3,<p>Ρολόι τοίχου αναλογικό σε μοντέρνο στυλ που ταιριάζει σε κάθε χώρο και διακόσμηση.<br />Υλικό: πλαστικό<br />Διάμετρος: 35cm</p>,ΡΟΛΟΓΙΑ>Ρολόγια τοίχου>Επιτοίχια ρολόγια
37952,Ρολόι τοίχου - 45cm - 91978,Ρολόι τοίχου - 45cm - 91978,in stock,new,8.1 EUR,,https://www.tradesor.gr/wp-content/uploads/2023/04/91978.jpg,OEM,No Color,3,<p>Ρολόι τοίχου αναλογικό σε μοντέρνο στυλ που ταιριάζει σε κάθε χώρο και διακόσμηση.<br />Υλικό: πλαστικό<br />Διάμετρος: 45cm</p>,ΡΟΛΟΓΙΑ>Ρολόγια τοίχου>Επιτοίχια ρολόγια
37953,Ρολόι τοίχου - 45cm - 23244D5,Ρολόι τοίχου - 45cm - 23244D5,in stock,new,8.1 EUR,,https://www.tradesor.gr/wp-content/uploads/2023/04/23244D5.jpg,OEM,No Color,3,<p>Ρολόι τοίχου αναλογικό σε μοντέρνο πολύχρωμο στυλ που ταιριάζει σε κάθε χώρο και διακόσμηση.<br />Υλικό: πλαστικό<br />Διάμετρος: 45cm</p>,ΡΟΛΟΓΙΑ>Ρολόγια τοίχου>Επιτοίχια ρολόγια
37954,Ρολόι τοίχου - 45cm - 23244-FELT,Ρολόι τοίχου - 45cm - 23244-FELT,in stock,new,8.1 EUR,,https://www.tradesor.gr/wp-content/uploads/2023/04/23244-FELT.jpg,OEM,No Color,3,<p>Ρολόι τοίχου αναλογικό σε μοντέρνο στυλ που ταιριάζει σε κάθε χώρο και διακόσμηση.<br />Υλικό: πλαστικό<br />Διάμετρος: 45cm</p>,ΡΟΛΟΓΙΑ>Ρολόγια τοίχου>Επιτοίχια ρολόγια
37955,Ρολόι τοίχου - 45cm - 99141GD,Ρολόι τοίχου - 45cm - 99141GD,in stock,new,8.1 EUR,,https://www.tradesor.gr/wp-content/uploads/2023/04/99141GD.jpg,OEM,No Color,3,<p>Ρολόι τοίχου αναλογικό σε μοντέρνο στυλ που ταιριάζει σε κάθε χώρο και διακόσμηση.<br />Υλικό: πλαστικό<br />Χρυσή κάσα<br />Διάμετρος: 45cm</p>,ΡΟΛΟΓΙΑ>Ρολόγια τοίχου>Επιτοίχια ρολόγια
37956,Ρολόι τοίχου - 35cm - 99147-BK,Ρολόι τοίχου - 35cm - 99147-BK,in stock,new,6.3 EUR,,https://www.tradesor.gr/wp-content/uploads/2023/04/99147-BK.jpg,OEM,No Color,3,<p>Ρολόι τοίχου αναλογικό σε μοντέρνο στυλ που ταιριάζει σε κάθε χώρο και διακόσμηση.<br />Υλικό: πλαστικό<br />Διάμετρος: 35cm</p>,ΡΟΛΟΓΙΑ>Ρολόγια τοίχου>Επιτοίχια ρολόγια
38090,Ρολόι τοίχου - JK9177 - 805004,Ρολόι τοίχου - JK9177 - 805004,in stock,new,8.1 EUR,,https://www.tradesor.gr/wp-content/uploads/2023/04/805004.jpg,OEM,No Color,3,"<p>Ρολόι τοίχου σε μοντέρνο σχεδιασμό με διαφανή κορνίζα, ιδανικό να ταιριάξει σε κάθε χώρο σας. </p><p>Διαστάσεις: 35 x 25cm</p>",ΡΟΛΟΓΙΑ>Ρολόγια τοίχου>Επιτοίχια ρολόγια
38394,Ρολόι τοίχου - 9058 - 103595,Ρολόι τοίχου - 9058 - 103595,in stock,new,8.1 EUR,,https://www.tradesor.gr/wp-content/uploads/2023/04/103595.jpg,OEM,No Color,3,"<p>Ρολόι τοίχου, πλαστικό με εφέ ξύλου και ιδιαίτερο σχεδιασμό σε σχήμα τιμονιού καραβιού. Ιδανικό για χώρο κλασσικής ή ρετρό διακόσμησης.</p><p>Συνολική διάμετρος: 28cm<br />Διάμετρος καντράν: 16cm</p>",ΡΟΛΟΓΙΑ>Ρολόγια τοίχου>Επιτοίχια ρολόγια
39159,Ρολόι τοίχου - 139 - 139113,Ρολόι τοίχου - 139 - 139113,in stock,new,6.84 EUR,,https://www.tradesor.gr/wp-content/uploads/2023/04/139113-1.jpg,OEM,No Color,3,"<p>Ρολόι τοίχου 9156 , σε κλασσικό vintage σχεδιασμό με εφέ ξύλου στην κορνίζα.<br />Υλικό: πλαστικό<br />Διαστάσεις: 30x30cm</p>",ΡΟΛΟΓΙΑ>Ρολόγια τοίχου>Επιτοίχια ρολόγια
39204,Ρολόι τοίχου - 9156 - 703511,Ρολόι τοίχου - 9156 - 703511,in stock,new,8.1 EUR,,https://www.tradesor.gr/wp-content/uploads/2023/04/703511_812.jpg,OEM,No Color,3,"<p>Ρολόι τοίχου 9156 , σε κλασσικό vintage σχεδιασμό με εφέ ξύλου στην κορνίζα.<br />Υλικό: πλαστικό<br />Διαστάσεις: 30x30cm</p>",ΡΟΛΟΓΙΑ>Ρολόγια τοίχου>Επιτοίχια ρολόγια
39205,Ρολόι τοίχου - 8340 - 703528,Ρολόι τοίχου - 8340 - 703528,in stock,new,9.9 EUR,,https://www.tradesor.gr/wp-content/uploads/2023/04/703528-2.jpg,OEM,No Color,3,"<p>Ρολόι τοίχου 8340 , σε minimal μοντέρνο σχεδιασμό που μπορεί να ταιριάξει σε κάθε χώρο. <br />Υλικό: πλαστικό<br />Διάμετρος: 32cm</p>",ΡΟΛΟΓΙΑ>Ρολόγια τοίχου>Επιτοίχια ρολόγια
39410,Ρολόι τοίχου – 572 – 532568,Ρολόι τοίχου – 572 – 532568,in stock,new,5.4 EUR,,https://www.tradesor.gr/wp-content/uploads/2023/04/532568.png,OEM,No Color,3,<p>Ρολόι τοίχου σε minimal μοντέρνο σχεδιασμό που μπορεί να ταιριάξει σε κάθε χώρο. <br />Υλικό: πλαστικό<br />Διάμετρος: 30cm</p>,ΡΟΛΟΓΙΑ>Ρολόγια τοίχου>Επιτοίχια ρολόγια
39417,Ρολόι τοίχου - XH6003 - 260034,Ρολόι τοίχου - XH6003 - 260034,in stock,new,6.3 EUR,,https://www.tradesor.gr/wp-content/uploads/2023/04/260034_712.jpg,OEM,No Color,3,<p>Ρολόι τοίχου σε minimal μοντέρνο σχεδιασμό που μπορεί να ταιριάξει σε κάθε χώρο. <br />Υλικό: πλαστικό<br />Διάμετρος: 30cm</p>,ΡΟΛΟΓΙΑ>Ρολόγια τοίχου>Επιτοίχια ρολόγια
39424,Ρολόι τοίχου – CL530-208   – 856020,Ρολόι τοίχου – CL530-208   – 856020,in stock,new,5.4 EUR,,https://www.tradesor.gr/wp-content/uploads/2023/04/856020_712.jpg,OEM,No Color,3,"<p>Ρολόι τοίχου σε ιδιαίτερο μοντέρνο σχεδιασμό με σχέδιο στο καντράν, που μπορεί να ταιριάξει σε κάθε χώρο. <br />Υλικό: πλαστικό<br />Διάμετρος: 30cm</p>",ΡΟΛΟΓΙΑ>Ρολόγια τοίχου>Επιτοίχια ρολόγια
50384,Σετ ρολόι τοίχου με καθρέπτες - 3pcs - 9,Σετ ρολόι τοίχου με καθρέπτες - 3pcs - 911-3 - 291136,in stock,new,8.1 EUR,,https://www.tradesor.gr/wp-content/uploads/2023/05/291136.png,OEM,No Color,3.0,"Τριπλό σετ ρολόι τοίχου με 2 καθρέπτες, σε εντυπωσιακό σχεδιασμό με ανάγλυφα σχέδια, που θα προσδώσει ιδιαίτερο vintage στυλ στον χώρο σας. Διάμετρος: 20cm",ΡΟΛΟΓΙΑ>Ρολόγια τοίχου>Επιτοίχια ρολόγια
50387,Σετ ρολόι τοίχου με καθρέπτες - 3pcs - 9,Σετ ρολόι τοίχου με καθρέπτες - 3pcs - 908-3 - 290832,in stock,new,9 EUR,,https://www.tradesor.gr/wp-content/uploads/2023/05/290832.png,OEM,No Color,3.0,"Τριπλό σετ ρολόι τοίχου με 2 καθρέπτες, σε εντυπωσιακό σχεδιασμό με ανάγλυφα σχέδια, που θα προσδώσει ιδιαίτερο vintage στυλ στον χώρο σας. Διάμετρος: 20cm",ΡΟΛΟΓΙΑ>Ρολόγια τοίχου>Επιτοίχια ρολόγια
50390,Σετ ρολόι τοίχου με καθρέπτες - 3pcs - 9,Σετ ρολόι τοίχου με καθρέπτες - 3pcs - 907-3 - 290733,in stock,new,9 EUR,,https://www.tradesor.gr/wp-content/uploads/2023/05/290733.png,OEM,No Color,3.0,"Τριπλό σετ ρολόι τοίχου με 2 καθρέπτες, σε εντυπωσιακό σχεδιασμό με ανάγλυφα σχέδια, που θα προσδώσει ιδιαίτερο vintage στυλ στον χώρο σας. Διάμετρος: 20cm",ΡΟΛΟΓΙΑ>Ρολόγια τοίχου>Επιτοίχια ρολόγια
50393,Σετ ρολόι τοίχου με καθρέπτες - 3pcs - 8,Σετ ρολόι τοίχου με καθρέπτες - 3pcs - 808-3 - 280833,in stock,new,8.1 EUR,,https://www.tradesor.gr/wp-content/uploads/2023/05/280833.png,OEM,No Color,3.0,"Τριπλό σετ ρολόι τοίχου με 2 καθρέπτες, σε εντυπωσιακό σχεδιασμό με ανάγλυφα σχέδια, που θα προσδώσει ιδιαίτερο vintage στυλ στον χώρο σας. Διάμετρος: 20cm",ΡΟΛΟΓΙΑ>Ρολόγια τοίχου>Επιτοίχια ρολόγια
50396,Σετ ρολόι τοίχου με καθρέπτες - 3pcs - 9,Σετ ρολόι τοίχου με καθρέπτες - 3pcs - 909-3 - 290931,in stock,new,9 EUR,,https://www.tradesor.gr/wp-content/uploads/2023/05/290931.png,OEM,No Color,3.0,"Τριπλό σετ ρολόι τοίχου με 2 καθρέπτες, σε εντυπωσιακό σχεδιασμό με ανάγλυφα σχέδια, που θα προσδώσει ιδιαίτερο vintage στυλ στον χώρο σας. Διάμετρος: 20cm",ΡΟΛΟΓΙΑ>Ρολόγια τοίχου>Επιτοίχια ρολόγια
50399,Σετ ρολόι τοίχου με καθρέπτες - 3pcs - 9,Σετ ρολόι τοίχου με καθρέπτες - 3pcs - 910-3 - 291037,in stock,new,8.1 EUR,,https://www.tradesor.gr/wp-content/uploads/2023/05/291037.png,OEM,No Color,3.0,"Τριπλό σετ ρολόι τοίχου με 2 καθρέπτες, σε εντυπωσιακό σχεδιασμό με ανάγλυφα σχέδια, που θα προσδώσει ιδιαίτερο vintage στυλ στον χώρο σας. Διάμετρος: 20cm",ΡΟΛΟΓΙΑ>Ρολόγια τοίχου>Επιτοίχια ρολόγια
50402,Σετ ρολόι τοίχου με καθρέπτες - 3pcs - 8,Σετ ρολόι τοίχου με καθρέπτες - 3pcs - 809-3 - 280932,in stock,new,8.1 EUR,,https://www.tradesor.gr/wp-content/uploads/2023/05/280932.png,OEM,No Color,3.0,"Τριπλό σετ ρολόι τοίχου με 2 καθρέπτες, σε εντυπωσιακό σχεδιασμό με ανάγλυφα σχέδια, που θα προσδώσει ιδιαίτερο vintage στυλ στον χώρο σας. Διάμετρος: 20cm",ΡΟΛΟΓΙΑ>Ρολόγια τοίχου>Επιτοίχια ρολόγια
50405,Ρολόι τοίχου - 917 - 291709,Ρολόι τοίχου - 917 - 291709,in stock,new,4.5 EUR,,https://www.tradesor.gr/wp-content/uploads/2023/05/291709.png,OEM,No Color,2.0,"Ρολόι τοίχου, σε κλασσικό εντυπωσιακό σχεδιασμό με λαμπερές πέτρες, που μπορεί να προσδώσει στυλ σε κάθε χώρο.
Υλικό: πλαστικό
Διάμετρος: 24cm",ΡΟΛΟΓΙΑ>Ρολόγια τοίχου>Επιτοίχια ρολόγια
50408,Ρολόι τοίχου - 918 - 291808,Ρολόι τοίχου - 918 - 291808,in stock,new,4.5 EUR,,https://www.tradesor.gr/wp-content/uploads/2023/05/291808.png,OEM,No Color,2.0,"Ρολόι τοίχου, σε κλασσικό εντυπωσιακό σχεδιασμό με λαμπερές πέτρες, που μπορεί να προσδώσει στυλ σε κάθε χώρο.
Υλικό: πλαστικό
Διάμετρος: 24cm",ΡΟΛΟΓΙΑ>Ρολόγια τοίχου>Επιτοίχια ρολόγια
50411,Ρολόι τοίχου - 917Α-3 - 291730,Ρολόι τοίχου - 917Α-3 - 291730,in stock,new,9 EUR,,https://www.tradesor.gr/wp-content/uploads/2023/05/291730.png,OEM,No Color,2.0,"Ρολόι τοίχου, σε κλασσικό εντυπωσιακό σχεδιασμό με λαμπερές πέτρες και ανάγλυφα σχέδια, που μπορεί να προσδώσει στυλ σε κάθε χώρο.
Υλικό: πλαστικό
Διάμετρος: 24.5cm",ΡΟΛΟΓΙΑ>Ρολόγια τοίχου>Επιτοίχια ρολόγια
50414,Ρολόι τοίχου - 999 - 299903,Ρολόι τοίχου - 999 - 299903,in stock,new,4.5 EUR,,https://www.tradesor.gr/wp-content/uploads/2023/05/299903.png,OEM,No Color,2.0,"Ρολόι τοίχου, σε κλασσικό εντυπωσιακό σχεδιασμό με ανάγλυφα σχέδια, που μπορεί να προσδώσει στυλ σε κάθε χώρο.
Υλικό: πλαστικό
Διαστάσεις: 24x28cm",ΡΟΛΟΓΙΑ>Ρολόγια τοίχου>Επιτοίχια ρολόγια
50417,Ρολόι τοίχου - 815 - 281502,Ρολόι τοίχου - 815 - 281502,in stock,new,6.3 EUR,,https://www.tradesor.gr/wp-content/uploads/2023/05/281052.png,OEM,No Color,2.0,"Ρολόι τοίχου, σε minimal μοντέρνο σχεδιασμό που μπορεί να ταιριάξει σε κάθε χώρο.
Υλικό: πλαστικό
Διάμετρος: 30cm",ΡΟΛΟΓΙΑ>Ρολόγια τοίχου>Επιτοίχια ρολόγια
50420,Ρολόι τοίχου κουζίνας - 85570S - 879036 - Whit,Ρολόι τοίχου κουζίνας - 85570S - 879036 - White,in stock,new,5.4 EUR,,https://www.tradesor.gr/wp-content/uploads/2023/05/879036.png,OEM,No Color,2.0,"Ρολόι τοίχου κουζίνας, σε μοντέρνο σχεδιασμό με πολύχρωμα ανάγλυφα φρούτα, που θα προσδώσει ιδιαίτερο στυλ στην κουζίνα σας.
Υλικό: πλαστικό
Διάμετρος: 28cm",ΡΟΛΟΓΙΑ>Ρολόγια τοίχου>Επιτοίχια ρολόγια
50423,Ρολόι τοίχου κουζίνας - 329Τ - 232900 - White,Ρολόι τοίχου κουζίνας - 329Τ - 232900 - White,in stock,new,5.4 EUR,,https://www.tradesor.gr/wp-content/uploads/2023/05/232900.png,OEM,No Color,2.0,"Ρολόι τοίχου κουζίνας, σε μοντέρνο σχεδιασμό με πολύχρωμα ανάγλυφα φρούτα, που θα προσδώσει ιδιαίτερο στυλ στην κουζίνα σας.
Υλικό: πλαστικό
Διάμετρος: 28cm",ΡΟΛΟΓΙΑ>Ρολόγια τοίχου>Επιτοίχια ρολόγια
50426,Ρολόι τοίχου κουζίνας - 229Τ - 222901 - White,Ρολόι τοίχου κουζίνας - 229Τ - 222901 - White,in stock,new,5.4 EUR,,https://www.tradesor.gr/wp-content/uploads/2023/05/222901.png,OEM,No Color,2.0,"Ρολόι τοίχου κουζίνας, σε μοντέρνο σχεδιασμό με πολύχρωμα ανάγλυφα φρούτα, που θα προσδώσει ιδιαίτερο στυλ στην κουζίνα σας.
Υλικό: πλαστικό
Διαστάσεις: 28x28cm",ΡΟΛΟΓΙΑ>Ρολόγια τοίχου>Επιτοίχια ρολόγια
50429,Ρολόι τοίχου - 801 - 280109,Ρολόι τοίχου - 801 - 280109,in stock,new,5.4 EUR,,https://www.tradesor.gr/wp-content/uploads/2023/05/280109.png,OEM,No Color,2.0,"Ρολόι τοίχου, σε minimal κλασσικό σχεδιασμό με εφέ ξύλου, που μπορεί να ταιριάξει σε κάθε χώρο.
Υλικό: πλαστικό
Διαστάσεις: 28x28cm",ΡΟΛΟΓΙΑ>Ρολόγια τοίχου>Επιτοίχια ρολόγια
50432,Ρολόι τοίχου - 802 - 280208,Ρολόι τοίχου - 802 - 280208,in stock,new,5.4 EUR,,https://www.tradesor.gr/wp-content/uploads/2023/05/280208.png,OEM,No Color,2.0,"Ρολόι τοίχου, σε minimal κλασσικό σχεδιασμό με εφέ ξύλου, που μπορεί να ταιριάξει σε κάθε χώρο.
Υλικό: πλαστικό
Διάμετρος: 30cm",ΡΟΛΟΓΙΑ>Ρολόγια τοίχου>Επιτοίχια ρολόγια
50435,Ρολόι τοίχου - 833-2 - 283322,Ρολόι τοίχου - 833-2 - 283322,in stock,new,6.3 EUR,,https://www.tradesor.gr/wp-content/uploads/2023/05/283322-2.png,OEM,No Color,2.0,"Ρολόι τοίχου, σε μοντέρνο σχεδιασμό με σχέδιο, που μπορεί να ταιριάξει σε κάθε χώρο.
Υλικό: πλαστικό
Διάμετρος: 30cm",ΡΟΛΟΓΙΑ>Ρολόγια τοίχου>Επιτοίχια ρολόγια
50438,Ρολόι τοίχου - 831-2 - 283124,Ρολόι τοίχου - 831-2 - 283124,in stock,new,4.5 EUR,,https://www.tradesor.gr/wp-content/uploads/2023/05/283322-2.png,OEM,No Color,2.0,"Ρολόι τοίχου, σε μοντέρνο σχεδιασμό με σχέδιο, που μπορεί να ταιριάξει σε κάθε χώρο.
Υλικό: πλαστικό
Διάμετρος: 25cm",ΡΟΛΟΓΙΑ>Ρολόγια τοίχου>Επιτοίχια ρολόγια
50441,Ρολόι τοίχου - 833-1 - 283315,Ρολόι τοίχου - 833-1 - 283315,in stock,new,6.3 EUR,,https://www.tradesor.gr/wp-content/uploads/2023/05/283315.png,OEM,No Color,2.0,"Ρολόι τοίχου, σε μοντέρνο σχεδιασμό με σχέδιο, που μπορεί να ταιριάξει σε κάθε χώρο.
Υλικό: πλαστικό
Διάμετρος: 30cm",ΡΟΛΟΓΙΑ>Ρολόγια τοίχου>Επιτοίχια ρολόγια
50444,Ρολόι τοίχου - 831-1 - 283117,Ρολόι τοίχου - 831-1 - 283117,in stock,new,4.5 EUR,,https://www.tradesor.gr/wp-content/uploads/2023/05/283315.png,OEM,No Color,2.0,"Ρολόι τοίχου, σε μοντέρνο σχεδιασμό με σχέδιο, που μπορεί να ταιριάξει σε κάθε χώρο.
Υλικό: πλαστικό
Διάμετρος: 25cm",ΡΟΛΟΓΙΑ>Ρολόγια τοίχου>Επιτοίχια ρολόγια
50447,Ρολόι τοίχου - 807-1 - 280710,Ρολόι τοίχου - 807-1 - 280710,in stock,new,5.4 EUR,,https://www.tradesor.gr/wp-content/uploads/2023/05/280710.jpg,OEM,No Color,2.0,"Ρολόι τοίχου, σε μοντέρνο σχεδιασμό με σχέδιο, που μπορεί να ταιριάξει σε κάθε χώρο.
Υλικό: πλαστικό
Διάμετρος: 30cm",ΡΟΛΟΓΙΑ>Ρολόγια τοίχου>Επιτοίχια ρολόγια
50453,Ρολόι τοίχου - 851-2 - 285128 - Blue,Ρολόι τοίχου - 851-2 - 285128 - Blue,in stock,new,4.5 EUR,,https://www.tradesor.gr/wp-content/uploads/2023/05/285128.png,OEM,No Color,2.0,"Ρολόι τοίχου, σε μοντέρνο σχεδιασμό με σχέδιο, που μπορεί να ταιριάξει σε κάθε χώρο.
Υλικό: πλαστικό
Διάμετρος: 30cm",ΡΟΛΟΓΙΑ>Ρολόγια τοίχου>Επιτοίχια ρολόγια
50456,Ρολόι τοίχου - 316-14 - 878794 - Gold,Ρολόι τοίχου - 316-14 - 878794 - Gold,in stock,new,8.1 EUR,,https://www.tradesor.gr/wp-content/uploads/2023/05/9460dd46fab00db4f2eb4fc34e7cea6b.jpg,OEM,No Color,2.0,"Ρολόι τοίχου, σε εντυπωσιακό σχεδιασμό με ανάγλυφα ψηφία, που θα προσδώσει στυλ σε κάθε χώρο.
Υλικό: πλαστικό
Διάμετρος: 30cm",ΡΟΛΟΓΙΑ>Ρολόγια τοίχου>Επιτοίχια ρολόγια
50459,Ρολόι τοίχου - 316-5 - 878787 - Green,Ρολόι τοίχου - 316-5 - 878787 - Green,in stock,new,8.1 EUR,,https://www.tradesor.gr/wp-content/uploads/2023/05/2fb428c9e9c266ddf5409f4b373bff10.jpg,OEM,No Color,2.0,"Ρολόι τοίχου, σε εντυπωσιακό σχεδιασμό με ανάγλυφα ψηφία, που θα προσδώσει στυλ σε κάθε χώρο.
Υλικό: πλαστικό
Διάμετρος: 30cm",ΡΟΛΟΓΙΑ>Ρολόγια τοίχου>Επιτοίχια ρολόγια
50462,Ρολόι τοίχου - 316-15 - 878770 - Black,Ρολόι τοίχου - 316-15 - 878770 - Black,in stock,new,8.1 EUR,,https://www.tradesor.gr/wp-content/uploads/2023/05/fb6a1ffaf1de2dc89417cbb77f6971cb.jpg,OEM,No Color,2.0,"Ρολόι τοίχου, σε εντυπωσιακό σχεδιασμό με ανάγλυφα ψηφία, που θα προσδώσει στυλ σε κάθε χώρο.
Υλικό: πλαστικό
Διάμετρος: 30cm",ΡΟΛΟΓΙΑ>Ρολόγια τοίχου>Επιτοίχια ρολόγια
50465,Ρολόι τοίχου - 316-26 - 878763 - Gold,Ρολόι τοίχου - 316-26 - 878763 - Gold,in stock,new,8.1 EUR,,https://www.tradesor.gr/wp-content/uploads/2023/05/878763.png,OEM,No Color,2.0,"Ρολόι τοίχου, σε εντυπωσιακό σχεδιασμό με ανάγλυφα ψηφία, που θα προσδώσει στυλ σε κάθε χώρο.
Υλικό: πλαστικό
Διάμετρος: 30cm",ΡΟΛΟΓΙΑ>Ρολόγια τοίχου>Επιτοίχια ρολόγια
50468,Ρολόι τοίχου - 316-22 - 878756 - Green,Ρολόι τοίχου - 316-22 - 878756 - Green,in stock,new,8.1 EUR,,https://www.tradesor.gr/wp-content/uploads/2023/05/878756.png,OEM,No Color,2.0,"Ρολόι τοίχου, σε εντυπωσιακό σχεδιασμό με ανάγλυφα ψηφία, που θα προσδώσει στυλ σε κάθε χώρο.
Υλικό: πλαστικό
Διάμετρος: 30cm",ΡΟΛΟΓΙΑ>Ρολόγια τοίχου>Επιτοίχια ρολόγια
50471,Ρολόι τοίχου - 316-19 - 878749,Ρολόι τοίχου - 316-19 - 878749,in stock,new,8.1 EUR,,https://www.tradesor.gr/wp-content/uploads/2023/05/878749.png,OEM,No Color,2.0,"Ρολόι τοίχου, σε εντυπωσιακό σχεδιασμό με ανάγλυφα ψηφία, που θα προσδώσει στυλ σε κάθε χώρο.
Υλικό: πλαστικό
Διάμετρος: 30cm",ΡΟΛΟΓΙΑ>Ρολόγια τοίχου>Επιτοίχια ρολόγια
50474,Ρολόι τοίχου - 316Α2 - 878732 - Black,Ρολόι τοίχου - 316Α2 - 878732 - Black,in stock,new,8.1 EUR,,https://www.tradesor.gr/wp-content/uploads/2023/05/878732.png,OEM,No Color,2.0,"Ρολόι τοίχου, σε εντυπωσιακό σχεδιασμό με ανάγλυφα ψηφία, που θα προσδώσει στυλ σε κάθε χώρο.
Υλικό: πλαστικό
Διάμετρος: 30cm",ΡΟΛΟΓΙΑ>Ρολόγια τοίχου>Επιτοίχια ρολόγια
50477,Ρολόι τοίχου - 316-29 - 878725 - Dark Brown,Ρολόι τοίχου - 316-29 - 878725 - Dark Brown,in stock,new,8.1 EUR,,https://www.tradesor.gr/wp-content/uploads/2023/05/878725.png,OEM,No Color,2.0,"Ρολόι τοίχου, σε εντυπωσιακό σχεδιασμό με ανάγλυφα ψηφία, που θα προσδώσει στυλ σε κάθε χώρο.
Υλικό: πλαστικό
Διάμετρος: 30cm",ΡΟΛΟΓΙΑ>Ρολόγια τοίχου>Επιτοίχια ρολόγια
50480,Ρολόι τοίχου - 316-31 - 878718 - Grey,Ρολόι τοίχου - 316-31 - 878718 - Grey,in stock,new,8.1 EUR,,https://www.tradesor.gr/wp-content/uploads/2023/05/878718.png,OEM,No Color,2.0,"Ρολόι τοίχου, σε εντυπωσιακό σχεδιασμό με ανάγλυφα ψηφία, που θα προσδώσει στυλ σε κάθε χώρο.
Υλικό: πλαστικό
Διάμετρος: 30cm",ΡΟΛΟΓΙΑ>Ρολόγια τοίχου>Επιτοίχια ρολόγια
50483,Ρολόι τοίχου - 315-11 - 878701 - Gold,Ρολόι τοίχου - 315-11 - 878701 - Gold,in stock,new,8.1 EUR,,https://www.tradesor.gr/wp-content/uploads/2023/05/878701.png,OEM,No Color,2.0,"Ρολόι τοίχου, σε εντυπωσιακό σχεδιασμό με ανάγλυφα ψηφία, που θα προσδώσει στυλ σε κάθε χώρο.
Υλικό: πλαστικό
Διάμετρος: 30cm",ΡΟΛΟΓΙΑ>Ρολόγια τοίχου>Επιτοίχια ρολόγια
50486,Ρολόι τοίχου - 316-18 - 878091 - Black,Ρολόι τοίχου - 316-18 - 878091 - Black,in stock,new,8.1 EUR,,https://www.tradesor.gr/wp-content/uploads/2023/05/878091.png,OEM,No Color,2.0,"Ρολόι τοίχου, σε εντυπωσιακό σχεδιασμό με ανάγλυφα ψηφία, που θα προσδώσει στυλ σε κάθε χώρο.
Υλικό: πλαστικό
Διάμετρος: 30cm",ΡΟΛΟΓΙΑ>Ρολόγια τοίχου>Επιτοίχια ρολόγια
50489,Ρολόι τοίχου - 316-30 - 878084 - Blue,Ρολόι τοίχου - 316-30 - 878084 - Blue,in stock,new,8.1 EUR,,https://www.tradesor.gr/wp-content/uploads/2023/05/878084.png,OEM,No Color,2.0,"Ρολόι τοίχου, σε εντυπωσιακό σχεδιασμό με ανάγλυφα ψηφία, που θα προσδώσει στυλ σε κάθε χώρο.
Υλικό: πλαστικό
Διάμετρος: 30cm",ΡΟΛΟΓΙΑ>Ρολόγια τοίχου>Επιτοίχια ρολόγια
50498,Ρολόι τοίχου - 828-30 - 878053 - Red,Ρολόι τοίχου - 828-30 - 878053 - Red,in stock,new,4.5 EUR,,https://www.tradesor.gr/wp-content/uploads/2023/05/878008-Αντιγραφή.png,OEM,No Color,2.0,"Ρολόι τοίχου, σε μοντέρνο σχεδιασμό με σχέδιο, που μπορεί να ταιριάξει σε κάθε χώρο.
Υλικό: πλαστικό
Διάμετρος: 30cm",ΡΟΛΟΓΙΑ>Ρολόγια τοίχου>Επιτοίχια ρολόγια
50501,Ρολόι τοίχου - 830-30 - 878008,Ρολόι τοίχου - 830-30 - 878008,in stock,new,4.5 EUR,,https://www.tradesor.gr/wp-content/uploads/2023/05/878008-Αντιγραφή.png,OEM,No Color,2.0,"Ρολόι τοίχου, σε μοντέρνο σχεδιασμό με σχέδιο, που μπορεί να ταιριάξει σε κάθε χώρο.
Υλικό: πλαστικό
Διάμετρος: 30cm",ΡΟΛΟΓΙΑ>Ρολόγια τοίχου>Επιτοίχια ρολόγια
50504,Ρολόι τοίχου - 830-18 - 878046 - Black,Ρολόι τοίχου - 830-18 - 878046 - Black,in stock,new,4.5 EUR,,https://www.tradesor.gr/wp-content/uploads/2023/05/878046-2.jpg,OEM,No Color,2.0,"Ρολόι τοίχου, σε μοντέρνο σχεδιασμό με σχέδιο, που μπορεί να ταιριάξει σε κάθε χώρο.
Υλικό: πλαστικό
Διάμετρος: 30cm",ΡΟΛΟΓΙΑ>Ρολόγια τοίχου>Επιτοίχια ρολόγια
50507,Ρολόι τοίχου - 835-18 - 878039,Ρολόι τοίχου - 835-18 - 878039,in stock,new,7.2 EUR,,https://www.tradesor.gr/wp-content/uploads/2023/05/878039.jpg,OEM,No Color,2.0,"Ρολόι τοίχου, σε μοντέρνο σχεδιασμό με σχέδιο, που μπορεί να ταιριάξει σε κάθε χώρο.
Υλικό: πλαστικό
Διάμετρος: 30cm",ΡΟΛΟΓΙΑ>Ρολόγια τοίχου>Επιτοίχια ρολόγια
50510,Ρολόι τοίχου - Macaron - 835DG - 878022 - Pink,Ρολόι τοίχου - Macaron - 835DG - 878022 - Pink,in stock,new,7.2 EUR,,https://www.tradesor.gr/wp-content/uploads/2023/05/878022.jpg,OEM,No Color,2.0,"Ρολόι τοίχου, σε μοντέρνο σχεδιασμό με σχέδιο Macarons, που μπορεί να ταιριάξει σε κάθε χώρο.
Υλικό: πλαστικό
Διάμετρος: 30cm",ΡΟΛΟΓΙΑ>Ρολόγια τοίχου>Επιτοίχια ρολόγια
50513,Ρολόι τοίχου - 8570FG-4 - 878015 - White,Ρολόι τοίχου - 8570FG-4 - 878015 - White,in stock,new,4.5 EUR,,https://www.tradesor.gr/wp-content/uploads/2023/05/878015.jpg,OEM,No Color,2.0,"Ρολόι τοίχου, σε μοντέρνο σχεδιασμό με σχέδιο, που μπορεί να ταιριάξει σε κάθε χώρο.
Υλικό: πλαστικό
Διάμετρος: 30cm",ΡΟΛΟΓΙΑ>Ρολόγια τοίχου>Επιτοίχια ρολόγια
50516,Ρολόι τοίχου - 8570FG-3 - 878098 - Brown,Ρολόι τοίχου - 8570FG-3 - 878098 - Brown,in stock,new,4.5 EUR,,https://www.tradesor.gr/wp-content/uploads/2023/05/878098.png,OEM,No Color,2.0,"Ρολόι τοίχου, σε μοντέρνο σχεδιασμό με σχέδιο, που μπορεί να ταιριάξει σε κάθε χώρο.
Υλικό: πλαστικό
Διάμετρος: 30cm",ΡΟΛΟΓΙΑ>Ρολόγια τοίχου>Επιτοίχια ρολόγια
50519,Ρολόι τοίχου - 8570FG-2 - 878081 - Grey,Ρολόι τοίχου - 8570FG-2 - 878081 - Grey,in stock,new,4.5 EUR,,https://www.tradesor.gr/wp-content/uploads/2023/05/878081.png,OEM,No Color,2.0,"Ρολόι τοίχου, σε μοντέρνο σχεδιασμό με σχέδιο, που μπορεί να ταιριάξει σε κάθε χώρο.
Υλικό: πλαστικό
Διάμετρος: 30cm",ΡΟΛΟΓΙΑ>Ρολόγια τοίχου>Επιτοίχια ρολόγια
50522,Ρολόι τοίχου - 8570FG-1 - 878074 - Brown,Ρολόι τοίχου - 8570FG-1 - 878074 - Brown,in stock,new,4.5 EUR,,https://www.tradesor.gr/wp-content/uploads/2023/05/878074.jpg,OEM,No Color,2.0,"Ρολόι τοίχου, σε μοντέρνο σχεδιασμό με σχέδιο, που μπορεί να ταιριάξει σε κάθε χώρο.
Υλικό: πλαστικό
Διάμετρος: 30cm",ΡΟΛΟΓΙΑ>Ρολόγια τοίχου>Επιτοίχια ρολόγια
50525,Ρολόι τοίχου - 8570HLN - 879067,Ρολόι τοίχου - 8570HLN - 879067,in stock,new,4.5 EUR,,https://www.tradesor.gr/wp-content/uploads/2023/05/879067.png,OEM,No Color,2.0,"Ρολόι τοίχου, σε μοντέρνο σχεδιασμό με σχέδιο, που μπορεί να ταιριάξει σε κάθε χώρο.
Υλικό: πλαστικό
Διάμετρος: 30cm",ΡΟΛΟΓΙΑ>Ρολόγια τοίχου>Επιτοίχια ρολόγια
50528,Παιδικό ρολόι τοίχου - Unicorn - 8570DJS - 8790,Παιδικό ρολόι τοίχου - Unicorn - 8570DJS - 879050 - Pink,in stock,new,4.5 EUR,,https://www.tradesor.gr/wp-content/uploads/2023/05/879050.jpg,OEM,No Color,2.0,"Ρολόι τοίχου παιδικό, σε μοντέρνο σχεδιασμό με σχέδιο Μονόκερω, που μπορεί να ταιριάξει σε κάθε παιδικό δωμάτιο.
Υλικό: πλαστικό
Διάμετρος: 30cm",ΡΟΛΟΓΙΑ>Ρολόγια τοίχου>Επιτοίχια ρολόγια
50531,Ρολόι τοίχου - 8570PJ - 879043 - Blue,Ρολόι τοίχου - 8570PJ - 879043 - Blue,in stock,new,4.5 EUR,,https://www.tradesor.gr/wp-content/uploads/2023/05/879043.jpg,OEM,No Color,2.0,"Ρολόι τοίχου, σε μοντέρνο σχεδιασμό με σχέδιο, που μπορεί να ταιριάξει σε κάθε χώρο.
Υλικό: πλαστικό
Διάμετρος: 30cm",ΡΟΛΟΓΙΑ>Ρολόγια τοίχου>Επιτοίχια ρολόγια
50534,Ρολόι τοίχου - 8570Y - 879029 - White,Ρολόι τοίχου - 8570Y - 879029 - White,in stock,new,5.4 EUR,,https://www.tradesor.gr/wp-content/uploads/2023/05/879029.png,OEM,No Color,2.0,"Ρολόι τοίχου, σε μοντέρνο minimal σχεδιασμό με σχέδιο, που μπορεί να ταιριάξει σε κάθε χώρο.
Υλικό: πλαστικό
Διάμετρος: 30cm",ΡΟΛΟΓΙΑ>Ρολόγια τοίχου>Επιτοίχια ρολόγια
50537,Ρολόι τοίχου - 8570W - 879012 - White,Ρολόι τοίχου - 8570W - 879012 - White,in stock,new,4.5 EUR,,https://www.tradesor.gr/wp-content/uploads/2023/05/879012.jpg,OEM,No Color,2.0,"Ρολόι τοίχου, σε μοντέρνο σχεδιασμό με εφέ ξύλου, που μπορεί να ταιριάξει σε κάθε χώρο.
Υλικό: πλαστικό
Διάμετρος: 30cm",ΡΟΛΟΓΙΑ>Ρολόγια τοίχου>Επιτοίχια ρολόγια
50540,Ρολόι τοίχου - 701 - 124306 - Yellow,Ρολόι τοίχου - 701 - 124306 - Yellow,in stock,new,4.5 EUR,,https://www.tradesor.gr/wp-content/uploads/2023/05/124306.png,OEM,No Color,2.0,"Ρολόι τοίχου, σε μοντέρνο σχεδιασμό με ανάγλυφη κορνίζα, που μπορεί να ταιριάξει σε κάθε χώρο.
Υλικό: πλαστικό
Διαστάσεις: 30x30cm",ΡΟΛΟΓΙΑ>Ρολόγια τοίχου>Επιτοίχια ρολόγια
50543,Ρολόι τοίχου - 702 - 124290 - Black,Ρολόι τοίχου - 702 - 124290 - Black,in stock,new,4.5 EUR,,https://www.tradesor.gr/wp-content/uploads/2023/05/124290.png,OEM,No Color,2.0,"Ρολόι τοίχου, σε μοντέρνο σχεδιασμό με ανάγλυφη κορνίζα, που μπορεί να ταιριάξει σε κάθε χώρο.
Υλικό: πλαστικό
Διάμετρος: 30cm",ΡΟΛΟΓΙΑ>Ρολόγια τοίχου>Επιτοίχια ρολόγια
50546,Ρολόι τοίχου - 630 - 124276 - Rose Gold,Ρολόι τοίχου - 630 - 124276 - Rose Gold,in stock,new,5.4 EUR,,https://www.tradesor.gr/wp-content/uploads/2023/05/124276.png,OEM,No Color,2.0,"Ρολόι τοίχου, σε μοντέρνο minimal σχεδιασμό με σχέδιο, που μπορεί να ταιριάξει σε κάθε χώρο.
Υλικό: πλαστικό
Διάμετρος: 30cm",ΡΟΛΟΓΙΑ>Ρολόγια τοίχου>Επιτοίχια ρολόγια
50549,Ρολόι τοίχου - 669Y - 124269 - Silver,Ρολόι τοίχου - 669Y - 124269 - Silver,in stock,new,4.5 EUR,,https://www.tradesor.gr/wp-content/uploads/2023/05/124269.png,OEM,No Color,2.0,"Ρολόι τοίχου, σε μοντέρνο σχεδιασμό με ανάγλυφη γυαλιστερή κορνίζα, που μπορεί να ταιριάξει σε κάθε χώρο.
Υλικό: πλαστικό
Διαστάσεις: 30x30cm",ΡΟΛΟΓΙΑ>Ρολόγια τοίχου>Επιτοίχια ρολόγια
50552,Ρολόι τοίχου - 668Υ - 124252 - Pink,Ρολόι τοίχου - 668Υ - 124252 - Pink,in stock,new,4.5 EUR,,https://www.tradesor.gr/wp-content/uploads/2023/05/124252.jpg,OEM,No Color,2.0,"Ρολόι τοίχου, σε μοντέρνο σχεδιασμό με ανάγλυφη γυαλιστερή κορνίζα, που μπορεί να ταιριάξει σε κάθε χώρο.
Υλικό: πλαστικό
Διάμετρος: 30cm",ΡΟΛΟΓΙΑ>Ρολόγια τοίχου>Επιτοίχια ρολόγια
50555,Ρολόι τοίχου - 706TY - 124245 - White,Ρολόι τοίχου - 706TY - 124245 - White,in stock,new,6.3 EUR,,https://www.tradesor.gr/wp-content/uploads/2023/05/124245.png,OEM,No Color,2.0,"Ρολόι τοίχου, σε μοντέρνο σχεδιασμό με ανάγλυφη κορνίζα, που μπορεί να ταιριάξει σε κάθε χώρο.
Υλικό: πλαστικό
Διαστάσεις: 30x30cm",ΡΟΛΟΓΙΑ>Ρολόγια τοίχου>Επιτοίχια ρολόγια
50561,Ρολόι τοίχου - 692 - 124221 - Silver,Ρολόι τοίχου - 692 - 124221 - Silver,in stock,new,5.4 EUR,,https://www.tradesor.gr/wp-content/uploads/2023/05/124221.png,OEM,No Color,2.0,"Ρολόι τοίχου, σε μοντέρνο σχεδιασμό με ανάγλυφη γυαλιστερή κορνίζα, που μπορεί να ταιριάξει σε κάθε χώρο.
Υλικό: πλαστικό
Διάμετρος: 30cm",ΡΟΛΟΓΙΑ>Ρολόγια τοίχου>Επιτοίχια ρολόγια
50564,Ρολόι τοίχου - 679 - 124214 - Gold,Ρολόι τοίχου - 679 - 124214 - Gold,in stock,new,5.4 EUR,,https://www.tradesor.gr/wp-content/uploads/2023/05/124214.png,OEM,No Color,2.0,"Ρολόι τοίχου, σε μοντέρνο σχεδιασμό με ανάγλυφη γυαλιστερή κορνίζα, που μπορεί να ταιριάξει σε κάθε χώρο.
Υλικό: πλαστικό
Διάμετρος: 30cm",ΡΟΛΟΓΙΑ>Ρολόγια τοίχου>Επιτοίχια ρολόγια
50567,Ρολόι τοίχου - 617Β - 124283 - Orange,Ρολόι τοίχου - 617Β - 124283 - Orange,in stock,new,4.5 EUR,,https://www.tradesor.gr/wp-content/uploads/2023/05/124283.png,OEM,No Color,2.0,"Ρολόι τοίχου, σε μοντέρνο minimal σχεδιασμό με σχέδιο, που μπορεί να ταιριάξει σε κάθε χώρο.
Υλικό: πλαστικό
Διάμετρος: 30cm",ΡΟΛΟΓΙΑ>Ρολόγια τοίχου>Επιτοίχια ρολόγια
50570,Ρολόι τοίχου - 615Β - 124207 - Blue,Ρολόι τοίχου - 615Β - 124207 - Blue,in stock,new,6.3 EUR,,https://www.tradesor.gr/wp-content/uploads/2023/05/124207.png,OEM,No Color,2.0,"Ρολόι τοίχου, σε μοντέρνο minimal σχεδιασμό με σχέδιο, που μπορεί να ταιριάξει σε κάθε χώρο.
Υλικό: πλαστικό
Διάμετρος: 30cm",ΡΟΛΟΓΙΑ>Ρολόγια τοίχου>Επιτοίχια ρολόγια
50573,Ρολόι τοίχου - 615C - 124191 - Black,Ρολόι τοίχου - 615C - 124191 - Black,in stock,new,6.3 EUR,,https://www.tradesor.gr/wp-content/uploads/2023/05/124191.png,OEM,No Color,2.0,"Ρολόι τοίχου, σε μοντέρνο σχεδιασμό με γυαλιστερά πολύχρωμα ψηφία, που μπορεί να ταιριάξει σε κάθε χώρο.
Υλικό: πλαστικό
Διάμετρος: 30cm",ΡΟΛΟΓΙΑ>Ρολόγια τοίχου>Επιτοίχια ρολόγια
50576,Ρολόι τοίχου - 703M - 124184,Ρολόι τοίχου - 703M - 124184,in stock,new,4.5 EUR,,https://www.tradesor.gr/wp-content/uploads/2023/05/124184.png,OEM,No Color,2.0,"Ρολόι τοίχου, σε κλασσικό σχεδιασμό με εφέ ξύλου, που μπορεί να προσδώσει στυλ σε κάθε χώρο.
Υλικό: πλαστικό
Διάμετρος: 30cm",ΡΟΛΟΓΙΑ>Ρολόγια τοίχου>Επιτοίχια ρολόγια
50579,Ρολόι τοίχου - 704Μ - 124177,Ρολόι τοίχου - 704Μ - 124177,in stock,new,4.5 EUR,,https://www.tradesor.gr/wp-content/uploads/2023/05/124177.png,OEM,No Color,2.0,"Ρολόι τοίχου, σε κλασσικό σχεδιασμό με εφέ ξύλου, που μπορεί να προσδώσει στυλ σε κάθε χώρο.
Υλικό: πλαστικό
Διάμετρος: 30cm",ΡΟΛΟΓΙΑ>Ρολόγια τοίχου>Επιτοίχια ρολόγια
50582,Ρολόι τοίχου - 701M - 124160,Ρολόι τοίχου - 701M - 124160,in stock,new,4.5 EUR,,https://www.tradesor.gr/wp-content/uploads/2023/05/124160.png,OEM,No Color,2.0,"Ρολόι τοίχου, σε κλασσικό σχεδιασμό με εφέ ξύλου, που μπορεί να προσδώσει στυλ σε κάθε χώρο.
Υλικό: πλαστικό
Διαστάσεις: 30x30cm",ΡΟΛΟΓΙΑ>Ρολόγια τοίχου>Επιτοίχια ρολόγια
50585,Ρολόι τοίχου - 702Μ - 124153,Ρολόι τοίχου - 702Μ - 124153,in stock,new,4.5 EUR,,https://www.tradesor.gr/wp-content/uploads/2023/05/124153.png,OEM,No Color,2.0,"Ρολόι τοίχου, σε κλασσικό σχεδιασμό με εφέ ξύλου, που μπορεί να προσδώσει στυλ σε κάθε χώρο.
Υλικό: πλαστικό
Διάμετρος: 30cm",ΡΟΛΟΓΙΑ>Ρολόγια τοίχου>Επιτοίχια ρολόγια
50588,Ρολόι τοίχου - 706MZK - 124146,Ρολόι τοίχου - 706MZK - 124146,in stock,new,6.3 EUR,,https://www.tradesor.gr/wp-content/uploads/2023/05/124146.jpg,OEM,No Color,2.0,"Ρολόι τοίχου, σε κλασσικό εντυπωσιακό σχεδιασμό με λαμπερές πέτρες και γυαλιστερά ψηφία, που μπορεί να προσδώσει στυλ σε κάθε χώρο.
Υλικό: πλαστικό
Διαστάσεις: 30x30cm",ΡΟΛΟΓΙΑ>Ρολόγια τοίχου>Επιτοίχια ρολόγια
50591,Ρολόι τοίχου - 705MZK - 124139,Ρολόι τοίχου - 705MZK - 124139,in stock,new,6.3 EUR,,https://www.tradesor.gr/wp-content/uploads/2023/05/124139.png,OEM,No Color,2.0,"Ρολόι τοίχου, σε κλασσικό εντυπωσιακό σχεδιασμό με λαμπερές πέτρες και γυαλιστερά ψηφία, που μπορεί να προσδώσει στυλ σε κάθε χώρο.
Υλικό: πλαστικό
Διάμετρος: 30cm",ΡΟΛΟΓΙΑ>Ρολόγια τοίχου>Επιτοίχια ρολόγια
50594,Ρολόι τοίχου - 708ZK - 124122 - Silver,Ρολόι τοίχου - 708ZK - 124122 - Silver,in stock,new,7.2 EUR,,https://www.tradesor.gr/wp-content/uploads/2023/05/124122.png,OEM,No Color,2.0,"Ρολόι τοίχου, σε κλασσικό εντυπωσιακό σχεδιασμό με λαμπερές πέτρες και γυαλιστερά ψηφία, που μπορεί να προσδώσει στυλ σε κάθε χώρο.
Υλικό: πλαστικό
Διάμετρος: 30cm",ΡΟΛΟΓΙΑ>Ρολόγια τοίχου>Επιτοίχια ρολόγια
50597,Ρολόι τοίχου - 706ZK - 124115 - White,Ρολόι τοίχου - 706ZK - 124115 - White,in stock,new,6.3 EUR,,https://www.tradesor.gr/wp-content/uploads/2023/05/124115.jpg,OEM,No Color,2.0,"Ρολόι τοίχου, σε κλασσικό εντυπωσιακό σχεδιασμό με λαμπερές πέτρες και γυαλιστερά ψηφία, που μπορεί να προσδώσει στυλ σε κάθε χώρο.
Υλικό: πλαστικό
Διαστάσεις: 30x30cm",ΡΟΛΟΓΙΑ>Ρολόγια τοίχου>Επιτοίχια ρολόγια
50600,Ρολόι τοίχου - 710DC - 124108 - Blue,Ρολόι τοίχου - 710DC - 124108 - Blue,in stock,new,6.3 EUR,,https://www.tradesor.gr/wp-content/uploads/2023/05/124108.png,OEM,No Color,2.0,"Ρολόι τοίχου, σε εντυπωσιακό σχεδιασμό με πολύχρωμα γυαλιστερά ψηφία, που μπορεί να προσδώσει στυλ σε κάθε χώρο.
Υλικό: πλαστικό
Διάμετρος: 30cm",ΡΟΛΟΓΙΑ>Ρολόγια τοίχου>Επιτοίχια ρολόγια
50603,Ρολόι τοίχου - 709HD - 124092 - Gold,Ρολόι τοίχου - 709HD - 124092 - Gold,in stock,new,6.3 EUR,,https://www.tradesor.gr/wp-content/uploads/2023/05/124092.png,OEM,No Color,2.0,"Ρολόι τοίχου, σε εντυπωσιακό σχεδιασμό με γυαλιστερά ψηφία, που μπορεί να προσδώσει στυλ σε κάθε χώρο.
Υλικό: πλαστικό
Διάμετρος: 30cm",ΡΟΛΟΓΙΑ>Ρολόγια τοίχου>Επιτοίχια ρολόγια
50606,Ρολόι τοίχου - 709D - 124085 - Silver,Ρολόι τοίχου - 709D - 124085 - Silver,in stock,new,6.3 EUR,,https://www.tradesor.gr/wp-content/uploads/2023/05/124085.jpg,OEM,No Color,2.0,"Ρολόι τοίχου, σε εντυπωσιακό σχεδιασμό με γυαλιστερά ψηφία, που μπορεί να προσδώσει στυλ σε κάθε χώρο.
Υλικό: πλαστικό
Διάμετρος: 30cm",ΡΟΛΟΓΙΑ>Ρολόγια τοίχου>Επιτοίχια ρολόγια
50609,Ρολόι τοίχου - 710HD - 124078 - Rose Gold,Ρολόι τοίχου - 710HD - 124078 - Rose Gold,in stock,new,6.3 EUR,,https://www.tradesor.gr/wp-content/uploads/2023/05/124078.png,OEM,No Color,2.0,"Ρολόι τοίχου, σε εντυπωσιακό σχεδιασμό με γυαλιστερά ψηφία, που μπορεί να προσδώσει στυλ σε κάθε χώρο.
Υλικό: πλαστικό
Διάμετρος: 30cm",ΡΟΛΟΓΙΑ>Ρολόγια τοίχου>Επιτοίχια ρολόγια
50612,Ρολόι τοίχου - 710D - 124061 - Silver,Ρολόι τοίχου - 710D - 124061 - Silver,in stock,new,5.4 EUR,,https://www.tradesor.gr/wp-content/uploads/2023/05/124061.jpg,OEM,No Color,2.0,"Ρολόι τοίχου, σε εντυπωσιακό σχεδιασμό με γυαλιστερά ψηφία, που μπορεί να προσδώσει στυλ σε κάθε χώρο.
Υλικό: πλαστικό
Διάμετρος: 30cm",ΡΟΛΟΓΙΑ>Ρολόγια τοίχου>Επιτοίχια ρολόγια
50615,Ρολόι τοίχου - 709Β  - 124054 - Orange,Ρολόι τοίχου - 709Β  - 124054 - Orange,in stock,new,5.4 EUR,,https://www.tradesor.gr/wp-content/uploads/2023/05/124054.png,OEM,No Color,2.0,"Ρολόι τοίχου, σε μοντέρνο minimal σχεδιασμό με σχέδιο, που μπορεί να ταιριάξει σε κάθε χώρο.
Υλικό: πλαστικό
Διάμετρος: 30cm",ΡΟΛΟΓΙΑ>Ρολόγια τοίχου>Επιτοίχια ρολόγια
50618,Ρολόι τοίχου - 708BS - 124047 - Brown,Ρολόι τοίχου - 708BS - 124047 - Brown,in stock,new,5.4 EUR,,https://www.tradesor.gr/wp-content/uploads/2023/05/124047.jpg,OEM,No Color,2.0,"Ρολόι τοίχου, σε μοντέρνο minimal σχεδιασμό με σχέδιο, που μπορεί να ταιριάξει σε κάθε χώρο.
Υλικό: πλαστικό
Διάμετρος: 30cm",ΡΟΛΟΓΙΑ>Ρολόγια τοίχου>Επιτοίχια ρολόγια
50621,Ρολόι τοίχου - 708HS - 124030 - Gold,Ρολόι τοίχου - 708HS - 124030 - Gold,in stock,new,5.4 EUR,,https://www.tradesor.gr/wp-content/uploads/2023/05/124030.png,OEM,No Color,2.0,"Ρολόι τοίχου, σε μοντέρνο minimal σχεδιασμό με σχέδιο, που μπορεί να ταιριάξει σε κάθε χώρο.
Υλικό: πλαστικό
Διάμετρος: 30cm",ΡΟΛΟΓΙΑ>Ρολόγια τοίχου>Επιτοίχια ρολόγια
50624,Ρολόι τοίχου - 708LK - 124023 - White,Ρολόι τοίχου - 708LK - 124023 - White,in stock,new,6.3 EUR,,https://www.tradesor.gr/wp-content/uploads/2023/05/124023.png,OEM,No Color,2.0,"Ρολόι τοίχου, σε μοντέρνο σχεδιασμό με σχέδιο, που μπορεί να ταιριάξει σε κάθε χώρο.
Υλικό: πλαστικό
Διάμετρος: 30cm",ΡΟΛΟΓΙΑ>Ρολόγια τοίχου>Επιτοίχια ρολόγια
50627,Παιδικό ρολόι τοίχου - 708 - 124016 - Green,Παιδικό ρολόι τοίχου - 708 - 124016 - Green,in stock,new,2.7 EUR,,https://www.tradesor.gr/wp-content/uploads/2023/05/124016.png,OEM,No Color,2.0,"Ρολόι τοίχου παιδικό, σε πολύχρωμο σχεδιασμό με δείκτες μολύβια, που μπορεί να ταιριάξει σε κάθε παιδικό δωμάτιο.
Υλικό: πλαστικό
Διάμετρος: 30cm",ΡΟΛΟΓΙΑ>Ρολόγια τοίχου>Επιτοίχια ρολόγια
108887,Ρολόι τοίχου - 9138 - 103533,Ρολόι τοίχου - 9138 - 103533,in stock,new,9.9 EUR,,,OEM,No Color,1.0,,ΡΟΛΟΓΙΑ>Ρολόγια τοίχου>Επιτοίχια ρολόγια
108888,Ρολόι τοίχου - NDR16B - 417072,Ρολόι τοίχου - NDR16B - 417072,in stock,new,81 EUR,,https://www.tradesor.gr/wp-content/uploads/2023/06/32d38201708f94715f6d277a31084fa0.jpg,OEM,No Color,1.0,,ΡΟΛΟΓΙΑ>Ρολόγια τοίχου>Επιτοίχια ρολόγια
