id,title,description,availability,condition,price,link,image_link,brand,color,shipping_weight,rich_text_description,fb_product_category
35192,Γιλέκο έκτακτης ανάγκης - XL - 120g - 026573,Γιλέκο έκτακτης ανάγκης - XL - 120g - 026573,in stock,new,2.16 EUR,,https://www.tradesor.gr/wp-content/uploads/2023/04/8875.jpg,OEM,No Color,0.4,<p>Γιλέκο έκτακτης ανάγκης - Απαραίτητο εργαλείο για το αυτοκίνητο σε περίπτωση ατυχήματος αλλά και για κάθε εξωτερική εργασία. Κατασκευασμένο από λεπτό πολυεστερικό υλικό με ανακλαστικά.</p>,ΕΡΓΑΛΕΙΑ  ΕΠΑΓΓΕΛΜΑΤΙΚΟΣ ΕΞΟΠΛΙΣΜΟΣ>Εργαλεία>Ένδυση εργασίας
35226,Παπούτσια ασφαλείας εργασίας - No.44 - ,Παπούτσια ασφαλείας εργασίας - No.44 - Finder - 104680,in stock,new,18 EUR,,https://www.tradesor.gr/wp-content/uploads/2023/04/labshoes.jpg,OEM,No Color,3.5,"<p>Παπούτσια εργασίας, με προστατευτική εσωτερική επίστρωση από χάλυβα στο μπροστινό μέρος.</p><ul><li>Παχιά σόλα από έξτρα ανθεκτικό καουτσούκ.</li><li>Το εξωτερικό υλικό είναι ενισχυμένη δερματίνη.</li><li>Διαθέτουν, επιπλέον, προστασία αστραγάλου.</li><li>Καθαρίζονται πολύ εύκολα και μπορούν να πλυθούν.</li></ul>",ΕΡΓΑΛΕΙΑ  ΕΠΑΓΓΕΛΜΑΤΙΚΟΣ ΕΞΟΠΛΙΣΜΟΣ>Εργαλεία>Ένδυση εργασίας
35294,Αδιάβροχες γαλότσες εργασίας - Black - ,Αδιάβροχες γαλότσες εργασίας - Black - No.43 - 20315,in stock,new,8.1 EUR,,https://www.tradesor.gr/wp-content/uploads/2023/04/20315.jpg,OEM,No Color,7.0,"<p>Αδιάβροχες γαλότσες εργασίας - Νο43, από εξαιρετικά ανθεκτικό υλικό και αντιολισθητική σόλα με ειδικές εγκοπές, κατάλληλες για κάθε είδους εργασία.</p>",ΕΡΓΑΛΕΙΑ  ΕΠΑΓΓΕΛΜΑΤΙΚΟΣ ΕΞΟΠΛΙΣΜΟΣ>Εργαλεία>Ένδυση εργασίας
35302,Αδιάβροχες γαλότσες εργασίας - Black - ,Αδιάβροχες γαλότσες εργασίας - Black - No.42 - 20204,in stock,new,8.1 EUR,,https://www.tradesor.gr/wp-content/uploads/2023/04/20315.jpg,OEM,No Color,7.0,"<p>Αδιάβροχες γαλότσες εργασίας - Νο42, από εξαιρετικά ανθεκτικό υλικό και αντιολισθητική σόλα με ειδικές εγκοπές, κατάλληλες για κάθε είδους εργασία.</p>",ΕΡΓΑΛΕΙΑ  ΕΠΑΓΓΕΛΜΑΤΙΚΟΣ ΕΞΟΠΛΙΣΜΟΣ>Εργαλεία>Ένδυση εργασίας
35304,Αδιάβροχες γαλότσες εργασίας - Black - ,Αδιάβροχες γαλότσες εργασίας - Black - No.41 - 202035,in stock,new,8.1 EUR,,https://www.tradesor.gr/wp-content/uploads/2023/04/20315.jpg,OEM,No Color,7.0,"<p>Αδιάβροχες γαλότσες εργασίας - Νο41, από εξαιρετικά ανθεκτικό υλικό και αντιολισθητική σόλα με ειδικές εγκοπές, κατάλληλες για κάθε είδους εργασία.</p>",ΕΡΓΑΛΕΙΑ  ΕΠΑΓΓΕΛΜΑΤΙΚΟΣ ΕΞΟΠΛΙΣΜΟΣ>Εργαλεία>Ένδυση εργασίας
36239,Παπούτσια ασφαλείας εργασίας - Νο.46 ,Παπούτσια ασφαλείας εργασίας - Νο.46 - Finder - 194682,in stock,new,18 EUR,,https://www.tradesor.gr/wp-content/uploads/2023/04/194680_1511.jpg,OEM,No Color,3.5,"<p>Παπούτσια εργασίας, με προστατευτική εσωτερική επίστρωση από χάλυβα στο μπροστινό μέρος.</p><ul><li>Παχιά σόλα από έξτρα ανθεκτικό καουτσούκ.</li><li>Το εξωτερικό υλικό είναι ενισχυμένη δερματίνη.</li><li>Διαθέτουν, επιπλέον, προστασία αστραγάλου.</li><li>Καθαρίζονται πολύ εύκολα και μπορούν να πλυθούν.</li></ul>",ΕΡΓΑΛΕΙΑ  ΕΠΑΓΓΕΛΜΑΤΙΚΟΣ ΕΞΟΠΛΙΣΜΟΣ>Εργαλεία>Ένδυση εργασίας
36240,Παπούτσια ασφαλείας εργασίας - No.41 - ,Παπούτσια ασφαλείας εργασίας - No.41 - Finder - 194678,in stock,new,18 EUR,,https://www.tradesor.gr/wp-content/uploads/2023/04/194680_1511.jpg,OEM,No Color,3.5,"<p>Παπούτσια εργασίας, με προστατευτική εσωτερική επίστρωση από χάλυβα στο μπροστινό μέρος.</p><ul><li>Παχιά σόλα από έξτρα ανθεκτικό καουτσούκ.</li><li>Το εξωτερικό υλικό είναι ενισχυμένη δερματίνη.</li><li>Διαθέτουν, επιπλέον, προστασία αστραγάλου.</li><li>Καθαρίζονται πολύ εύκολα και μπορούν να πλυθούν.</li></ul>",ΕΡΓΑΛΕΙΑ  ΕΠΑΓΓΕΛΜΑΤΙΚΟΣ ΕΞΟΠΛΙΣΜΟΣ>Εργαλεία>Ένδυση εργασίας
36842,Επαγγελματικά γάντια εργασίας - L - Fi,Επαγγελματικά γάντια εργασίας - L - Finder - 194627,in stock,new,2.34 EUR,,https://www.tradesor.gr/wp-content/uploads/2023/04/1308_194627.jpg,OEM,No Color,0.1,<p>Επαγγελματικά γάντια εργασίας Finder - Νο: Large</p>,ΕΡΓΑΛΕΙΑ  ΕΠΑΓΓΕΛΜΑΤΙΚΟΣ ΕΞΟΠΛΙΣΜΟΣ>Εργαλεία>Ένδυση εργασίας
37129,Γάντια εργασίας - 120g - Finder - 194602,Γάντια εργασίας - 120g - Finder - 194602,in stock,new,2.16 EUR,,https://www.tradesor.gr/wp-content/uploads/2023/04/194602_1511.jpg,OEM,No Color,0.2,"<p>Ζευγάρι γάντια εργασίας Finder, One Sized, ενισχυμένα, με ειδική αντιολισθητική εξωτερική επίστρωση, απόλυτα ανθεκτικά στη σκληρή χρήση.</p><p>Βάρος 120γρ</p>",ΕΡΓΑΛΕΙΑ  ΕΠΑΓΓΕΛΜΑΤΙΚΟΣ ΕΞΟΠΛΙΣΜΟΣ>Εργαλεία>Ένδυση εργασίας
37138,Γάντια εργασίας - 100G - Finder - 194601,Γάντια εργασίας - 100G - Finder - 194601,in stock,new,1.8 EUR,,https://www.tradesor.gr/wp-content/uploads/2023/04/16344723718636849.jpg,OEM,No Color,0.2,"<p>Ζευγάρι γάντια εργασίας Finder, One Sized, με ειδική αντιολισθητική εξωτερική επίστρωση, απόλυτα ανθεκτικά στη σκληρή χρήση.</p><p>Βάρος 100γρ</p>",ΕΡΓΑΛΕΙΑ  ΕΠΑΓΓΕΛΜΑΤΙΚΟΣ ΕΞΟΠΛΙΣΜΟΣ>Εργαλεία>Ένδυση εργασίας
37296,Αδιάβροχη φόρμα - XXL - Army Green - 001860,Αδιάβροχη φόρμα - XXL - Army Green - 001860,in stock,new,10.8 EUR,,https://www.tradesor.gr/wp-content/uploads/2023/04/001860_new.jpg,OEM,No Color,1,"<p>Αδιάβροχη φόρμα, μεγέθους XXL σε χρώμα παραλλαγής.<br />Κατασκευασμένη από υψηλής ποιότητας, ανθεκτικό, αδιάβροχο υλικό, με άνετη εφαρμογή.</p>",ΕΡΓΑΛΕΙΑ  ΕΠΑΓΓΕΛΜΑΤΙΚΟΣ ΕΞΟΠΛΙΣΜΟΣ>Εργαλεία>Ένδυση εργασίας
37993,Αδιάβροχες γαλότσες εργασίας - Νο.46 ,Αδιάβροχες γαλότσες εργασίας - Νο.46 - 30578,in stock,new,8.1 EUR,,https://www.tradesor.gr/wp-content/uploads/2023/04/2005_30578-1.jpg,OEM,No Color,7.0,"<p>Αδιάβροχες γαλότσες εργασίας - Νο46, από εξαιρετικά ανθεκτικό υλικό και αντιολισθητική σόλα με ειδικές εγκοπές, κατάλληλες για κάθε είδους εργασία.</p>",ΕΡΓΑΛΕΙΑ  ΕΠΑΓΓΕΛΜΑΤΙΚΟΣ ΕΞΟΠΛΙΣΜΟΣ>Εργαλεία>Ένδυση εργασίας
37994,Αδιάβροχες γαλότσες εργασίας - Νο.45 ,Αδιάβροχες γαλότσες εργασίας - Νο.45 - 30696,in stock,new,8.1 EUR,,https://www.tradesor.gr/wp-content/uploads/2023/04/2005_30578-1.jpg,OEM,No Color,7.0,"<p>Αδιάβροχες γαλότσες εργασίας - Νο45, από εξαιρετικά ανθεκτικό υλικό και αντιολισθητική σόλα με ειδικές εγκοπές, κατάλληλες για κάθε είδους εργασία.</p>",ΕΡΓΑΛΕΙΑ  ΕΠΑΓΓΕΛΜΑΤΙΚΟΣ ΕΞΟΠΛΙΣΜΟΣ>Εργαλεία>Ένδυση εργασίας
37995,Αδιάβροχες γαλότσες εργασίας - Νο.43 ,Αδιάβροχες γαλότσες εργασίας - Νο.43 - 30694,in stock,new,8.1 EUR,,https://www.tradesor.gr/wp-content/uploads/2023/04/2005_30578-1.jpg,OEM,No Color,7.0,"<p>Αδιάβροχες γαλότσες εργασίας - Νο43, από εξαιρετικά ανθεκτικό υλικό και αντιολισθητική σόλα με ειδικές εγκοπές, κατάλληλες για κάθε είδους εργασία.</p>",ΕΡΓΑΛΕΙΑ  ΕΠΑΓΓΕΛΜΑΤΙΚΟΣ ΕΞΟΠΛΙΣΜΟΣ>Εργαλεία>Ένδυση εργασίας
37996,Αδιάβροχες γαλότσες εργασίας - Νο.42 ,Αδιάβροχες γαλότσες εργασίας - Νο.42 - 30693,in stock,new,8.1 EUR,,https://www.tradesor.gr/wp-content/uploads/2023/04/2005_30578-1.jpg,OEM,No Color,7.0,"<p>Αδιάβροχες γαλότσες εργασίας - Νο42, από εξαιρετικά ανθεκτικό υλικό και αντιολισθητική σόλα με ειδικές εγκοπές, κατάλληλες για κάθε είδους εργασία. </p>",ΕΡΓΑΛΕΙΑ  ΕΠΑΓΓΕΛΜΑΤΙΚΟΣ ΕΞΟΠΛΙΣΜΟΣ>Εργαλεία>Ένδυση εργασίας
37999,Αδιάβροχη φόρμα εργασίας με γαλότσ�,Αδιάβροχη φόρμα εργασίας με γαλότσα - No.41 - Small - 30691,in stock,new,27 EUR,,https://www.tradesor.gr/wp-content/uploads/2023/04/2005_30580-1.jpg,OEM,No Color,9.0,"<p>Φόρμα εργασίας ολόσωμη με ενσωματωμένη γαλότσα, πλήρως αδιάβροχη, από εξαιρετικά ανθεκτικό υλικό υψηλής ποιότητας που πλένεται εύκολα και δεν ερεθίζει το δέρμα, κατάλληλη για κάθε είδους εξωτερική εργασία. <br />Μέγεθος 41-S.</p>",ΕΡΓΑΛΕΙΑ  ΕΠΑΓΓΕΛΜΑΤΙΚΟΣ ΕΞΟΠΛΙΣΜΟΣ>Εργαλεία>Ένδυση εργασίας
38539,Αδιάβροχες γαλότσες εργασίας - Νο.44 ,Αδιάβροχες γαλότσες εργασίας - Νο.44 - 30695,in stock,new,8.1 EUR,,https://www.tradesor.gr/wp-content/uploads/2023/04/2005_30578-1.jpg,OEM,No Color,7.0,"<p>Αδιάβροχες γαλότσες εργασίας - Νο44, από εξαιρετικά ανθεκτικό υλικό και αντιολισθητική σόλα με ειδικές εγκοπές, κατάλληλες για κάθε είδους εργασία.</p>",ΕΡΓΑΛΕΙΑ  ΕΠΑΓΓΕΛΜΑΤΙΚΟΣ ΕΞΟΠΛΙΣΜΟΣ>Εργαλεία>Ένδυση εργασίας
39568,Παπούτσια ασφαλείας εργασίας – No.43 ,Παπούτσια ασφαλείας εργασίας – No.43 – Finder – 194679,in stock,new,18 EUR,,https://www.tradesor.gr/wp-content/uploads/2023/04/2904_194679.jpg,OEM,No Color,3.5,"<p>Παπούτσια εργασίας, με προστατευτική εσωτερική επίστρωση από χάλυβα στο μπροστινό μέρος.</p><p>Παχιά σόλα από έξτρα ανθεκτικό καουτσούκ.<br />Το εξωτερικό υλικό είναι ενισχυμένη δερματίνη.<br />Διαθέτουν, επιπλέον, προστασία αστραγάλου.<br />Καθαρίζονται πολύ εύκολα και μπορούν να πλυθούν.</p>",ΕΡΓΑΛΕΙΑ  ΕΠΑΓΓΕΛΜΑΤΙΚΟΣ ΕΞΟΠΛΙΣΜΟΣ>Εργαλεία>Ένδυση εργασίας
39793,Αδιάβροχη φόρμα - XXXL - Army Green - 001860,Αδιάβροχη φόρμα - XXXL - Army Green - 001860,in stock,new,10.8 EUR,,https://www.tradesor.gr/wp-content/uploads/2023/04/001860_new.jpg,OEM,No Color,1,"<p>Αδιάβροχη φόρμα, μεγέθους XXXL σε χρώμα παραλλαγής.<br />Κατασκευασμένη από υψηλής ποιότητας, ανθεκτικό, αδιάβροχο υλικό, με άνετη εφαρμογή.</p>",ΕΡΓΑΛΕΙΑ  ΕΠΑΓΓΕΛΜΑΤΙΚΟΣ ΕΞΟΠΛΙΣΜΟΣ>Εργαλεία>Ένδυση εργασίας
39801,Παπούτσια ασφαλείας εργασίας – No.42 ,Παπούτσια ασφαλείας εργασίας – No.42 – Finder - 194604,in stock,new,18 EUR,,https://www.tradesor.gr/wp-content/uploads/2023/04/194690.jpg,OEM,No Color,4.0,"<p>Επαγγελματικά παπούτσια ασφαλείας της Finder, με προστατευτική εσωτερική επίστρωση από χάλυβα στο μπροστινό μέρος.</p><p>Παχιά αντιολισθητική σόλα από έξτρα ανθεκτικό καουτσούκ.<br />Το εξωτερικό υλικό είναι ενισχυμένη δερματίνη.<br />Με προστασία αστραγάλου.<br />Καθαρίζονται πολύ εύκολα και μπορούν να πλυθούν.</p><p>Διαστάσεις συσκευασίας: 31 x 21 cm</p>",ΕΡΓΑΛΕΙΑ  ΕΠΑΓΓΕΛΜΑΤΙΚΟΣ ΕΞΟΠΛΙΣΜΟΣ>Εργαλεία>Ένδυση εργασίας
39802,Παπούτσια ασφαλείας εργασίας – No.39 ,Παπούτσια ασφαλείας εργασίας – No.39 – Finder - 194684,in stock,new,18 EUR,,https://www.tradesor.gr/wp-content/uploads/2023/04/194690.jpg,OEM,No Color,4.0,"<p>Επαγγελματικά παπούτσια ασφαλείας της Finder, με προστατευτική εσωτερική επίστρωση από χάλυβα στο μπροστινό μέρος.</p><p>Παχιά αντιολισθητική σόλα από έξτρα ανθεκτικό καουτσούκ.<br />Το εξωτερικό υλικό είναι ενισχυμένη δερματίνη.<br />Με προστασία αστραγάλου.<br />Καθαρίζονται πολύ εύκολα και μπορούν να πλυθούν.</p><p>Διαστάσεις συσκευασίας: 31 x 21 cm</p>",ΕΡΓΑΛΕΙΑ  ΕΠΑΓΓΕΛΜΑΤΙΚΟΣ ΕΞΟΠΛΙΣΜΟΣ>Εργαλεία>Ένδυση εργασίας
39803,Παπούτσια ασφαλείας εργασίας – No.40 ,Παπούτσια ασφαλείας εργασίας – No.40 – Finder - 194685,in stock,new,18 EUR,,https://www.tradesor.gr/wp-content/uploads/2023/04/194690.jpg,OEM,No Color,4.0,"<p>Επαγγελματικά παπούτσια ασφαλείας της Finder, με προστατευτική εσωτερική επίστρωση από χάλυβα στο μπροστινό μέρος.</p><p>Παχιά αντιολισθητική σόλα από έξτρα ανθεκτικό καουτσούκ.<br />Το εξωτερικό υλικό είναι ενισχυμένη δερματίνη.<br />Με προστασία αστραγάλου.<br />Καθαρίζονται πολύ εύκολα και μπορούν να πλυθούν.</p><p>Διαστάσεις συσκευασίας: 31 x 21 cm</p>",ΕΡΓΑΛΕΙΑ  ΕΠΑΓΓΕΛΜΑΤΙΚΟΣ ΕΞΟΠΛΙΣΜΟΣ>Εργαλεία>Ένδυση εργασίας
39804,Παπούτσια ασφαλείας εργασίας – No.41 ,Παπούτσια ασφαλείας εργασίας – No.41 – Finder - 194686,in stock,new,18 EUR,,https://www.tradesor.gr/wp-content/uploads/2023/04/194690.jpg,OEM,No Color,4.0,"<p>Επαγγελματικά παπούτσια ασφαλείας της Finder, με προστατευτική εσωτερική επίστρωση από χάλυβα στο μπροστινό μέρος.</p><p>Παχιά αντιολισθητική σόλα από έξτρα ανθεκτικό καουτσούκ.<br />Το εξωτερικό υλικό είναι ενισχυμένη δερματίνη.<br />Με προστασία αστραγάλου.<br />Καθαρίζονται πολύ εύκολα και μπορούν να πλυθούν.</p><p>Διαστάσεις συσκευασίας: 31 x 21 cm</p>",ΕΡΓΑΛΕΙΑ  ΕΠΑΓΓΕΛΜΑΤΙΚΟΣ ΕΞΟΠΛΙΣΜΟΣ>Εργαλεία>Ένδυση εργασίας
39805,Παπούτσια ασφαλείας εργασίας – No.43 ,Παπούτσια ασφαλείας εργασίας – No.43 – Finder - 194687,in stock,new,18 EUR,,https://www.tradesor.gr/wp-content/uploads/2023/04/194690.jpg,OEM,No Color,4.0,"<p>Επαγγελματικά παπούτσια ασφαλείας της Finder, με προστατευτική εσωτερική επίστρωση από χάλυβα στο μπροστινό μέρος.</p><p>Παχιά αντιολισθητική σόλα από έξτρα ανθεκτικό καουτσούκ.<br />Το εξωτερικό υλικό είναι ενισχυμένη δερματίνη.<br />Με προστασία αστραγάλου.<br />Καθαρίζονται πολύ εύκολα και μπορούν να πλυθούν.</p><p>Διαστάσεις συσκευασίας: 31 x 21 cm</p>",ΕΡΓΑΛΕΙΑ  ΕΠΑΓΓΕΛΜΑΤΙΚΟΣ ΕΞΟΠΛΙΣΜΟΣ>Εργαλεία>Ένδυση εργασίας
39806,Παπούτσια ασφαλείας εργασίας – No.44 ,Παπούτσια ασφαλείας εργασίας – No.44 – Finder – 194688,in stock,new,18 EUR,,https://www.tradesor.gr/wp-content/uploads/2023/04/194690.jpg,OEM,No Color,4.0,"<p>Επαγγελματικά παπούτσια ασφαλείας της Finder, με προστατευτική εσωτερική επίστρωση από χάλυβα στο μπροστινό μέρος.</p><p>Παχιά αντιολισθητική σόλα από έξτρα ανθεκτικό καουτσούκ.<br />Το εξωτερικό υλικό είναι ενισχυμένη δερματίνη.<br />Με προστασία αστραγάλου.<br />Καθαρίζονται πολύ εύκολα και μπορούν να πλυθούν.</p><p>Διαστάσεις συσκευασίας: 31 x 21 cm</p>",ΕΡΓΑΛΕΙΑ  ΕΠΑΓΓΕΛΜΑΤΙΚΟΣ ΕΞΟΠΛΙΣΜΟΣ>Εργαλεία>Ένδυση εργασίας
39807,Παπούτσια ασφαλείας εργασίας – No.45 ,Παπούτσια ασφαλείας εργασίας – No.45 – Finder – 194689,in stock,new,18 EUR,,https://www.tradesor.gr/wp-content/uploads/2023/04/194690.jpg,OEM,No Color,4.0,"<p>Επαγγελματικά παπούτσια ασφαλείας της Finder, με προστατευτική εσωτερική επίστρωση από χάλυβα στο μπροστινό μέρος.</p><p>Παχιά αντιολισθητική σόλα από έξτρα ανθεκτικό καουτσούκ.<br />Το εξωτερικό υλικό είναι ενισχυμένη δερματίνη.<br />Με προστασία αστραγάλου.<br />Καθαρίζονται πολύ εύκολα και μπορούν να πλυθούν.</p><p>Διαστάσεις συσκευασίας: 31 x 21 cm</p>",ΕΡΓΑΛΕΙΑ  ΕΠΑΓΓΕΛΜΑΤΙΚΟΣ ΕΞΟΠΛΙΣΜΟΣ>Εργαλεία>Ένδυση εργασίας
39808,Παπούτσια ασφαλείας εργασίας – No.46 ,Παπούτσια ασφαλείας εργασίας – No.46 – Finder – 194690,in stock,new,18 EUR,,https://www.tradesor.gr/wp-content/uploads/2023/04/194690.jpg,OEM,No Color,4.0,"<p>Επαγγελματικά παπούτσια ασφαλείας της Finder, με προστατευτική εσωτερική επίστρωση από χάλυβα στο μπροστινό μέρος.</p><p>Παχιά αντιολισθητική σόλα από έξτρα ανθεκτικό καουτσούκ.<br />Το εξωτερικό υλικό είναι ενισχυμένη δερματίνη.<br />Με προστασία αστραγάλου.<br />Καθαρίζονται πολύ εύκολα και μπορούν να πλυθούν.</p><p>Διαστάσεις συσκευασίας: 31 x 21 cm</p>",ΕΡΓΑΛΕΙΑ  ΕΠΑΓΓΕΛΜΑΤΙΚΟΣ ΕΞΟΠΛΙΣΜΟΣ>Εργαλεία>Ένδυση εργασίας
39809,Παπούτσια ασφαλείας εργασίας – No.39 ,Παπούτσια ασφαλείας εργασίας – No.39 – Finder - 194722,in stock,new,25.2 EUR,,https://www.tradesor.gr/wp-content/uploads/2023/04/194728.jpg,OEM,No Color,4.5,"<p>Επαγγελματικά παπούτσια ασφαλείας της Finder, με προστατευτική εσωτερική επίστρωση από χάλυβα στο μπροστινό μέρος.</p><p>Παχιά αντιολισθητική σόλα από έξτρα ανθεκτικό καουτσούκ.<br />Με ενισχυμένη προστασία αστραγάλου.<br />Καθαρίζονται πολύ εύκολα και μπορούν να πλυθούν.</p><p>Διαστάσεις συσκευασίας: 31 x 21 cm</p>",ΕΡΓΑΛΕΙΑ  ΕΠΑΓΓΕΛΜΑΤΙΚΟΣ ΕΞΟΠΛΙΣΜΟΣ>Εργαλεία>Ένδυση εργασίας
39810,Παπούτσια ασφαλείας εργασίας – No.40 ,Παπούτσια ασφαλείας εργασίας – No.40 – Finder- 194723,in stock,new,25.2 EUR,,https://www.tradesor.gr/wp-content/uploads/2023/04/194728.jpg,OEM,No Color,4.5,"<p>Επαγγελματικά παπούτσια ασφαλείας της Finder, με προστατευτική εσωτερική επίστρωση από χάλυβα στο μπροστινό μέρος.</p><p>Παχιά αντιολισθητική σόλα από έξτρα ανθεκτικό καουτσούκ.<br />Με ενισχυμένη προστασία αστραγάλου.<br />Καθαρίζονται πολύ εύκολα και μπορούν να πλυθούν.</p><p>Διαστάσεις συσκευασίας: 31 x 21 cm</p>",ΕΡΓΑΛΕΙΑ  ΕΠΑΓΓΕΛΜΑΤΙΚΟΣ ΕΞΟΠΛΙΣΜΟΣ>Εργαλεία>Ένδυση εργασίας
39811,Παπούτσια ασφαλείας εργασίας – No.44 ,Παπούτσια ασφαλείας εργασίας – No.44 – Finder - 194726,in stock,new,25.2 EUR,,https://www.tradesor.gr/wp-content/uploads/2023/04/194728.jpg,OEM,No Color,4.5,"<p>Επαγγελματικά παπούτσια ασφαλείας της Finder, με προστατευτική εσωτερική επίστρωση από χάλυβα στο μπροστινό μέρος.</p><p>Παχιά αντιολισθητική σόλα από έξτρα ανθεκτικό καουτσούκ.<br />Με ενισχυμένη προστασία αστραγάλου.<br />Καθαρίζονται πολύ εύκολα και μπορούν να πλυθούν.</p><p>Διαστάσεις συσκευασίας: 31 x 21 cm</p>",ΕΡΓΑΛΕΙΑ  ΕΠΑΓΓΕΛΜΑΤΙΚΟΣ ΕΞΟΠΛΙΣΜΟΣ>Εργαλεία>Ένδυση εργασίας
39812,Παπούτσια ασφαλείας εργασίας – No.45 ,Παπούτσια ασφαλείας εργασίας – No.45 – Finder - 194727,in stock,new,25.2 EUR,,https://www.tradesor.gr/wp-content/uploads/2023/04/194728.jpg,OEM,No Color,4.5,"<p>Επαγγελματικά παπούτσια ασφαλείας της Finder, με προστατευτική εσωτερική επίστρωση από χάλυβα στο μπροστινό μέρος.</p><p>Παχιά αντιολισθητική σόλα από έξτρα ανθεκτικό καουτσούκ.<br />Με ενισχυμένη προστασία αστραγάλου.<br />Καθαρίζονται πολύ εύκολα και μπορούν να πλυθούν.</p>",ΕΡΓΑΛΕΙΑ  ΕΠΑΓΓΕΛΜΑΤΙΚΟΣ ΕΞΟΠΛΙΣΜΟΣ>Εργαλεία>Ένδυση εργασίας
39813,Παπούτσια ασφαλείας εργασίας – No.46 ,Παπούτσια ασφαλείας εργασίας – No.46 – Finder - 194728,in stock,new,25.2 EUR,,https://www.tradesor.gr/wp-content/uploads/2023/04/194728.jpg,OEM,No Color,4.5,"<p>Επαγγελματικά παπούτσια ασφαλείας της Finder, με προστατευτική εσωτερική επίστρωση από χάλυβα στο μπροστινό μέρος.</p><p>Παχιά αντιολισθητική σόλα από έξτρα ανθεκτικό καουτσούκ.<br />Με ενισχυμένη προστασία αστραγάλου.<br />Καθαρίζονται πολύ εύκολα και μπορούν να πλυθούν.</p><p>Διαστάσεις συσκευασίας: 31 x 21 cm</p>",ΕΡΓΑΛΕΙΑ  ΕΠΑΓΓΕΛΜΑΤΙΚΟΣ ΕΞΟΠΛΙΣΜΟΣ>Εργαλεία>Ένδυση εργασίας
39814,Αδιάβροχες γαλότσες εργασίας - Νο.41 ,Αδιάβροχες γαλότσες εργασίας - Νο.41 – Finder - 194754,in stock,new,16.2 EUR,,https://www.tradesor.gr/wp-content/uploads/2023/04/Finder_new_shoes3.png,OEM,No Color,5.5,"<p>Αδιάβροχες γαλότσες εργασίας, από εξαιρετικά ανθεκτικό υλικό και ενισχυμένη αντιολισθητική σόλα με ειδικές εγκοπές, κατάλληλες για κάθε είδους εργασία.</p>",ΕΡΓΑΛΕΙΑ  ΕΠΑΓΓΕΛΜΑΤΙΚΟΣ ΕΞΟΠΛΙΣΜΟΣ>Εργαλεία>Ένδυση εργασίας
39815,Αδιάβροχες γαλότσες εργασίας - Νο.42 ,Αδιάβροχες γαλότσες εργασίας - Νο.42 – Finder - 194755,in stock,new,16.2 EUR,,https://www.tradesor.gr/wp-content/uploads/2023/04/Finder_new_shoes3.png,OEM,No Color,5.5,"<p>Αδιάβροχες γαλότσες εργασίας, από εξαιρετικά ανθεκτικό υλικό και ενισχυμένη αντιολισθητική σόλα με ειδικές εγκοπές, κατάλληλες για κάθε είδους εργασία.</p>",ΕΡΓΑΛΕΙΑ  ΕΠΑΓΓΕΛΜΑΤΙΚΟΣ ΕΞΟΠΛΙΣΜΟΣ>Εργαλεία>Ένδυση εργασίας
39816,Αδιάβροχες γαλότσες εργασίας - Νο.43 ,Αδιάβροχες γαλότσες εργασίας - Νο.43 – Finder - 194756,in stock,new,16.2 EUR,,https://www.tradesor.gr/wp-content/uploads/2023/04/Finder_new_shoes3.png,OEM,No Color,5.5,"<p>Αδιάβροχες γαλότσες εργασίας, από εξαιρετικά ανθεκτικό υλικό και ενισχυμένη αντιολισθητική σόλα με ειδικές εγκοπές, κατάλληλες για κάθε είδους εργασία.</p>",ΕΡΓΑΛΕΙΑ  ΕΠΑΓΓΕΛΜΑΤΙΚΟΣ ΕΞΟΠΛΙΣΜΟΣ>Εργαλεία>Ένδυση εργασίας
39817,Αδιάβροχες γαλότσες εργασίας - Νο.44 ,Αδιάβροχες γαλότσες εργασίας - Νο.44 – Finder - 194757,in stock,new,16.2 EUR,,https://www.tradesor.gr/wp-content/uploads/2023/04/Finder_new_shoes3.png,OEM,No Color,5.5,"<p>Αδιάβροχες γαλότσες εργασίας, από εξαιρετικά ανθεκτικό υλικό και ενισχυμένη αντιολισθητική σόλα με ειδικές εγκοπές, κατάλληλες για κάθε είδους εργασία.</p>",ΕΡΓΑΛΕΙΑ  ΕΠΑΓΓΕΛΜΑΤΙΚΟΣ ΕΞΟΠΛΙΣΜΟΣ>Εργαλεία>Ένδυση εργασίας
39818,Αδιάβροχες γαλότσες εργασίας - Νο.45 ,Αδιάβροχες γαλότσες εργασίας - Νο.45 – Finder - 194758,in stock,new,16.2 EUR,,https://www.tradesor.gr/wp-content/uploads/2023/04/Finder_new_shoes3.png,OEM,No Color,5.5,"<p>Αδιάβροχες γαλότσες εργασίας, από εξαιρετικά ανθεκτικό υλικό και ενισχυμένη αντιολισθητική σόλα με ειδικές εγκοπές, κατάλληλες για κάθε είδους εργασία.</p>",ΕΡΓΑΛΕΙΑ  ΕΠΑΓΓΕΛΜΑΤΙΚΟΣ ΕΞΟΠΛΙΣΜΟΣ>Εργαλεία>Ένδυση εργασίας
39819,Αδιάβροχες γαλότσες εργασίας - Νο.46 ,Αδιάβροχες γαλότσες εργασίας - Νο.46 – Finder - 194759,in stock,new,16.2 EUR,,https://www.tradesor.gr/wp-content/uploads/2023/04/Finder_new_shoes3.png,OEM,No Color,5.5,"<p>Αδιάβροχες γαλότσες εργασίας, από εξαιρετικά ανθεκτικό υλικό και ενισχυμένη αντιολισθητική σόλα με ειδικές εγκοπές, κατάλληλες για κάθε είδους εργασία.</p>",ΕΡΓΑΛΕΙΑ  ΕΠΑΓΓΕΛΜΑΤΙΚΟΣ ΕΞΟΠΛΙΣΜΟΣ>Εργαλεία>Ένδυση εργασίας
55814,Προστατευτικά γυαλιά εργασίας - 40g - ,Προστατευτικά γυαλιά εργασίας - 40g - Finder - 194616,in stock,new,1.8 EUR,,https://www.tradesor.gr/wp-content/uploads/2023/05/ac7efb7278efb60db648e612990e197d.jpg,OEM,No Color,0.8,"Προστατευτικά γυαλιά εργασίας Finder - 40g, με πλαϊνή κάλυψη.",ΕΡΓΑΛΕΙΑ  ΕΠΑΓΓΕΛΜΑΤΙΚΟΣ ΕΞΟΠΛΙΣΜΟΣ>Εργαλεία>Ένδυση εργασίας
55862,Γάντια με αντικοπτική προστασία - 10',Γάντια με αντικοπτική προστασία - 10''/260mm - Finder - 194646,in stock,new,5.4 EUR,,https://www.tradesor.gr/wp-content/uploads/2023/05/132de179f7aaa3e22064eea3ae1d962b.jpg,OEM,No Color,0.5,"Γάντια εργασίας αντικοπτικά από υλικό, UHMW-PE.
10"" μαύρο νιτρίλιο με επικάλυψη παλάμης, micro foam, επένδυση 13G.
Βαθμός προστασίας κοπής: 5
Βαθμός προστασίας διάτρησης: 3",ΕΡΓΑΛΕΙΑ  ΕΠΑΓΓΕΛΜΑΤΙΚΟΣ ΕΞΟΠΛΙΣΜΟΣ>Εργαλεία>Ένδυση εργασίας
55865,Γάντια ηλεκτροσυγκόλλησης - 14'' - Finder,Γάντια ηλεκτροσυγκόλλησης - 14'' - Finder - 194639,in stock,new,7.2 EUR,,https://www.tradesor.gr/wp-content/uploads/2023/05/8cc39549241b6e14e518422b53c62230.jpg,OEM,No Color,0.5,"Γάντια Ηλεκτροσυγκολλητή 14"" μήκους 35cm ιδανικά για συγκολλήσεις που απαιτούν υψηλή δεξιότητα.",ΕΡΓΑΛΕΙΑ  ΕΠΑΓΓΕΛΜΑΤΙΚΟΣ ΕΞΟΠΛΙΣΜΟΣ>Εργαλεία>Ένδυση εργασίας
55874,Παπούτσια ασφαλείας εργασίας – No.43 ,Παπούτσια ασφαλείας εργασίας – No.43 - Finder - 194725,in stock,new,25.2 EUR,,https://www.tradesor.gr/wp-content/uploads/2023/05/ab174fdfd211b278ed1c3e1bcbcff273.jpg,OEM,No Color,2.0,"Επαγγελματικά παπούτσια-μποτάκια ασφαλείας της Finder, με προστατευτική εσωτερική επίστρωση από χάλυβα στο μπροστινό μέρος.

Παχιά αντιολισθητική σόλα από έξτρα ανθεκτικό καουτσούκ.
Με ενισχυμένη προστασία αστραγάλου.
Καθαρίζονται πολύ εύκολα και μπορούν να πλυθούν.

Διαστάσεις συσκευασίας: 31 x 21 cm",ΕΡΓΑΛΕΙΑ  ΕΠΑΓΓΕΛΜΑΤΙΚΟΣ ΕΞΟΠΛΙΣΜΟΣ>Εργαλεία>Ένδυση εργασίας
55877,Παπούτσια ασφαλείας εργασίας – No.42 ,Παπούτσια ασφαλείας εργασίας – No.42 - Finder - 194614,in stock,new,25.2 EUR,,https://www.tradesor.gr/wp-content/uploads/2023/05/6bd965d797f8bf2544c2c7c8961a4886.jpg,OEM,No Color,2.0,"Επαγγελματικά παπούτσια-μποτάκια ασφαλείας της Finder, με προστατευτική εσωτερική επίστρωση από χάλυβα στο μπροστινό μέρος.

Παχιά αντιολισθητική σόλα από έξτρα ανθεκτικό καουτσούκ.
Με ενισχυμένη προστασία αστραγάλου.
Καθαρίζονται πολύ εύκολα και μπορούν να πλυθούν.

Διαστάσεις συσκευασίας: 31 x 21 cm",ΕΡΓΑΛΕΙΑ  ΕΠΑΓΓΕΛΜΑΤΙΚΟΣ ΕΞΟΠΛΙΣΜΟΣ>Εργαλεία>Ένδυση εργασίας
55880,Παπούτσια ασφαλείας εργασίας – No.41 ,Παπούτσια ασφαλείας εργασίας – No.41 - Finder - 194724,in stock,new,25.2 EUR,,https://www.tradesor.gr/wp-content/uploads/2023/05/7a6c035ac331bae0b8c77c579a0edc81.jpg,OEM,No Color,2.0,"Επαγγελματικά παπούτσια-μποτάκια ασφαλείας της Finder, με προστατευτική εσωτερική επίστρωση από χάλυβα στο μπροστινό μέρος.

Παχιά αντιολισθητική σόλα από έξτρα ανθεκτικό καουτσούκ.
Με ενισχυμένη προστασία αστραγάλου.
Καθαρίζονται πολύ εύκολα και μπορούν να πλυθούν.

Διαστάσεις συσκευασίας: 31 x 21 cm",ΕΡΓΑΛΕΙΑ  ΕΠΑΓΓΕΛΜΑΤΙΚΟΣ ΕΞΟΠΛΙΣΜΟΣ>Εργαλεία>Ένδυση εργασίας
97195,Γυαλία προστασίας εργασίας - 28g - Finder,Γυαλία προστασίας εργασίας - 28g - Finder - 194615,in stock,new,1.8 EUR,,https://www.tradesor.gr/wp-content/uploads/2023/06/8d4fa80a754ee6979bfb9c0089e17b81.jpg,OEM,No Color,0.4,,ΕΡΓΑΛΕΙΑ  ΕΠΑΓΓΕΛΜΑΤΙΚΟΣ ΕΞΟΠΛΙΣΜΟΣ>Εργαλεία>Ένδυση εργασίας
