id,title,description,availability,condition,price,link,image_link,brand,color,shipping_weight,rich_text_description,fb_product_category
35160,Σπάτουλα - 10cm - Finder - 195006,Σπάτουλα - 10cm - Finder - 195006,in stock,new,1.44 EUR,,https://www.tradesor.gr/wp-content/uploads/2023/04/2806_195002-1.jpg,OEM,No Color,0.2,"<p>Σπάτουλα από ανοξείδωτο ατσάλι και λαβή τύπου PP+TPR</p><p>Μέγεθος: 4""""</p><p>Hardness: 38-42HRC</p><p>Πάχος: 0.7mm</p>",ΕΡΓΑΛΕΙΑ  ΕΠΑΓΓΕΛΜΑΤΙΚΟΣ ΕΞΟΠΛΙΣΜΟΣ>Εργαλεία>Είδη βαψίματος  οικοδομικά
35161,Σπάτουλα - 15cm - Finder - 195008,Σπάτουλα - 15cm - Finder - 195008,in stock,new,1.8 EUR,,https://www.tradesor.gr/wp-content/uploads/2023/04/2806_195002-1.jpg,OEM,No Color,0.2,"<p>Σπάτουλα από ανοξείδωτο ατσάλι και λαβή τύπου PP+TPR</p><p>Μέγεθος: 6""""</p><p>Hardness: 38-42HRC</p><p>Πάχος: 0.7mm</p>",ΕΡΓΑΛΕΙΑ  ΕΠΑΓΓΕΛΜΑΤΙΚΟΣ ΕΞΟΠΛΙΣΜΟΣ>Εργαλεία>Είδη βαψίματος  οικοδομικά
35225,"Πινέλο βαφής - Finder - 4"""" - 195030","Πινέλο βαφής - Finder - 4"""" - 195030",in stock,new,1.8 EUR,,https://www.tradesor.gr/wp-content/uploads/2023/04/2005_195026.jpg,OEM,No Color,0.2,"<p>Πινέλο βαφής από 100% βούρτσα PET και πλαστική λαβή</p><p>Μέγεθος: 4""""</p>",ΕΡΓΑΛΕΙΑ  ΕΠΑΓΓΕΛΜΑΤΙΚΟΣ ΕΞΟΠΛΙΣΜΟΣ>Εργαλεία>Είδη βαψίματος  οικοδομικά
35398,Πινέλο βαφής - 2.5'' - Finder - 195028,Πινέλο βαφής - 2.5'' - Finder - 195028,in stock,new,1.08 EUR,,https://www.tradesor.gr/wp-content/uploads/2023/04/2005_195026.jpg,OEM,No Color,0.2,<p>Πινέλο βαφής από 100% βούρτσα PET και πλαστική λαβή</p><p>Μέγεθος: 2.5''</p>,ΕΡΓΑΛΕΙΑ  ΕΠΑΓΓΕΛΜΑΤΙΚΟΣ ΕΞΟΠΛΙΣΜΟΣ>Εργαλεία>Είδη βαψίματος  οικοδομικά
35399,Πινέλο βαφής - 3'' - Finder - 195029,Πινέλο βαφής - 3'' - Finder - 195029,in stock,new,1.44 EUR,,https://www.tradesor.gr/wp-content/uploads/2023/04/2005_195026.jpg,OEM,No Color,0.2,<p>Πινέλο βαφής από 100% βούρτσα PET και πλαστική λαβή</p><p>Μέγεθος: 3''</p>,ΕΡΓΑΛΕΙΑ  ΕΠΑΓΓΕΛΜΑΤΙΚΟΣ ΕΞΟΠΛΙΣΜΟΣ>Εργαλεία>Είδη βαψίματος  οικοδομικά
35489,Σπάτουλα - 12.7cm - Finder - 195007,Σπάτουλα - 12.7cm - Finder - 195007,in stock,new,1.44 EUR,,https://www.tradesor.gr/wp-content/uploads/2023/04/2806_195002-1.jpg,OEM,No Color,0.2,<p>Σπάτουλα από ανοξείδωτο ατσάλι και λαβή τύπου PP+TPR</p><p>Μέγεθος: 5''</p><p>Hardness: 38-42HRC</p><p>Πάχος: 0.7mm</p>,ΕΡΓΑΛΕΙΑ  ΕΠΑΓΓΕΛΜΑΤΙΚΟΣ ΕΞΟΠΛΙΣΜΟΣ>Εργαλεία>Είδη βαψίματος  οικοδομικά
35497,Πινέλο βαφής - Finder - 6' - 195024,Πινέλο βαφής - Finder - 6' - 195024,in stock,new,2.7 EUR,,https://www.tradesor.gr/wp-content/uploads/2023/04/πινέλο-βαψίματος-finder-195024-6.jpg,OEM,No Color,0.2,<p>Πινέλο βαφής από 100% βούρτσα PET και πλαστική λαβή</p><p>Μέγεθος: 6'</p>,ΕΡΓΑΛΕΙΑ  ΕΠΑΓΓΕΛΜΑΤΙΚΟΣ ΕΞΟΠΛΙΣΜΟΣ>Εργαλεία>Είδη βαψίματος  οικοδομικά
35498,Πινέλο βαφής - Finder - 5' - 195023,Πινέλο βαφής - Finder - 5' - 195023,in stock,new,2.34 EUR,,https://www.tradesor.gr/wp-content/uploads/2023/04/πινέλο-βαψίματος-finder-195023-5.jpg,OEM,No Color,0.2,<p>Πινέλο βαφής από 100% βούρτσα PET και πλαστική λαβή</p><p>Μέγεθος: 5''</p>,ΕΡΓΑΛΕΙΑ  ΕΠΑΓΓΕΛΜΑΤΙΚΟΣ ΕΞΟΠΛΙΣΜΟΣ>Εργαλεία>Είδη βαψίματος  οικοδομικά
35499,Πινέλο βαφής - 10cm - Finder - 195246,Πινέλο βαφής - 10cm - Finder - 195246,in stock,new,3.24 EUR,,https://www.tradesor.gr/wp-content/uploads/2023/04/πινέλο-βαψίματος-4mm-finder-195246.jpg,OEM,No Color,0.2,<p>Πινέλο βαφής από 100% πολυεστέρα</p><p>Μέγεθος: 4''</p><p>Λαβή τύπου PP+TPR μήκους 160mm</p><p>Καθαρό βάρος: 157g</p>,ΕΡΓΑΛΕΙΑ  ΕΠΑΓΓΕΛΜΑΤΙΚΟΣ ΕΞΟΠΛΙΣΜΟΣ>Εργαλεία>Είδη βαψίματος  οικοδομικά
35500,Πινέλο βαφής - 7.6cm - Finder - 195245,Πινέλο βαφής - 7.6cm - Finder - 195245,in stock,new,2.7 EUR,,https://www.tradesor.gr/wp-content/uploads/2023/04/πινέλο-βαψίματος-3mm-finder-195245.jpg,OEM,No Color,0.2,<p>Πινέλο βαφής από 100% πολυεστέρα</p><p>Μέγεθος: 3''</p><p>Λαβή τύπου PP+TPR μήκους 150mm</p><p>Καθαρό βάρος: 123g</p>,ΕΡΓΑΛΕΙΑ  ΕΠΑΓΓΕΛΜΑΤΙΚΟΣ ΕΞΟΠΛΙΣΜΟΣ>Εργαλεία>Είδη βαψίματος  οικοδομικά
35501,Πινέλο βαφής - 6.3cm - Finder - 195244,Πινέλο βαφής - 6.3cm - Finder - 195244,in stock,new,1.8 EUR,,https://www.tradesor.gr/wp-content/uploads/2023/04/πινέλο-βαψίματος-25mm-finder-195244.jpg,OEM,No Color,0.2,<p>Πινέλο βαφής από 100% πολυεστέρα</p><p>Μέγεθος: 2.5''</p><p>Λαβή τύπου PP+TPR μήκους 140mm</p><p>Καθαρό βάρος: 87g</p>,ΕΡΓΑΛΕΙΑ  ΕΠΑΓΓΕΛΜΑΤΙΚΟΣ ΕΞΟΠΛΙΣΜΟΣ>Εργαλεία>Είδη βαψίματος  οικοδομικά
35580,Σπάτουλα - 15.2cm - Finder - 195341,Σπάτουλα - 15.2cm - Finder - 195341,in stock,new,3.6 EUR,,https://www.tradesor.gr/wp-content/uploads/2023/04/15762386975763139.jpg,OEM,No Color,0.2,<p>Σπάτουλα με ανοξείδωτη λεπίδα και αντιολισθητική λαβή τύπου PP+TPR</p><p>Μέγεθος: 6''</p>,ΕΡΓΑΛΕΙΑ  ΕΠΑΓΓΕΛΜΑΤΙΚΟΣ ΕΞΟΠΛΙΣΜΟΣ>Εργαλεία>Είδη βαψίματος  οικοδομικά
35581,Σπάτουλα - 12.7cm - Finder - 195340,Σπάτουλα - 12.7cm - Finder - 195340,in stock,new,3.24 EUR,,https://www.tradesor.gr/wp-content/uploads/2023/04/15762386291092931.jpg,OEM,No Color,0.5,<p>Σπάτουλα με ανοξείδωτη λεπίδα και αντιολισθητική λαβή τύπου PP+TPR</p><p>Μέγεθος: 5''</p>,ΕΡΓΑΛΕΙΑ  ΕΠΑΓΓΕΛΜΑΤΙΚΟΣ ΕΞΟΠΛΙΣΜΟΣ>Εργαλεία>Είδη βαψίματος  οικοδομικά
35582,Σπάτουλα - 10.6cm - Finder - 195339,Σπάτουλα - 10.6cm - Finder - 195339,in stock,new,2.7 EUR,,https://www.tradesor.gr/wp-content/uploads/2023/04/15762385267719317.jpg,OEM,No Color,0.5,<p>Σπάτουλα από ανοξείδωτο ατσάλι και λαβή τύπου PP+TPR</p><p>Μέγεθος: 4''/10.5cm</p><p>Hardness: 38-42HRC</p><p>Πάχος: 0.7mm</p>,ΕΡΓΑΛΕΙΑ  ΕΠΑΓΓΕΛΜΑΤΙΚΟΣ ΕΞΟΠΛΙΣΜΟΣ>Εργαλεία>Είδη βαψίματος  οικοδομικά
36253,"Ανταλλακτικό ρολό βαψίματος - 4"""" - Find","Ανταλλακτικό ρολό βαψίματος - 4"""" - Finder - 195313",in stock,new,0.54 EUR,,https://www.tradesor.gr/wp-content/uploads/2023/04/2207_195313.jpg,OEM,No Color,0.1,"<p>Μέγεθος: 100mm/4""""</p><p>Βούρτσα φτιαγμένη από πολυεστέρα.</p>",ΕΡΓΑΛΕΙΑ  ΕΠΑΓΓΕΛΜΑΤΙΚΟΣ ΕΞΟΠΛΙΣΜΟΣ>Εργαλεία>Είδη βαψίματος  οικοδομικά
36254,"Ρολό βαψίματος - 4"""" - Finder - 195314","Ρολό βαψίματος - 4"""" - Finder - 195314",in stock,new,1.44 EUR,,https://www.tradesor.gr/wp-content/uploads/2023/04/2207_195314.jpg,OEM,No Color,0.1,"<p>Μέγεθος: 100mm/4""""</p><p>Λαβή τύπου PP, <span class=""tlid-translation translation"" lang=""el""><span class="""" title="""">πάχος 5,7 mm</span></span> και βούρτσα φτιαγμένη από πολυεστέρα.</p>",ΕΡΓΑΛΕΙΑ  ΕΠΑΓΓΕΛΜΑΤΙΚΟΣ ΕΞΟΠΛΙΣΜΟΣ>Εργαλεία>Είδη βαψίματος  οικοδομικά
36255,"Ανταλλακτικό ρολό βαψίματος - 9"""" - Find","Ανταλλακτικό ρολό βαψίματος - 9"""" - Finder - 195324",in stock,new,0.9 EUR,,https://www.tradesor.gr/wp-content/uploads/2023/04/2207_195324.jpg,OEM,No Color,0.1,"<p>Μέγεθος: 230mm/9""""</p><p><span class=""tlid-translation translation"" lang=""el""><span class="""" title="""">Διάμετρος σωλήνα: 38mm</span></span></p><p>Αμερικανικού τύπου βούρτσα φτιαγμένη από πολυεστέρα, 12mm ύψος.</p>",ΕΡΓΑΛΕΙΑ  ΕΠΑΓΓΕΛΜΑΤΙΚΟΣ ΕΞΟΠΛΙΣΜΟΣ>Εργαλεία>Είδη βαψίματος  οικοδομικά
36256,"Ανταλλακτικό ρολό βαψίματος - 7"""" - Find","Ανταλλακτικό ρολό βαψίματος - 7"""" - Finder - 195370",in stock,new,1.8 EUR,,https://www.tradesor.gr/wp-content/uploads/2023/04/2207_195370.jpg,OEM,No Color,0.1,"<p>Μέγεθος: 180mm/7""""</p><p><span class=""tlid-translation translation"" lang=""el""><span class="""" title="""">Διάμετρος σωλήνα: 48mm</span></span></p><p>Ευρωπαϊκού τύπου βούρτσα, <span class=""tlid-translation translation"" lang=""el""><span class="""" title="""">ανάμιξης ακρυλικών ινών.</span></span></p>",ΕΡΓΑΛΕΙΑ  ΕΠΑΓΓΕΛΜΑΤΙΚΟΣ ΕΞΟΠΛΙΣΜΟΣ>Εργαλεία>Είδη βαψίματος  οικοδομικά
36637,Πινέλο βαφής - Finder - 3.8cm - 195026,Πινέλο βαφής - Finder - 3.8cm - 195026,in stock,new,0.72 EUR,,https://www.tradesor.gr/wp-content/uploads/2023/04/2005_195026-1.jpg,OEM,No Color,0.2,"<p>Πινέλο βαψίματος Finder, πλάτους 3.8cm</p>",ΕΡΓΑΛΕΙΑ  ΕΠΑΓΓΕΛΜΑΤΙΚΟΣ ΕΞΟΠΛΙΣΜΟΣ>Εργαλεία>Είδη βαψίματος  οικοδομικά
36738,Σπάτουλα - 5cm - Finder - 195002,Σπάτουλα - 5cm - Finder - 195002,in stock,new,1.08 EUR,,https://www.tradesor.gr/wp-content/uploads/2023/04/2806_195002.jpg,OEM,No Color,0.3,"<p>Σπάτουλα από ανοξείδωτο ατσάλι και λαβή τύπου PP+TPR</p><p>Μέγεθος: 2""""/5cm</p><p>Hardness: 38-42HRC</p><p>Πάχος: 0.7mm</p>",ΕΡΓΑΛΕΙΑ  ΕΠΑΓΓΕΛΜΑΤΙΚΟΣ ΕΞΟΠΛΙΣΜΟΣ>Εργαλεία>Είδη βαψίματος  οικοδομικά
36767,"Πινέλο βαφής - 2"""" - Finder - 195027","Πινέλο βαφής - 2"""" - Finder - 195027",in stock,new,0.9 EUR,,https://www.tradesor.gr/wp-content/uploads/2023/04/1504_195027.jpg,OEM,No Color,0.2,"<p>Πινέλο βαψίματος Finder, μεγέθους 2""""</p>",ΕΡΓΑΛΕΙΑ  ΕΠΑΓΓΕΛΜΑΤΙΚΟΣ ΕΞΟΠΛΙΣΜΟΣ>Εργαλεία>Είδη βαψίματος  οικοδομικά
36796,Σετ κεφαλών για λάστιχο κήπου - 4pcs - 2,Σετ κεφαλών για λάστιχο κήπου - 4pcs - 220066,in stock,new,2.34 EUR,,https://www.tradesor.gr/wp-content/uploads/2023/04/0308_220066.jpg,OEM,No Color,0.3,"<p>Σετ εξαρτημάτων για λάστιχο κήπου 4 τεμαχίων. Εφαρμόζουν απόλυτα στα περισσότερα είδη λάστιχων, ιδανικά για πλύσιμο ή πότισμα.</p><p> </p><p> </p>",ΕΡΓΑΛΕΙΑ  ΕΠΑΓΓΕΛΜΑΤΙΚΟΣ ΕΞΟΠΛΙΣΜΟΣ>Εργαλεία>Είδη βαψίματος  οικοδομικά
36841,Ρολό βαψίματος – Paint Roller - 255mm – Finder -,Ρολό βαψίματος – Paint Roller - 255mm – Finder - 195312,in stock,new,4.5 EUR,,https://www.tradesor.gr/wp-content/uploads/2023/04/1308_195312.jpg,OEM,No Color,0.3,"<p>Μέγεθος: 255mm/10″</p><div id=""tab-description"" class=""woocommerce-Tabs-panel woocommerce-Tabs-panel--description panel entry-content wc-tab""><div class=""wc-tab-inner 
										""><div class=""""><p>Διάμετρος σωλήνα: 48mm</p><p>Λαβή τύπου TPR, <span class=""tlid-translation translation"" lang=""el""><span class="""" title="""">πάχος 7.8 mm</span></span> και βούρτσα <span class=""tlid-translation translation"" lang=""el""><span class="""" title="""">ανάμιξης ακρυλικών ινών.</span></span></p></div></div></div>",ΕΡΓΑΛΕΙΑ  ΕΠΑΓΓΕΛΜΑΤΙΚΟΣ ΕΞΟΠΛΙΣΜΟΣ>Εργαλεία>Είδη βαψίματος  οικοδομικά
37094,"Ρολό βαψίματος - 9"""" - 195308","Ρολό βαψίματος - 9"""" - 195308",in stock,new,4.5 EUR,,https://www.tradesor.gr/wp-content/uploads/2023/04/195308_1511.jpg,OEM,No Color,0.2,"<p>Μέγεθος: 230mm/9""""</p><p>Διάμετρος σωλήνα 38mm</p><p>Βούρτσα από πολυεστέρα.</p><p>Λαβή τύπου TPR πάχους 8mm, με αντιολισθητική επίστρωση.</p><p> </p>",ΕΡΓΑΛΕΙΑ  ΕΠΑΓΓΕΛΜΑΤΙΚΟΣ ΕΞΟΠΛΙΣΜΟΣ>Εργαλεία>Είδη βαψίματος  οικοδομικά
37123,"Πινέλο βαφής - 2"""" - Finder - 195243","Πινέλο βαφής - 2"""" - Finder - 195243",in stock,new,1.8 EUR,,https://www.tradesor.gr/wp-content/uploads/2023/04/195243_1511.jpg,OEM,No Color,0.2,"<p>Πινέλο βαψίματος 2"""", Finder με έξτρα ανθεκτική τρίχα και εργονομική λαβή.</p>",ΕΡΓΑΛΕΙΑ  ΕΠΑΓΓΕΛΜΑΤΙΚΟΣ ΕΞΟΠΛΙΣΜΟΣ>Εργαλεία>Είδη βαψίματος  οικοδομικά
37124,"Πινέλο βαφής - 1"""" - Finder - 195241","Πινέλο βαφής - 1"""" - Finder - 195241",in stock,new,1.08 EUR,,https://www.tradesor.gr/wp-content/uploads/2023/04/195241_1511.jpg,OEM,No Color,0.1,"<p>Πινέλο βαψίματος 1"""", Finder με έξτρα ανθεκτική τρίχα και εργονομική λαβή.</p>",ΕΡΓΑΛΕΙΑ  ΕΠΑΓΓΕΛΜΑΤΙΚΟΣ ΕΞΟΠΛΙΣΜΟΣ>Εργαλεία>Είδη βαψίματος  οικοδομικά
37536,Σπάτουλα - 2.5cm - Finder - 195536,Σπάτουλα - 2.5cm - Finder - 195536,in stock,new,1.8 EUR,,https://www.tradesor.gr/wp-content/uploads/2023/04/16417131538762658.jpg,OEM,No Color,0.1,"<p>Σπάτουλα από ανοξείδωτο ατσάλι και λαβή τύπου PP+TPR</p><p>Μέγεθος: 1""""/2.5cm</p><p>Hardness: 38-42HRC</p><p>Πάχος: 0.7mm</p>",ΕΡΓΑΛΕΙΑ  ΕΠΑΓΓΕΛΜΑΤΙΚΟΣ ΕΞΟΠΛΙΣΜΟΣ>Εργαλεία>Είδη βαψίματος  οικοδομικά
37537,Σπάτουλα - 4cm - Finder - 195336,Σπάτουλα - 4cm - Finder - 195336,in stock,new,2.16 EUR,,https://www.tradesor.gr/wp-content/uploads/2023/04/16417132136395691.jpg,OEM,No Color,0.1,"<p>Σπάτουλα από ανοξείδωτο ατσάλι και λαβή τύπου PP+TPR</p><p>Μέγεθος: 1.5""""/4cm</p><p>Hardness: 38-42HRC</p><p>Πάχος: 0.7mm</p>",ΕΡΓΑΛΕΙΑ  ΕΠΑΓΓΕΛΜΑΤΙΚΟΣ ΕΞΟΠΛΙΣΜΟΣ>Εργαλεία>Είδη βαψίματος  οικοδομικά
37538,Σπάτουλα - 5cm - Finder - 195337,Σπάτουλα - 5cm - Finder - 195337,in stock,new,2.34 EUR,,https://www.tradesor.gr/wp-content/uploads/2023/04/16417132856515904.jpg,OEM,No Color,0.1,"<p>Σπάτουλα από ανοξείδωτο ατσάλι και λαβή τύπου PP+TPR</p><p>Μέγεθος: 2""""/5cm</p><p>Hardness: 38-42HRC</p><p>Πάχος: 0.7mm</p>",ΕΡΓΑΛΕΙΑ  ΕΠΑΓΓΕΛΜΑΤΙΚΟΣ ΕΞΟΠΛΙΣΜΟΣ>Εργαλεία>Είδη βαψίματος  οικοδομικά
37813,Σπάτουλα - 7.5cm - Finder - 195338,Σπάτουλα - 7.5cm - Finder - 195338,in stock,new,2.7 EUR,,https://www.tradesor.gr/wp-content/uploads/2023/04/195338.jpg,OEM,No Color,0.3,"<p>Σπάτουλα πλάτους 7.5cm, Finder με εργονομική αντιολισθητική λαβή.</p>",ΕΡΓΑΛΕΙΑ  ΕΠΑΓΓΕΛΜΑΤΙΚΟΣ ΕΞΟΠΛΙΣΜΟΣ>Εργαλεία>Είδη βαψίματος  οικοδομικά
38055,Σπάτουλα - 7.5cm - Finder - 195004,Σπάτουλα - 7.5cm - Finder - 195004,in stock,new,1.44 EUR,,https://www.tradesor.gr/wp-content/uploads/2023/04/2806_195002-1.jpg,OEM,No Color,0.2,<p>Σπάτουλα από ανοξείδωτο ατσάλι και λαβή τύπου PP+TPR</p><p>Μέγεθος: 3''/7.5cm</p><p>Hardness: 38-42HRC</p><p>Πάχος: 0.7mm</p>,ΕΡΓΑΛΕΙΑ  ΕΠΑΓΓΕΛΜΑΤΙΚΟΣ ΕΞΟΠΛΙΣΜΟΣ>Εργαλεία>Είδη βαψίματος  οικοδομικά
38416,Πινέλο βαφής - 1.5'' - Finder - 195242,Πινέλο βαφής - 1.5'' - Finder - 195242,in stock,new,1.26 EUR,,https://www.tradesor.gr/wp-content/uploads/2023/04/195242.jpg,OEM,No Color,0.2,"<p>Πινέλο βαψίματος - 1.5'' - Finder, με εργονομική λαβή.</p>",ΕΡΓΑΛΕΙΑ  ΕΠΑΓΓΕΛΜΑΤΙΚΟΣ ΕΞΟΠΛΙΣΜΟΣ>Εργαλεία>Είδη βαψίματος  οικοδομικά
38417,Σπάτουλα - 6cm - Finder - 195003,Σπάτουλα - 6cm - Finder - 195003,in stock,new,1.08 EUR,,https://www.tradesor.gr/wp-content/uploads/2023/04/2806_195002-1.jpg,OEM,No Color,0.2,<p>Σπάτουλα από ανοξείδωτο ατσάλι και λαβή τύπου PP+TPR</p><p>Μέγεθος: 2.5''/6cm</p><p>Hardness: 38-42HRC</p><p>Πάχος: 0.7mm</p>,ΕΡΓΑΛΕΙΑ  ΕΠΑΓΓΕΛΜΑΤΙΚΟΣ ΕΞΟΠΛΙΣΜΟΣ>Εργαλεία>Είδη βαψίματος  οικοδομικά
38511,Σπάτουλα - 4cm - Finder - 195001,Σπάτουλα - 4cm - Finder - 195001,in stock,new,1.08 EUR,,https://www.tradesor.gr/wp-content/uploads/2023/04/195002.jpg,OEM,No Color,0.2,"<p>Σπάτουλα από ανοξείδωτο ατσάλι και λαβή τύπου PP+TPR</p><p>Μέγεθος: 1.5""""/4cm</p><p>Hardness: 38-42HRC</p><p>Πάχος: 0.7mm</p>",ΕΡΓΑΛΕΙΑ  ΕΠΑΓΓΕΛΜΑΤΙΚΟΣ ΕΞΟΠΛΙΣΜΟΣ>Εργαλεία>Είδη βαψίματος  οικοδομικά
38512,"Ανταλλακτικό ρολό βαψίματος - 10""""/255mm","Ανταλλακτικό ρολό βαψίματος - 10""""/255mm - Finder - 195371",in stock,new,2.7 EUR,,https://www.tradesor.gr/wp-content/uploads/2023/04/195371.jpg,OEM,No Color,0.2,"<div class=""description hide-small-viewport long""><div><p>Ανταλλακτική βούρτσα βαψίματος.</p><ul><li>Μέγεθος: 255mm / 10”</li><li>Διάμετρος σωλήνα: 48mm</li></ul></div></div>",ΕΡΓΑΛΕΙΑ  ΕΠΑΓΓΕΛΜΑΤΙΚΟΣ ΕΞΟΠΛΙΣΜΟΣ>Εργαλεία>Είδη βαψίματος  οικοδομικά
38663,Ρολό βαψίματος - 4' - Finder - 195315,Ρολό βαψίματος - 4' - Finder - 195315,in stock,new,1.44 EUR,,https://www.tradesor.gr/wp-content/uploads/2023/04/2912_195315.jpg,OEM,No Color,0.1,"<p>Μέγεθος: 4""""/100mm</p><p>Διαθέτει λαβή τύπου PP και βούρτσα από πολυεστέρα</p>",ΕΡΓΑΛΕΙΑ  ΕΠΑΓΓΕΛΜΑΤΙΚΟΣ ΕΞΟΠΛΙΣΜΟΣ>Εργαλεία>Είδη βαψίματος  οικοδομικά
39488,Σπάτουλα – 2.5cm – Finder – 195000,Σπάτουλα – 2.5cm – Finder – 195000,in stock,new,0.9 EUR,,https://www.tradesor.gr/wp-content/uploads/2023/04/195002.jpg,OEM,No Color,0.2,<p>Σπάτουλα από ανοξείδωτο ατσάλι και λαβή τύπου PP+TPR</p><p>Μέγεθος: 1»</p><p>Hardness: 38-42HRC</p><p>Πάχος: 0.7mm</p>,ΕΡΓΑΛΕΙΑ  ΕΠΑΓΓΕΛΜΑΤΙΚΟΣ ΕΞΟΠΛΙΣΜΟΣ>Εργαλεία>Είδη βαψίματος  οικοδομικά
55762,Σπάτουλα - 2.5cm - Finder - 195000,Σπάτουλα - 2.5cm - Finder - 195000,in stock,new,0.9 EUR,,https://www.tradesor.gr/wp-content/uploads/2023/05/d95267624df207e28f33f5ed35651bb9.jpg,OEM,No Color,0.4,"Σπάτουλα από ανοξείδωτο ατσάλι και λαβή τύπου PP+TPR

Μέγεθος: 1»

Hardness: 38-42HRC

Πάχος: 0.7mm",ΕΡΓΑΛΕΙΑ  ΕΠΑΓΓΕΛΜΑΤΙΚΟΣ ΕΞΟΠΛΙΣΜΟΣ>Εργαλεία>Είδη βαψίματος  οικοδομικά
55910,"Μυστρί κτιστών με πλαστική λαβή - 9"" -","Μυστρί κτιστών με πλαστική λαβή - 9"" - Finder - 195291",in stock,new,2.16 EUR,,https://www.tradesor.gr/wp-content/uploads/2023/05/abff80715b5da657fbbdb37628aaf76e.jpg,OEM,No Color,0.8,"Μυστρί κτιστών με πλαστική αντιολισθητική λαβή - 9"" - Finder.",ΕΡΓΑΛΕΙΑ  ΕΠΑΓΓΕΛΜΑΤΙΚΟΣ ΕΞΟΠΛΙΣΜΟΣ>Εργαλεία>Είδη βαψίματος  οικοδομικά
55913,"Μυστρί κτιστών με πλαστική λαβή - 8"" -","Μυστρί κτιστών με πλαστική λαβή - 8"" - Finder - 195290",in stock,new,2.16 EUR,,https://www.tradesor.gr/wp-content/uploads/2023/05/4d7019cfb770115cc4ccf0dbbd600657.jpg,OEM,No Color,0.8,"Μυστρί κτιστών με πλαστική αντιολισθητική λαβή - 8"" - Finder.",ΕΡΓΑΛΕΙΑ  ΕΠΑΓΓΕΛΜΑΤΙΚΟΣ ΕΞΟΠΛΙΣΜΟΣ>Εργαλεία>Είδη βαψίματος  οικοδομικά
55916,"Μυστρί κτιστών με πλαστική λαβή - 7"" -","Μυστρί κτιστών με πλαστική λαβή - 7"" - Finder - 195289",in stock,new,2.16 EUR,,https://www.tradesor.gr/wp-content/uploads/2023/05/7a6453777886996d82cf8677e59dd61e.jpg,OEM,No Color,0.8,"Μυστρί κτιστών με πλαστική αντιολισθητική λαβή - 7"" - Finder.",ΕΡΓΑΛΕΙΑ  ΕΠΑΓΓΕΛΜΑΤΙΚΟΣ ΕΞΟΠΛΙΣΜΟΣ>Εργαλεία>Είδη βαψίματος  οικοδομικά
55919,"Μυστρί κτιστών με ξύλινη λαβή - 9"" - Fin","Μυστρί κτιστών με ξύλινη λαβή - 9"" - Finder - 195294",in stock,new,1.8 EUR,,https://www.tradesor.gr/wp-content/uploads/2023/05/921944c210f6a05df910cb5d63ff883a.jpg,OEM,No Color,0.8,"Μυστρί κτιστών με ξύλινη λαβή - 7"" - Finder.",ΕΡΓΑΛΕΙΑ  ΕΠΑΓΓΕΛΜΑΤΙΚΟΣ ΕΞΟΠΛΙΣΜΟΣ>Εργαλεία>Είδη βαψίματος  οικοδομικά
55922,Σπάτουλα πλακιδίων οδοντωτή - 0.8x400x10,Σπάτουλα πλακιδίων οδοντωτή - 0.8x400x100mm - Finder - 195406,in stock,new,7.2 EUR,,https://www.tradesor.gr/wp-content/uploads/2023/05/890f8c8879504d02294fd470a501e3d9.jpg,OEM,No Color,1.0,Σπάτουλα πλακιδίων οδοντωτή. Μέγεθος: 0.8x400x100mm - Finder.,ΕΡΓΑΛΕΙΑ  ΕΠΑΓΓΕΛΜΑΤΙΚΟΣ ΕΞΟΠΛΙΣΜΟΣ>Εργαλεία>Είδη βαψίματος  οικοδομικά
55925,Σπάτουλα πλακιδίων - 0.8x400x100mm - Finder - 19,Σπάτουλα πλακιδίων - 0.8x400x100mm - Finder - 195345,in stock,new,7.2 EUR,,https://www.tradesor.gr/wp-content/uploads/2023/05/d1ae693945057bb3e53049cc75f4bea4.jpg,OEM,No Color,1.0,Σπάτουλα πλακιδίων ίσια. Μέγεθος: 0.8x400x100mm - Finder.,ΕΡΓΑΛΕΙΑ  ΕΠΑΓΓΕΛΜΑΤΙΚΟΣ ΕΞΟΠΛΙΣΜΟΣ>Εργαλεία>Είδη βαψίματος  οικοδομικά
55928,Πιστόλι σιλικόνης - 117 - Finder - 195046,Πιστόλι σιλικόνης - 117 - Finder - 195046,in stock,new,4.5 EUR,,https://www.tradesor.gr/wp-content/uploads/2023/05/05b940436fabc9a7a199605eac09c380.jpg,OEM,No Color,1.0,Πιστόλι σιλικόνης μεταλλικό με αντιολισθητική λαβή - Finder.,ΕΡΓΑΛΕΙΑ  ΕΠΑΓΓΕΛΜΑΤΙΚΟΣ ΕΞΟΠΛΙΣΜΟΣ>Εργαλεία>Είδη βαψίματος  οικοδομικά
97147,Πιστόλι βαφής αέρος - W-71 - Finder - 194086,Πιστόλι βαφής αέρος - W-71 - Finder - 194086,in stock,new,21.6 EUR,,https://www.tradesor.gr/wp-content/uploads/2023/06/9f31d997062d2a3a984b5f98237fa6a1.jpg,OEM,No Color,2.0,,ΕΡΓΑΛΕΙΑ  ΕΠΑΓΓΕΛΜΑΤΙΚΟΣ ΕΞΟΠΛΙΣΜΟΣ>Εργαλεία>Είδη βαψίματος  οικοδομικά
97150,Πιστόλι βαφής αέρος - K-3A - Finder - 194085,Πιστόλι βαφής αέρος - K-3A - Finder - 194085,in stock,new,14.4 EUR,,https://www.tradesor.gr/wp-content/uploads/2023/06/b4c2dfec2b241f4b28aea77a29daddc6.jpg,OEM,No Color,2.0,,ΕΡΓΑΛΕΙΑ  ΕΠΑΓΓΕΛΜΑΤΙΚΟΣ ΕΞΟΠΛΙΣΜΟΣ>Εργαλεία>Είδη βαψίματος  οικοδομικά
97153,Πιστόλι βαφής αέρος - 162S - 750ml - Finder - 19,Πιστόλι βαφής αέρος - 162S - 750ml - Finder - 194084,in stock,new,23.4 EUR,,https://www.tradesor.gr/wp-content/uploads/2023/06/e6133ae4085b734ccda04d5541165d24.jpg,OEM,No Color,2.0,,ΕΡΓΑΛΕΙΑ  ΕΠΑΓΓΕΛΜΑΤΙΚΟΣ ΕΞΟΠΛΙΣΜΟΣ>Εργαλεία>Είδη βαψίματος  οικοδομικά
97307,Οικοδομικό καρότσι - 60L - Finder - 191336,Οικοδομικό καρότσι - 60L - Finder - 191336,in stock,new,77.4 EUR,,https://www.tradesor.gr/wp-content/uploads/2023/06/0abf1d9e06e14c743fb06364a59d8d07.jpg,OEM,No Color,20.0,,ΕΡΓΑΛΕΙΑ  ΕΠΑΓΓΕΛΜΑΤΙΚΟΣ ΕΞΟΠΛΙΣΜΟΣ>Εργαλεία>Είδη βαψίματος  οικοδομικά
97340,Σπάτουλα οδοντωτή - Finder - 195405,Σπάτουλα οδοντωτή - Finder - 195405,in stock,new,6.3 EUR,,https://www.tradesor.gr/wp-content/uploads/2023/06/56eccf03f7f1b06c50c4ea34d63885b4.jpg,OEM,No Color,1.0,,ΕΡΓΑΛΕΙΑ  ΕΠΑΓΓΕΛΜΑΤΙΚΟΣ ΕΞΟΠΛΙΣΜΟΣ>Εργαλεία>Είδη βαψίματος  οικοδομικά
97343,Ξύστρα - 1000mm - Finder - 195368,Ξύστρα - 1000mm - Finder - 195368,in stock,new,5.4 EUR,,https://www.tradesor.gr/wp-content/uploads/2023/06/a21fc1f76af9f7ff0223bdbb9bca332d.jpg,OEM,No Color,2.0,,ΕΡΓΑΛΕΙΑ  ΕΠΑΓΓΕΛΜΑΤΙΚΟΣ ΕΞΟΠΛΙΣΜΟΣ>Εργαλεία>Είδη βαψίματος  οικοδομικά
97346,Ξύστρα - 600mm - Finder - 195367,Ξύστρα - 600mm - Finder - 195367,in stock,new,4.5 EUR,,https://www.tradesor.gr/wp-content/uploads/2023/06/030bc84b0ba4a15d31e4e4eff04c2269.jpg,OEM,No Color,1.0,,ΕΡΓΑΛΕΙΑ  ΕΠΑΓΓΕΛΜΑΤΙΚΟΣ ΕΞΟΠΛΙΣΜΟΣ>Εργαλεία>Είδη βαψίματος  οικοδομικά
97349,Ξύστρα - 300mm - Finder - 195366,Ξύστρα - 300mm - Finder - 195366,in stock,new,3.6 EUR,,https://www.tradesor.gr/wp-content/uploads/2023/06/b9031b7a86b0abee09b9622407ed34db.jpg,OEM,No Color,1.0,,ΕΡΓΑΛΕΙΑ  ΕΠΑΓΓΕΛΜΑΤΙΚΟΣ ΕΞΟΠΛΙΣΜΟΣ>Εργαλεία>Είδη βαψίματος  οικοδομικά
97352,"Πινέλο βαφής - 4"" - Finder - 195036","Πινέλο βαφής - 4"" - Finder - 195036",in stock,new,2.7 EUR,,https://www.tradesor.gr/wp-content/uploads/2023/06/40975a68691abf84fe62aa136c4150a3.jpg,OEM,No Color,0.8,,ΕΡΓΑΛΕΙΑ  ΕΠΑΓΓΕΛΜΑΤΙΚΟΣ ΕΞΟΠΛΙΣΜΟΣ>Εργαλεία>Είδη βαψίματος  οικοδομικά
97355,"Πινέλο βαφής - 3"" - Finder - 195035","Πινέλο βαφής - 3"" - Finder - 195035",in stock,new,2.16 EUR,,https://www.tradesor.gr/wp-content/uploads/2023/06/8fe658e6061424aedd961f20c7a83392.jpg,OEM,No Color,0.8,,ΕΡΓΑΛΕΙΑ  ΕΠΑΓΓΕΛΜΑΤΙΚΟΣ ΕΞΟΠΛΙΣΜΟΣ>Εργαλεία>Είδη βαψίματος  οικοδομικά
97358,"Πινέλο βαφής - 2.5"" - Finder - 195034","Πινέλο βαφής - 2.5"" - Finder - 195034",in stock,new,1.8 EUR,,https://www.tradesor.gr/wp-content/uploads/2023/06/6120c1df0c9820a0d8f46a4979c00505.jpg,OEM,No Color,0.8,,ΕΡΓΑΛΕΙΑ  ΕΠΑΓΓΕΛΜΑΤΙΚΟΣ ΕΞΟΠΛΙΣΜΟΣ>Εργαλεία>Είδη βαψίματος  οικοδομικά
97361,"Πινέλο βαφής - 2"" - Finder - 195033","Πινέλο βαφής - 2"" - Finder - 195033",in stock,new,1.44 EUR,,https://www.tradesor.gr/wp-content/uploads/2023/06/e1def38eabe2c36f0f10ea48c047e538.jpg,OEM,No Color,0.8,,ΕΡΓΑΛΕΙΑ  ΕΠΑΓΓΕΛΜΑΤΙΚΟΣ ΕΞΟΠΛΙΣΜΟΣ>Εργαλεία>Είδη βαψίματος  οικοδομικά
97364,"Πινέλο βαφής - 1.5"" - Finder - 195032","Πινέλο βαφής - 1.5"" - Finder - 195032",in stock,new,0.9 EUR,,https://www.tradesor.gr/wp-content/uploads/2023/06/e3e4a285a5fce758c8e3e4fd7dd264fc.jpg,OEM,No Color,0.8,,ΕΡΓΑΛΕΙΑ  ΕΠΑΓΓΕΛΜΑΤΙΚΟΣ ΕΞΟΠΛΙΣΜΟΣ>Εργαλεία>Είδη βαψίματος  οικοδομικά
97367,"Πινέλο βαφής - 1"" - Finder - 195031","Πινέλο βαφής - 1"" - Finder - 195031",in stock,new,0.72 EUR,,https://www.tradesor.gr/wp-content/uploads/2023/06/20c3f2dcba88da5cc3586c1c78d084d7.jpg,OEM,No Color,0.8,,ΕΡΓΑΛΕΙΑ  ΕΠΑΓΓΕΛΜΑΤΙΚΟΣ ΕΞΟΠΛΙΣΜΟΣ>Εργαλεία>Είδη βαψίματος  οικοδομικά
