id,title,description,availability,condition,price,link,image_link,brand,color,shipping_weight,rich_text_description,fb_product_category
36314,Αντικλεπτική κλειδαριά ελαστικών - ,Αντικλεπτική κλειδαριά ελαστικών - 893239,in stock,new,18 EUR,,https://www.tradesor.gr/wp-content/uploads/2023/04/2809_893239.jpg,OEM,No Color,3.5,<p>Περιγραφή:</p><ul><li>Υλικό: Χάλυβας</li><li>Μέγεθος: 48.5 * 29.5 CM</li><li>Δυνατότητα προσαρμογής στο μέγεθος του ελαστικού</li><li>Η μαλακή επικάλυψη των σφιγκτηρών δεν προκαλεί ζημιά στις ζάντες.</li><li>Ειδικό για ελαστικά 18-27 εκατοστά πάχος.</li><li>Διαστάσεις συσκευασίας: 30 x  50cm</li></ul>,AUTO-MOTO-BIKE>Είδη αυτοκινήτου>Συναγερμοί οχημάτων  κλειδαριές
37046,Λουκέτο δισκόφρενου μοτοσικλέτας - ,Λουκέτο δισκόφρενου μοτοσικλέτας - Disc lock - 253 - 673363,in stock,new,3.6 EUR,,https://www.tradesor.gr/wp-content/uploads/2023/04/673363_811.jpg,OEM,No Color,1.5,"<p>Λουκέτο δισκόφρενου μοτοσικλέτας 253, ατσάλινο.</p><ul><li>Διαστάσεις συσκευασίας: 10 x  15cm</li></ul>",AUTO-MOTO-BIKE>Είδη αυτοκινήτου>Συναγερμοί οχημάτων  κλειδαριές
37047,Κλειδαριά ποδηλάτου - 633213,Κλειδαριά ποδηλάτου - 633213,in stock,new,5.4 EUR,,https://www.tradesor.gr/wp-content/uploads/2023/04/633213_811.jpg,OEM,No Color,3,"<p>Αλυσίδα ποδηλάτου σιδερένια, με υφασμάτινο κάλυμμα και ατσάλινη κλειδαριά βαρέως τύπου με αντικλείδια.</p><ul><li>Μήκος συσκευασίας: 40cm</li></ul>",AUTO-MOTO-BIKE>Είδη αυτοκινήτου>Συναγερμοί οχημάτων  κλειδαριές
37048,Κλειδαριά ποδηλάτου - 325 - 633206,Κλειδαριά ποδηλάτου - 325 - 633206,in stock,new,4.5 EUR,,https://www.tradesor.gr/wp-content/uploads/2023/04/633206_811.jpg,OEM,No Color,3,"<p>Αλυσίδα ποδηλάτου σιδερένια, με υφασμάτινο κάλυμμα και ατσάλινη κλειδαριά βαρέως τύπου με αντικλείδια.</p><ul><li>Μήκος συσκευασίας: 42cm</li></ul>",AUTO-MOTO-BIKE>Είδη αυτοκινήτου>Συναγερμοί οχημάτων  κλειδαριές
37210,Σύστημα συναγερμού αυτοκινήτου - Y263,Σύστημα συναγερμού αυτοκινήτου - Y263 - 206510,in stock,new,32.4 EUR,,https://www.tradesor.gr/wp-content/uploads/2023/04/206510.jpg,OEM,No Color,1.0,"<p><span class=""VIiyi"" lang=""el""><span class=""JLqJ4b"" data-language-for-alternatives=""el"" data-language-to-translate-into=""es"" data-phrase-index=""0"" data-number-of-phrases=""1"">Σύστημα συναγερμού αυτοκινήτου - Y264 - με δύο χειριστήρια. </span></span><span class=""VIiyi"" lang=""el""><span class=""JLqJ4b"" data-language-for-alternatives=""el"" data-language-to-translate-into=""es"" data-phrase-index=""0"" data-number-of-phrases=""1"">Σύνδεση με φώτα-αλάρμ - ανάβουν κατά το κλείδωμα-ξεκλείδωμα.<br /><br /><strong>Κύρια μονάδα (σύστημα συναγερμού):</strong> <br />Τάση λειτουργίας: DC12 + _3V <br />Ρεύμα εξόδου: φλας 7,5A x2 <br />Σειρήνα: 10Α<br /><strong>Τηλεχειριστήριο:</strong> <br />Τάση λειτουργίας: DC12V/6V <br />Μπαταρία: Cr2016, 23/27A / 12V / 6V <br /><strong>Αισθητήρας:</strong> <br />Τάση λειτουργίας: DC12 + _3V</span></span></p><ul><li>Διαστάσεις συσκευασίας: 29 x  23cm</li></ul><p><span class=""VIiyi"" lang=""el""><span class=""JLqJ4b"" data-language-for-alternatives=""el"" data-language-to-translate-into=""es"" data-phrase-index=""0"" data-number-of-phrases=""1"">Περιλαμβάνονται όλα τα σύνεργα σύνδεσης και manual με αναλυτικές Οδηγίες εγκατάστασης στα Αγγλικά.</span></span></p>",AUTO-MOTO-BIKE>Είδη αυτοκινήτου>Συναγερμοί οχημάτων  κλειδαριές
37211,Σύστημα συναγερμού αυτοκινήτου - Y174,Σύστημα συναγερμού αυτοκινήτου - Y174  - 206527,in stock,new,32.4 EUR,,https://www.tradesor.gr/wp-content/uploads/2023/04/206527.jpg,OEM,No Color,1.0,"<p><span class=""VIiyi"" lang=""el""><span class=""JLqJ4b"" data-language-for-alternatives=""el"" data-language-to-translate-into=""es"" data-phrase-index=""0"" data-number-of-phrases=""1"">Σύστημα συναγερμού αυτοκινήτου με δύο χειριστήρια. </span></span><span class=""VIiyi"" lang=""el""><span class=""JLqJ4b"" data-language-for-alternatives=""el"" data-language-to-translate-into=""es"" data-phrase-index=""0"" data-number-of-phrases=""1"">Σύνδεση με φώτα-αλάρμ - ανάβουν κατά το κλείδωμα-ξεκλείδωμα.</span></span></p><p><span class=""VIiyi"" lang=""el""><span class=""JLqJ4b"" data-language-for-alternatives=""el"" data-language-to-translate-into=""es"" data-phrase-index=""0"" data-number-of-phrases=""1""><strong>Κύρια μονάδα (σύστημα συναγερμού):</strong> <br />Τάση λειτουργίας: DC12 + _3V <br />Ρεύμα εξόδου: φλας 7,5A x2 <br />Σειρήνα: 10Α<br /><strong>Τηλεχειριστήριο:</strong> <br />Τάση λειτουργίας: DC12V/6V <br />Μπαταρία: Cr2016, 23/27A / 12V / 6V <br /><strong>Αισθητήρας:</strong> <br />Τάση λειτουργίας: DC12 + _3V</span></span></p><ul><li>Διαστάσεις συσκευασίας: 29 x  23cm</li></ul><p><span class=""VIiyi"" lang=""el""><span class=""JLqJ4b"" data-language-for-alternatives=""el"" data-language-to-translate-into=""es"" data-phrase-index=""0"" data-number-of-phrases=""1"">Περιλαμβάνονται όλα τα σύνεργα σύνδεσης και manual με αναλυτικές Οδηγίες εγκατάστασης στα Αγγλικά.</span></span></p>",AUTO-MOTO-BIKE>Είδη αυτοκινήτου>Συναγερμοί οχημάτων  κλειδαριές
37213,Σύστημα συναγερμού αυτοκινήτου - Y90 ,Σύστημα συναγερμού αυτοκινήτου - Y90 - 202277,in stock,new,32.4 EUR,,https://www.tradesor.gr/wp-content/uploads/2023/04/202277.jpg,OEM,No Color,1.0,"<p><span class=""VIiyi"" lang=""el""><span class=""JLqJ4b"" data-language-for-alternatives=""el"" data-language-to-translate-into=""es"" data-phrase-index=""0"" data-number-of-phrases=""1"">Σύστημα συναγερμού αυτοκινήτου - Y264 - με δύο χειριστήρια. </span></span><span class=""VIiyi"" lang=""el""><span class=""JLqJ4b"" data-language-for-alternatives=""el"" data-language-to-translate-into=""es"" data-phrase-index=""0"" data-number-of-phrases=""1"">Σύνδεση με φώτα-αλάρμ - ανάβουν κατά το κλείδωμα-ξεκλείδωμα.</span></span></p><p><span class=""VIiyi"" lang=""el""><span class=""JLqJ4b"" data-language-for-alternatives=""el"" data-language-to-translate-into=""es"" data-phrase-index=""0"" data-number-of-phrases=""1""><strong>Κύρια μονάδα (σύστημα συναγερμού):</strong> <br />Τάση λειτουργίας: DC12 + _3V <br />Ρεύμα εξόδου: φλας 7,5A x2 <br />Σειρήνα: 10Α<br /><strong>Τηλεχειριστήριο:</strong> <br />Τάση λειτουργίας: DC12V/6V <br />Μπαταρία: Cr2016, 23/27A / 12V / 6V <br /><strong>Αισθητήρας:</strong> <br />Τάση λειτουργίας: DC12 + _3V</span></span></p><p><span class=""VIiyi"" lang=""el""><span class=""JLqJ4b"" data-language-for-alternatives=""el"" data-language-to-translate-into=""es"" data-phrase-index=""0"" data-number-of-phrases=""1"">Περιλαμβάνονται όλα τα σύνεργα σύνδεσης και manual με αναλυτικές Οδηγίες εγκατάστασης στα Αγγλικά.<br /></span></span></p><ul><li>Διαστάσεις συσκευασίας: 29 x  23cm</li></ul>",AUTO-MOTO-BIKE>Είδη αυτοκινήτου>Συναγερμοί οχημάτων  κλειδαριές
37982,Αντικλεπτική μπάρα κλειδώματος τιμ,Αντικλεπτική μπάρα κλειδώματος τιμονιού αυτοκινήτου - CQ6081 - 002075,in stock,new,9 EUR,,https://www.tradesor.gr/wp-content/uploads/2023/04/002075.jpg,OEM,No Color,4,<ul><li> Αντικλεπτικό μπαστούνι τιμονιού.</li><li> Με προστατευτικές επικαλύψεις για προστασία του ταμπλό και τιμονιού από σημάδια.</li><li> Κατασκευασμένο από υψηλής ποιότητας ατσάλι.</li><li> Προσαρμόζεται σε κάθε τύπο τιμονιού και οχήματος. </li><li> Μηχανισμός άμεσου κλειδώματος - ξεκλειδώματος.</li><li> 3 κλειδιά ασφαλείας.</li><li>Διαστάσεις συσκευασίας: 18 x  56cm</li></ul>,AUTO-MOTO-BIKE>Είδη αυτοκινήτου>Συναγερμοί οχημάτων  κλειδαριές
37983,Αντικλεπτική μπάρα κλειδώματος τιμ,Αντικλεπτική μπάρα κλειδώματος τιμονιού αυτοκινήτου - CQ6088 - 002051,in stock,new,8.1 EUR,,https://www.tradesor.gr/wp-content/uploads/2023/04/002068.jpg,OEM,No Color,4,<ul><li> Αντικλεπτικό μπαστούνι τιμονιού.</li><li> Με επικαλύψεις βινυλίου για προστασία του ταμπλό και τιμονιού από σημάδια.</li><li> Κατασκευασμένο από υψηλής ποιότητας ατσάλι.</li><li> Προσαρμόζεται σε κάθε τύπο τιμονιού και οχήματος. </li><li> Μηχανισμός άμεσου κλειδώματος - ξεκλειδώματος.</li><li>Διαστάσεις συσκευασίας: 14 x 56 cm</li><li>Γάντζοι κλειδώματος και 2 κλειδιά ασφαλείας.</li></ul>,AUTO-MOTO-BIKE>Είδη αυτοκινήτου>Συναγερμοί οχημάτων  κλειδαριές
37984,Αντικλεπτική μπάρα κλειδώματος τιμ,Αντικλεπτική μπάρα κλειδώματος τιμονιού αυτοκινήτου - CQ6008 - 002068,in stock,new,10.8 EUR,,https://www.tradesor.gr/wp-content/uploads/2023/04/002051.jpg,OEM,No Color,4,<ul><li> Αντικλεπτικό μπαστούνι τιμονιού.</li><li> Κατασκευασμένο από υψηλής ποιότητας ατσάλι.</li><li> Προσαρμόζεται σε κάθε τύπο τιμονιού και οχήματος. </li><li> Μηχανισμός άμεσου κλειδώματος - ξεκλειδώματος.</li><li> 3 γάντζοι κλειδώματος και 2 κλειδιά ασφαλείας.</li><li>Διαστάσεις συσκευασίας: 16 x 62cm</li><li> </li></ul>,AUTO-MOTO-BIKE>Είδη αυτοκινήτου>Συναγερμοί οχημάτων  κλειδαριές
105359,Ηλεκτρομαγνητικό μοτέρ κλειδαριάς ,Ηλεκτρομαγνητικό μοτέρ κλειδαριάς αυτοκινήτου με 5 καλώδια - 1360802B/31H - 130641,in stock,new,2.7 EUR,,https://www.tradesor.gr/wp-content/uploads/2023/06/f35f4cbe40f79a755347e81561cd22a4.jpg,OEM,No Color,0.8,,AUTO-MOTO-BIKE>Είδη αυτοκινήτου>Συναγερμοί οχημάτων  κλειδαριές
105362,Ηλεκτρομαγνητικό μοτέρ κλειδαριάς ,Ηλεκτρομαγνητικό μοτέρ κλειδαριάς αυτοκινήτου με 2 καλώδια - 1360801B/31H - 130640,in stock,new,1.8 EUR,,https://www.tradesor.gr/wp-content/uploads/2023/06/01c78e796eb2d51c65f9d3299cc90c3d.jpg,OEM,No Color,0.8,,AUTO-MOTO-BIKE>Είδη αυτοκινήτου>Συναγερμοί οχημάτων  κλειδαριές
105380,Σύστημα συναγερμού αυτοκινήτου - D132,Σύστημα συναγερμού αυτοκινήτου - D1320303 - 130633,in stock,new,27 EUR,,https://www.tradesor.gr/wp-content/uploads/2023/06/2e62d3a21c5846066e91c619261f8b98.jpg,OEM,No Color,0.8,,AUTO-MOTO-BIKE>Είδη αυτοκινήτου>Συναγερμοί οχημάτων  κλειδαριές
105804,Αντικλεπτική μπάρα κλειδώματος τιμ,Αντικλεπτική μπάρα κλειδώματος τιμονιού αυτοκινήτου - 1720108B  - 170416,in stock,new,27 EUR,,https://www.tradesor.gr/wp-content/uploads/2023/06/a7c766af556fb67624def2dc28c63318.jpg,OEM,No Color,1.5,,AUTO-MOTO-BIKE>Είδη αυτοκινήτου>Συναγερμοί οχημάτων  κλειδαριές
105966,Σύστημα Start-Stop αυτοκινήτου - 1350402/01 - 1,Σύστημα Start-Stop αυτοκινήτου - 1350402/01 - 130349,in stock,new,30.6 EUR,,https://www.tradesor.gr/wp-content/uploads/2023/06/23b884fcf8274049e890044de02f1e15.jpg,OEM,No Color,0.7,,AUTO-MOTO-BIKE>Είδη αυτοκινήτου>Συναγερμοί οχημάτων  κλειδαριές
105969,Σύστημα Start-Stop αυτοκινήτου - 1350404/02 - 1,Σύστημα Start-Stop αυτοκινήτου - 1350404/02 - 130348,in stock,new,27 EUR,,https://www.tradesor.gr/wp-content/uploads/2023/06/48ec0796ad9ba784122d72c0d6aa40db.jpg,OEM,No Color,0.7,,AUTO-MOTO-BIKE>Είδη αυτοκινήτου>Συναγερμοί οχημάτων  κλειδαριές
105972,Σύστημα Start-Stop αυτοκινήτου - 1350303/AU PKE,Σύστημα Start-Stop αυτοκινήτου - 1350303/AU PKE - 130347,in stock,new,99 EUR,,https://www.tradesor.gr/wp-content/uploads/2023/06/e0632a0707d86b1a09746305fe7c42c3.jpg,OEM,No Color,0.7,,AUTO-MOTO-BIKE>Είδη αυτοκινήτου>Συναγερμοί οχημάτων  κλειδαριές
106299,Σύστημα κεντρικού κλειδώματος αυτο,Σύστημα κεντρικού κλειδώματος αυτοκινήτου - R-Y61701-315B - 130103,in stock,new,9.9 EUR,,https://www.tradesor.gr/wp-content/uploads/2023/06/db7e8463af8f8b3faa4c128c603e5471.jpg,OEM,No Color,1.5,,AUTO-MOTO-BIKE>Είδη αυτοκινήτου>Συναγερμοί οχημάτων  κλειδαριές
106541,Σύστημα συναγερμού αυτοκινήτου - CTC-,Σύστημα συναγερμού αυτοκινήτου - CTC-T100 - 000406,in stock,new,23.4 EUR,,https://www.tradesor.gr/wp-content/uploads/2023/06/4acafcaa703607cd7c08360089f44e20.jpg,OEM,No Color,0.9,,AUTO-MOTO-BIKE>Είδη αυτοκινήτου>Συναγερμοί οχημάτων  κλειδαριές
107501,Κλειδαριά κοτσαδόρου τρέιλερ - 1720803/,Κλειδαριά κοτσαδόρου τρέιλερ - 1720803/02 - 170418,in stock,new,10.8 EUR,,https://www.tradesor.gr/wp-content/uploads/2023/06/6caf58a85d2275a3448fbc1c79edac8c.jpg,OEM,No Color,0.7,,AUTO-MOTO-BIKE>Είδη αυτοκινήτου>Συναγερμοί οχημάτων  κλειδαριές
107504,Αντικλεπτική κλειδαριά τιμονιού αυ,Αντικλεπτική κλειδαριά τιμονιού αυτοκινήτου - 1720106M - 170415,in stock,new,9 EUR,,https://www.tradesor.gr/wp-content/uploads/2023/06/54eeca5bbafdae8bdb503d76ab1691e7.jpg,OEM,No Color,3.0,,AUTO-MOTO-BIKE>Είδη αυτοκινήτου>Συναγερμοί οχημάτων  κλειδαριές
107507,Αντικλεπτική κλειδαριά τιμονιού αυ,Αντικλεπτική κλειδαριά τιμονιού αυτοκινήτου - 1720105S - 170414,in stock,new,10.8 EUR,,https://www.tradesor.gr/wp-content/uploads/2023/06/78e0debe9a81cbe95322d45ef0cb0b54.jpg,OEM,No Color,2.0,,AUTO-MOTO-BIKE>Είδη αυτοκινήτου>Συναγερμοί οχημάτων  κλειδαριές
107510,Αντικλεπτική κλειδαριά συμπλέκτη α,Αντικλεπτική κλειδαριά συμπλέκτη αυτοκινήτου - 1720207A - 170417,in stock,new,16.2 EUR,,https://www.tradesor.gr/wp-content/uploads/2023/06/d88b2795bd4c20bb110e59d93d55174a.jpg,OEM,No Color,2.0,,AUTO-MOTO-BIKE>Είδη αυτοκινήτου>Συναγερμοί οχημάτων  κλειδαριές
107513,Αντικλεπτική κλειδαριά συμπλέκτη α,Αντικλεπτική κλειδαριά συμπλέκτη αυτοκινήτου - 1720102B - 170413,in stock,new,18 EUR,,https://www.tradesor.gr/wp-content/uploads/2023/06/ed0b8fb0dc4a6e4469f2f236fe11a60f.jpg,OEM,No Color,3.0,,AUTO-MOTO-BIKE>Είδη αυτοκινήτου>Συναγερμοί οχημάτων  κλειδαριές
