id,title,description,availability,condition,price,link,image_link,brand,color,shipping_weight,rich_text_description,fb_product_category
35459,Σημαδούρα αλιείας - 60g - 20286,Σημαδούρα αλιείας - 60g - 20286,in stock,new,1.26 EUR,,https://www.tradesor.gr/wp-content/uploads/2023/04/20286-1.jpg,OEM,No Color,0.3,"<div class=""prod-descr""><p>1 Σημαδούρα αλιείας βάρους 60g, απαραίτητο αξεσουάρ για το ψάρεμά σας. <br />Οικονομική και αξιόπιστη.</p></div>",ΕΙΔΗ ΑΛΙΕΙΑΣ>Φελλοί  πλωτήρες
35734,Φελλοί αλιείας - 15pcs - 30229,Φελλοί αλιείας - 15pcs - 30229,in stock,new,2.34 EUR,,https://www.tradesor.gr/wp-content/uploads/2023/04/30229.jpg,OEM,No Color,0.3,"Σετ 15 φελλοί ψαρέματος σε διάφορα μεγέθη και σχήματα.

Απαραίτητο αξεσουάρ για όλους όσοι δουλεύουν με φελλό ! Οικονομικοί, εύχρηστοι και πολύ αξιόπιστοι.

&nbsp;

Αυθεντικό προϊόν Tradesor.",ΕΙΔΗ ΑΛΙΕΙΑΣ>Φελλοί  πλωτήρες
35935,Φελλοί αλιείας - 20299,Φελλοί αλιείας - 20299,in stock,new,0.9 EUR,,https://www.tradesor.gr/wp-content/uploads/2023/04/20299.jpg,OEM,No Color,0.3,"4 Φελλοί ψαρέματος μεγέθους 3#.

Απαραίτητο αξεσουάρ για όλους όσοι δουλεύουν με φελλό ! Οικονομικοί, εύχρηστοι και πολύ αξιόπιστοι.",ΕΙΔΗ ΑΛΙΕΙΑΣ>Φελλοί  πλωτήρες
35936,Φελλοί αλιείας - 20298,Φελλοί αλιείας - 20298,in stock,new,0.9 EUR,,https://www.tradesor.gr/wp-content/uploads/2023/04/20298.jpg,OEM,No Color,0.3,"3 Φελλοί ψαρέματος μεγέθους 2#.

Απαραίτητο αξεσουάρ για όλους όσοι δουλεύουν με φελλό ! Οικονομικοί, εύχρηστοι και πολύ αξιόπιστοι.",ΕΙΔΗ ΑΛΙΕΙΑΣ>Φελλοί  πλωτήρες
35937,Φελλοί αλιείας - 20297,Φελλοί αλιείας - 20297,in stock,new,0.9 EUR,,https://www.tradesor.gr/wp-content/uploads/2023/04/20297.jpg,OEM,No Color,0.3,"<div class=""prod-descr"">Σετ 3 Φελλοί ψαρέματος μεγέθους 1#, κατασκευασμένο από υλικά υψηλής ποιότητας και αντοχής. </div>",ΕΙΔΗ ΑΛΙΕΙΑΣ>Φελλοί  πλωτήρες
35938,Φελλοί αλιείας - 20296,Φελλοί αλιείας - 20296,in stock,new,0.9 EUR,,https://www.tradesor.gr/wp-content/uploads/2023/04/20296.jpg,OEM,No Color,0.3,"Κλασικοί φελλοί, απαραίτητο αξεσουάρ για όλους όσοι δουλεύουν με φελλό ! Οικονομικοί, εύχρηστοι και πολύ αξιόπιστοι.

Η συσκευασία περιλαμβάνει 3 φελλούς και μεγέθους 1 3/4.",ΕΙΔΗ ΑΛΙΕΙΑΣ>Φελλοί  πλωτήρες
35940,Φελλοί αλιείας - 20294,Φελλοί αλιείας - 20294,in stock,new,0.9 EUR,,https://www.tradesor.gr/wp-content/uploads/2023/04/20294.jpg,OEM,No Color,0.3,"Κλασικοί φελλοί, απαραίτητο αξεσουάρ για όλους όσοι δουλεύουν με φελλό ! Οικονομικοί, εύχρηστοι και πολύ αξιόπιστοι.

Η συσκευασία περιλαμβάνει 5 φελλούς και μεγέθους 1 1/4.",ΕΙΔΗ ΑΛΙΕΙΑΣ>Φελλοί  πλωτήρες
35941,Φελλοί αλιείας - 20293,Φελλοί αλιείας - 20293,in stock,new,0.9 EUR,,https://www.tradesor.gr/wp-content/uploads/2023/04/20293.jpg,OEM,No Color,0.3,"Κλασικοί φελλοί, απαραίτητο αξεσουάρ για όλους όσοι δουλεύουν με φελλό ! Οικονομικοί, εύχρηστοι και πολύ αξιόπιστοι.

Η συσκευασία περιλαμβάνει 6 φελλούς και μεγέθους 1"""".",ΕΙΔΗ ΑΛΙΕΙΑΣ>Φελλοί  πλωτήρες
36010,Φελλοί αλιείας - 30204,Φελλοί αλιείας - 30204,in stock,new,1.44 EUR,,https://www.tradesor.gr/wp-content/uploads/2023/04/15847618091226684-1.jpg,OEM,No Color,0.3,"Σετ φελλοί ψαρέματος σε διάφορα μεγέθη και σχήματα.

Απαραίτητο αξεσουάρ για όλους όσοι δουλεύουν με φελλό ! Οικονομικοί, εύχρηστοι και πολύ αξιόπιστοι.

Αυθεντικό προϊόν Tradesor.",ΕΙΔΗ ΑΛΙΕΙΑΣ>Φελλοί  πλωτήρες
36028,Φελλοί αλιείας - 30227,Φελλοί αλιείας - 30227,in stock,new,1.44 EUR,,https://www.tradesor.gr/wp-content/uploads/2023/04/15847620187443493-1.jpg,OEM,No Color,0.3,"Σετ φελλοί ψαρέματος σε διάφορα μεγέθη και σχήματα.

Απαραίτητο αξεσουάρ για όλους όσοι δουλεύουν με φελλό ! Οικονομικοί, εύχρηστοι και πολύ αξιόπιστοι.

Αυθεντικό προϊόν Tradesor.",ΕΙΔΗ ΑΛΙΕΙΑΣ>Φελλοί  πλωτήρες
36029,Φελλοί αλιείας - 30228,Φελλοί αλιείας - 30228,in stock,new,1.44 EUR,,https://www.tradesor.gr/wp-content/uploads/2023/04/15847620842641221-1.jpg,OEM,No Color,0.3,"2 Κλασικοί φελλοί από φελιζόλ, απαραίτητο αξεσουάρ για όλους όσοι δουλεύουν με φελλό ! Οικονομικοί, εύχρηστοι και πολύ αξιόπιστοι.

Αυθεντικό προϊόν Tradesor.",ΕΙΔΗ ΑΛΙΕΙΑΣ>Φελλοί  πλωτήρες
36030,Φελλοί αλιείας - 20303,Φελλοί αλιείας - 20303,in stock,new,4.5 EUR,,https://www.tradesor.gr/wp-content/uploads/2023/04/158476326188891-1.jpg,OEM,No Color,0.3,"<p>Mεσαία  κεραία σχήματος ανάποδης σταγόνας. Ιδανικό για ψάρεμα bolognese μικρών/μεσαίων αποστάσεων , τόσο σε γλυκό όσο και σε αλμυρό νερό. Η συσκευασία περιλαμβάνει 10 φελλούς βάρους 3.0g.</p>",ΕΙΔΗ ΑΛΙΕΙΑΣ>Φελλοί  πλωτήρες
36031,Φελλοί αλιείας - 20302,Φελλοί αλιείας - 20302,in stock,new,4.5 EUR,,https://www.tradesor.gr/wp-content/uploads/2023/04/15847633319576410-1.jpg,OEM,No Color,0.3,"Mεσαία  κεραία σχήματος ανάποδης σταγόνας. Ιδανικό για ψάρεμα bolognese μικρών/μεσαίων αποστάσεων , τόσο σε γλυκό όσο και σε αλμυρό νερό.

Η συσκευασία περιλαμβάνει 10 φελλούς βάρους 3.5g.",ΕΙΔΗ ΑΛΙΕΙΑΣ>Φελλοί  πλωτήρες
36032,Φελλοί αλιείας - 20301,Φελλοί αλιείας - 20301,in stock,new,4.5 EUR,,https://www.tradesor.gr/wp-content/uploads/2023/04/15847633819374442-1.jpg,OEM,No Color,0.3,"<p>Mεσαία  κεραία, glassfiber στέλεχος και σχήμα ανάποδης σταγόνας. Ιδανικό για ψάρεμα bolognese μικρών/μεσαίων αποστάσεων , τόσο σε γλυκό όσο και σε αλμυρό νερό. Η συσκευασία περιλαμβάνει 10 φελλούς βάρους 5g.  </p>",ΕΙΔΗ ΑΛΙΕΙΑΣ>Φελλοί  πλωτήρες
36045,Σημαδούρα αλιείας - 20287,Σημαδούρα αλιείας - 20287,in stock,new,0.9 EUR,,https://www.tradesor.gr/wp-content/uploads/2023/04/28287-1.jpg,OEM,No Color,0.3,"<p>1 Σημαδούρα αλιείας βάρους 80g, απαραίτητο αξεσουάρ για το ψάρεμά σας. <br />Οικονομική και αξιόπιστη.</p>",ΕΙΔΗ ΑΛΙΕΙΑΣ>Φελλοί  πλωτήρες
37333,Σημαδούρες αλιείας - 20g - 2pcs - 30666,Σημαδούρες αλιείας - 20g - 2pcs - 30666,in stock,new,1.08 EUR,,https://www.tradesor.gr/wp-content/uploads/2023/04/30666.png,OEM,No Color,0.1,"<p>2 Σημαδούρες αλιείας βάρους 20g η μία, απαραίτητο αξεσουάρ για το ψάρεμά σας. <br />Οικονομική και αξιόπιστη.</p>",ΕΙΔΗ ΑΛΙΕΙΑΣ>Φελλοί  πλωτήρες
37334,Φελλοί αλιείας - 3 pcs - 20g - 30664,Φελλοί αλιείας - 3 pcs - 20g - 30664,in stock,new,0.9 EUR,,https://www.tradesor.gr/wp-content/uploads/2023/04/30664.png,OEM,No Color,0.1,<p>Αξεσουάρ αλιείας - 3 pcs - 20g σε θήκη ζελατίνας.</p>,ΕΙΔΗ ΑΛΙΕΙΑΣ>Φελλοί  πλωτήρες
37335,Φελλοί αλιείας - 4 pcs - 10g - 30665,Φελλοί αλιείας - 4 pcs - 10g - 30665,in stock,new,0.9 EUR,,https://www.tradesor.gr/wp-content/uploads/2023/04/30665.png,OEM,No Color,0.1,"<p>Φελλός ψαρέματος από προηγμένο φελιζόλ, ιδανικός για ερασιτεχνικό ψάρεμα.<br />Σετ 4 τεμαχίων.<br /><br /></p>",ΕΙΔΗ ΑΛΙΕΙΑΣ>Φελλοί  πλωτήρες
39466,Σημαδούρα αλιείας - 30g - 2pcs - 30719,Σημαδούρα αλιείας - 30g - 2pcs - 30719,in stock,new,1.44 EUR,,https://www.tradesor.gr/wp-content/uploads/2023/04/30719_712.png,OEM,No Color,0.1,"<p>2 Σημαδούρες αλιείας βάρους 30g η μία, απαραίτητο αξεσουάρ για το ψάρεμά σας. <br />Οικονομική και αξιόπιστη.</p>",ΕΙΔΗ ΑΛΙΕΙΑΣ>Φελλοί  πλωτήρες
39467,Σημαδούρα αλιείας - 80g - 1pcs - 30718,Σημαδούρα αλιείας - 80g - 1pcs - 30718,in stock,new,1.44 EUR,,https://www.tradesor.gr/wp-content/uploads/2023/04/30718.jpg,OEM,No Color,0.1,"<p>Σημαδούρα αλιείας βάρους 80g, απαραίτητο αξεσουάρ για το ψάρεμά σας. <br />Οικονομική και αξιόπιστη.</p>",ΕΙΔΗ ΑΛΙΕΙΑΣ>Φελλοί  πλωτήρες
94477,Φελλοί ψαρέματος - 8g - 3pcs - 31393,Φελλοί ψαρέματος - 8g - 3pcs - 31393,in stock,new,1.44 EUR,,https://www.tradesor.gr/wp-content/uploads/2023/06/5b4d26f046699dc52885a80eb788be5e.jpg,OEM,No Color,0.4,,ΕΙΔΗ ΑΛΙΕΙΑΣ>Φελλοί  πλωτήρες
94480,Φελλοί ψαρέματος - 7g - 3pcs - 31392,Φελλοί ψαρέματος - 7g - 3pcs - 31392,in stock,new,1.44 EUR,,https://www.tradesor.gr/wp-content/uploads/2023/06/2300c5ed58fbaa99d5c5bda8df7e5a5d.jpg,OEM,No Color,0.4,,ΕΙΔΗ ΑΛΙΕΙΑΣ>Φελλοί  πλωτήρες
94483,Φελλοί ψαρέματος - 6g - 3pcs - 31391,Φελλοί ψαρέματος - 6g - 3pcs - 31391,in stock,new,1.44 EUR,,https://www.tradesor.gr/wp-content/uploads/2023/06/56ee2d1861177fa81450ea8a41e94aad.jpg,OEM,No Color,0.4,,ΕΙΔΗ ΑΛΙΕΙΑΣ>Φελλοί  πλωτήρες
94486,Φελλοί ψαρέματος - 5g - 3pcs - 31390,Φελλοί ψαρέματος - 5g - 3pcs - 31390,in stock,new,1.44 EUR,,https://www.tradesor.gr/wp-content/uploads/2023/06/984417d417c3ece5e0182fb92030f046.jpg,OEM,No Color,0.4,,ΕΙΔΗ ΑΛΙΕΙΑΣ>Φελλοί  πλωτήρες
94489,Φελλοί ψαρέματος - 4g - 3pcs - 31389,Φελλοί ψαρέματος - 4g - 3pcs - 31389,in stock,new,1.44 EUR,,https://www.tradesor.gr/wp-content/uploads/2023/06/fb8e19be93a81b4ebf4bef6a4f8d75ff.jpg,OEM,No Color,0.4,,ΕΙΔΗ ΑΛΙΕΙΑΣ>Φελλοί  πλωτήρες
94492,Φελλοί ψαρέματος - 3g - 3pcs - 31388,Φελλοί ψαρέματος - 3g - 3pcs - 31388,in stock,new,1.44 EUR,,https://www.tradesor.gr/wp-content/uploads/2023/06/b7dda2af9da81a6fb4f2c767381fc82b.jpg,OEM,No Color,0.4,,ΕΙΔΗ ΑΛΙΕΙΑΣ>Φελλοί  πλωτήρες
94495,Φελλοί ψαρέματος - 2g - 3pcs - 31387,Φελλοί ψαρέματος - 2g - 3pcs - 31387,in stock,new,1.44 EUR,,https://www.tradesor.gr/wp-content/uploads/2023/06/7dfb4288acbc370d99597a3012bf0b6f.jpg,OEM,No Color,0.4,,ΕΙΔΗ ΑΛΙΕΙΑΣ>Φελλοί  πλωτήρες
95351,Πλωτήρας ψαρέματος - Σανίδα - 8# - 31513,Πλωτήρας ψαρέματος - Σανίδα - 8# - 31513,in stock,new,11.7 EUR,,https://www.tradesor.gr/wp-content/uploads/2023/06/85dac1acb620648f85c4cf87271f5cd7.jpg,OEM,No Color,0.7,,ΕΙΔΗ ΑΛΙΕΙΑΣ>Φελλοί  πλωτήρες
95354,Πλωτήρας ψαρέματος - Σανίδα - 7# - 31512,Πλωτήρας ψαρέματος - Σανίδα - 7# - 31512,in stock,new,9.9 EUR,,https://www.tradesor.gr/wp-content/uploads/2023/06/92f82e50e8b1e15b561f03062cad54c6.jpg,OEM,No Color,0.7,,ΕΙΔΗ ΑΛΙΕΙΑΣ>Φελλοί  πλωτήρες
95357,Πλωτήρας ψαρέματος - Σανίδα - 6# - 31511,Πλωτήρας ψαρέματος - Σανίδα - 6# - 31511,in stock,new,8.1 EUR,,https://www.tradesor.gr/wp-content/uploads/2023/06/3953529be57c08f7d13df12941e004d2.jpg,OEM,No Color,0.7,,ΕΙΔΗ ΑΛΙΕΙΑΣ>Φελλοί  πλωτήρες
95360,Πλωτήρας ψαρέματος - Σανίδα - 5# - 31510,Πλωτήρας ψαρέματος - Σανίδα - 5# - 31510,in stock,new,6.3 EUR,,https://www.tradesor.gr/wp-content/uploads/2023/06/11e1cce04ffc3fae7edfacc61555894e.jpg,OEM,No Color,0.7,,ΕΙΔΗ ΑΛΙΕΙΑΣ>Φελλοί  πλωτήρες
96628,Φελλοί ψαρέματος - 5# - 2PCS - 31403,Φελλοί ψαρέματος - 5# - 2PCS - 31403,in stock,new,0.9 EUR,,https://www.tradesor.gr/wp-content/uploads/2023/06/4b812d5164bcdf0998333b98b4c63e5c.jpg,OEM,No Color,0.4,,ΕΙΔΗ ΑΛΙΕΙΑΣ>Φελλοί  πλωτήρες
96631,Φελλοί ψαρέματος - 4# - 2PCS - 31402,Φελλοί ψαρέματος - 4# - 2PCS - 31402,in stock,new,0.9 EUR,,https://www.tradesor.gr/wp-content/uploads/2023/06/a8fcbf334ce713505e05c665be396779.jpg,OEM,No Color,0.4,,ΕΙΔΗ ΑΛΙΕΙΑΣ>Φελλοί  πλωτήρες
96634,Φελλοί ψαρέματος - 3# - 2PCS - 31401,Φελλοί ψαρέματος - 3# - 2PCS - 31401,in stock,new,0.9 EUR,,https://www.tradesor.gr/wp-content/uploads/2023/06/873bfd04490373d5bdaa465e28696fdf.jpg,OEM,No Color,0.4,,ΕΙΔΗ ΑΛΙΕΙΑΣ>Φελλοί  πλωτήρες
96637,Φελλός ψαρέματος - 31398,Φελλός ψαρέματος - 31398,in stock,new,0.9 EUR,,https://www.tradesor.gr/wp-content/uploads/2023/06/8dca627ff3511e3bbe28025b333a1a83.jpg,OEM,No Color,0.4,,ΕΙΔΗ ΑΛΙΕΙΑΣ>Φελλοί  πλωτήρες
109035,Φελλοί ψαρέματος - 15gr - 2pcs - 31411,Φελλοί ψαρέματος - 15gr - 2pcs - 31411,in stock,new,1.8 EUR,,https://www.tradesor.gr/wp-content/uploads/2023/06/5ec31b7c89d6282d4a7cb196d055cf13.jpg,OEM,No Color,0.3,,ΕΙΔΗ ΑΛΙΕΙΑΣ>Φελλοί  πλωτήρες
109038,Φελλοί ψαρέματος - 10gr - 2pcs - 31410,Φελλοί ψαρέματος - 10gr - 2pcs - 31410,in stock,new,1.44 EUR,,https://www.tradesor.gr/wp-content/uploads/2023/06/402a95043c44ce085d42fa4edceecfd6.jpg,OEM,No Color,0.3,,ΕΙΔΗ ΑΛΙΕΙΑΣ>Φελλοί  πλωτήρες
109041,Φελλοί ψαρέματος - 2.0gr - 2pcs - 31409,Φελλοί ψαρέματος - 2.0gr - 2pcs - 31409,in stock,new,1.26 EUR,,https://www.tradesor.gr/wp-content/uploads/2023/06/e3eb7b42fba608042fc3b3dadf2b20c9.jpg,OEM,No Color,0.3,,ΕΙΔΗ ΑΛΙΕΙΑΣ>Φελλοί  πλωτήρες
109044,Φελλοί ψαρέματος - 1.0gr - 2pcs - 31408,Φελλοί ψαρέματος - 1.0gr - 2pcs - 31408,in stock,new,1.08 EUR,,https://www.tradesor.gr/wp-content/uploads/2023/06/44bfa8e25f2f7b2c981fe3a36ef084c1.jpg,OEM,No Color,0.3,,ΕΙΔΗ ΑΛΙΕΙΑΣ>Φελλοί  πλωτήρες
109050,Φελλός ψαρέματος - 31399,Φελλός ψαρέματος - 31399,in stock,new,2.7 EUR,,https://www.tradesor.gr/wp-content/uploads/2023/06/b82614d439d3b20fa025655c50c4339e.jpg,OEM,No Color,0.3,,ΕΙΔΗ ΑΛΙΕΙΑΣ>Φελλοί  πλωτήρες
109053,Πλωτήρας ψαρέματος - 9# - 31407,Πλωτήρας ψαρέματος - 9# - 31407,in stock,new,1.44 EUR,,https://www.tradesor.gr/wp-content/uploads/2023/06/3ed780148bfb2f084ac87a8cd9720c9c.jpg,OEM,No Color,0.2,,ΕΙΔΗ ΑΛΙΕΙΑΣ>Φελλοί  πλωτήρες
109056,Πλωτήρας ψαρέματος - 8# - 31406,Πλωτήρας ψαρέματος - 8# - 31406,in stock,new,1.44 EUR,,https://www.tradesor.gr/wp-content/uploads/2023/06/4d1b96e5d1ae0d99afedd2936eaa1879.jpg,OEM,No Color,0.2,,ΕΙΔΗ ΑΛΙΕΙΑΣ>Φελλοί  πλωτήρες
109059,Πλωτήρας ψαρέματος - 7# - 31405,Πλωτήρας ψαρέματος - 7# - 31405,in stock,new,1.44 EUR,,https://www.tradesor.gr/wp-content/uploads/2023/06/c85fea7e87da9af02fa0e4e65444adec.jpg,OEM,No Color,0.2,,ΕΙΔΗ ΑΛΙΕΙΑΣ>Φελλοί  πλωτήρες
109062,Πλωτήρας ψαρέματος - 6# - 31404,Πλωτήρας ψαρέματος - 6# - 31404,in stock,new,1.08 EUR,,https://www.tradesor.gr/wp-content/uploads/2023/06/d42331ea000d44080b388154c0204167.jpg,OEM,No Color,0.2,,ΕΙΔΗ ΑΛΙΕΙΑΣ>Φελλοί  πλωτήρες
