id,title,description,availability,condition,price,link,image_link,brand,color,shipping_weight,rich_text_description,fb_product_category
36068,Μονοκρυσταλλικό ηλιακό πάνελ - Solar Pa,Μονοκρυσταλλικό ηλιακό πάνελ - Solar Panel - 50W - 676128,in stock,new,81 EUR,,https://www.tradesor.gr/wp-content/uploads/2023/04/solarpanel.jpg,OEM,No Color,12.0,"<p>Μονοκρυσταλλικού πυριτίου σειρά SE 50W υψηλής απόδοσης. Το υψηλής απόδοσης και πιστότητας φωτοβολταϊκό πάνελ Solar plus είναι μιας νέας Γερμανικής γενιάς σύγχρονη μονοκρυσταλλικής τεχνολογίας φωτοβολταϊκή γεννήτρια  που περιέχει κυψέλες με αντιανακλαστική επίστρωση και γυαλί για την παραγωγή περισσότερης ενέργειας (περισσότερες kWh ανά kWp) από την εγκατάστασή σας. Όλα τα εισαγόμενα στην Ελλάδα φωτοβολταϊκά πλαίσια έχουν θετική ανοχή έως +5% της ονομαστικής τους ισχύς σε watt  δίδοντας στην πραγματικότητα περισσότερα watt γεγονός που τα επιτρέπει να φτάνουν σε αποδόσεις έως και 16.9% σε σχέση με την προσπίπτουσα ηλιακή ενέργεια. Διαθέτει Ευρωπαϊκές πιστοποιήσεις CE,  ISO 2000-2001 Mε πλαίσιο αλουμινίου Rating Power (Pm)50W Tolerance0 +5% Rated Voltage (Vm)17.6V Rated Current (Im)2.86A Open Circuit Voltage (Voc)21 V Short Circuit Voltage (Isc)3.2A Διαστάσεις: 68 x 54 x 3cm Maximum Voltage 1000V ISO9001</p>",ΦΩΤΙΣΜΟΣ  ΕΝΕΡΓΕΙΑ>Συστήματα ηλιακού φωτισμού>Ηλιακά πάνελ
37753,Μονοκρυσταλλικό ηλιακό πάνελ πυριτ,Μονοκρυσταλλικό ηλιακό πάνελ πυριτίου - Solar Panel - 30W - 12V - 602227,in stock,new,45 EUR,,https://www.tradesor.gr/wp-content/uploads/2023/04/602227.jpg,OEM,No Color,12.0,"<p>30 watt μονοκρυσταλλικού πυριτίου σειρά SE 20 υψηλής απόδοσης. 12V Το υψηλής απόδοσης και πιστότητας φωτοβολταϊκό πάνελ Solar plus είναι μιας νέας γενιάς σύγχρονη μονοκρυσταλλικής τεχνολογίας φωτοβολταϊκή γεννήτρια  που περιέχει κυψέλες με αντιανακλαστική επίστρωση και γυαλί για την παραγωγή περισσότερης ενέργειας (περισσότερες kWh ανά kWp) από την εγκατάστασή σας. Όλα τα εισαγόμενα στην Ελλάδα φωτοβολταϊκά πλαίσια έχουν θετική ανοχή έως +5% της ονομαστικής τους ισχύς σε watt  δίδοντας στην πραγματικότητα περισσότερα watt γεγονός που τα επιτρέπει να φτάνουν σε αποδόσεις έως και 16.9% σε σχέση με την προσπίπτουσα ηλιακή ενέργεια. Διαθέτει Ευρωπαϊκές πιστοποιήσεις CE,  ISO 2000-2001 Rating Power (Pm)30W-35W Tolerance0 +5% (Vn) 12v Rated Voltage (Vm)17.6V Rated Current (Im)1.70A Open Circuit Voltage (Voc)21.50 V Short Circuit Voltage (Isc)1.92 Διαστάσεις: 35 x 56 x 2.5cm</p>",ΦΩΤΙΣΜΟΣ  ΕΝΕΡΓΕΙΑ>Συστήματα ηλιακού φωτισμού>Ηλιακά πάνελ
38782,Μονοκρυσταλλικό ηλιακό πάνελ - Solar Pa,Μονοκρυσταλλικό ηλιακό πάνελ - Solar Panel - 200W - 602265,in stock,new,216 EUR,,https://www.tradesor.gr/wp-content/uploads/2023/04/602265.jpg,OEM,No Color,23.0,<p>Τεχνικά χαρακτηριστικά:<br />Peak Power: 200W<br />Voltage: 17.64V<br />Current: 11.34A<br />Open circuit voltage: 21.6V<br />Short circuit current: 12.47A<br />Διαστάσεις: 159cm×86cm</p>,ΦΩΤΙΣΜΟΣ  ΕΝΕΡΓΕΙΑ>Συστήματα ηλιακού φωτισμού>Ηλιακά πάνελ
38783,Μονοκρυσταλλικό ηλιακό πάνελ - Solar Pa,Μονοκρυσταλλικό ηλιακό πάνελ - Solar Panel - 150W - 602258,in stock,new,171 EUR,,https://www.tradesor.gr/wp-content/uploads/2023/04/602258.jpg,OEM,No Color,20.0,<p>Τεχνικά χαρακτηριστικά:<br />Peak Power: 150W<br />Voltage: 17.82V<br />Current: 8.42A<br />Open circuit voltage: 22.14V<br />Short circuit current: 9.43A<br />Διαστάσεις: 149cm×68cm</p>,ΦΩΤΙΣΜΟΣ  ΕΝΕΡΓΕΙΑ>Συστήματα ηλιακού φωτισμού>Ηλιακά πάνελ
39639,Μονοκρυσταλλικό ηλιακό πάνελ – Solar ,Μονοκρυσταλλικό ηλιακό πάνελ – Solar Panel – 100W – 602234,in stock,new,99 EUR,,https://www.tradesor.gr/wp-content/uploads/2023/04/602234.jpg,OEM,No Color,20.0,"<p>Το υψηλής απόδοσης και πιστότητας φωτοβολταϊκό πάνελ Solar plus είναι μιας νέας γενιάς σύγχρονη μονοκρυσταλλικής τεχνολογίας φωτοβολταϊκή γεννήτρια που περιέχει κυψέλες με αντιανακλαστική επίστρωση και γυαλί για την παραγωγή περισσότερης ενέργειας (περισσότερες kWh ανά kWp) από την εγκατάστασή σας. Όλα τα εισαγόμενα στην Ελλάδα φωτοβολταϊκά πλαίσια έχουν θετική ανοχή έως +5% της ονομαστικής τους ισχύς σε watt δίδοντας στην πραγματικότητα περισσότερα watt γεγονός που τα επιτρέπει να φτάνουν σε αποδόσεις έως και 16.9% σε σχέση με την προσπίπτουσα ηλιακή ενέργεια. Διαθέτει Ευρωπαϊκές πιστοποιήσεις CE, ISO 2000-2001.</p><p>Διαστάσεις συσκευασίας:55 x 120cm</p>",ΦΩΤΙΣΜΟΣ  ΕΝΕΡΓΕΙΑ>Συστήματα ηλιακού φωτισμού>Ηλιακά πάνελ
