id,title,description,availability,condition,price,link,image_link,brand,color,shipping_weight,rich_text_description,fb_product_category
35558,Κεφαλή σμιλευτή - Βελόνι - 17Χ400mm - Finder,Κεφαλή σμιλευτή - Βελόνι - 17Χ400mm - Finder - 196346,in stock,new,4.5 EUR,,https://www.tradesor.gr/wp-content/uploads/2023/04/15762417995136171.jpg,OEM,No Color,0.2,<p>17*400*40 - Φτιαγμένο από ατσάλι 40cr</p>,ΕΡΓΑΛΕΙΑ  ΕΠΑΓΓΕΛΜΑΤΙΚΟΣ ΕΞΟΠΛΙΣΜΟΣ>Εργαλεία>Τρυπάνια  καλέμια
35559,Κεφαλή σμιλευτή - Βελόνι - 17Χ280mm - Finder,Κεφαλή σμιλευτή - Βελόνι - 17Χ280mm - Finder - 196345,in stock,new,3.6 EUR,,https://www.tradesor.gr/wp-content/uploads/2023/04/15762417187602023.jpg,OEM,No Color,0.2,<p>17*280*40 - Φτιαγμένο από ατσάλι 40cr</p>,ΕΡΓΑΛΕΙΑ  ΕΠΑΓΓΕΛΜΑΤΙΚΟΣ ΕΞΟΠΛΙΣΜΟΣ>Εργαλεία>Τρυπάνια  καλέμια
35561,Τρυπάνι σιδήρου - 9mm - Finder - 196201,Τρυπάνι σιδήρου - 9mm - Finder - 196201,in stock,new,10.8 EUR,,https://www.tradesor.gr/wp-content/uploads/2023/04/196195.jpg,OEM,No Color,0.4,"<p>Τρυπάνι σιδήρου μεγέθους 9mm, σετ 5 τεμαχίων.</p>",ΕΡΓΑΛΕΙΑ  ΕΠΑΓΓΕΛΜΑΤΙΚΟΣ ΕΞΟΠΛΙΣΜΟΣ>Εργαλεία>Τρυπάνια  καλέμια
35562,Τρυπάνι σιδήρου - 8mm - Finder - 196200,Τρυπάνι σιδήρου - 8mm - Finder - 196200,in stock,new,9 EUR,,https://www.tradesor.gr/wp-content/uploads/2023/04/196195.jpg,OEM,No Color,0.4,"<p>Τρυπάνι σιδήρου μεγέθους 8mm, σετ 5 τεμαχίων.</p>",ΕΡΓΑΛΕΙΑ  ΕΠΑΓΓΕΛΜΑΤΙΚΟΣ ΕΞΟΠΛΙΣΜΟΣ>Εργαλεία>Τρυπάνια  καλέμια
35563,Τρυπάνι σιδήρου - 7mm - Finder - 196199,Τρυπάνι σιδήρου - 7mm - Finder - 196199,in stock,new,7.2 EUR,,https://www.tradesor.gr/wp-content/uploads/2023/04/196195.jpg,OEM,No Color,0.4,"<p>Τρυπάνι σιδήρου μεγέθους 7mm, σετ 5 τεμαχίων.</p>",ΕΡΓΑΛΕΙΑ  ΕΠΑΓΓΕΛΜΑΤΙΚΟΣ ΕΞΟΠΛΙΣΜΟΣ>Εργαλεία>Τρυπάνια  καλέμια
35564,Τρυπάνι σιδήρου - 6mm - Finder - 196198,Τρυπάνι σιδήρου - 6mm - Finder - 196198,in stock,new,9 EUR,,https://www.tradesor.gr/wp-content/uploads/2023/04/196195.jpg,OEM,No Color,0.3,"<p>Τρυπάνι σιδήρου μεγέθους 6mm, σετ 10 τεμαχίων.</p>",ΕΡΓΑΛΕΙΑ  ΕΠΑΓΓΕΛΜΑΤΙΚΟΣ ΕΞΟΠΛΙΣΜΟΣ>Εργαλεία>Τρυπάνια  καλέμια
35565,Τρυπάνι σιδήρου - 4mm - Finder - 196196,Τρυπάνι σιδήρου - 4mm - Finder - 196196,in stock,new,4.5 EUR,,https://www.tradesor.gr/wp-content/uploads/2023/04/196195.jpg,OEM,No Color,0.3,"<p>Τρυπάνι σιδήρου μεγέθους 4mm, σετ 10 τεμαχίων.</p>",ΕΡΓΑΛΕΙΑ  ΕΠΑΓΓΕΛΜΑΤΙΚΟΣ ΕΞΟΠΛΙΣΜΟΣ>Εργαλεία>Τρυπάνια  καλέμια
35566,Τρυπάνι σιδήρου - 2mm - Finder - 196194,Τρυπάνι σιδήρου - 2mm - Finder - 196194,in stock,new,2.16 EUR,,https://www.tradesor.gr/wp-content/uploads/2023/04/196195.jpg,OEM,No Color,0.2,"<p>Τρυπάνι σιδήρου μεγέθους 2mm, σετ 10 τεμαχίων.</p>",ΕΡΓΑΛΕΙΑ  ΕΠΑΓΓΕΛΜΑΤΙΚΟΣ ΕΞΟΠΛΙΣΜΟΣ>Εργαλεία>Τρυπάνια  καλέμια
35567,Τρυπάνι σιδήρου - 1mm - Finder - 196193,Τρυπάνι σιδήρου - 1mm - Finder - 196193,in stock,new,1.8 EUR,,https://www.tradesor.gr/wp-content/uploads/2023/04/196195.jpg,OEM,No Color,0.2,"<p>Τρυπάνι σιδήρου μεγέθους 1mm, σετ 10 τεμαχίων.</p>",ΕΡΓΑΛΕΙΑ  ΕΠΑΓΓΕΛΜΑΤΙΚΟΣ ΕΞΟΠΛΙΣΜΟΣ>Εργαλεία>Τρυπάνια  καλέμια
35568,Τρυπάνι μπετού SDS - 14Χ260mm - Finder - 195827,Τρυπάνι μπετού SDS - 14Χ260mm - Finder - 195827,in stock,new,2.16 EUR,,https://www.tradesor.gr/wp-content/uploads/2023/04/15762403674404855.jpg,OEM,No Color,0.6,<p>Τρυπάνι μπετού SDS μεγέθους 10Χ260mm.</p>,ΕΡΓΑΛΕΙΑ  ΕΠΑΓΓΕΛΜΑΤΙΚΟΣ ΕΞΟΠΛΙΣΜΟΣ>Εργαλεία>Τρυπάνια  καλέμια
35569,Τρυπάνι μπετού SDS - 14Χ210mm - Finder - 195826,Τρυπάνι μπετού SDS - 14Χ210mm - Finder - 195826,in stock,new,1.8 EUR,,https://www.tradesor.gr/wp-content/uploads/2023/04/15762403038915907.jpg,OEM,No Color,0.6,<p>Τρυπάνι μπετού SDS μεγέθους 14Χ210mm.</p>,ΕΡΓΑΛΕΙΑ  ΕΠΑΓΓΕΛΜΑΤΙΚΟΣ ΕΞΟΠΛΙΣΜΟΣ>Εργαλεία>Τρυπάνια  καλέμια
35570,Τρυπάνι μπετού SDS - 12Χ310mm - Finder - 195819,Τρυπάνι μπετού SDS - 12Χ310mm - Finder - 195819,in stock,new,1.8 EUR,,https://www.tradesor.gr/wp-content/uploads/2023/04/15762401973245718.jpg,OEM,No Color,0.6,<p>Τρυπάνι μπετού SDS μεγέθους 12Χ310mm.</p>,ΕΡΓΑΛΕΙΑ  ΕΠΑΓΓΕΛΜΑΤΙΚΟΣ ΕΞΟΠΛΙΣΜΟΣ>Εργαλεία>Τρυπάνια  καλέμια
35571,Τρυπάνι μπετού SDS - 12Χ260mm - Finder - 195818,Τρυπάνι μπετού SDS - 12Χ260mm - Finder - 195818,in stock,new,1.8 EUR,,https://www.tradesor.gr/wp-content/uploads/2023/04/15762406387421664.jpg,OEM,No Color,0.6,<p>Τρυπάνι μπετού SDS μεγέθους 12Χ260mm.</p>,ΕΡΓΑΛΕΙΑ  ΕΠΑΓΓΕΛΜΑΤΙΚΟΣ ΕΞΟΠΛΙΣΜΟΣ>Εργαλεία>Τρυπάνια  καλέμια
35572,Τρυπάνι μπετού SDS - 10Χ210mm - Finder - 195809,Τρυπάνι μπετού SDS - 10Χ210mm - Finder - 195809,in stock,new,1.44 EUR,,https://www.tradesor.gr/wp-content/uploads/2023/04/15762401001956730.jpg,OEM,No Color,0.6,<p>Τρυπάνι μπετού SDS μεγέθους 10Χ210mm.</p>,ΕΡΓΑΛΕΙΑ  ΕΠΑΓΓΕΛΜΑΤΙΚΟΣ ΕΞΟΠΛΙΣΜΟΣ>Εργαλεία>Τρυπάνια  καλέμια
35573,Τρυπάνι μπετού SDS - 10Χ160mm - Finder - 195808,Τρυπάνι μπετού SDS - 10Χ160mm - Finder - 195808,in stock,new,1.08 EUR,,https://www.tradesor.gr/wp-content/uploads/2023/04/15762400430352257.jpg,OEM,No Color,0.6,<p>Τρυπάνι μπετού SDS μεγέθους 10Χ160mm.</p>,ΕΡΓΑΛΕΙΑ  ΕΠΑΓΓΕΛΜΑΤΙΚΟΣ ΕΞΟΠΛΙΣΜΟΣ>Εργαλεία>Τρυπάνια  καλέμια
35574,Τρυπάνι μπετού SDS - 8Χ210mm - Finder - 195803,Τρυπάνι μπετού SDS - 8Χ210mm - Finder - 195803,in stock,new,1.44 EUR,,https://www.tradesor.gr/wp-content/uploads/2023/04/15762399469361366.jpg,OEM,No Color,0.6,<p>Τρυπάνι μπετού SDS μεγέθους 8Χ210mm.</p>,ΕΡΓΑΛΕΙΑ  ΕΠΑΓΓΕΛΜΑΤΙΚΟΣ ΕΞΟΠΛΙΣΜΟΣ>Εργαλεία>Τρυπάνια  καλέμια
35575,Τρυπάνι μπετού SDS - 8Χ160mm - Finder - 195802,Τρυπάνι μπετού SDS - 8Χ160mm - Finder - 195802,in stock,new,0.9 EUR,,https://www.tradesor.gr/wp-content/uploads/2023/04/15762398765456583.jpg,OEM,No Color,0.6,<p>Τρυπάνι μπετού SDS μεγέθους 8Χ160mm.</p>,ΕΡΓΑΛΕΙΑ  ΕΠΑΓΓΕΛΜΑΤΙΚΟΣ ΕΞΟΠΛΙΣΜΟΣ>Εργαλεία>Τρυπάνια  καλέμια
35576,Τρυπάνι μπετού SDS - 6Χ160mm - Finder - 195795,Τρυπάνι μπετού SDS - 6Χ160mm - Finder - 195795,in stock,new,0.9 EUR,,https://www.tradesor.gr/wp-content/uploads/2023/04/15762398130378592.jpg,OEM,No Color,0.6,<p>Τρυπάνι μπετού SDS μεγέθους 6Χ160mm.</p>,ΕΡΓΑΛΕΙΑ  ΕΠΑΓΓΕΛΜΑΤΙΚΟΣ ΕΞΟΠΛΙΣΜΟΣ>Εργαλεία>Τρυπάνια  καλέμια
35577,Τρυπάνι μπετού SDS - 6Χ110mm - Finder - 195794,Τρυπάνι μπετού SDS - 6Χ110mm - Finder - 195794,in stock,new,0.9 EUR,,https://www.tradesor.gr/wp-content/uploads/2023/04/15762394607199831.jpg,OEM,No Color,0.6,<p>Τρυπάνι μπετού SDS μεγέθους 6Χ110mm.</p>,ΕΡΓΑΛΕΙΑ  ΕΠΑΓΓΕΛΜΑΤΙΚΟΣ ΕΞΟΠΛΙΣΜΟΣ>Εργαλεία>Τρυπάνια  καλέμια
35578,Τρυπάνι ξύλου - 8Χ230mm - Finder - 195721,Τρυπάνι ξύλου - 8Χ230mm - Finder - 195721,in stock,new,1.44 EUR,,https://www.tradesor.gr/wp-content/uploads/2023/04/15762393945546581.jpg,OEM,No Color,0.6,"<p>Τρυπάνι ξύλου μεγέθους 8Χ230mm, Finder</p>",ΕΡΓΑΛΕΙΑ  ΕΠΑΓΓΕΛΜΑΤΙΚΟΣ ΕΞΟΠΛΙΣΜΟΣ>Εργαλεία>Τρυπάνια  καλέμια
35579,Τρυπάνι ξύλου - 8Χ150mm - Finder - 195720,Τρυπάνι ξύλου - 8Χ150mm - Finder - 195720,in stock,new,1.44 EUR,,https://www.tradesor.gr/wp-content/uploads/2023/04/15762393279416349.jpg,OEM,No Color,0.6,"<p>Τρυπάνι ξύλου μεγέθους 8Χ150mm, Finder</p>",ΕΡΓΑΛΕΙΑ  ΕΠΑΓΓΕΛΜΑΤΙΚΟΣ ΕΞΟΠΛΙΣΜΟΣ>Εργαλεία>Τρυπάνια  καλέμια
36590,Καλέμι με επίπεδη σμίλη - Finder - 195890,Καλέμι με επίπεδη σμίλη - Finder - 195890,in stock,new,8.1 EUR,,https://www.tradesor.gr/wp-content/uploads/2023/04/2904_195890.jpg,OEM,No Color,0.6,"<p>Καλέμι με επίπεδη σμίλη, Finder</p><p>Μέγεθος: 19 x 16 x 305 mm</p>",ΕΡΓΑΛΕΙΑ  ΕΠΑΓΓΕΛΜΑΤΙΚΟΣ ΕΞΟΠΛΙΣΜΟΣ>Εργαλεία>Τρυπάνια  καλέμια
37291,Τρυπάνι μπετού SDS - 10x110mm - Finder - 195807,Τρυπάνι μπετού SDS - 10x110mm - Finder - 195807,in stock,new,1.26 EUR,,https://www.tradesor.gr/wp-content/uploads/2023/04/195807.png,OEM,No Color,0.6,"<p>Τρυπάνι μπετού SDS, Finder<br />Διαστάσεις: 10x110mm</p>",ΕΡΓΑΛΕΙΑ  ΕΠΑΓΓΕΛΜΑΤΙΚΟΣ ΕΞΟΠΛΙΣΜΟΣ>Εργαλεία>Τρυπάνια  καλέμια
38415,Τρυπάνι σιδήρου - 3mm - Finder - 196195,Τρυπάνι σιδήρου - 3mm - Finder - 196195,in stock,new,3.6 EUR,,https://www.tradesor.gr/wp-content/uploads/2023/04/196195.jpg,OEM,No Color,0.2,"<p>Τρυπάνι σιδήρου μεγέθους 3mm, σετ 10 τεμαχίων.</p>",ΕΡΓΑΛΕΙΑ  ΕΠΑΓΓΕΛΜΑΤΙΚΟΣ ΕΞΟΠΛΙΣΜΟΣ>Εργαλεία>Τρυπάνια  καλέμια
39261,Καλέμι SDS - 250x40mm - Finder - 196324,Καλέμι SDS - 250x40mm - Finder - 196324,in stock,new,3.6 EUR,,https://www.tradesor.gr/wp-content/uploads/2023/04/196324.png,OEM,No Color,0.5,"<p>Καλέμι SDS plus πλατύ, μεγέθους 250x40mm από την Finder.</p>",ΕΡΓΑΛΕΙΑ  ΕΠΑΓΓΕΛΜΑΤΙΚΟΣ ΕΞΟΠΛΙΣΜΟΣ>Εργαλεία>Τρυπάνια  καλέμια
39276,Τρυπάνι σιδήρου - 5mm - 10pcs - Finder - 196197,Τρυπάνι σιδήρου - 5mm - 10pcs - Finder - 196197,in stock,new,8.1 EUR,,https://www.tradesor.gr/wp-content/uploads/2023/04/196195.jpg,OEM,No Color,0.3,"<p>Τρυπάνι σιδήρου μεγέθους 5mm, σετ 10 τεμαχίων.</p>",ΕΡΓΑΛΕΙΑ  ΕΠΑΓΓΕΛΜΑΤΙΚΟΣ ΕΞΟΠΛΙΣΜΟΣ>Εργαλεία>Τρυπάνια  καλέμια
56010,Διαμαντοκορώνα μπετού - 85x22x110mm - Finder ,Διαμαντοκορώνα μπετού - 85x22x110mm - Finder - 196030,in stock,new,14.4 EUR,,https://www.tradesor.gr/wp-content/uploads/2023/05/3521ea93599dd66b6a0faed0cfed0745.jpg,OEM,No Color,1.0,Διαμαντοκορώνα μπετού μεγέθους 85x22x110mm - Finder.,ΕΡΓΑΛΕΙΑ  ΕΠΑΓΓΕΛΜΑΤΙΚΟΣ ΕΞΟΠΛΙΣΜΟΣ>Εργαλεία>Τρυπάνια  καλέμια
56013,Διαμαντοκορώνα μπετού - 50x22x110mm - Finder ,Διαμαντοκορώνα μπετού - 50x22x110mm - Finder - 196029,in stock,new,9 EUR,,https://www.tradesor.gr/wp-content/uploads/2023/05/13aff71523d1039009683aba8cbae6ae.jpg,OEM,No Color,1.0,Διαμαντοκορώνα μπετού μεγέθους 50x22x110mm- Finder.,ΕΡΓΑΛΕΙΑ  ΕΠΑΓΓΕΛΜΑΤΙΚΟΣ ΕΞΟΠΛΙΣΜΟΣ>Εργαλεία>Τρυπάνια  καλέμια
56016,Διαμαντοκορώνα μπετού - 40x22x110mm - Finder ,Διαμαντοκορώνα μπετού - 40x22x110mm - Finder - 196028,in stock,new,8.1 EUR,,https://www.tradesor.gr/wp-content/uploads/2023/05/e8b73d10ef6433bcabf0d3f409feb3eb.jpg,OEM,No Color,1.0,Διαμαντοκορώνα μπετού μεγέθους 40x22x110mm  - Finder.,ΕΡΓΑΛΕΙΑ  ΕΠΑΓΓΕΛΜΑΤΙΚΟΣ ΕΞΟΠΛΙΣΜΟΣ>Εργαλεία>Τρυπάνια  καλέμια
56019,Διαμαντοκορώνα μπετού - 35x22x110mm - Finder ,Διαμαντοκορώνα μπετού - 35x22x110mm - Finder - 196027,in stock,new,7.2 EUR,,https://www.tradesor.gr/wp-content/uploads/2023/05/2c397bd7fefdd4507fb1326e261e89af.jpg,OEM,No Color,1.0,Διαμαντοκορώνα μπετού μεγέθους 35x22x110mm - Finder.,ΕΡΓΑΛΕΙΑ  ΕΠΑΓΓΕΛΜΑΤΙΚΟΣ ΕΞΟΠΛΙΣΜΟΣ>Εργαλεία>Τρυπάνια  καλέμια
56022,Καλέμι SDS - 17X280X25mm - Finder - 196351,Καλέμι SDS - 17X280X25mm - Finder - 196351,in stock,new,4.5 EUR,,https://www.tradesor.gr/wp-content/uploads/2023/05/9a9da20a2495ea4d789377f3c975cdd3.jpg,OEM,No Color,0.8,"Καλέμι SDS, μεγέθους 17X280X25mm - Finder.",ΕΡΓΑΛΕΙΑ  ΕΠΑΓΓΕΛΜΑΤΙΚΟΣ ΕΞΟΠΛΙΣΜΟΣ>Εργαλεία>Τρυπάνια  καλέμια
56025,Καλέμι SDS MAX - 18X600X50mm - Finder - 196342,Καλέμι SDS MAX - 18X600X50mm - Finder - 196342,in stock,new,9 EUR,,https://www.tradesor.gr/wp-content/uploads/2023/05/a828f49b4faed796fb9ca9c576f3b1b3.jpg,OEM,No Color,0.8,"<p>Καλέμι SDS MAX, μεγέθους 18X600X50mm - Finder.<br />Περιλαμβάνεται 1 τεμάχιο.</p>",ΕΡΓΑΛΕΙΑ  ΕΠΑΓΓΕΛΜΑΤΙΚΟΣ ΕΞΟΠΛΙΣΜΟΣ>Εργαλεία>Τρυπάνια  καλέμια
56028,Καλέμι SDS MAX - 18X600X25mm - Finder - 196340,Καλέμι SDS MAX - 18X600X25mm - Finder - 196340,in stock,new,7.2 EUR,,https://www.tradesor.gr/wp-content/uploads/2023/05/7ec2492dce49413578b6fcc9e43011a0.jpg,OEM,No Color,0.8,"<p>Καλέμι SDS MAX, μεγέθους 18X600X25mm - Finder.<br />Περιλαμβάνεται 1 τεμάχιο.</p>",ΕΡΓΑΛΕΙΑ  ΕΠΑΓΓΕΛΜΑΤΙΚΟΣ ΕΞΟΠΛΙΣΜΟΣ>Εργαλεία>Τρυπάνια  καλέμια
56031,Καλέμι SDS MAX - 18X600X22mm - Finder - 196339,Καλέμι SDS MAX - 18X600X22mm - Finder - 196339,in stock,new,7.2 EUR,,https://www.tradesor.gr/wp-content/uploads/2023/05/6535f9645b2f4a6ef8e0384ac61898a3.jpg,OEM,No Color,0.8,"<p>Καλέμι SDS MAX, μεγέθους 18X600X22mm - Finder.<br />Περιλαμβάνεται 1 τεμάχιο.</p>",ΕΡΓΑΛΕΙΑ  ΕΠΑΓΓΕΛΜΑΤΙΚΟΣ ΕΞΟΠΛΙΣΜΟΣ>Εργαλεία>Τρυπάνια  καλέμια
56034,Καλέμι SDS MAX - 18X500X22mm - Finder - 196338,Καλέμι SDS MAX - 18X500X22mm - Finder - 196338,in stock,new,5.4 EUR,,https://www.tradesor.gr/wp-content/uploads/2023/05/32a3ac2dac72581e3f2f11cfb90d8f09.jpg,OEM,No Color,0.8,"<p>Καλέμι SDS MAX, μεγέθους 18X500X22mm - Finder.<br />Περιλαμβάνεται 1 τεμάχιο.</p>",ΕΡΓΑΛΕΙΑ  ΕΠΑΓΓΕΛΜΑΤΙΚΟΣ ΕΞΟΠΛΙΣΜΟΣ>Εργαλεία>Τρυπάνια  καλέμια
56037,Καλέμι SDS - 18X400X50mm - Finder - 196337,Καλέμι SDS - 18X400X50mm - Finder - 196337,in stock,new,5.4 EUR,,https://www.tradesor.gr/wp-content/uploads/2023/05/2e58fcef1a2ba612606b701e455c9693.jpg,OEM,No Color,0.8,<p>Καλέμι SDS μεγέθους 18X400X50mm - Finder.<br />Περιλαμβάνεται 1 τεμάχιο.</p>,ΕΡΓΑΛΕΙΑ  ΕΠΑΓΓΕΛΜΑΤΙΚΟΣ ΕΞΟΠΛΙΣΜΟΣ>Εργαλεία>Τρυπάνια  καλέμια
56040,Βελόνι SDS MAX - 18X600mm - Finder - 196335,Βελόνι SDS MAX - 18X600mm - Finder - 196335,in stock,new,6.3 EUR,,https://www.tradesor.gr/wp-content/uploads/2023/05/3ee87c93ca60204d699b577773cd2634.jpg,OEM,No Color,0.8,"<p>Βελόνι SDS MAX, μεγέθους 18X600mm - Finder.<br />Περιλαμβάνεται 1 τεμάχιο.</p>",ΕΡΓΑΛΕΙΑ  ΕΠΑΓΓΕΛΜΑΤΙΚΟΣ ΕΞΟΠΛΙΣΜΟΣ>Εργαλεία>Τρυπάνια  καλέμια
56043,Βελόνι SDS MAX - 18X500mm - Finder - 196334,Βελόνι SDS MAX - 18X500mm - Finder - 196334,in stock,new,5.4 EUR,,https://www.tradesor.gr/wp-content/uploads/2023/05/5c4ee633dc4bb2cec392ba7c627182a9.jpg,OEM,No Color,0.8,"<p>Βελόνι SDS MAX, μεγέθους 18X500mm - Finder.<br />Περιλαμβάνεται 1 τεμάχιο.</p>",ΕΡΓΑΛΕΙΑ  ΕΠΑΓΓΕΛΜΑΤΙΚΟΣ ΕΞΟΠΛΙΣΜΟΣ>Εργαλεία>Τρυπάνια  καλέμια
56046,Τρυπάνι ξύλου - 30x400mm - Finder - 196531,Τρυπάνι ξύλου - 30x400mm - Finder - 196531,in stock,new,10.8 EUR,,https://www.tradesor.gr/wp-content/uploads/2023/05/4bf9108fc5124139bd2f19b139f0252b.jpg,OEM,No Color,0.8,"Τρυπάνι ξύλου, μεγέθους 30x400mm - Finder.",ΕΡΓΑΛΕΙΑ  ΕΠΑΓΓΕΛΜΑΤΙΚΟΣ ΕΞΟΠΛΙΣΜΟΣ>Εργαλεία>Τρυπάνια  καλέμια
56049,Τρυπάνι ξύλου - 28x400mm - Finder - 196530,Τρυπάνι ξύλου - 28x400mm - Finder - 196530,in stock,new,9.9 EUR,,https://www.tradesor.gr/wp-content/uploads/2023/05/2a398a75a3512922e6e1ea7c9d6d3eb1.jpg,OEM,No Color,0.8,"Τρυπάνι ξύλου, μεγέθους 28x400mm - Finder.",ΕΡΓΑΛΕΙΑ  ΕΠΑΓΓΕΛΜΑΤΙΚΟΣ ΕΞΟΠΛΙΣΜΟΣ>Εργαλεία>Τρυπάνια  καλέμια
56052,Τρυπάνι ξύλου - 24x400mm - Finder - 196529,Τρυπάνι ξύλου - 24x400mm - Finder - 196529,in stock,new,7.2 EUR,,https://www.tradesor.gr/wp-content/uploads/2023/05/aadeb5d81439d012a7642a75a83e4f4f.jpg,OEM,No Color,0.8,"Τρυπάνι ξύλου, μεγέθους 24x400mm - Finder.",ΕΡΓΑΛΕΙΑ  ΕΠΑΓΓΕΛΜΑΤΙΚΟΣ ΕΞΟΠΛΙΣΜΟΣ>Εργαλεία>Τρυπάνια  καλέμια
56055,Τρυπάνι ξύλου - 22x400mm - Finder - 196528,Τρυπάνι ξύλου - 22x400mm - Finder - 196528,in stock,new,6.3 EUR,,https://www.tradesor.gr/wp-content/uploads/2023/05/f9289af81c17d640d10f7edf6a880537.jpg,OEM,No Color,0.8,"Τρυπάνι ξύλου, μεγέθους 22x400mm - Finder.",ΕΡΓΑΛΕΙΑ  ΕΠΑΓΓΕΛΜΑΤΙΚΟΣ ΕΞΟΠΛΙΣΜΟΣ>Εργαλεία>Τρυπάνια  καλέμια
56058,Τρυπάνι ξύλου - 16x400mm - Finder - 196527,Τρυπάνι ξύλου - 16x400mm - Finder - 196527,in stock,new,4.5 EUR,,https://www.tradesor.gr/wp-content/uploads/2023/05/04c926916a35782f5451b9fec1d7bdb5.jpg,OEM,No Color,0.8,"Τρυπάνι ξύλου, μεγέθους 16x400mm - Finder.",ΕΡΓΑΛΕΙΑ  ΕΠΑΓΓΕΛΜΑΤΙΚΟΣ ΕΞΟΠΛΙΣΜΟΣ>Εργαλεία>Τρυπάνια  καλέμια
56061,Τρυπάνι ξύλου - 14x400mm - Finder - 196526,Τρυπάνι ξύλου - 14x400mm - Finder - 196526,in stock,new,4.5 EUR,,https://www.tradesor.gr/wp-content/uploads/2023/05/2e531e8f3c561da49824e2b78e5d5d69.jpg,OEM,No Color,0.8,"Τρυπάνι ξύλου, μεγέθους 14x400mm - Finder.",ΕΡΓΑΛΕΙΑ  ΕΠΑΓΓΕΛΜΑΤΙΚΟΣ ΕΞΟΠΛΙΣΜΟΣ>Εργαλεία>Τρυπάνια  καλέμια
56064,Τρυπάνι ξύλου - 22x300mm - Finder - 196524,Τρυπάνι ξύλου - 22x300mm - Finder - 196524,in stock,new,5.4 EUR,,https://www.tradesor.gr/wp-content/uploads/2023/05/2d940e54e454ec0a045c324411178c6a.jpg,OEM,No Color,0.8,"Τρυπάνι ξύλου, μεγέθους 22x300mm - Finder.",ΕΡΓΑΛΕΙΑ  ΕΠΑΓΓΕΛΜΑΤΙΚΟΣ ΕΞΟΠΛΙΣΜΟΣ>Εργαλεία>Τρυπάνια  καλέμια
56067,Τρυπάνι ξύλου - 20x300mm - Finder - 196523,Τρυπάνι ξύλου - 20x300mm - Finder - 196523,in stock,new,4.5 EUR,,https://www.tradesor.gr/wp-content/uploads/2023/05/b3317d0878836d9059b273fd99743f43.jpg,OEM,No Color,0.8,"Τρυπάνι ξύλου, μεγέθους 6x230mm - Finder.",ΕΡΓΑΛΕΙΑ  ΕΠΑΓΓΕΛΜΑΤΙΚΟΣ ΕΞΟΠΛΙΣΜΟΣ>Εργαλεία>Τρυπάνια  καλέμια
56070,Τρυπάνι ξύλου - 18x300mm - Finder - 196522,Τρυπάνι ξύλου - 18x300mm - Finder - 196522,in stock,new,4.5 EUR,,https://www.tradesor.gr/wp-content/uploads/2023/05/4f9c0f53cef5a1bdb01ac57bf4cdfc0d.jpg,OEM,No Color,0.8,"Τρυπάνι ξύλου, μεγέθους 6x230mm - Finder.",ΕΡΓΑΛΕΙΑ  ΕΠΑΓΓΕΛΜΑΤΙΚΟΣ ΕΞΟΠΛΙΣΜΟΣ>Εργαλεία>Τρυπάνια  καλέμια
56073,Τρυπάνι ξύλου - 18x230mm - Finder - 196521,Τρυπάνι ξύλου - 18x230mm - Finder - 196521,in stock,new,3.6 EUR,,https://www.tradesor.gr/wp-content/uploads/2023/05/799ff96470a5bfa1beecf6a2e288b22d.jpg,OEM,No Color,0.8,"Τρυπάνι ξύλου, μεγέθους 6x230mm - Finder.",ΕΡΓΑΛΕΙΑ  ΕΠΑΓΓΕΛΜΑΤΙΚΟΣ ΕΞΟΠΛΙΣΜΟΣ>Εργαλεία>Τρυπάνια  καλέμια
56076,Τρυπάνι ξύλου - 16x300mm - Finder - 196520,Τρυπάνι ξύλου - 16x300mm - Finder - 196520,in stock,new,4.5 EUR,,https://www.tradesor.gr/wp-content/uploads/2023/05/aa7cc41805335de6c04e3e2ac7e7d94e.jpg,OEM,No Color,0.8,"Τρυπάνι ξύλου, μεγέθους 6x230mm - Finder.",ΕΡΓΑΛΕΙΑ  ΕΠΑΓΓΕΛΜΑΤΙΚΟΣ ΕΞΟΠΛΙΣΜΟΣ>Εργαλεία>Τρυπάνια  καλέμια
56079,Τρυπάνι ξύλου - 16x230mm - Finder - 196519,Τρυπάνι ξύλου - 16x230mm - Finder - 196519,in stock,new,3.6 EUR,,https://www.tradesor.gr/wp-content/uploads/2023/05/5774c161e03a7e42e309f28f1b5f714a.jpg,OEM,No Color,0.8,"Τρυπάνι ξύλου, μεγέθους 6x230mm - Finder.",ΕΡΓΑΛΕΙΑ  ΕΠΑΓΓΕΛΜΑΤΙΚΟΣ ΕΞΟΠΛΙΣΜΟΣ>Εργαλεία>Τρυπάνια  καλέμια
56082,Τρυπάνι ξύλου - 14x300mm - Finder - 196518,Τρυπάνι ξύλου - 14x300mm - Finder - 196518,in stock,new,3.6 EUR,,https://www.tradesor.gr/wp-content/uploads/2023/05/f88b56deda5f248f3eee3b45e299d66e.jpg,OEM,No Color,0.8,"Τρυπάνι ξύλου, μεγέθους 6x230mm - Finder.",ΕΡΓΑΛΕΙΑ  ΕΠΑΓΓΕΛΜΑΤΙΚΟΣ ΕΞΟΠΛΙΣΜΟΣ>Εργαλεία>Τρυπάνια  καλέμια
56085,Τρυπάνι ξύλου - 14x230mm - Finder - 196517,Τρυπάνι ξύλου - 14x230mm - Finder - 196517,in stock,new,2.7 EUR,,https://www.tradesor.gr/wp-content/uploads/2023/05/466c9e406eb2c30c0349f0c0521b99b0.jpg,OEM,No Color,0.8,"Τρυπάνι ξύλου, μεγέθους 6x230mm - Finder.",ΕΡΓΑΛΕΙΑ  ΕΠΑΓΓΕΛΜΑΤΙΚΟΣ ΕΞΟΠΛΙΣΜΟΣ>Εργαλεία>Τρυπάνια  καλέμια
56088,Τρυπάνι ξύλου - 14x150mm - Finder - 196516,Τρυπάνι ξύλου - 14x150mm - Finder - 196516,in stock,new,2.7 EUR,,https://www.tradesor.gr/wp-content/uploads/2023/05/0a16cb9ea7381d703a18ef95e0f7b021.jpg,OEM,No Color,0.8,"Τρυπάνι ξύλου, μεγέθους 6x230mm - Finder.",ΕΡΓΑΛΕΙΑ  ΕΠΑΓΓΕΛΜΑΤΙΚΟΣ ΕΞΟΠΛΙΣΜΟΣ>Εργαλεία>Τρυπάνια  καλέμια
56091,Τρυπάνι ξύλου - 13x300mm - Finder - 196515,Τρυπάνι ξύλου - 13x300mm - Finder - 196515,in stock,new,2.7 EUR,,https://www.tradesor.gr/wp-content/uploads/2023/05/8414832ead0049307e55c77b939a2d66.jpg,OEM,No Color,0.8,"Τρυπάνι ξύλου, μεγέθους 6x230mm - Finder.",ΕΡΓΑΛΕΙΑ  ΕΠΑΓΓΕΛΜΑΤΙΚΟΣ ΕΞΟΠΛΙΣΜΟΣ>Εργαλεία>Τρυπάνια  καλέμια
56094,Τρυπάνι ξύλου - 13x230mm - Finder - 196514,Τρυπάνι ξύλου - 13x230mm - Finder - 196514,in stock,new,2.34 EUR,,https://www.tradesor.gr/wp-content/uploads/2023/05/a97f4cbd3e1105ec0c86c6fb3cecc3ac.jpg,OEM,No Color,0.8,"Τρυπάνι ξύλου, μεγέθους 6x230mm - Finder.",ΕΡΓΑΛΕΙΑ  ΕΠΑΓΓΕΛΜΑΤΙΚΟΣ ΕΞΟΠΛΙΣΜΟΣ>Εργαλεία>Τρυπάνια  καλέμια
56097,Τρυπάνι ξύλου - 12x500mm - Finder - 196513,Τρυπάνι ξύλου - 12x500mm - Finder - 196513,in stock,new,4.5 EUR,,https://www.tradesor.gr/wp-content/uploads/2023/05/e7b822a18f69bbc7e377f2bd5b3ef78c.jpg,OEM,No Color,0.8,"Τρυπάνι ξύλου, μεγέθους 6x230mm - Finder.",ΕΡΓΑΛΕΙΑ  ΕΠΑΓΓΕΛΜΑΤΙΚΟΣ ΕΞΟΠΛΙΣΜΟΣ>Εργαλεία>Τρυπάνια  καλέμια
56100,Τρυπάνι ξύλου - 12x400mm - Finder - 196512,Τρυπάνι ξύλου - 12x400mm - Finder - 196512,in stock,new,3.6 EUR,,https://www.tradesor.gr/wp-content/uploads/2023/05/f6d42a2d869b68d9a6d5a8cdd7cbc1f4.jpg,OEM,No Color,0.8,"Τρυπάνι ξύλου, μεγέθους 6x230mm - Finder.",ΕΡΓΑΛΕΙΑ  ΕΠΑΓΓΕΛΜΑΤΙΚΟΣ ΕΞΟΠΛΙΣΜΟΣ>Εργαλεία>Τρυπάνια  καλέμια
56103,Τρυπάνι ξύλου - 12x300mm - Finder - 196511,Τρυπάνι ξύλου - 12x300mm - Finder - 196511,in stock,new,2.7 EUR,,https://www.tradesor.gr/wp-content/uploads/2023/05/1313b13fc95139b675a564e726a5cfbf.jpg,OEM,No Color,0.8,"Τρυπάνι ξύλου, μεγέθους 6x230mm - Finder.",ΕΡΓΑΛΕΙΑ  ΕΠΑΓΓΕΛΜΑΤΙΚΟΣ ΕΞΟΠΛΙΣΜΟΣ>Εργαλεία>Τρυπάνια  καλέμια
56106,Τρυπάνι ξύλου - 12x230mm - Finder - 196510,Τρυπάνι ξύλου - 12x230mm - Finder - 196510,in stock,new,2.34 EUR,,https://www.tradesor.gr/wp-content/uploads/2023/05/e77deaeed6b605d116f43ee4972a4d44.jpg,OEM,No Color,0.8,"Τρυπάνι ξύλου, μεγέθους 6x230mm - Finder.",ΕΡΓΑΛΕΙΑ  ΕΠΑΓΓΕΛΜΑΤΙΚΟΣ ΕΞΟΠΛΙΣΜΟΣ>Εργαλεία>Τρυπάνια  καλέμια
56109,Τρυπάνι ξύλου - 12x150mm - Finder - 196509,Τρυπάνι ξύλου - 12x150mm - Finder - 196509,in stock,new,1.8 EUR,,https://www.tradesor.gr/wp-content/uploads/2023/05/8c47513db657c896420afb80c279aad8.jpg,OEM,No Color,0.8,"Τρυπάνι ξύλου, μεγέθους 6x230mm - Finder.",ΕΡΓΑΛΕΙΑ  ΕΠΑΓΓΕΛΜΑΤΙΚΟΣ ΕΞΟΠΛΙΣΜΟΣ>Εργαλεία>Τρυπάνια  καλέμια
56112,Τρυπάνι ξύλου - 10x500mm - Finder - 196508,Τρυπάνι ξύλου - 10x500mm - Finder - 196508,in stock,new,2.7 EUR,,https://www.tradesor.gr/wp-content/uploads/2023/05/06e90f837c80c752d6a5aa031ff4aec7.jpg,OEM,No Color,0.8,"Τρυπάνι ξύλου, μεγέθους 6x230mm - Finder.",ΕΡΓΑΛΕΙΑ  ΕΠΑΓΓΕΛΜΑΤΙΚΟΣ ΕΞΟΠΛΙΣΜΟΣ>Εργαλεία>Τρυπάνια  καλέμια
56115,Τρυπάνι ξύλου - 10x400mm - Finder - 196507,Τρυπάνι ξύλου - 10x400mm - Finder - 196507,in stock,new,2.34 EUR,,https://www.tradesor.gr/wp-content/uploads/2023/05/e0895dee34869f651790d2fa5b786e6a.jpg,OEM,No Color,0.8,"Τρυπάνι ξύλου, μεγέθους 6x230mm - Finder.",ΕΡΓΑΛΕΙΑ  ΕΠΑΓΓΕΛΜΑΤΙΚΟΣ ΕΞΟΠΛΙΣΜΟΣ>Εργαλεία>Τρυπάνια  καλέμια
56118,Τρυπάνι ξύλου - 10x300mm - Finder - 196506,Τρυπάνι ξύλου - 10x300mm - Finder - 196506,in stock,new,1.8 EUR,,https://www.tradesor.gr/wp-content/uploads/2023/05/3b67c5896cdbc7b81b229aa9ad978945.jpg,OEM,No Color,0.8,"Τρυπάνι ξύλου, μεγέθους 6x230mm - Finder.",ΕΡΓΑΛΕΙΑ  ΕΠΑΓΓΕΛΜΑΤΙΚΟΣ ΕΞΟΠΛΙΣΜΟΣ>Εργαλεία>Τρυπάνια  καλέμια
56121,Τρυπάνι ξύλου - 10x230mm - Finder - 196505,Τρυπάνι ξύλου - 10x230mm - Finder - 196505,in stock,new,1.8 EUR,,https://www.tradesor.gr/wp-content/uploads/2023/05/08b84abedd895b39644207305c11e5b0.jpg,OEM,No Color,0.8,"Τρυπάνι ξύλου, μεγέθους 6x230mm - Finder.",ΕΡΓΑΛΕΙΑ  ΕΠΑΓΓΕΛΜΑΤΙΚΟΣ ΕΞΟΠΛΙΣΜΟΣ>Εργαλεία>Τρυπάνια  καλέμια
56124,Τρυπάνι ξύλου - 10x150mm - Finder - 196504,Τρυπάνι ξύλου - 10x150mm - Finder - 196504,in stock,new,1.44 EUR,,https://www.tradesor.gr/wp-content/uploads/2023/05/9f72d6afdb4e4b39d666386c42d41d5e.jpg,OEM,No Color,0.8,"Τρυπάνι ξύλου, μεγέθους 6x230mm - Finder.",ΕΡΓΑΛΕΙΑ  ΕΠΑΓΓΕΛΜΑΤΙΚΟΣ ΕΞΟΠΛΙΣΜΟΣ>Εργαλεία>Τρυπάνια  καλέμια
56127,Τρυπάνι ξύλου - 8x300mm - Finder - 196503,Τρυπάνι ξύλου - 8x300mm - Finder - 196503,in stock,new,1.44 EUR,,https://www.tradesor.gr/wp-content/uploads/2023/05/16dde52e7b2c0e6ef2de2bd7d777e4b1.jpg,OEM,No Color,0.8,"Τρυπάνι ξύλου, μεγέθους 6x230mm - Finder.",ΕΡΓΑΛΕΙΑ  ΕΠΑΓΓΕΛΜΑΤΙΚΟΣ ΕΞΟΠΛΙΣΜΟΣ>Εργαλεία>Τρυπάνια  καλέμια
56130,Τρυπάνι ξύλου - 6x300mm - Finder - 196500,Τρυπάνι ξύλου - 6x300mm - Finder - 196500,in stock,new,1.44 EUR,,https://www.tradesor.gr/wp-content/uploads/2023/05/80c4e81c64ed1d171bcd7b5181efccdf.jpg,OEM,No Color,0.8,"Τρυπάνι ξύλου, μεγέθους 6x230mm - Finder.",ΕΡΓΑΛΕΙΑ  ΕΠΑΓΓΕΛΜΑΤΙΚΟΣ ΕΞΟΠΛΙΣΜΟΣ>Εργαλεία>Τρυπάνια  καλέμια
56133,Τρυπάνι ξύλου - 6x230mm - Finder - 196499,Τρυπάνι ξύλου - 6x230mm - Finder - 196499,in stock,new,1.44 EUR,,https://www.tradesor.gr/wp-content/uploads/2023/05/09fab562b70b0ecf265e9e4a421524ac.jpg,OEM,No Color,0.8,"Τρυπάνι ξύλου, μεγέθους 6x230mm - Finder.",ΕΡΓΑΛΕΙΑ  ΕΠΑΓΓΕΛΜΑΤΙΚΟΣ ΕΞΟΠΛΙΣΜΟΣ>Εργαλεία>Τρυπάνια  καλέμια
56136,Τρυπάνι ξύλου - Φτερού - 40mm - Finder - 195709,Τρυπάνι ξύλου - Φτερού - 40mm - Finder - 195709,in stock,new,1.8 EUR,,https://www.tradesor.gr/wp-content/uploads/2023/05/4a06ee8a05c00f07f69395dfe2b73fa5.jpg,OEM,No Color,0.8,"Τρυπάνι ξύλου - Φτερού, μεγέθους 40mm - Finder.",ΕΡΓΑΛΕΙΑ  ΕΠΑΓΓΕΛΜΑΤΙΚΟΣ ΕΞΟΠΛΙΣΜΟΣ>Εργαλεία>Τρυπάνια  καλέμια
56139,Τρυπάνι ξύλου - Φτερού - 38mm - Finder - 195708,Τρυπάνι ξύλου - Φτερού - 38mm - Finder - 195708,in stock,new,1.8 EUR,,https://www.tradesor.gr/wp-content/uploads/2023/05/83bcae8bb5332d683cbd0f5cd34d4ad1.jpg,OEM,No Color,0.8,"Τρυπάνι ξύλου - Φτερού, μεγέθους 38mm - Finder.",ΕΡΓΑΛΕΙΑ  ΕΠΑΓΓΕΛΜΑΤΙΚΟΣ ΕΞΟΠΛΙΣΜΟΣ>Εργαλεία>Τρυπάνια  καλέμια
56142,Τρυπάνι ξύλου - Φτερού - 32mm - Finder - 195707,Τρυπάνι ξύλου - Φτερού - 32mm - Finder - 195707,in stock,new,1.44 EUR,,https://www.tradesor.gr/wp-content/uploads/2023/05/21044721a38a7e45d74548a874c14976.jpg,OEM,No Color,0.8,"Τρυπάνι ξύλου - Φτερού, μεγέθους 32mm - Finder.",ΕΡΓΑΛΕΙΑ  ΕΠΑΓΓΕΛΜΑΤΙΚΟΣ ΕΞΟΠΛΙΣΜΟΣ>Εργαλεία>Τρυπάνια  καλέμια
56145,Τρυπάνι ξύλου - Φτερού - 30mm - Finder - 195706,Τρυπάνι ξύλου - Φτερού - 30mm - Finder - 195706,in stock,new,1.44 EUR,,https://www.tradesor.gr/wp-content/uploads/2023/05/ecc59a179c96997b3195cd2aa3a6e75b.jpg,OEM,No Color,0.8,"Τρυπάνι ξύλου - Φτερού, μεγέθους 30mm - Finder.",ΕΡΓΑΛΕΙΑ  ΕΠΑΓΓΕΛΜΑΤΙΚΟΣ ΕΞΟΠΛΙΣΜΟΣ>Εργαλεία>Τρυπάνια  καλέμια
56148,Τρυπάνι ξύλου - Φτερού - 28mm - Finder - 195705,Τρυπάνι ξύλου - Φτερού - 28mm - Finder - 195705,in stock,new,1.44 EUR,,https://www.tradesor.gr/wp-content/uploads/2023/05/682f2ef4ea7fe9424c3a870cd5b9dca6.jpg,OEM,No Color,0.8,"Τρυπάνι ξύλου - Φτερού, μεγέθους 28mm - Finder.",ΕΡΓΑΛΕΙΑ  ΕΠΑΓΓΕΛΜΑΤΙΚΟΣ ΕΞΟΠΛΙΣΜΟΣ>Εργαλεία>Τρυπάνια  καλέμια
56151,Τρυπάνι ξύλου - Φτερού - 25mm - Finder - 195704,Τρυπάνι ξύλου - Φτερού - 25mm - Finder - 195704,in stock,new,1.26 EUR,,https://www.tradesor.gr/wp-content/uploads/2023/05/34fd106925070265829a3f56eb2e9743.jpg,OEM,No Color,0.8,"Τρυπάνι ξύλου - Φτερού, μεγέθους 25mm - Finder.",ΕΡΓΑΛΕΙΑ  ΕΠΑΓΓΕΛΜΑΤΙΚΟΣ ΕΞΟΠΛΙΣΜΟΣ>Εργαλεία>Τρυπάνια  καλέμια
56154,Τρυπάνι ξύλου - Φτερού - 24mm - Finder - 195703,Τρυπάνι ξύλου - Φτερού - 24mm - Finder - 195703,in stock,new,1.26 EUR,,https://www.tradesor.gr/wp-content/uploads/2023/05/172b8e8775ae656fdbc3762cc3fb927c.jpg,OEM,No Color,0.8,"Τρυπάνι ξύλου - Φτερού, μεγέθους 24mm - Finder.",ΕΡΓΑΛΕΙΑ  ΕΠΑΓΓΕΛΜΑΤΙΚΟΣ ΕΞΟΠΛΙΣΜΟΣ>Εργαλεία>Τρυπάνια  καλέμια
56157,Τρυπάνι ξύλου - Φτερού - 22mm - Finder - 195702,Τρυπάνι ξύλου - Φτερού - 22mm - Finder - 195702,in stock,new,1.26 EUR,,https://www.tradesor.gr/wp-content/uploads/2023/05/a0596695f814c7af3b566720567594a7.jpg,OEM,No Color,0.8,"Τρυπάνι ξύλου - Φτερού, μεγέθους 22mm - Finder.",ΕΡΓΑΛΕΙΑ  ΕΠΑΓΓΕΛΜΑΤΙΚΟΣ ΕΞΟΠΛΙΣΜΟΣ>Εργαλεία>Τρυπάνια  καλέμια
56160,Τρυπάνι ξύλου - Φτερού - 20mm - Finder - 195701,Τρυπάνι ξύλου - Φτερού - 20mm - Finder - 195701,in stock,new,0.9 EUR,,https://www.tradesor.gr/wp-content/uploads/2023/05/7ac6ec835cb084f61bd0d4b89ccd0f8c.jpg,OEM,No Color,0.8,"Τρυπάνι ξύλου - Φτερού, μεγέθους 20mm - Finder.",ΕΡΓΑΛΕΙΑ  ΕΠΑΓΓΕΛΜΑΤΙΚΟΣ ΕΞΟΠΛΙΣΜΟΣ>Εργαλεία>Τρυπάνια  καλέμια
56163,Τρυπάνι ξύλου - Φτερού - 19mm - Finder - 195700,Τρυπάνι ξύλου - Φτερού - 19mm - Finder - 195700,in stock,new,0.9 EUR,,https://www.tradesor.gr/wp-content/uploads/2023/05/221d02b9b97443544a6bb8a48280fda6.jpg,OEM,No Color,0.8,"Τρυπάνι ξύλου - Φτερού, μεγέθους 19mm - Finder.",ΕΡΓΑΛΕΙΑ  ΕΠΑΓΓΕΛΜΑΤΙΚΟΣ ΕΞΟΠΛΙΣΜΟΣ>Εργαλεία>Τρυπάνια  καλέμια
56166,Τρυπάνι ξύλου - Φτερού - 18mm - Finder - 195699,Τρυπάνι ξύλου - Φτερού - 18mm - Finder - 195699,in stock,new,0.9 EUR,,https://www.tradesor.gr/wp-content/uploads/2023/05/d34c52e41a87302f41ca74ae428bf92e.jpg,OEM,No Color,0.8,"Τρυπάνι ξύλου - Φτερού, μεγέθους 18mm - Finder.",ΕΡΓΑΛΕΙΑ  ΕΠΑΓΓΕΛΜΑΤΙΚΟΣ ΕΞΟΠΛΙΣΜΟΣ>Εργαλεία>Τρυπάνια  καλέμια
56169,Τρυπάνι ξύλου - Φτερού - 16mm - Finder - 195698,Τρυπάνι ξύλου - Φτερού - 16mm - Finder - 195698,in stock,new,0.9 EUR,,https://www.tradesor.gr/wp-content/uploads/2023/05/dfa46f9f38a6af084be1e8221d519ba2.jpg,OEM,No Color,0.8,"Τρυπάνι ξύλου - Φτερού, μεγέθους 16mm - Finder.",ΕΡΓΑΛΕΙΑ  ΕΠΑΓΓΕΛΜΑΤΙΚΟΣ ΕΞΟΠΛΙΣΜΟΣ>Εργαλεία>Τρυπάνια  καλέμια
56172,Τρυπάνι ξύλου - Φτερού - 14mm - Finder - 195697,Τρυπάνι ξύλου - Φτερού - 14mm - Finder - 195697,in stock,new,0.9 EUR,,https://www.tradesor.gr/wp-content/uploads/2023/05/58dd4306f3b57acc35a12c1dc80a5110.jpg,OEM,No Color,0.8,"Τρυπάνι ξύλου - Φτερού, μεγέθους 14mm - Finder.",ΕΡΓΑΛΕΙΑ  ΕΠΑΓΓΕΛΜΑΤΙΚΟΣ ΕΞΟΠΛΙΣΜΟΣ>Εργαλεία>Τρυπάνια  καλέμια
56175,Τρυπάνι ξύλου - Φτερού - 13mm - Finder - 195696,Τρυπάνι ξύλου - Φτερού - 13mm - Finder - 195696,in stock,new,0.9 EUR,,https://www.tradesor.gr/wp-content/uploads/2023/05/9462a0360555eeb219228040693a4c26.jpg,OEM,No Color,0.8,"Τρυπάνι ξύλου - Φτερού, μεγέθους 13mm - Finder.",ΕΡΓΑΛΕΙΑ  ΕΠΑΓΓΕΛΜΑΤΙΚΟΣ ΕΞΟΠΛΙΣΜΟΣ>Εργαλεία>Τρυπάνια  καλέμια
56178,Τρυπάνι ξύλου - Φτερού - 12mm - Finder - 195695,Τρυπάνι ξύλου - Φτερού - 12mm - Finder - 195695,in stock,new,0.9 EUR,,https://www.tradesor.gr/wp-content/uploads/2023/05/c6ca92dd08911ff07c129a922cfab2d6.jpg,OEM,No Color,0.8,"Τρυπάνι ξύλου - Φτερού, μεγέθους 12mm - Finder.",ΕΡΓΑΛΕΙΑ  ΕΠΑΓΓΕΛΜΑΤΙΚΟΣ ΕΞΟΠΛΙΣΜΟΣ>Εργαλεία>Τρυπάνια  καλέμια
56181,Τρυπάνι ξύλου - Φτερού - 10mm - Finder - 195694,Τρυπάνι ξύλου - Φτερού - 10mm - Finder - 195694,in stock,new,0.9 EUR,,https://www.tradesor.gr/wp-content/uploads/2023/05/b5429cb8a90c6aa2d4906de413eb6f04.jpg,OEM,No Color,0.8,"Τρυπάνι ξύλου - Φτερού, μεγέθους 10mm - Finder.",ΕΡΓΑΛΕΙΑ  ΕΠΑΓΓΕΛΜΑΤΙΚΟΣ ΕΞΟΠΛΙΣΜΟΣ>Εργαλεία>Τρυπάνια  καλέμια
56184,Τρυπάνι σιδήρου - 4241 - 12mm - Finder - 195760,Τρυπάνι σιδήρου - 4241 - 12mm - Finder - 195760,in stock,new,2.7 EUR,,https://www.tradesor.gr/wp-content/uploads/2023/05/61e5494934220954e83e0b5402569310.jpg,OEM,No Color,0.8,"Τρυπάνι σιδήρου - 4241 Finder, μεγέθους 12mm, 1 τεμάχιο.",ΕΡΓΑΛΕΙΑ  ΕΠΑΓΓΕΛΜΑΤΙΚΟΣ ΕΞΟΠΛΙΣΜΟΣ>Εργαλεία>Τρυπάνια  καλέμια
56187,Τρυπάνι σιδήρου - 4241 - 11mm - Finder - 195759,Τρυπάνι σιδήρου - 4241 - 11mm - Finder - 195759,in stock,new,2.34 EUR,,https://www.tradesor.gr/wp-content/uploads/2023/05/bf8faf90b4642dd3aef663187d576731.jpg,OEM,No Color,0.8,"Τρυπάνι σιδήρου - 4241 Finder, μεγέθους 11mm, 1 τεμάχιο.",ΕΡΓΑΛΕΙΑ  ΕΠΑΓΓΕΛΜΑΤΙΚΟΣ ΕΞΟΠΛΙΣΜΟΣ>Εργαλεία>Τρυπάνια  καλέμια
56190,Τρυπάνι σιδήρου - 4241 - 10mm - Finder - 195758,Τρυπάνι σιδήρου - 4241 - 10mm - Finder - 195758,in stock,new,2.34 EUR,,https://www.tradesor.gr/wp-content/uploads/2023/05/4fc3ff2b6b514e993ad5782be8cb9d96.jpg,OEM,No Color,0.8,"Τρυπάνι σιδήρου - 4241 Finder, μεγέθους 10mm, 1 τεμάχιο.",ΕΡΓΑΛΕΙΑ  ΕΠΑΓΓΕΛΜΑΤΙΚΟΣ ΕΞΟΠΛΙΣΜΟΣ>Εργαλεία>Τρυπάνια  καλέμια
56193,Τρυπάνι σιδήρου - 4241 - 9mm - Finder - 195757,Τρυπάνι σιδήρου - 4241 - 9mm - Finder - 195757,in stock,new,1.8 EUR,,https://www.tradesor.gr/wp-content/uploads/2023/05/512ac81a22b7277179590f5bab033e33.jpg,OEM,No Color,0.8,"Τρυπάνι σιδήρου - 4241 Finder, μεγέθους 9mm, 1 τεμάχιο.",ΕΡΓΑΛΕΙΑ  ΕΠΑΓΓΕΛΜΑΤΙΚΟΣ ΕΞΟΠΛΙΣΜΟΣ>Εργαλεία>Τρυπάνια  καλέμια
56196,Τρυπάνι σιδήρου - 4241 - 8mm - Finder - 195756,Τρυπάνι σιδήρου - 4241 - 8mm - Finder - 195756,in stock,new,1.44 EUR,,https://www.tradesor.gr/wp-content/uploads/2023/05/f421e2a04f6a071201e70052693bd725.jpg,OEM,No Color,0.8,"Τρυπάνι σιδήρου - 4241 Finder, μεγέθους 8mm, 1 τεμάχιο.",ΕΡΓΑΛΕΙΑ  ΕΠΑΓΓΕΛΜΑΤΙΚΟΣ ΕΞΟΠΛΙΣΜΟΣ>Εργαλεία>Τρυπάνια  καλέμια
56199,Τρυπάνι σιδήρου - 4241 - 7mm - Finder - 195755,Τρυπάνι σιδήρου - 4241 - 7mm - Finder - 195755,in stock,new,0.9 EUR,,https://www.tradesor.gr/wp-content/uploads/2023/05/2c6428f0c34dd5fed618c32aaef4ced3.jpg,OEM,No Color,0.8,"Τρυπάνι σιδήρου - 4241 Finder, μεγέθους 7mm, 1 τεμάχιο.",ΕΡΓΑΛΕΙΑ  ΕΠΑΓΓΕΛΜΑΤΙΚΟΣ ΕΞΟΠΛΙΣΜΟΣ>Εργαλεία>Τρυπάνια  καλέμια
56202,Τρυπάνι σιδήρου - 4241 - 6.5mm - Finder - 195754,Τρυπάνι σιδήρου - 4241 - 6.5mm - Finder - 195754,in stock,new,0.9 EUR,,https://www.tradesor.gr/wp-content/uploads/2023/05/c6a3f9a491e6e6bd64783719ba1834e7.jpg,OEM,No Color,0.8,"Τρυπάνι σιδήρου - 4241 Finder, μεγέθους 6.5mm, 1 τεμάχιο.",ΕΡΓΑΛΕΙΑ  ΕΠΑΓΓΕΛΜΑΤΙΚΟΣ ΕΞΟΠΛΙΣΜΟΣ>Εργαλεία>Τρυπάνια  καλέμια
56205,Τρυπάνι σιδήρου - 4241 - 6mm - Finder - 195753,Τρυπάνι σιδήρου - 4241 - 6mm - Finder - 195753,in stock,new,0.9 EUR,,https://www.tradesor.gr/wp-content/uploads/2023/05/405ba87f096e071037b6a66e0620904e.jpg,OEM,No Color,0.8,"Τρυπάνι σιδήρου - 4241 Finder, μεγέθους 6mm, 1 τεμάχιο.",ΕΡΓΑΛΕΙΑ  ΕΠΑΓΓΕΛΜΑΤΙΚΟΣ ΕΞΟΠΛΙΣΜΟΣ>Εργαλεία>Τρυπάνια  καλέμια
56208,Τρυπάνια σιδήρου - 4241 - 5mm - 2pcs - Finder - 19,Τρυπάνια σιδήρου - 4241 - 5mm - 2pcs - Finder - 195752,in stock,new,1.08 EUR,,https://www.tradesor.gr/wp-content/uploads/2023/05/2982cff28746ca175b66b68ad5ee31be.jpg,OEM,No Color,0.8,"Σετ τρυπάνια σιδήρου, 2 τεμάχια - 4241 - 5mm - Finder.",ΕΡΓΑΛΕΙΑ  ΕΠΑΓΓΕΛΜΑΤΙΚΟΣ ΕΞΟΠΛΙΣΜΟΣ>Εργαλεία>Τρυπάνια  καλέμια
56211,Τρυπάνια σιδήρου - 4241 - 4mm - 2pcs - Finder - 19,Τρυπάνια σιδήρου - 4241 - 4mm - 2pcs - Finder - 195751,in stock,new,0.9 EUR,,https://www.tradesor.gr/wp-content/uploads/2023/05/e3332f57ce73b18ff3a194f8f8999630.jpg,OEM,No Color,0.8,"Σετ τρυπάνια σιδήρου, 2 τεμάχια - 4241 - 4mm - Finder.",ΕΡΓΑΛΕΙΑ  ΕΠΑΓΓΕΛΜΑΤΙΚΟΣ ΕΞΟΠΛΙΣΜΟΣ>Εργαλεία>Τρυπάνια  καλέμια
56214,Τρυπάνια σιδήρου - 4241 - 3.5mm - 3pcs - Finder - ,Τρυπάνια σιδήρου - 4241 - 3.5mm - 3pcs - Finder - 195750,in stock,new,0.9 EUR,,https://www.tradesor.gr/wp-content/uploads/2023/05/37de4673ff5daffe32c31138e90eb174.jpg,OEM,No Color,0.8,"Σετ τρυπάνια σιδήρου, 3 τεμάχια - 4241 - 3.5mm - Finder.",ΕΡΓΑΛΕΙΑ  ΕΠΑΓΓΕΛΜΑΤΙΚΟΣ ΕΞΟΠΛΙΣΜΟΣ>Εργαλεία>Τρυπάνια  καλέμια
56217,Τρυπάνια σιδήρου - 4241 - 3mm - 3pcs - Finder - 19,Τρυπάνια σιδήρου - 4241 - 3mm - 3pcs - Finder - 195749,in stock,new,0.9 EUR,,https://www.tradesor.gr/wp-content/uploads/2023/05/37309048061b56f78de5b577488388e8.jpg,OEM,No Color,0.8,"Σετ τρυπάνια σιδήρου, 3 τεμάχια - 4241 - 3mm - Finder.",ΕΡΓΑΛΕΙΑ  ΕΠΑΓΓΕΛΜΑΤΙΚΟΣ ΕΞΟΠΛΙΣΜΟΣ>Εργαλεία>Τρυπάνια  καλέμια
56220,Τρυπάνια σιδήρου - 4241 - 2.5mm - 4pcs - Finder - ,Τρυπάνια σιδήρου - 4241 - 2.5mm - 4pcs - Finder - 195748,in stock,new,0.9 EUR,,https://www.tradesor.gr/wp-content/uploads/2023/05/310e58d9f720ecff31d656f2a346f64a.jpg,OEM,No Color,0.8,"Σετ τρυπάνια σιδήρου, 4 τεμάχια - 4241 - 2.5mm - Finder.",ΕΡΓΑΛΕΙΑ  ΕΠΑΓΓΕΛΜΑΤΙΚΟΣ ΕΞΟΠΛΙΣΜΟΣ>Εργαλεία>Τρυπάνια  καλέμια
56223,Τρυπάνια σιδήρου - 4241 - 2mm - 4pcs - Finder - 19,Τρυπάνια σιδήρου - 4241 - 2mm - 4pcs - Finder - 195747,in stock,new,0.9 EUR,,https://www.tradesor.gr/wp-content/uploads/2023/05/8d3ce6cc84b170947e503fb8d3d3ad35.jpg,OEM,No Color,0.8,"Σετ τρυπάνια σιδήρου, 4 τεμάχια - 4241 - 2mm - Finder.",ΕΡΓΑΛΕΙΑ  ΕΠΑΓΓΕΛΜΑΤΙΚΟΣ ΕΞΟΠΛΙΣΜΟΣ>Εργαλεία>Τρυπάνια  καλέμια
56226,Τρυπάνια σιδήρου - 4241 - 1.5mm - 4pcs - Finder - ,Τρυπάνια σιδήρου - 4241 - 1.5mm - 4pcs - Finder - 195746,in stock,new,0.9 EUR,,https://www.tradesor.gr/wp-content/uploads/2023/05/24aebfe4f479d36c1d9b97e0ac01e84e.jpg,OEM,No Color,0.8,"Σετ τρυπάνια σιδήρου, 4 τεμάχια - 4241 - 1.5mm - Finder.",ΕΡΓΑΛΕΙΑ  ΕΠΑΓΓΕΛΜΑΤΙΚΟΣ ΕΞΟΠΛΙΣΜΟΣ>Εργαλεία>Τρυπάνια  καλέμια
56229,Τρυπάνια σιδήρου - 4241 - 1mm - 4pcs - Finder - 19,Τρυπάνια σιδήρου - 4241 - 1mm - 4pcs - Finder - 195745,in stock,new,0.9 EUR,,https://www.tradesor.gr/wp-content/uploads/2023/05/2a6731d0297e612a844ccfcd00083836.jpg,OEM,No Color,0.8,"Σετ τρυπάνια σιδήρου, 4 τεμάχια - 4241 - 1mm - Finder.",ΕΡΓΑΛΕΙΑ  ΕΠΑΓΓΕΛΜΑΤΙΚΟΣ ΕΞΟΠΛΙΣΜΟΣ>Εργαλεία>Τρυπάνια  καλέμια
56232,Τρυπάνι μπετού - 16x160mm - Finder - 196586,Τρυπάνι μπετού - 16x160mm - Finder - 196586,in stock,new,3.6 EUR,,https://www.tradesor.gr/wp-content/uploads/2023/05/78abda4126d4f880af5e92c20102a972.jpg,OEM,No Color,0.8,"Τρυπάνι μπετού, μεγέθους 16x160mm - Finder.",ΕΡΓΑΛΕΙΑ  ΕΠΑΓΓΕΛΜΑΤΙΚΟΣ ΕΞΟΠΛΙΣΜΟΣ>Εργαλεία>Τρυπάνια  καλέμια
56235,Τρυπάνι μπετού - 14x160mm - Finder - 195786,Τρυπάνι μπετού - 14x160mm - Finder - 195786,in stock,new,3.06 EUR,,https://www.tradesor.gr/wp-content/uploads/2023/05/17855aa9e82e04432e4a42141d2201b7.jpg,OEM,No Color,0.8,"Τρυπάνι μπετού, μεγέθους 14x160mm - Finder.",ΕΡΓΑΛΕΙΑ  ΕΠΑΓΓΕΛΜΑΤΙΚΟΣ ΕΞΟΠΛΙΣΜΟΣ>Εργαλεία>Τρυπάνια  καλέμια
56238,Τρυπάνι μπετού - 12x160mm - Finder - 195784,Τρυπάνι μπετού - 12x160mm - Finder - 195784,in stock,new,2.7 EUR,,https://www.tradesor.gr/wp-content/uploads/2023/05/a60395cdfc4038ae0a21ddce3262a4f0.jpg,OEM,No Color,0.8,"Τρυπάνι μπετού, μεγέθους 12x160mm - Finder.",ΕΡΓΑΛΕΙΑ  ΕΠΑΓΓΕΛΜΑΤΙΚΟΣ ΕΞΟΠΛΙΣΜΟΣ>Εργαλεία>Τρυπάνια  καλέμια
56241,Τρυπάνι μπετού - 12x110mm - Finder - 196583,Τρυπάνι μπετού - 12x110mm - Finder - 196583,in stock,new,2.16 EUR,,https://www.tradesor.gr/wp-content/uploads/2023/05/f4e12e83b1f709f3eb5d6ae40df24035.jpg,OEM,No Color,0.8,"Τρυπάνι μπετού, μεγέθους 12x110mm - Finder.",ΕΡΓΑΛΕΙΑ  ΕΠΑΓΓΕΛΜΑΤΙΚΟΣ ΕΞΟΠΛΙΣΜΟΣ>Εργαλεία>Τρυπάνια  καλέμια
56244,Τρυπάνι μπετού - 10x160mm - Finder - 195780,Τρυπάνι μπετού - 10x160mm - Finder - 195780,in stock,new,2.34 EUR,,https://www.tradesor.gr/wp-content/uploads/2023/05/8adf68ef37afc7b8c372c22679477d26.jpg,OEM,No Color,0.8,"Τρυπάνι μπετού, μεγέθους 10x160mm - Finder.",ΕΡΓΑΛΕΙΑ  ΕΠΑΓΓΕΛΜΑΤΙΚΟΣ ΕΞΟΠΛΙΣΜΟΣ>Εργαλεία>Τρυπάνια  καλέμια
56247,Τρυπάνι μπετού - 10x110mm - Finder - 195778,Τρυπάνι μπετού - 10x110mm - Finder - 195778,in stock,new,1.8 EUR,,https://www.tradesor.gr/wp-content/uploads/2023/05/a97c9fff5edc70a6a9ae5d3f9867bf72.jpg,OEM,No Color,0.8,"Τρυπάνι μπετού, μεγέθους 10x110mm - Finder.",ΕΡΓΑΛΕΙΑ  ΕΠΑΓΓΕΛΜΑΤΙΚΟΣ ΕΞΟΠΛΙΣΜΟΣ>Εργαλεία>Τρυπάνια  καλέμια
56250,Τρυπάνι μπετού - 9x110mm - Finder - 196588,Τρυπάνι μπετού - 9x110mm - Finder - 196588,in stock,new,1.8 EUR,,https://www.tradesor.gr/wp-content/uploads/2023/05/29da196b483354b6977db1030833f32b.jpg,OEM,No Color,0.8,"Τρυπάνι μπετού, μεγέθους 9x110mm - Finder.",ΕΡΓΑΛΕΙΑ  ΕΠΑΓΓΕΛΜΑΤΙΚΟΣ ΕΞΟΠΛΙΣΜΟΣ>Εργαλεία>Τρυπάνια  καλέμια
56253,Τρυπάνι μπετού - 8x160mm - Finder - 196585,Τρυπάνι μπετού - 8x160mm - Finder - 196585,in stock,new,1.8 EUR,,https://www.tradesor.gr/wp-content/uploads/2023/05/4a3aae3d6a02c8c9955f0b91806e9add.jpg,OEM,No Color,0.8,"Τρυπάνι μπετού, μεγέθους 8x160mm - Finder.",ΕΡΓΑΛΕΙΑ  ΕΠΑΓΓΕΛΜΑΤΙΚΟΣ ΕΞΟΠΛΙΣΜΟΣ>Εργαλεία>Τρυπάνια  καλέμια
56256,Τρυπάνι μπετού - 8x110mm - Finder - 195773,Τρυπάνι μπετού - 8x110mm - Finder - 195773,in stock,new,1.44 EUR,,https://www.tradesor.gr/wp-content/uploads/2023/05/b559c192144860a44c5826ce340e6e2c.jpg,OEM,No Color,0.8,"Τρυπάνι μπετού, μεγέθους 8x110mm - Finder.",ΕΡΓΑΛΕΙΑ  ΕΠΑΓΓΕΛΜΑΤΙΚΟΣ ΕΞΟΠΛΙΣΜΟΣ>Εργαλεία>Τρυπάνια  καλέμια
56259,Τρυπάνι μπετού - 7x110mm - Finder - 196587,Τρυπάνι μπετού - 7x110mm - Finder - 196587,in stock,new,1.44 EUR,,https://www.tradesor.gr/wp-content/uploads/2023/05/ab0958084a53aba59985811b591f9722.jpg,OEM,No Color,0.8,"Τρυπάνι μπετού, μεγέθους 7x110mm - Finder.",ΕΡΓΑΛΕΙΑ  ΕΠΑΓΓΕΛΜΑΤΙΚΟΣ ΕΞΟΠΛΙΣΜΟΣ>Εργαλεία>Τρυπάνια  καλέμια
56262,Τρυπάνι μπετού - 6x160mm - Finder - 196584,Τρυπάνι μπετού - 6x160mm - Finder - 196584,in stock,new,1.44 EUR,,https://www.tradesor.gr/wp-content/uploads/2023/05/c5672948b55ccd86e7d8dac4520f2fcb.jpg,OEM,No Color,0.8,"Τρυπάνι μπετού, μεγέθους 6x160mm - Finder.",ΕΡΓΑΛΕΙΑ  ΕΠΑΓΓΕΛΜΑΤΙΚΟΣ ΕΞΟΠΛΙΣΜΟΣ>Εργαλεία>Τρυπάνια  καλέμια
56265,Τρυπάνι μπετού - 6x110mm - Finder - 195768,Τρυπάνι μπετού - 6x110mm - Finder - 195768,in stock,new,1.44 EUR,,https://www.tradesor.gr/wp-content/uploads/2023/05/ec18ca9d7c41685d88253435b047997f.jpg,OEM,No Color,0.8,"Τρυπάνι μπετού, μεγέθους 6x110mm - Finder.",ΕΡΓΑΛΕΙΑ  ΕΠΑΓΓΕΛΜΑΤΙΚΟΣ ΕΞΟΠΛΙΣΜΟΣ>Εργαλεία>Τρυπάνια  καλέμια
56268,Τρυπάνι μπετού - 5x110mm - Finder - 195765,Τρυπάνι μπετού - 5x110mm - Finder - 195765,in stock,new,1.44 EUR,,https://www.tradesor.gr/wp-content/uploads/2023/05/03619554fb99d3df4518f6890be0ce60.jpg,OEM,No Color,0.8,"Τρυπάνι μπετού, μεγέθους 5x110mm - Finder.",ΕΡΓΑΛΕΙΑ  ΕΠΑΓΓΕΛΜΑΤΙΚΟΣ ΕΞΟΠΛΙΣΜΟΣ>Εργαλεία>Τρυπάνια  καλέμια
56271,Τρυπάνι μπετού - 4x110mm - Finder - 195763,Τρυπάνι μπετού - 4x110mm - Finder - 195763,in stock,new,1.44 EUR,,https://www.tradesor.gr/wp-content/uploads/2023/05/e1191876199e589114b482d1082f68f3.jpg,OEM,No Color,0.8,"Τρυπάνι μπετού, μεγέθους 4x110mm - Finder.",ΕΡΓΑΛΕΙΑ  ΕΠΑΓΓΕΛΜΑΤΙΚΟΣ ΕΞΟΠΛΙΣΜΟΣ>Εργαλεία>Τρυπάνια  καλέμια
56274,Τρυπάνι μπετού SDS MAX - 25x540mm - Finder - 196427,Τρυπάνι μπετού SDS MAX - 25x540mm - Finder - 196427,in stock,new,14.4 EUR,,https://www.tradesor.gr/wp-content/uploads/2023/05/a918b801af2d0033c4d0450cc2ca903a.jpg,OEM,No Color,0.8,"<p>Τρυπάνι μπετού SDS MAX, μεγέθους 25x540mm - Finder.</p>",ΕΡΓΑΛΕΙΑ  ΕΠΑΓΓΕΛΜΑΤΙΚΟΣ ΕΞΟΠΛΙΣΜΟΣ>Εργαλεία>Τρυπάνια  καλέμια
56277,Τρυπάνι μπετού SDS - 25x340mm - Finder - 196423,Τρυπάνι μπετού SDS - 25x340mm - Finder - 196423,in stock,new,9.9 EUR,,https://www.tradesor.gr/wp-content/uploads/2023/05/47628dbc049e95b916a7dfa61b652ac3.jpg,OEM,No Color,0.8,"Τρυπάνι μπετού SDS, μεγέθους 25x340mm - Finder.",ΕΡΓΑΛΕΙΑ  ΕΠΑΓΓΕΛΜΑΤΙΚΟΣ ΕΞΟΠΛΙΣΜΟΣ>Εργαλεία>Τρυπάνια  καλέμια
56280,Τρυπάνι μπετού SDS - 20x340mm - Finder - 196421,Τρυπάνι μπετού SDS - 20x340mm - Finder - 196421,in stock,new,9 EUR,,https://www.tradesor.gr/wp-content/uploads/2023/05/aa1581b8f120c3b4032c30823af8aede.jpg,OEM,No Color,0.8,"Τρυπάνι μπετού SDS, μεγέθους 20x340mm - Finder.",ΕΡΓΑΛΕΙΑ  ΕΠΑΓΓΕΛΜΑΤΙΚΟΣ ΕΞΟΠΛΙΣΜΟΣ>Εργαλεία>Τρυπάνια  καλέμια
56283,Τρυπάνι μπετού SDS MAX - 18x540mm - Finder - 196424,Τρυπάνι μπετού SDS MAX - 18x540mm - Finder - 196424,in stock,new,9.9 EUR,,https://www.tradesor.gr/wp-content/uploads/2023/05/d2faebb7b6a8d5be9007f68129441325.jpg,OEM,No Color,0.8,"<p>Τρυπάνι μπετού SDS MAX, μεγέθους 18x540mm - Finder.</p>",ΕΡΓΑΛΕΙΑ  ΕΠΑΓΓΕΛΜΑΤΙΚΟΣ ΕΞΟΠΛΙΣΜΟΣ>Εργαλεία>Τρυπάνια  καλέμια
56286,Τρυπάνι μπετού SDS - 18x340mm - Finder - 196420,Τρυπάνι μπετού SDS - 18x340mm - Finder - 196420,in stock,new,7.2 EUR,,https://www.tradesor.gr/wp-content/uploads/2023/05/c712d5492b95f9309d062cdefae45fbb.jpg,OEM,No Color,0.8,"Τρυπάνι μπετού SDS, μεγέθους 18x340mm - Finder.",ΕΡΓΑΛΕΙΑ  ΕΠΑΓΓΕΛΜΑΤΙΚΟΣ ΕΞΟΠΛΙΣΜΟΣ>Εργαλεία>Τρυπάνια  καλέμια
56289,Τρυπάνι μπετού SDS - 16x280mm - Finder - 196418,Τρυπάνι μπετού SDS - 16x280mm - Finder - 196418,in stock,new,5.4 EUR,,https://www.tradesor.gr/wp-content/uploads/2023/05/8803f3b22b2bcb85c0f8ea9542cb567c.jpg,OEM,No Color,0.8,"Τρυπάνι μπετού SDS, μεγέθους 16x280mm - Finder.",ΕΡΓΑΛΕΙΑ  ΕΠΑΓΓΕΛΜΑΤΙΚΟΣ ΕΞΟΠΛΙΣΜΟΣ>Εργαλεία>Τρυπάνια  καλέμια
56292,Τρυπάνι μπετού SDS - 14x280mm - Finder - 196417,Τρυπάνι μπετού SDS - 14x280mm - Finder - 196417,in stock,new,5.04 EUR,,https://www.tradesor.gr/wp-content/uploads/2023/05/0fc6b1734cded0b2a00462f94a027a3b.jpg,OEM,No Color,0.8,"Τρυπάνι μπετού SDS, μεγέθους 14x280mm - Finder.",ΕΡΓΑΛΕΙΑ  ΕΠΑΓΓΕΛΜΑΤΙΚΟΣ ΕΞΟΠΛΙΣΜΟΣ>Εργαλεία>Τρυπάνια  καλέμια
56295,Τρυπάνι μπετού SDS - 12x280mm - Finder - 196416,Τρυπάνι μπετού SDS - 12x280mm - Finder - 196416,in stock,new,5.4 EUR,,https://www.tradesor.gr/wp-content/uploads/2023/05/28e63898b5f422818aec33fbb5f11120.jpg,OEM,No Color,0.8,"Τρυπάνι μπετού SDS, μεγέθους 12x280mm - Finder.",ΕΡΓΑΛΕΙΑ  ΕΠΑΓΓΕΛΜΑΤΙΚΟΣ ΕΞΟΠΛΙΣΜΟΣ>Εργαλεία>Τρυπάνια  καλέμια
56298,Τρυπάνι μπετού SDS - 10x280mm - Finder - 196415,Τρυπάνι μπετού SDS - 10x280mm - Finder - 196415,in stock,new,4.5 EUR,,https://www.tradesor.gr/wp-content/uploads/2023/05/51d968b4c401f17e63050d69f4a9210d.jpg,OEM,No Color,0.8,"Τρυπάνι μπετού SDS, μεγέθους 10x280mm - Finder.",ΕΡΓΑΛΕΙΑ  ΕΠΑΓΓΕΛΜΑΤΙΚΟΣ ΕΞΟΠΛΙΣΜΟΣ>Εργαλεία>Τρυπάνια  καλέμια
97132,Καρφωτικό αέρος - 8016 - Finder - 195433,Καρφωτικό αέρος - 8016 - Finder - 195433,in stock,new,39.6 EUR,,https://www.tradesor.gr/wp-content/uploads/2023/06/cfbe693fb66f1a2b6b3a4ff13dde60ff.jpg,OEM,No Color,2.0,,ΕΡΓΑΛΕΙΑ  ΕΠΑΓΓΕΛΜΑΤΙΚΟΣ ΕΞΟΠΛΙΣΜΟΣ>Εργαλεία>Τρυπάνια  καλέμια
97135,Καρφωτικό αέρος - Finder - 195432,Καρφωτικό αέρος - Finder - 195432,in stock,new,45 EUR,,https://www.tradesor.gr/wp-content/uploads/2023/06/181479b3b2e1355557b04b657e6490d5.jpg,OEM,No Color,2.0,,ΕΡΓΑΛΕΙΑ  ΕΠΑΓΓΕΛΜΑΤΙΚΟΣ ΕΞΟΠΛΙΣΜΟΣ>Εργαλεία>Τρυπάνια  καλέμια
97138,Καρφωτικό αέρος - 1416 - Finder - 195431,Καρφωτικό αέρος - 1416 - Finder - 195431,in stock,new,36 EUR,,https://www.tradesor.gr/wp-content/uploads/2023/06/042de9146b6105749eee959fe2b764e6.jpg,OEM,No Color,2.0,,ΕΡΓΑΛΕΙΑ  ΕΠΑΓΓΕΛΜΑΤΙΚΟΣ ΕΞΟΠΛΙΣΜΟΣ>Εργαλεία>Τρυπάνια  καλέμια
97243,Μανόμετρο αέρος - DX60-L - Finder - 194121,Μανόμετρο αέρος - DX60-L - Finder - 194121,in stock,new,8.1 EUR,,https://www.tradesor.gr/wp-content/uploads/2023/06/1ffeb0fe50235e3c55a2d0e3a286fab0.jpg,OEM,No Color,1.0,,ΕΡΓΑΛΕΙΑ  ΕΠΑΓΓΕΛΜΑΤΙΚΟΣ ΕΞΟΠΛΙΣΜΟΣ>Εργαλεία>Τρυπάνια  καλέμια
97252,Λάμπα εργασίας - 10m - Finder - 194001,Λάμπα εργασίας - 10m - Finder - 194001,in stock,new,12.6 EUR,,https://www.tradesor.gr/wp-content/uploads/2023/06/85ec205d9f589d214185f21aaa311c26.jpg,OEM,No Color,1.0,,ΕΡΓΑΛΕΙΑ  ΕΠΑΓΓΕΛΜΑΤΙΚΟΣ ΕΞΟΠΛΙΣΜΟΣ>Εργαλεία>Τρυπάνια  καλέμια
97391,"Λιμά - 8"" - Finder - 196089","Λιμά - 8"" - Finder - 196089",in stock,new,3.6 EUR,,https://www.tradesor.gr/wp-content/uploads/2023/06/3e842beb43ce74995ad3f8c61b607b88.jpg,OEM,No Color,0.8,,ΕΡΓΑΛΕΙΑ  ΕΠΑΓΓΕΛΜΑΤΙΚΟΣ ΕΞΟΠΛΙΣΜΟΣ>Εργαλεία>Τρυπάνια  καλέμια
97478,Κοπίδι - 9mm - Finder - 191790,Κοπίδι - 9mm - Finder - 191790,in stock,new,0.9 EUR,,https://www.tradesor.gr/wp-content/uploads/2023/06/f77a126a9beaef2146855b1e14b250d5.jpg,OEM,No Color,0.4,,ΕΡΓΑΛΕΙΑ  ΕΠΑΓΓΕΛΜΑΤΙΚΟΣ ΕΞΟΠΛΙΣΜΟΣ>Εργαλεία>Τρυπάνια  καλέμια
97481,Σετ ποτηροτρύπανα διαμαντιού - 6pcs - F,Σετ ποτηροτρύπανα διαμαντιού - 6pcs - Finder - 195537,in stock,new,14.4 EUR,,https://www.tradesor.gr/wp-content/uploads/2023/06/3ed9a331d16b51eb25e97bc67a082ec3.jpg,OEM,No Color,2.0,,ΕΡΓΑΛΕΙΑ  ΕΠΑΓΓΕΛΜΑΤΙΚΟΣ ΕΞΟΠΛΙΣΜΟΣ>Εργαλεία>Τρυπάνια  καλέμια
