id,title,description,availability,condition,price,link,image_link,brand,color,shipping_weight,rich_text_description,fb_product_category
37387,Απόχη ψαρέματος - 30354,Απόχη ψαρέματος - 30354,in stock,new,16.2 EUR,,https://www.tradesor.gr/wp-content/uploads/2023/04/30354.png,OEM,No Color,5,"<div id=""tab-description"" class=""panel entry-content wc-tab""><div class=""prod-descr""><p>Τηλεσκοπική απόχη ψαρέματος μεγέθους, υψηλής ποιότητας και αντοχής.<br />Διαστάσεις:<br />Κλειστή: 88cm<br />Ανοιχτή: 1.65m και 2.10m μαζί με την απόχη.</p><p>Αυθεντικό προϊόν Tradesor</p></div></div>",ΕΙΔΗ ΑΛΙΕΙΑΣ>Απόχες ψαρέματος
38199,Απόχη ψαρέματος – Πλαστική - 30697,Απόχη ψαρέματος – Πλαστική - 30697,in stock,new,1.26 EUR,,https://www.tradesor.gr/wp-content/uploads/2023/04/30697.jpg,OEM,No Color,0.2,<p>Απόχη ψαρέματος – Πλαστική με εργονομική λαβή</p>,ΕΙΔΗ ΑΛΙΕΙΑΣ>Απόχες ψαρέματος
39471,Απόχη ψαρέματος – 30350,Απόχη ψαρέματος – 30350,in stock,new,5.4 EUR,,https://www.tradesor.gr/wp-content/uploads/2023/04/30350_712.jpg,OEM,No Color,5.5,"<div id=""tab-description"" class=""tab-pane tab-content active""><div id=""tab-description"" class=""panel entry-content wc-tab""><div class=""prod-descr""><p>Τηλεσκοπική απόχη ψαρέματος με επεκτεινόμενη τηλεσκοπική λαβή μήκους 60cm έως 1.20m, αφαιρούμενη.<br />Διάμετρος απόχης: 40cm, πτυσσόμενη για εύκολη μεταφορά και αποθήκευση.<br />Υψηλής ποιότητας και αντοχής.</p></div></div></div>",ΕΙΔΗ ΑΛΙΕΙΑΣ>Απόχες ψαρέματος
94537,Απόχη ψαρέματος - 31044,Απόχη ψαρέματος - 31044,in stock,new,5.4 EUR,,https://www.tradesor.gr/wp-content/uploads/2023/06/2ed9d181d03d358cc3f32faf48bd8e72.jpg,OEM,No Color,1.0,,ΕΙΔΗ ΑΛΙΕΙΑΣ>Απόχες ψαρέματος
94540,Απόχη ψαρέματος - 30cm - 31043,Απόχη ψαρέματος - 30cm - 31043,in stock,new,14.4 EUR,,https://www.tradesor.gr/wp-content/uploads/2023/06/a22195c613c4a7ad6e4db59bfe908cb9.jpg,OEM,No Color,1.0,"Απόχη ψαρέματος διαμέτρου 30cm, με λαβή αλουμινίου με αντιολισθητικό κάλυμμα και δίχτυ από ενισχυμένο ανθεκτικό Nylon.",ΕΙΔΗ ΑΛΙΕΙΑΣ>Απόχες ψαρέματος
94543,Απόχη ψαρέματος - 30cm - 31042,Απόχη ψαρέματος - 30cm - 31042,in stock,new,14.4 EUR,,https://www.tradesor.gr/wp-content/uploads/2023/06/d5feff48a04f7695181639175c99d367.jpg,OEM,No Color,1.0,"Απόχη ψαρέματος διαμέτρου 30cm, με λαβή αλουμινίου με αντιολισθητικό κάλυμμα και δίχτυ από ενισχυμένο ανθεκτικό Nylon.",ΕΙΔΗ ΑΛΙΕΙΑΣ>Απόχες ψαρέματος
94546,Απόχη ψαρέματος τηλεσκοπική - 31041,Απόχη ψαρέματος τηλεσκοπική - 31041,in stock,new,11.7 EUR,,https://www.tradesor.gr/wp-content/uploads/2023/06/bd649fcc4b54e0dce5f5a76e21306602.jpg,OEM,No Color,1.0,Απόχη ψαρέματος τηλεσκοπική με λαβή αλουμινίου με προστατευτικά και δίχτυ από ενισχυμένο ανθεκτικό Nylon.,ΕΙΔΗ ΑΛΙΕΙΑΣ>Απόχες ψαρέματος
94549,Απόχη ψαρέματος - 31040,Απόχη ψαρέματος - 31040,in stock,new,5.4 EUR,,https://www.tradesor.gr/wp-content/uploads/2023/06/a414c206cc78c3de32d205d9775bd2eb.jpg,OEM,No Color,1.0,,ΕΙΔΗ ΑΛΙΕΙΑΣ>Απόχες ψαρέματος
94552,Απόχη ψαρέματος - 31039,Απόχη ψαρέματος - 31039,in stock,new,5.4 EUR,,https://www.tradesor.gr/wp-content/uploads/2023/06/10033e87bfcb3ba221cbf1592b8b1c62.jpg,OEM,No Color,1.0,,ΕΙΔΗ ΑΛΙΕΙΑΣ>Απόχες ψαρέματος
94555,Απόχη ψαρέματος δίσπαστη - 31038,Απόχη ψαρέματος δίσπαστη - 31038,in stock,new,12.6 EUR,,https://www.tradesor.gr/wp-content/uploads/2023/06/ce8e2fbb8645d0271fee5cc95cfa157a.jpg,OEM,No Color,1.0,Απόχη ψαρέματος δίσπαστη. Διαθέτει λαβή αλουμινίου με προστατευτικά και δίχτυ από ενισχυμένο ανθεκτικό Nylon.,ΕΙΔΗ ΑΛΙΕΙΑΣ>Απόχες ψαρέματος
94558,Απόχη ψαρέματος δίσπαστη - 31037,Απόχη ψαρέματος δίσπαστη - 31037,in stock,new,11.7 EUR,,https://www.tradesor.gr/wp-content/uploads/2023/06/37422a7121b18623ede2351fdf6bcc84.jpg,OEM,No Color,1.0,Απόχη ψαρέματος δίσπαστη. Διαθέτει λαβή αλουμινίου με προστατευτικά και δίχτυ από ενισχυμένο ανθεκτικό Nylon.,ΕΙΔΗ ΑΛΙΕΙΑΣ>Απόχες ψαρέματος
94561,Απόχη ψαρέματος - 31036,Απόχη ψαρέματος - 31036,in stock,new,21.6 EUR,,https://www.tradesor.gr/wp-content/uploads/2023/06/bfc59c62d9bafd1fc07fa6331f385a9b.jpg,OEM,No Color,1.0,,ΕΙΔΗ ΑΛΙΕΙΑΣ>Απόχες ψαρέματος
94564,Απόχη ψαρέματος - 31035,Απόχη ψαρέματος - 31035,in stock,new,14.4 EUR,,https://www.tradesor.gr/wp-content/uploads/2023/06/37e07dac7e7476fb3e07a531eb156b3f.jpg,OEM,No Color,1.0,,ΕΙΔΗ ΑΛΙΕΙΑΣ>Απόχες ψαρέματος
94567,Απόχη ψαρέματος - 31031,Απόχη ψαρέματος - 31031,in stock,new,4.5 EUR,,https://www.tradesor.gr/wp-content/uploads/2023/06/8e69242603610a61e2bb7d707fff7b77.jpg,OEM,No Color,1.0,,ΕΙΔΗ ΑΛΙΕΙΑΣ>Απόχες ψαρέματος
94570,Απόχη ψαρέματος - 31030,Απόχη ψαρέματος - 31030,in stock,new,4.5 EUR,,https://www.tradesor.gr/wp-content/uploads/2023/06/c5708daa84b668f548fd1769e90bf83c.jpg,OEM,No Color,1.0,,ΕΙΔΗ ΑΛΙΕΙΑΣ>Απόχες ψαρέματος
94573,Απόχη ψαρέματος - 70# - 31028,Απόχη ψαρέματος - 70# - 31028,in stock,new,16.2 EUR,,https://www.tradesor.gr/wp-content/uploads/2023/06/b7de6141a1eaac80f3a4b5618c00f20a.jpg,OEM,No Color,1.0,Απόχη ψαρέματος τηλεσκοπική με διάμετρο 70cm. Διαθέτει λαβή αλουμινίου με προστατευτικά και δίχτυ από ενισχυμένο ανθεκτικό Nylon.,ΕΙΔΗ ΑΛΙΕΙΑΣ>Απόχες ψαρέματος
94576,Απόχη ψαρέματος - 60# - 31027,Απόχη ψαρέματος - 60# - 31027,in stock,new,14.4 EUR,,https://www.tradesor.gr/wp-content/uploads/2023/06/20b35858cb3f3eddacd784d507c38cd6.jpg,OEM,No Color,1.0,Απόχη ψαρέματος τηλεσκοπική με διάμετρο 60cm. Διαθέτει λαβή αλουμινίου με προστατευτικά και δίχτυ από ενισχυμένο ανθεκτικό Nylon.,ΕΙΔΗ ΑΛΙΕΙΑΣ>Απόχες ψαρέματος
94579,Απόχη ψαρέματος - 50# - 31024,Απόχη ψαρέματος - 50# - 31024,in stock,new,12.6 EUR,,https://www.tradesor.gr/wp-content/uploads/2023/06/9fc9009ecff1e9806fffd096fe605694.jpg,OEM,No Color,1.0,Απόχη ψαρέματος τηλεσκοπική με διάμετρο 50cm. Διαθέτει λαβή αλουμινίου με προστατευτικά και δίχτυ από ενισχυμένο ανθεκτικό Nylon.,ΕΙΔΗ ΑΛΙΕΙΑΣ>Απόχες ψαρέματος
94582,Απόχη ψαρέματος - 70# - 31020,Απόχη ψαρέματος - 70# - 31020,in stock,new,14.4 EUR,,https://www.tradesor.gr/wp-content/uploads/2023/06/e19e7e7e67e246733565cfa7b6f78215.jpg,OEM,No Color,1.0,Απόχη ψαρέματος τηλεσκοπική με διάμετρο 70cm. Διαθέτει λαβή αλουμινίου με προστατευτικά και δίχτυ από ενισχυμένο ανθεκτικό Nylon.,ΕΙΔΗ ΑΛΙΕΙΑΣ>Απόχες ψαρέματος
94586,Απόχη ψαρέματος - 70# - 31017,Απόχη ψαρέματος - 70# - 31017,in stock,new,16.2 EUR,,https://www.tradesor.gr/wp-content/uploads/2023/06/a969ec00a75262c37952aaff0a5e8804.jpg,OEM,No Color,1.0,Απόχη ψαρέματος τηλεσκοπική με διάμετρο 70cm. Διαθέτει λαβή αλουμινίου με προστατευτικά και δίχτυ από ενισχυμένο ανθεκτικό Nylon.,ΕΙΔΗ ΑΛΙΕΙΑΣ>Απόχες ψαρέματος
94589,Απόχη ψαρέματος - 50# - 31015,Απόχη ψαρέματος - 50# - 31015,in stock,new,14.4 EUR,,https://www.tradesor.gr/wp-content/uploads/2023/06/e16dbfe2061d4477e0a195b628fb3155.jpg,OEM,No Color,1.0,Απόχη ψαρέματος τηλεσκοπική με διάμετρο 50cm. Διαθέτει λαβή αλουμινίου με προστατευτικά και δίχτυ από ενισχυμένο ανθεκτικό Nylon.,ΕΙΔΗ ΑΛΙΕΙΑΣ>Απόχες ψαρέματος
94592,Απόχη ψαρέματος - 70# - 31014,Απόχη ψαρέματος - 70# - 31014,in stock,new,14.4 EUR,,https://www.tradesor.gr/wp-content/uploads/2023/06/4adb1bba7515ec52bcf49e5e388c463d.jpg,OEM,No Color,1.0,Απόχη ψαρέματος τηλεσκοπική με διάμετρο 70cm. Διαθέτει λαβή αλουμινίου με προστατευτικά και δίχτυ από ενισχυμένο ανθεκτικό Nylon.,ΕΙΔΗ ΑΛΙΕΙΑΣ>Απόχες ψαρέματος
94595,Απόχη ψαρέματος - 60# - 31013,Απόχη ψαρέματος - 60# - 31013,in stock,new,13.5 EUR,,https://www.tradesor.gr/wp-content/uploads/2023/06/1150f678a0db77e0ae61e0f2d38042f0.jpg,OEM,No Color,1.0,Απόχη ψαρέματος τηλεσκοπική με διάμετρο 60cm. Διαθέτει λαβή αλουμινίου με προστατευτικά και δίχτυ από ενισχυμένο ανθεκτικό Nylon.,ΕΙΔΗ ΑΛΙΕΙΑΣ>Απόχες ψαρέματος
94598,Απόχη ψαρέματος - 60# - 31009,Απόχη ψαρέματος - 60# - 31009,in stock,new,12.6 EUR,,https://www.tradesor.gr/wp-content/uploads/2023/06/e389d4ef1e88c31153caa52178627825.jpg,OEM,No Color,1.0,Απόχη ψαρέματος τηλεσκοπική με διάμετρο 60cm. Διαθέτει λαβή αλουμινίου με προστατευτικά και δίχτυ από ενισχυμένο ανθεκτικό Nylon.,ΕΙΔΗ ΑΛΙΕΙΑΣ>Απόχες ψαρέματος
95131,Απόχη ψαρέματος - 120x28cm - 31744,Απόχη ψαρέματος - 120x28cm - 31744,in stock,new,0.9 EUR,,https://www.tradesor.gr/wp-content/uploads/2023/06/6fd2813675754e2c4d1ffb32718da4a5.jpg,OEM,No Color,3.0,,ΕΙΔΗ ΑΛΙΕΙΑΣ>Απόχες ψαρέματος
95134,Απόχη ψαρέματος - 100x24cm - 31743,Απόχη ψαρέματος - 100x24cm - 31743,in stock,new,0.9 EUR,,https://www.tradesor.gr/wp-content/uploads/2023/06/ce73b5bc1ff4e6dbbd5f8bc6825292c4.jpg,OEM,No Color,3.0,,ΕΙΔΗ ΑΛΙΕΙΑΣ>Απόχες ψαρέματος
95137,Απόχη ψαρέματος - 90x20cm - 31742,Απόχη ψαρέματος - 90x20cm - 31742,in stock,new,0.9 EUR,,https://www.tradesor.gr/wp-content/uploads/2023/06/43d4532618f542691f50029ca2204e27.jpg,OEM,No Color,3.0,,ΕΙΔΗ ΑΛΙΕΙΑΣ>Απόχες ψαρέματος
95140,Απόχη ψαρέματος - 80x20cm - 31741,Απόχη ψαρέματος - 80x20cm - 31741,in stock,new,0.9 EUR,,https://www.tradesor.gr/wp-content/uploads/2023/06/3339f2da617b8df1928527cfbef21371.jpg,OEM,No Color,2.0,,ΕΙΔΗ ΑΛΙΕΙΑΣ>Απόχες ψαρέματος
95560,Απόχη ψαρέματος - 170*50cm - 31045,Απόχη ψαρέματος - 170*50cm - 31045,in stock,new,11.7 EUR,,https://www.tradesor.gr/wp-content/uploads/2023/06/2cd3bf56fda544a9a9912470e4a87ac1.jpg,OEM,No Color,2.0,Απόχη ψαρέματος τηλεσκοπική με μέγιστο μήκος 170cm και διάμετρο 50cm. Διαθέτει λαβή αλουμινίου με προστατευτικά και δίχτυ από ενισχυμένο ανθεκτικό Nylon.,ΕΙΔΗ ΑΛΙΕΙΑΣ>Απόχες ψαρέματος
95563,Απόχη ψαρέματος - 60# - 31022,Απόχη ψαρέματος - 60# - 31022,in stock,new,16.2 EUR,,https://www.tradesor.gr/wp-content/uploads/2023/06/771437e43160df692a2fdfb403bea964.jpg,OEM,No Color,2.0,Απόχη ψαρέματος τηλεσκοπική με διάμετρο 60cm. Διαθέτει λαβή αλουμινίου με προστατευτικά και δίχτυ από ενισχυμένο ανθεκτικό Nylon.,ΕΙΔΗ ΑΛΙΕΙΑΣ>Απόχες ψαρέματος
95567,Απόχη ψαρέματος - 50# - 31018,Απόχη ψαρέματος - 50# - 31018,in stock,new,12.6 EUR,,https://www.tradesor.gr/wp-content/uploads/2023/06/45df805552b7c9fe2ead5da60389b93a.jpg,OEM,No Color,2.0,Απόχη ψαρέματος τηλεσκοπική με διάμετρο 50cm. Διαθέτει λαβή αλουμινίου με προστατευτικά και δίχτυ από ενισχυμένο ανθεκτικό Nylon.,ΕΙΔΗ ΑΛΙΕΙΑΣ>Απόχες ψαρέματος
95570,Απόχη ψαρέματος - 60# - 31016,Απόχη ψαρέματος - 60# - 31016,in stock,new,14.4 EUR,,https://www.tradesor.gr/wp-content/uploads/2023/06/350c1220a2f9ba43cd650eb30ce86220.jpg,OEM,No Color,2.0,Απόχη ψαρέματος τηλεσκοπική με διάμετρο 60cm. Διαθέτει λαβή αλουμινίου με προστατευτικά και δίχτυ από ενισχυμένο ανθεκτικό Nylon.,ΕΙΔΗ ΑΛΙΕΙΑΣ>Απόχες ψαρέματος
95573,Απόχη ψαρέματος - 50# - 31012,Απόχη ψαρέματος - 50# - 31012,in stock,new,12.6 EUR,,https://www.tradesor.gr/wp-content/uploads/2023/06/28462bd649a59d6d3f58adaa8056e395.jpg,OEM,No Color,2.0,Απόχη ψαρέματος τηλεσκοπική με διάμετρο 50cm. Διαθέτει λαβή αλουμινίου με προστατευτικά και δίχτυ από ενισχυμένο ανθεκτικό Nylon.,ΕΙΔΗ ΑΛΙΕΙΑΣ>Απόχες ψαρέματος
95576,Απόχη ψαρέματος - 70# - 31011,Απόχη ψαρέματος - 70# - 31011,in stock,new,18 EUR,,https://www.tradesor.gr/wp-content/uploads/2023/06/32002661b995517a1730cbc0708795e7.jpg,OEM,No Color,2.0,Απόχη ψαρέματος τηλεσκοπική με διάμετρο 70cm. Διαθέτει λαβή αλουμινίου με προστατευτικά και δίχτυ από ενισχυμένο ανθεκτικό Nylon.,ΕΙΔΗ ΑΛΙΕΙΑΣ>Απόχες ψαρέματος
95579,Απόχη ψαρέματος - 60# - 31010,Απόχη ψαρέματος - 60# - 31010,in stock,new,16.2 EUR,,https://www.tradesor.gr/wp-content/uploads/2023/06/85888f47bb11260c97b30e81ab38e486.jpg,OEM,No Color,2.0,Απόχη ψαρέματος τηλεσκοπική με διάμετρο 60cm. Διαθέτει λαβή αλουμινίου με προστατευτικά και δίχτυ από ενισχυμένο ανθεκτικό Nylon.,ΕΙΔΗ ΑΛΙΕΙΑΣ>Απόχες ψαρέματος
95582,Απόχη ψαρέματος - 70# - 31008,Απόχη ψαρέματος - 70# - 31008,in stock,new,14.4 EUR,,https://www.tradesor.gr/wp-content/uploads/2023/06/79eca9af1cd712451a5ce25037bab551.jpg,OEM,No Color,2.0,Απόχη ψαρέματος τηλεσκοπική με διάμετρο 70cm. Διαθέτει λαβή αλουμινίου με προστατευτικά και δίχτυ από ενισχυμένο ανθεκτικό Nylon.,ΕΙΔΗ ΑΛΙΕΙΑΣ>Απόχες ψαρέματος
95585,Απόχη ψαρέματος - 60# - 31007,Απόχη ψαρέματος - 60# - 31007,in stock,new,12.6 EUR,,https://www.tradesor.gr/wp-content/uploads/2023/06/6b523edb6deff69ad0fb7d8980b01359.jpg,OEM,No Color,2.0,Απόχη ψαρέματος τηλεσκοπική με διάμετρο 60cm. Διαθέτει λαβή αλουμινίου με προστατευτικά και δίχτυ από ενισχυμένο ανθεκτικό Nylon.,ΕΙΔΗ ΑΛΙΕΙΑΣ>Απόχες ψαρέματος
96394,Κοντάρι απόχης - Τηλεσκοπικό - 7m - 30963,Κοντάρι απόχης - Τηλεσκοπικό - 7m - 30963,in stock,new,12.6 EUR,,https://www.tradesor.gr/wp-content/uploads/2023/06/23d97f45ca6446666c51cfdf8326ad4b.jpg,OEM,No Color,10.0,,ΕΙΔΗ ΑΛΙΕΙΑΣ>Απόχες ψαρέματος
96397,Κοντάρι απόχης - Τηλεσκοπικό - 6m - 30962,Κοντάρι απόχης - Τηλεσκοπικό - 6m - 30962,in stock,new,10.8 EUR,,https://www.tradesor.gr/wp-content/uploads/2023/06/b95675173dc62551dfd2bde31b90f885.jpg,OEM,No Color,10.0,,ΕΙΔΗ ΑΛΙΕΙΑΣ>Απόχες ψαρέματος
96400,Κοντάρι απόχης - Τηλεσκοπικό - 5m - 30961,Κοντάρι απόχης - Τηλεσκοπικό - 5m - 30961,in stock,new,8.1 EUR,,https://www.tradesor.gr/wp-content/uploads/2023/06/4a909ba3e25d63fc536c14744fe916e0.jpg,OEM,No Color,10.0,,ΕΙΔΗ ΑΛΙΕΙΑΣ>Απόχες ψαρέματος
96403,Κοντάρι απόχης - Τηλεσκοπικό - 4m - 30960,Κοντάρι απόχης - Τηλεσκοπικό - 4m - 30960,in stock,new,6.3 EUR,,https://www.tradesor.gr/wp-content/uploads/2023/06/1c8c9610903ca38c000445a283ecf9f5.jpg,OEM,No Color,8.0,,ΕΙΔΗ ΑΛΙΕΙΑΣ>Απόχες ψαρέματος
96406,Κοντάρι απόχης - Τηλεσκοπικό - 3m - 30959,Κοντάρι απόχης - Τηλεσκοπικό - 3m - 30959,in stock,new,5.4 EUR,,https://www.tradesor.gr/wp-content/uploads/2023/06/a5bd0baae3cf61df61003ddff82805c7.jpg,OEM,No Color,6.0,,ΕΙΔΗ ΑΛΙΕΙΑΣ>Απόχες ψαρέματος
96409,Κοντάρι απόχης - Τηλεσκοπικό - 7m - 30958,Κοντάρι απόχης - Τηλεσκοπικό - 7m - 30958,in stock,new,12.6 EUR,,https://www.tradesor.gr/wp-content/uploads/2023/06/941f22f4d9f7db50a65e720f7aef2124.jpg,OEM,No Color,10.0,,ΕΙΔΗ ΑΛΙΕΙΑΣ>Απόχες ψαρέματος
96412,Κοντάρι απόχης - Τηλεσκοπικό - 6m - 30957,Κοντάρι απόχης - Τηλεσκοπικό - 6m - 30957,in stock,new,9.9 EUR,,https://www.tradesor.gr/wp-content/uploads/2023/06/58cf0b2d90b098f2850a4ab9e580cebf.jpg,OEM,No Color,10.0,,ΕΙΔΗ ΑΛΙΕΙΑΣ>Απόχες ψαρέματος
96415,Κοντάρι απόχης - Τηλεσκοπικό - 5m - 30956,Κοντάρι απόχης - Τηλεσκοπικό - 5m - 30956,in stock,new,8.1 EUR,,https://www.tradesor.gr/wp-content/uploads/2023/06/9c321eb1cb9906b1f81d40eec8710e8d.jpg,OEM,No Color,10.0,,ΕΙΔΗ ΑΛΙΕΙΑΣ>Απόχες ψαρέματος
96418,Κοντάρι απόχης - Τηλεσκοπικό - 4m - 30955,Κοντάρι απόχης - Τηλεσκοπικό - 4m - 30955,in stock,new,6.3 EUR,,https://www.tradesor.gr/wp-content/uploads/2023/06/1d9e4a7ac4e36618be406c7a727d5ee6.jpg,OEM,No Color,6.0,,ΕΙΔΗ ΑΛΙΕΙΑΣ>Απόχες ψαρέματος
96421,Κοντάρι απόχης - Τηλεσκοπικό - 3m - 30954,Κοντάρι απόχης - Τηλεσκοπικό - 3m - 30954,in stock,new,5.4 EUR,,https://www.tradesor.gr/wp-content/uploads/2023/06/1d277019e20abbb094be7c093ddb1200.jpg,OEM,No Color,6.0,,ΕΙΔΗ ΑΛΙΕΙΑΣ>Απόχες ψαρέματος
96424,Κοντάρι απόχης - Τηλεσκοπικό - 7m - 30953,Κοντάρι απόχης - Τηλεσκοπικό - 7m - 30953,in stock,new,11.7 EUR,,https://www.tradesor.gr/wp-content/uploads/2023/06/40058616edd59eaedfe89de0d43f5e69.jpg,OEM,No Color,10.0,,ΕΙΔΗ ΑΛΙΕΙΑΣ>Απόχες ψαρέματος
96427,Κοντάρι απόχης - Τηλεσκοπικό - 6m - 30952,Κοντάρι απόχης - Τηλεσκοπικό - 6m - 30952,in stock,new,9.9 EUR,,https://www.tradesor.gr/wp-content/uploads/2023/06/22b990e61fe3196238cda3a78adcca76.jpg,OEM,No Color,10.0,,ΕΙΔΗ ΑΛΙΕΙΑΣ>Απόχες ψαρέματος
96430,Κοντάρι απόχης - Τηλεσκοπικό - 5m - 30951,Κοντάρι απόχης - Τηλεσκοπικό - 5m - 30951,in stock,new,8.1 EUR,,https://www.tradesor.gr/wp-content/uploads/2023/06/dac0f38ec99b7e639637349238905832.jpg,OEM,No Color,10.0,,ΕΙΔΗ ΑΛΙΕΙΑΣ>Απόχες ψαρέματος
96433,Κοντάρι απόχης - Τηλεσκοπικό - 4m - 30950,Κοντάρι απόχης - Τηλεσκοπικό - 4m - 30950,in stock,new,6.3 EUR,,https://www.tradesor.gr/wp-content/uploads/2023/06/425008e09ebe67460a17025c08dedf6d.jpg,OEM,No Color,7.0,,ΕΙΔΗ ΑΛΙΕΙΑΣ>Απόχες ψαρέματος
96436,Κοντάρι απόχης - Τηλεσκοπικό - 3m - 30949,Κοντάρι απόχης - Τηλεσκοπικό - 3m - 30949,in stock,new,5.4 EUR,,https://www.tradesor.gr/wp-content/uploads/2023/06/50e121ff622854266a004e8f437cdf4b.jpg,OEM,No Color,6.0,,ΕΙΔΗ ΑΛΙΕΙΑΣ>Απόχες ψαρέματος
