id,title,description,availability,condition,price,link,image_link,brand,color,shipping_weight,rich_text_description,fb_product_category
36372,Αποτριχωτική μηχανή - KM-6198B - Kemei,Αποτριχωτική μηχανή - KM-6198B - Kemei,in stock,new,18 EUR,,https://www.tradesor.gr/wp-content/uploads/2023/04/2411_361980.jpg,OEM,No Color,0.9,"<div class=""prod-descr""><p>Η 3 σε 1 KEMEI ΚΜ-6198Β συνδυάζει 3 διαφορετικά είδη περιποίησης σώματος σε μια συσκευή χάρη στις 3 εναλλασσόμενες κεφαλές που περιέχει.</p><p><strong>Κεφαλή αποτρίχωσης:</strong> προσφέρει ριζική αποτρίχωση σε όλα τα σημεία του σώματος, ακόμα και στις πιο δύσκολες και  ευαίσθητες περιοχές. Διαθέτει περιστρεφόμενους δίσκους ικανούς να αφαιρέσουν με ασφάλεια ακόμα και τις πιο κοντές τρίχες.</p><p><strong>Κεφαλή ξυρίσματος:</strong> για ανώδυνο ξύρισμα που αφήνει το δέρμα απαλό με διάρκεια</p><p><strong>Κεφαλή λίμα</strong>: για εύκολη και αποτελεσματική αφαίρεση των σκληρύνσεων του δέρματος από πέλματα, αγκώνες, γόνατα.</p><p>Η 3 σε 1 KEMEI ΚΜ-6198Β είναι φορητή και επαναφορτιζόμενη. Με μία πλήρη φόρτιση 8 ωρών, σας παρέχει λειτουργία 30-40 λεπτών.</p><p>Διαθέτει φακό Smartlight που φωτίζει ακόμη και τις πιο λεπτές τρίχες για να μην σας ξεφεύγει καμία</p><p><strong>Η συσκευασία περιλαμβάνει:</strong></p><ul><li>Συσκευή KEMEI KM-6198 με φακό smartlight</li><li>3 εναλλασσόμενες κεφαλές</li><li>Αντάπτορα φόρτισης</li><li>Βουρτσάκι καθαρισμού</li><li>Οδηγίες χρήσεως (στην αγγλική γλώσσα)</li></ul></div>",ΥΓΕΙΑ - ΟΜΟΡΦΙΑ  Fitness>Είδη κομμωτηρίου>Συσκευές αποτρίχωσης
36519,Αποτριχωτική μηχανή - KM-3024 - Kemei,Αποτριχωτική μηχανή - KM-3024 - Kemei,in stock,new,9 EUR,,https://www.tradesor.gr/wp-content/uploads/2023/04/km-3024-1_600x600_6f1f725eb93a8c478df59a6bc6f91d48.jpg,OEM,No Color,0.8,"<p>Επαναφορτιζόμενη ξυριστική μηχανή και trimmer Kemei KM3024, ιδανική για πρόσωπο και σώμα καθώς προσεγγίζει και τα πιο δύσκολα σημεία. Διαθέτει 4 εναλλασσόμενες κεφαλές για ξύρισμα και trimming μύτης και φρυδιών.</p><ul><li>Διαστάσεις συσκευής; 16,5 x 3,5 cm</li><li>Χρόνος φόρτισης: 7 ώρες</li><li>Χρόνος χρήσης: 2 ώρες</li><li>Ισχύς: 3W</li></ul>",ΥΓΕΙΑ - ΟΜΟΡΦΙΑ  Fitness>Είδη κομμωτηρίου>Συσκευές αποτρίχωσης
36734,Κεριέρα αποτρίχωσης - ProWax-100 - 400ml - 0188,Κεριέρα αποτρίχωσης - ProWax-100 - 400ml - 018871,in stock,new,9.9 EUR,,https://www.tradesor.gr/wp-content/uploads/2023/04/0504_018871-1.jpg,OEM,No Color,0.9,"<p>ProWax-100 Κεριέρα Αποτρίχωσης 400ml*</p><p>Εύκολη στην χρήση, η κεριέρα Pro Wax 100 δέχεται όλους τους τύπους κεριών.</p><p>Οδηγίες χρήσης:</p><ul><li>Αφαιρέστε το καπάκι της κεριέρας.</li><li>Ρυθμίστε την λαβή στο εσωτερικό δοχείο για περισσότερη ευκολία στην χρήση.</li><li>Όταν η λαβή είναι καλά στερεωμένη τοποθετήστε το κερί μέσα στο δοχείο. Γυρίστε τον διακόπτη θερμοκρασίας στην επιλογή «ΜΑΧ», έτσι ώστε να λιώσει το κερί.</li><li>Η διαδικασία του αυτή κρατάει περίπου 45 λεπτά.</li><li>Κατά την διαδικασία του λιωσίματος η φωτεινή λυχνία ένδειξης θα ανάβει και θα σβήνει επανειλημμένα για την σωστή ρύθμιση της θερμοκρασίας.</li><li>Όταν το κερί λιώσει χαμηλώστε την θερμοκρασία στους 60 ή 70 βαθμούς.</li><li>Η συσκευή θα λειτουργεί αυτόματα όταν η θερμοκρασία θα είναι χαμηλότερη από αυτήν που έχετε επιλέξει, η ένδειξη θα είναι στο «ON».</li><li>Όταν η θερμοκρασία γίνει υψηλότερη από αυτήν που έχετε επιλέξει η συσκευή θα σταματήσει να λειτουργεί και η ένδειξη θα είναι στο «OFF».</li><li>Αυτό εξασφαλίζει ότι το κερί θα είναι λιωμένο αλλά όχι υπερθερμασμένο.</li><li> Όταν τελειώσετε, ρυθμίστε το κουμπί της θερμοκρασίας στο «OFF».</li><li>Έπειτα αφαιρέστε το καπάκι χρησιμοποιώντας την ενσωματωμένη λαβή.</li><li>Συστήνουμε να εφαρμόσετε σωστό καθαρισμό ώστε να αφαιρεθούν τα οποιαδήποτε υπολείμματα από την συσκευή.</li><li>Για την εύκολη αφαίρεση του κεριού το δοχείο θα πρέπει να είναι λόγο ζεστό κατά την διάρκεια του καθαρισμού.</li><li>Όταν τελειώσετε την εργασία σας βεβαιωθείτε ότι το καπάκι κλείνει με ασφάλεια την συσκευή έτσι ώστε να προστατευτεί από την σκόνη</li></ul><p>Προειδοποιήσεις:</p><ul><li>Μην τοποθετείτε την συσκευή δίπλα σε νερό ή γενικά σε υγρές περιοχές.</li><li>Αν η συσκευή εκτεθεί στο νερό βγάλτε την αμέσως από την πρίζα.</li><li>Κρατήστε το καλώδιο μακριά από θερμαινόμενες επιφάνειες</li><li>Βεβαιωθείτε ότι η συσκευή έχει αποσυνδεθεί μετά την χρήση της.</li><li>Χρησιμοποιείστε την συσκευή μόνο για τον σκοπό που προορίζεται.</li><li>Μην χρησιμοποιείτε ποτέ την συσκευή αν έχει υποστεί ζημιά το καλώδιο ή το φις, δεν λειτουργεί σωστά, έχει εκτεθεί στο νερό, έχει πέσει κάτω ή έχει υποστεί οποιαδήποτε ζημιά.</li></ul>",ΥΓΕΙΑ - ΟΜΟΡΦΙΑ  Fitness>Είδη κομμωτηρίου>Συσκευές αποτρίχωσης
37466,Ξυριστική μηχανή - KM-6637 - Kemei,Ξυριστική μηχανή - KM-6637 - Kemei,in stock,new,10.8 EUR,,https://www.tradesor.gr/wp-content/uploads/2023/04/366374.jpg,OEM,No Color,0.4,"<p>Η Kemei KM-6637 σχεδιάστηκε για να μετατρέψει τη δύσκολη διαδικασία αποτρίχωσης σε πραγματικά εύκολη και διασκεδαστική!<br />Με νέο εργονομικό σχεδιασμό για να φτάνει σε κάθε σημείο του σώματος με άνεση. <br />Περιποιηθείτε κάθε περιοχή του σώματός σας με μια μόνο συσκευή και γλιτώστε χρόνο, κόπο και χρήματα.<br />Είναι ασύρματη και επαναφορτιζόμενη, για πανεύκολη χρήση και μεταφορά οπουδήποτε.</p><p>Διαθέτει 4 διαφορετικές κεφαλές για:</p><ul><li>ξύρισμα & κούρεμα μεγάλων περιοχών</li><li>τριμάρισμα φρυδιών</li><li>ξύρισμα μικρών περιοχών σώματος</li><li>κούρεμα τριχών μύτης και αυτιών</li></ul><p><strong>Η συσκευασία περιλαμβάνει:</strong></p><ul><li>μια συσκευή</li><li>4 αφαιρούμενες κεφαλές</li><li>προστατευτικό κάλυμμα-χτένα</li><li>βουρτσάκι καθαρισμού</li><li>καλώδιο φόρτισης</li></ul><p><strong>Τεχνικά χαρακτηριστικά</strong></p><ul><li>Τάση εισόδου: 220-240V – 50/60Hz</li><li>Ισχύς: 3W</li><li>Χρόνος φόρτισης: 10 ώρες</li><li>Αυτονομία μπαταρίας: 45 λεπτά</li></ul>",ΥΓΕΙΑ - ΟΜΟΡΦΙΑ  Fitness>Είδη κομμωτηρίου>Συσκευές αποτρίχωσης
60603,Αποτριχωτική μηχανή - KM-6203 - Kemei,Αποτριχωτική μηχανή - KM-6203 - Kemei,in stock,new,12.6 EUR,,https://www.tradesor.gr/wp-content/uploads/2023/05/362031.png,OEM,No Color,0.8,"Πανίσχυρη επαναφορτιζόμενη συσκευή αποτρίχωσης που απομακρύνει από τη ρίζα τους και τις κοντύτερες τρίχες, για λείο δέρμα που διαρκεί. 
Χαρακτηριστικά:
    2 ταχύτητες,
    45 λεπτά αυτονομία με 8 ώρες φόρτιση,
    Ενδεικτική λυχνία φόρτισης,
    Περιλαμβάνει: φορτιστή USB (δεν περιλαμβάνεται ο αντάπτορας ρεύματος,
    Χτενάκι καθαρισμού,
    Οδηγίες χρήσης στα Αγγλικά,",ΥΓΕΙΑ - ΟΜΟΡΦΙΑ  Fitness>Είδη κομμωτηρίου>Συσκευές αποτρίχωσης
60606,Αποτριχωτική μηχανή - KM-1307A - Kemei,Αποτριχωτική μηχανή - KM-1307A - Kemei,in stock,new,12.6 EUR,,https://www.tradesor.gr/wp-content/uploads/2023/05/313071.png,OEM,No Color,0.8,"Μια πολυχρηστική συσκευή περιποίησης για όλο το σώμα με τρεις κεφαλές 2 για αποτρίχωση, 1 λίμα αφαίρεσης κάλων και 1 για ξύρισμα.

Η αποτριχωτική μηχανή πραγματοποιεί απαλή αποτρίχωση στα πόδια ενώ η δεύτερη μικρότερη σε μέγεθος αποτριχωτική χρησιμοποιείται στις ευαίσθητες περιοχές όπως πρόσωπο, μασχάλες, και μπικίνι.
Η ξυριστική μηχανή κινείται κατά μήκος της καμπύλης του σώματός σας, και με το προηγμένο σύστημα ξυρίσματος εξασφαλίζει γρήγορη και ανώδυνη αποτρίχωση. Η λίμα ποδιών απομακρύνει μέσα σε λίγα λεπτά το σκληρό δέρμα. Έχει ειδική επικάλυψη κυλίνδρων για την αποτελεσματική απομάκρυνση των κάλων, και αφαιρεί όλους τους κάλους χωρίς να τραυματίζει το δέρμα.

Χαρακτηριστικά προϊόντος:

    Διαθέτει 2 ταχύτητες,
    Φωτισμό για να μην χάσετε ούτε μία τρίχα,
    Με τεσσερις κεφαλές που εναλλάσσονται πολύ εύκολα:

Κεφαλή για αποτρίχωση μεγάλων επιφανειών,
Κεφαλή για αποτρίχωση ευαίσθητων περιοχών,
Κεφαλή για ξύρισμα,
Κεφαλή για λιμάρισμα,

    Ισχύς: 3W 220V, 50Hz,
    Μπορεί να χρησιμοποιηθεί για τα πόδια, τις μασχάλες, το πρόσωπο, το μπικίνι,
    Επαναφορτιζόμενη: 8 ώρες πλήρης φόρτιση, 45 λεπτά συνεχόμενης λειτουργίας.

Η συσκευασία περιλαμβάνει:

    1 x Μηχανή KEMEI KM-1307, 2 ταχυτήτων
    4 x Ανταλλακτικές κεφαλές (για λιμάρισμα, για ξύρισμα & για αποτρίχωση)
    Οδηγίες χρήσεως στα αγγλικά",ΥΓΕΙΑ - ΟΜΟΡΦΙΑ  Fitness>Είδη κομμωτηρίου>Συσκευές αποτρίχωσης
60609,Αποτριχωτική μηχανή - KM-1208A - Kemei,Αποτριχωτική μηχανή - KM-1208A - Kemei,in stock,new,13.5 EUR,,https://www.tradesor.gr/wp-content/uploads/2023/05/312081.png,OEM,No Color,0.8,"Μια πολυχρηστική συσκευή περιποίησης για όλο το σώμα με τρεις κεφαλές, 1 για αποτρίχωση, 1 λίμα αφαίρεσης κάλων και 1 για ξύρισμα.

Η αποτριχωτική μηχανή πραγματοποιεί ριζική αποτρίχωση σε όλο το σώμα, για απαλό αποτέλεσμα με μεγάλη διάρκεια.
Η ξυριστική μηχανή κινείται κατά μήκος της καμπύλης του σώματός σας, και με το προηγμένο σύστημα ξυρίσματος εξασφαλίζει γρήγορη και ανώδυνη αποτρίχωση. Η λίμα ποδιών απομακρύνει μέσα σε λίγα λεπτά το σκληρό δέρμα. Έχει ειδική επικάλυψη κυλίνδρων για την αποτελεσματική απομάκρυνση των κάλων, και αφαιρεί όλους τους κάλους χωρίς να τραυματίζει το δέρμα.

Χαρακτηριστικά προϊόντος:
    Με 3 κεφαλές που εναλλάσσονται πολύ εύκολα:
Κεφαλή για αποτρίχωση, 
Κεφαλή για ξύρισμα, 
Κεφαλή για λιμάρισμα, 

    Ισχύς: 3W 220V, 50Hz,
    Μπορεί να χρησιμοποιηθεί για τα πόδια, τις μασχάλες, το πρόσωπο, το μπικίνι,
    Επαναφορτιζόμενη μπαταρία 12v, 800mA: 8 ώρες πλήρης φόρτιση, 40 λεπτά συνεχόμενης λειτουργίας.",ΥΓΕΙΑ - ΟΜΟΡΦΙΑ  Fitness>Είδη κομμωτηρίου>Συσκευές αποτρίχωσης
