id,title,description,availability,condition,price,link,image_link,brand,color,shipping_weight,rich_text_description,fb_product_category
35156,"Κόφτης καλωδίων - 6"" - Finder - 191828_6","Κόφτης καλωδίων - 6"" - Finder - 191828_6",in stock,new,4.5 EUR,,https://www.tradesor.gr/wp-content/uploads/2023/04/1308_191828.jpeg,OEM,No Color,0.2,<p>Πένσα Finder διάστασης 6' με εργονομική λαβή και ισχυρό ατσάλι.</p>,ΕΡΓΑΛΕΙΑ  ΕΠΑΓΓΕΛΜΑΤΙΚΟΣ ΕΞΟΠΛΙΣΜΟΣ>Εργαλεία>Eργαλεία χειρός
35173,Βελόνι χειρός - Finder - 195891,Βελόνι χειρός - Finder - 195891,in stock,new,8.1 EUR,,https://www.tradesor.gr/wp-content/uploads/2023/04/1563621032972360.jpg,OEM,No Color,0.2,<p>Σκαρπέλο φτιαγμένο από 40Cr ατσάλι και λαβή τύπου TPR</p><p>Μέγεθος: 16*4*305</p>,ΕΡΓΑΛΕΙΑ  ΕΠΑΓΓΕΛΜΑΤΙΚΟΣ ΕΞΟΠΛΙΣΜΟΣ>Εργαλεία>Eργαλεία χειρός
35296,Κόπτης γυαλιού - Finder - 191806,Κόπτης γυαλιού - Finder - 191806,in stock,new,3.6 EUR,,https://www.tradesor.gr/wp-content/uploads/2023/04/31DHXJTGhNL._SX425_.jpg,OEM,No Color,0.2,<p>Κόπτης γυαλιού με λεπίδα φτιαγμένη από χάλυβα βολφραμίου και λαβή από A3 ατσάλι.</p><p>Μέγεθος: 8-12mm</p>,ΕΡΓΑΛΕΙΑ  ΕΠΑΓΓΕΛΜΑΤΙΚΟΣ ΕΞΟΠΛΙΣΜΟΣ>Εργαλεία>Eργαλεία χειρός
35381,Απογυμνωτής καλωδίων - αυτόματος - Fi,Απογυμνωτής καλωδίων - αυτόματος - Finder - 190204,in stock,new,6.3 EUR,,https://www.tradesor.gr/wp-content/uploads/2023/04/απογυμνωτής-καλωδίων-αυτόματος-finder-190204.jpg,OEM,No Color,0.2,<p>Αυτόματη πένσα απογύμνωσης καλωδίων. Σώμα φτιαγμένο από δυνατό ψευδάργυρο και 65Mn λεπίδα.</p><p>Ικανότητα: 1.0/1.6/2./2.6/3.2mm</p>,ΕΡΓΑΛΕΙΑ  ΕΠΑΓΓΕΛΜΑΤΙΚΟΣ ΕΞΟΠΛΙΣΜΟΣ>Εργαλεία>Eργαλεία χειρός
35387,Κόφτης καλωδίων - 10'' - Finder - 191830,Κόφτης καλωδίων - 10'' - Finder - 191830,in stock,new,6.3 EUR,,https://www.tradesor.gr/wp-content/uploads/2023/04/πένσα-finder.jpg,OEM,No Color,0.2,<p>Πένσα με εργονομική λαβή και άνετη και ασφαλή χρήση.</p>,ΕΡΓΑΛΕΙΑ  ΕΠΑΓΓΕΛΜΑΤΙΚΟΣ ΕΞΟΠΛΙΣΜΟΣ>Εργαλεία>Eργαλεία χειρός
35389,Κοπτικό σωλήνων PVC - Finder - 191876,Κοπτικό σωλήνων PVC - Finder - 191876,in stock,new,8.1 EUR,,https://www.tradesor.gr/wp-content/uploads/2023/04/κοπτικό-σωλήνων-finder.jpg,OEM,No Color,0.4,"Για χαρακτηριστικά, δείτε την εικόνα του προϊόντος. 

Μπορείτε να επικοινωνείτε μαζί μας στο 2310385588 ή στο info@tradesor.gr για λεπτομέρειες όπως βάρος, διαθεσιμότητα και διαστάσεις.",ΕΡΓΑΛΕΙΑ  ΕΠΑΓΓΕΛΜΑΤΙΚΟΣ ΕΞΟΠΛΙΣΜΟΣ>Εργαλεία>Eργαλεία χειρός
35502,Σκαρπέλο 38mm με λαβή 10cm - Finder - 195391,Σκαρπέλο 38mm με λαβή 10cm - Finder - 195391,in stock,new,3.6 EUR,,https://www.tradesor.gr/wp-content/uploads/2023/04/σκαρπέλο-38mm-finder-195391.jpg,OEM,No Color,0.2,"<p>Σκαρπέλα ξύλου, φτιαγμένα από Cr-V ατσάλι.</p><p>Μεγέθη: 38mm, μήκος λεπίδας 140mm, μήκος λαβής 124mm</p><p>Hardness: 57-63HRC</p>",ΕΡΓΑΛΕΙΑ  ΕΠΑΓΓΕΛΜΑΤΙΚΟΣ ΕΞΟΠΛΙΣΜΟΣ>Εργαλεία>Eργαλεία χειρός
35507,Σκαρπέλο 8mm με λαβή 10cm - Finder - 195382,Σκαρπέλο 8mm με λαβή 10cm - Finder - 195382,in stock,new,3.6 EUR,,https://www.tradesor.gr/wp-content/uploads/2023/04/σκαρπέλο-8mm-finder-195382.jpg,OEM,No Color,0.2,"<p>Σκαρπέλα ξύλου, φτιαγμένα από Cr-V ατσάλι.</p><p>Μεγέθη: 8mm, μήκος λεπίδας 140mm, μήκος λαβής 124mm</p><p>Hardness: 57-63HRC</p>",ΕΡΓΑΛΕΙΑ  ΕΠΑΓΓΕΛΜΑΤΙΚΟΣ ΕΞΟΠΛΙΣΜΟΣ>Εργαλεία>Eργαλεία χειρός
35523,Ψαλίδι μπετού - Finder - 14'' - 190480,Ψαλίδι μπετού - Finder - 14'' - 190480,in stock,new,11.7 EUR,,https://www.tradesor.gr/wp-content/uploads/2023/04/πένσα-σύρματος-finder-14mm-190480.jpg,OEM,No Color,0.2,<p>Μέγεθος: 350mm/14''<br />Hardness: 56-61HRC</p><p>Φτιαγμένο από CR-MO ατσάλι</p><p>Ικανότητα κοπής: 7mm</p>,ΕΡΓΑΛΕΙΑ  ΕΠΑΓΓΕΛΜΑΤΙΚΟΣ ΕΞΟΠΛΙΣΜΟΣ>Εργαλεία>Eργαλεία χειρός
35524,Ψαλίδι μπετού - Finder - 12''- 190479,Ψαλίδι μπετού - Finder - 12''- 190479,in stock,new,10.8 EUR,,https://www.tradesor.gr/wp-content/uploads/2023/04/πένσα-σύρματος-finder-12mm-190479.jpg,OEM,No Color,0.2,<p>Μέγεθος: 300mm/12''<br />Hardness: 56-61HRC</p><p>Φτιαγμένο από CR-MO ατσάλι</p><p>Ικανότητα κοπής: 5mm</p>,ΕΡΓΑΛΕΙΑ  ΕΠΑΓΓΕΛΜΑΤΙΚΟΣ ΕΞΟΠΛΙΣΜΟΣ>Εργαλεία>Eργαλεία χειρός
35525,Σωληνοκάβουρας - 30cm/12'' - Finder - 190219,Σωληνοκάβουρας - 30cm/12'' - Finder - 190219,in stock,new,6.3 EUR,,https://www.tradesor.gr/wp-content/uploads/2023/04/1308_190222.jpg,OEM,No Color,0.2,<p>Μέγεθος: 300mm/12''<br />Hardness of teeth: 55-60HRC</p><p>Φτιαγμένο από ανοξείδωτο ατσάλι.</p>,ΕΡΓΑΛΕΙΑ  ΕΠΑΓΓΕΛΜΑΤΙΚΟΣ ΕΞΟΠΛΙΣΜΟΣ>Εργαλεία>Eργαλεία χειρός
35526,Σωληνοκάβουρας - 25cm/10'' - Finder - 190218,Σωληνοκάβουρας - 25cm/10'' - Finder - 190218,in stock,new,4.5 EUR,,https://www.tradesor.gr/wp-content/uploads/2023/04/1308_190222.jpg,OEM,No Color,0.2,<p>Μέγεθος: 250mm/10''<br />Hardness of teeth: 55-60HRC</p><p>Φτιαγμένο από ανοξείδωτο ατσάλι.</p>,ΕΡΓΑΛΕΙΑ  ΕΠΑΓΓΕΛΜΑΤΙΚΟΣ ΕΞΟΠΛΙΣΜΟΣ>Εργαλεία>Eργαλεία χειρός
35527,Σωληνοκάβουρας - 20cm/8'' - Finder - 190217,Σωληνοκάβουρας - 20cm/8'' - Finder - 190217,in stock,new,3.6 EUR,,https://www.tradesor.gr/wp-content/uploads/2023/04/1308_190222.jpg,OEM,No Color,0.2,<p>Μέγεθος: 200mm/8''<br />Hardness of teeth: 55-60HRC</p><p>Φτιαγμένο από ανοξείδωτο ατσάλι.</p>,ΕΡΓΑΛΕΙΑ  ΕΠΑΓΓΕΛΜΑΤΙΚΟΣ ΕΞΟΠΛΙΣΜΟΣ>Εργαλεία>Eργαλεία χειρός
35530,Γκαζοτανάλια - 175mm - 7'' - Finder - 190330,Γκαζοτανάλια - 175mm - 7'' - Finder - 190330,in stock,new,6.3 EUR,,https://www.tradesor.gr/wp-content/uploads/2023/04/πένσα-αντλίας-715mm-finder-190330.jpg,OEM,No Color,0.7,"<p>Όχι πια χαμένος χρόνος για να βρείτε το σωστό άνοιγμα. Απλώς τοποθετήστε το πάνω μάγουλο του εργαλείου στο προς συγκράτηση αντικείμενο, πιέστε το κουμπί και μετακινήστε το κάτω μάγουλο του εργαλείου μέχρι να ασφαλίσει. </p><p>Τσιμπίδα γκρι φωσφατωμένη, <br />Κεφαλή στιλβωμένη, <br />Λαβές επικαλυμμένες με αντιολισθητικό συνθετικό υλικό.<br />Ρύθμιση με το πάτημα ενός κουμπιού, απευθείας στο επεξεργαζόμενο κομμάτι.<br />Ρύθμιση ακριβείας για ιδανική προσαρμογή στα διαφορετικά μεγέθη των επεξεργαζόμενων κομματιών και εργονομική θέση λαβής.<br />Κλειδώνει μόνη της πάνω σε σωλήνες ή παξιμάδια: το αντικείμενο δεν γλιστρά ενώ απαιτείται μικρότερη προσπάθεια του χειριστή.</p><p>Μέγεθος: 175mm/7''<br />Teeth Hardness: 50-55HRC</p><p>Body Hardness: 43-48HRC</p><p>Φτιαγμένο από Cr-V ατσάλι.</p>",ΕΡΓΑΛΕΙΑ  ΕΠΑΓΓΕΛΜΑΤΙΚΟΣ ΕΞΟΠΛΙΣΜΟΣ>Εργαλεία>Eργαλεία χειρός
35533,Αποφλειωτής καλωδίων - 6'' - 150mm - Finder - ,Αποφλειωτής καλωδίων - 6'' - 150mm - Finder - 190465,in stock,new,3.24 EUR,,https://www.tradesor.gr/wp-content/uploads/2023/04/πένσα-6-150mm-finder-190465.jpg,OEM,No Color,0.2,"<p>Μέγεθος: 150mm/6''<br />Hardness: 55-58HRC</p><p>Φτιαγμένο από ανοξείδωτο ατσάλι, διαθέτει εργονομική λαβή.</p>",ΕΡΓΑΛΕΙΑ  ΕΠΑΓΓΕΛΜΑΤΙΚΟΣ ΕΞΟΠΛΙΣΜΟΣ>Εργαλεία>Eργαλεία χειρός
35548,Τσουγκράνα - Finder - 191646,Τσουγκράνα - Finder - 191646,in stock,new,1.8 EUR,,https://www.tradesor.gr/wp-content/uploads/2023/04/τσουγκράνα-finder-191646.jpg,OEM,No Color,0.2,<p>Τσουγκράνα κηπουρικής χειρός.</p>,ΕΡΓΑΛΕΙΑ  ΕΠΑΓΓΕΛΜΑΤΙΚΟΣ ΕΞΟΠΛΙΣΜΟΣ>Εργαλεία>Eργαλεία χειρός
35583,Τσιμπίδα ηλεκτροκόλλησης - 500A - Finder -,Τσιμπίδα ηλεκτροκόλλησης - 500A - Finder - 194876,in stock,new,7.2 EUR,,https://www.tradesor.gr/wp-content/uploads/2023/04/15762379002772433.jpg,OEM,No Color,0.2,<p>Πένσα συγκράτησης 500Α</p>,ΕΡΓΑΛΕΙΑ  ΕΠΑΓΓΕΛΜΑΤΙΚΟΣ ΕΞΟΠΛΙΣΜΟΣ>Εργαλεία>Eργαλεία χειρός
35584,Τσιμπίδα ηλεκτροκόλλησης - 300A - Finder -,Τσιμπίδα ηλεκτροκόλλησης - 300A - Finder - 194875,in stock,new,7.2 EUR,,https://www.tradesor.gr/wp-content/uploads/2023/04/15762378375544500.jpg,OEM,No Color,0.2,<p>Πένσα συγκράτησης 300Α</p>,ΕΡΓΑΛΕΙΑ  ΕΠΑΓΓΕΛΜΑΤΙΚΟΣ ΕΞΟΠΛΙΣΜΟΣ>Εργαλεία>Eργαλεία χειρός
35585,Τσιμπίδα γείωσης - 300Α - Finder - 194839,Τσιμπίδα γείωσης - 300Α - Finder - 194839,in stock,new,3.6 EUR,,https://www.tradesor.gr/wp-content/uploads/2023/04/15762376828985551.jpg,OEM,No Color,0.4,<p>Πένσα γείωσης 300Α</p>,ΕΡΓΑΛΕΙΑ  ΕΠΑΓΓΕΛΜΑΤΙΚΟΣ ΕΞΟΠΛΙΣΜΟΣ>Εργαλεία>Eργαλεία χειρός
35988,Απογυμνωτής καλωδίων - Finder - 190205,Απογυμνωτής καλωδίων - Finder - 190205,in stock,new,4.5 EUR,,https://www.tradesor.gr/wp-content/uploads/2023/04/15842498917381712.jpg,OEM,No Color,0.2,"<p><span class=""tlid-translation translation"" lang=""el""><span class="""" title="""">Αυτόματη πένσα απογύμνωσης καλωδίων με κεφαλή φτιαγμένη από 65Mn.<br /></span></span></p><p>Διαθέσιμο για 1.0/1.6/2.0/2.6/3.2mm</p>",ΕΡΓΑΛΕΙΑ  ΕΠΑΓΓΕΛΜΑΤΙΚΟΣ ΕΞΟΠΛΙΣΜΟΣ>Εργαλεία>Eργαλεία χειρός
35989,Πένσα ακροδεκτών - Finder - 190207,Πένσα ακροδεκτών - Finder - 190207,in stock,new,5.4 EUR,,https://www.tradesor.gr/wp-content/uploads/2023/04/15842500019311482.jpg,OEM,No Color,0.2,"<span class=""tlid-translation translation"" lang=""el""><span class="""" title="""">Πολυλειτουργικός απογυμνωτής καλωδίων</span>. Η <span class="""" title="""">διάρκεια ζωής του είναι 3-5 φορές από το κανονικό υλικό.</span></span>

<span class=""tlid-translation translation"" lang=""el""><span class="""" title="""">Μαύρο σώμα με προστατευτικό ηλεκτροφόρτισης. </span>
<span class="""" title="""">Μπορεί να χρησιμοποιηθεί ως απογυμνωτής καλωδίων, πένσα πρεσαρίσματος και πένσα κοπής.</span></span>

Μέγεθος: 8.5""""/215mm

Ικανότητα: 8-18mm",ΕΡΓΑΛΕΙΑ  ΕΠΑΓΓΕΛΜΑΤΙΚΟΣ ΕΞΟΠΛΙΣΜΟΣ>Εργαλεία>Eργαλεία χειρός
35991,"Ψαλίδι μπετού - 18"""" - Finder - 190481","Ψαλίδι μπετού - 18"""" - Finder - 190481",in stock,new,14.4 EUR,,https://www.tradesor.gr/wp-content/uploads/2023/04/1584257327078128.jpg,OEM,No Color,0.2,"<p>Μέγεθος: 450mm/18""""</p><p>Hardness: 56-61HRC</p><p>Φτιαγμένο από CR-MO ατσάλι</p><p>Ικανότητα κοπής: 8mm</p>",ΕΡΓΑΛΕΙΑ  ΕΠΑΓΓΕΛΜΑΤΙΚΟΣ ΕΞΟΠΛΙΣΜΟΣ>Εργαλεία>Eργαλεία χειρός
35993,"Τσιμπίδα υδραυλικών - 2"""" - Finder - 190249","Τσιμπίδα υδραυλικών - 2"""" - Finder - 190249",in stock,new,14.4 EUR,,https://www.tradesor.gr/wp-content/uploads/2023/04/15842584253951537.jpg,OEM,No Color,0.2,"<p>Μέγεθος: 2"""" Hardness: 48-52HRC Φτιαγμένο από ανοξείδωτο ατσάλι.</p>",ΕΡΓΑΛΕΙΑ  ΕΠΑΓΓΕΛΜΑΤΙΚΟΣ ΕΞΟΠΛΙΣΜΟΣ>Εργαλεία>Eργαλεία χειρός
36165,"Σωληνοκάβουρας - 45cm/18"" - Finder - 190221","Σωληνοκάβουρας - 45cm/18"" - Finder - 190221",in stock,new,11.7 EUR,,https://www.tradesor.gr/wp-content/uploads/2023/04/1308_190222.jpg,OEM,No Color,0.3,"<div class=""prod-descr""><p>Μέγεθος: 450mm/18”<br />Hardness of teeth: 55-60HRC</p><p>Φτιαγμένο από ανοξείδωτο ατσάλι.</p></div>",ΕΡΓΑΛΕΙΑ  ΕΠΑΓΓΕΛΜΑΤΙΚΟΣ ΕΞΟΠΛΙΣΜΟΣ>Εργαλεία>Eργαλεία χειρός
36242,"Εμπροστοκόφτης συρμάτων - 150mm/6"""" - Finde","Εμπροστοκόφτης συρμάτων - 150mm/6"""" - Finder - 190150",in stock,new,3.6 EUR,,https://www.tradesor.gr/wp-content/uploads/2023/04/190179_712.png,OEM,No Color,1,<p>Εμπροστοκόφτης συρμάτων της Finder.</p><p>Μέγεθος: 150mm/6″<br />Hardness: 60-61HRC</p><p>Φτιαγμένο από ανοξείδωτο ατσάλι.</p>,ΕΡΓΑΛΕΙΑ  ΕΠΑΓΓΕΛΜΑΤΙΚΟΣ ΕΞΟΠΛΙΣΜΟΣ>Εργαλεία>Eργαλεία χειρός
36243,"Εμπροστοκόφτης συρμάτων - 200mm/8"""" - Finde","Εμπροστοκόφτης συρμάτων - 200mm/8"""" - Finder - 190152",in stock,new,5.4 EUR,,https://www.tradesor.gr/wp-content/uploads/2023/04/190179_712.png,OEM,No Color,1.5,<p>Εμπροστοκόφτης συρμάτων της Finder.</p><p>Μέγεθος: 200mm/8″<br />Hardness: 60-61HRC</p><p>Φτιαγμένο από ανοξείδωτο ατσάλι.</p>,ΕΡΓΑΛΕΙΑ  ΕΠΑΓΓΕΛΜΑΤΙΚΟΣ ΕΞΟΠΛΙΣΜΟΣ>Εργαλεία>Eργαλεία χειρός
36247,Σετ εργαλεία με θήκη - 21τμχ - Finder - 19257,Σετ εργαλεία με θήκη - 21τμχ - Finder - 192572,in stock,new,41.4 EUR,,https://www.tradesor.gr/wp-content/uploads/2023/04/2207_192572.jpg,OEM,No Color,2.9,"<p>8"""" adjustable wrench 1 pc</p><p>250 claw hammer 1 pc</p><p>6"""" pearl nickel long nose plier 1 pc</p><p>7"""" pearl nickel combination plier 1 pc</p><p>8"""" water pump plier 1 pc</p><p>6*100 screwdriver 2 pcs</p><p>3*75 screwdriver 2 pcs</p><p>Ball point hex key 5 pcs</p><p>Digital tester 1 pc</p><p>Utility knife 1 pc</p><p>Putty knife 1 pc</p><p>Computer brush 1 pc</p><p>Measuring tape 1 pc</p><p>PVC tape 1 pc</p><p>Plastic box 1 pc</p>",ΕΡΓΑΛΕΙΑ  ΕΠΑΓΓΕΛΜΑΤΙΚΟΣ ΕΞΟΠΛΙΣΜΟΣ>Εργαλεία>Eργαλεία χειρός
36353,Σωληνοκάβουρας - 35cm/14” - Finder - 190220,Σωληνοκάβουρας - 35cm/14” - Finder - 190220,in stock,new,7.2 EUR,,https://www.tradesor.gr/wp-content/uploads/2023/04/1308_190222.jpg,OEM,No Color,1.2,"<div class=""prod-descr""><div class=""prod-descr""><p>Μέγεθος: 350mm/14”<br />Hardness of teeth: 55-60HRC</p><p>Φτιαγμένο από ανοξείδωτο ατσάλι.</p></div></div>",ΕΡΓΑΛΕΙΑ  ΕΠΑΓΓΕΛΜΑΤΙΚΟΣ ΕΞΟΠΛΙΣΜΟΣ>Εργαλεία>Eργαλεία χειρός
36362,Σφιγκτήρας τύπου Π - 8” – Clip – Finder - 1,Σφιγκτήρας τύπου Π - 8” – Clip – Finder - 195238,in stock,new,9 EUR,,https://www.tradesor.gr/wp-content/uploads/2023/04/2411_195238.jpg,OEM,No Color,4,"<div class=""prod-descr""><p>Σφιγκτήρας τύπου G με μανιβελάκι φτιαγμένος από ανθεκτικό πλαίσιο χυτού σιδήρου, βίδωμα από A3 ατσάλι.</p><p>Μέγεθος: 8”</p><p>Μέγιστο άνοιγμα: 209mm</p><p>Καθαρό βάρος: 1580g</p></div>",ΕΡΓΑΛΕΙΑ  ΕΠΑΓΓΕΛΜΑΤΙΚΟΣ ΕΞΟΠΛΙΣΜΟΣ>Εργαλεία>Eργαλεία χειρός
36363,Σφιγκτήρας τύπου Π - 10” – Clip – Finder - ,Σφιγκτήρας τύπου Π - 10” – Clip – Finder - 195239,in stock,new,10.8 EUR,,https://www.tradesor.gr/wp-content/uploads/2023/04/2411_195239.jpg,OEM,No Color,5,"<div class=""prod-descr""><p>Σφιγκτήρας τύπου G με μανιβελάκι φτιαγμένος από ανθεκτικό πλαίσιο χυτού σιδήρου, βίδωμα από A3 ατσάλι.</p><p>Μέγεθος: 10”</p><p>Μέγιστο άνοιγμα: 253mm</p><p>Καθαρό βάρος: 1895g</p></div>",ΕΡΓΑΛΕΙΑ  ΕΠΑΓΓΕΛΜΑΤΙΚΟΣ ΕΞΟΠΛΙΣΜΟΣ>Εργαλεία>Eργαλεία χειρός
36364,Σφιγκτήρας τύπου Π - 12” – Clip – Finder - ,Σφιγκτήρας τύπου Π - 12” – Clip – Finder - 195240,in stock,new,16.2 EUR,,https://www.tradesor.gr/wp-content/uploads/2023/04/2411_195240.jpg,OEM,No Color,5,"<div class=""prod-descr""><p>Σφιγκτήρας τύπου G με μανιβελάκι φτιαγμένος από ανθεκτικό πλαίσιο χυτού σιδήρου, βίδωμα από A3 ατσάλι.</p><p>Μέγεθος: 12”</p><p>Μέγιστο άνοιγμα: 296mm</p><p>Καθαρό βάρος: 2782g</p></div>",ΕΡΓΑΛΕΙΑ  ΕΠΑΓΓΕΛΜΑΤΙΚΟΣ ΕΞΟΠΛΙΣΜΟΣ>Εργαλεία>Eργαλεία χειρός
36407,Καροτσόγρυλος - 3T - 23KG - Finder - 194020,Καροτσόγρυλος - 3T - 23KG - Finder - 194020,in stock,new,99 EUR,,https://www.tradesor.gr/wp-content/uploads/2023/04/2912_194020.jpg,OEM,No Color,15.0,"<p>Ιδανικός για την μεταφορά και την ανύψωση φορτίου έως και 3 τόνων. Κινείται αποκλειστικά πάνω σε επίπεδα πατώματα.</p><p><strong>Χαρακτηριστικά:</strong></p><ul><li>Υψηλής ποιότητας</li><li>Ανύψωση μέχρι 3000 κιλά</li><li>Εύρος ανύψωσης 135 – 320 mm</li><li>Ασφάλεια: Ο γρύλος είναι κατασκευασμένος από υλικά υψηλής ποιότητας, επιτρέποντάς του να μεταφέρει μέχρι 3000 kg.</li></ul>",ΕΡΓΑΛΕΙΑ  ΕΠΑΓΓΕΛΜΑΤΙΚΟΣ ΕΞΟΠΛΙΣΜΟΣ>Εργαλεία>Eργαλεία χειρός
36739,Τσιμπίδα ηλεκτροκόλλησης - 500A - Finder -,Τσιμπίδα ηλεκτροκόλλησης - 500A - Finder - 194836,in stock,new,5.4 EUR,,https://www.tradesor.gr/wp-content/uploads/2023/04/2806_194836.jpg,OEM,No Color,0.7,"<p>Πένσα μόνωσης-συγκράτησης 500A, Finder</p>",ΕΡΓΑΛΕΙΑ  ΕΠΑΓΓΕΛΜΑΤΙΚΟΣ ΕΞΟΠΛΙΣΜΟΣ>Εργαλεία>Eργαλεία χειρός
36766,Επαγγελματικό συρραπτικό  - 6-14mm - Finde,Επαγγελματικό συρραπτικό  - 6-14mm - Finder - 195380,in stock,new,18 EUR,,https://www.tradesor.gr/wp-content/uploads/2023/04/1507_195380.jpg,OEM,No Color,1.0,"<div class=""prod-descr""><p>Επαγγελματικό συρραπτικό Finder με εργονομική λαβή και εύκολο πάτημα. </p><p><span class=""tlid-translation translation"" lang=""el""><span class="""" title="""">Διαθέσιμο για</span></span>: 6-14mm / 1-4"""" - 9-16""""</p><p><span class=""tlid-translation translation"" lang=""el""><span class="""" title="""">Περιλαμβάνονται 2 κουτιά </span></span><span class=""tlid-translation translation"" lang=""el""><span class="""" title="""">συρραπτικά - </span></span><span class=""tlid-translation translation"" lang=""el""><span class="""" title="""">1000τμχ <br /></span></span></p></div>",ΕΡΓΑΛΕΙΑ  ΕΠΑΓΓΕΛΜΑΤΙΚΟΣ ΕΞΟΠΛΙΣΜΟΣ>Εργαλεία>Eργαλεία χειρός
36837,"Σωληνοκάβουρας - 60cm/24"""" - Finder - 190222","Σωληνοκάβουρας - 60cm/24"""" - Finder - 190222",in stock,new,18 EUR,,https://www.tradesor.gr/wp-content/uploads/2023/04/1308_190222-1.jpg,OEM,No Color,0.7,"<div class=""description hide-small-viewport long""><div><p>Γαλλικό κλειδί σωλήνων.</p><ul><li>Μέγεθος: 600mm / 24”</li><li>Σκληρότητα οδόντωσης: 55-60HRC</li><li>Κατασκευασμένο από ανοξείδωτο ατσάλι.</li></ul></div></div>",ΕΡΓΑΛΕΙΑ  ΕΠΑΓΓΕΛΜΑΤΙΚΟΣ ΕΞΟΠΛΙΣΜΟΣ>Εργαλεία>Eργαλεία χειρός
36839,"Σφιγκτήρας τύπου Π - 125mm - 5"""" - Finder - 19523","Σφιγκτήρας τύπου Π - 125mm - 5"""" - Finder - 195236",in stock,new,6.3 EUR,,https://www.tradesor.gr/wp-content/uploads/2023/04/2005_195234-1.jpg,OEM,No Color,3,"<p>Σφιγκτήρας τύπου G Finder,  125mm - 5""""</p>",ΕΡΓΑΛΕΙΑ  ΕΠΑΓΓΕΛΜΑΤΙΚΟΣ ΕΞΟΠΛΙΣΜΟΣ>Εργαλεία>Eργαλεία χειρός
36840,"Σφιγκτήρας τύπου Π - 75mm - 3"""" - Finder - 195234","Σφιγκτήρας τύπου Π - 75mm - 3"""" - Finder - 195234",in stock,new,3.6 EUR,,https://www.tradesor.gr/wp-content/uploads/2023/04/2005_195234-1.jpg,OEM,No Color,2,"<p>Σφιγκτήρας τύπου G Finder,  75mm - 3"""" </p>",ΕΡΓΑΛΕΙΑ  ΕΠΑΓΓΕΛΜΑΤΙΚΟΣ ΕΞΟΠΛΙΣΜΟΣ>Εργαλεία>Eργαλεία χειρός
37130,"Κόφτης πλακιδίων - 24"""" - Finder - 196457","Κόφτης πλακιδίων - 24"""" - Finder - 196457",in stock,new,81 EUR,,https://www.tradesor.gr/wp-content/uploads/2023/04/16345667800257949.jpg,OEM,No Color,4.5,"<p>Μέγεθος: 600mm</p><p><span class=""tlid-translation translation"" lang=""el""><span title="""">Ικανότητα κοπής πάχους έως 12mm</span><br /><span title="""">Σανίδα από χάλυβα Q235, πλάτος 165 mm, πάχος 1,8 mm</span><br /><span class="""" title="""">Οδηγός από χάλυβα Α3, διαμέτρου 16 mm</span><br /><span class="""" title="""">Λεπίδα από χάλυβα βολφραμίου YG6X, 90-93HRA</span><br /><span class="""" title="""">Εξωτερική διάμετρος λεπίδας 22mm, εσωτερική διάμετρος 6mm, πάχος 2mm</span><br /><span class="""" title="""">Λαβή πλαστική-ABS</span></span></p>",ΕΡΓΑΛΕΙΑ  ΕΠΑΓΓΕΛΜΑΤΙΚΟΣ ΕΞΟΠΛΙΣΜΟΣ>Εργαλεία>Eργαλεία χειρός
37136,Τσιμπίδα γείωσης - 500A - Finder - 194840,Τσιμπίδα γείωσης - 500A - Finder - 194840,in stock,new,5.4 EUR,,https://www.tradesor.gr/wp-content/uploads/2023/04/16344765616135762.jpg,OEM,No Color,0.3,"<p>Τσιμπίδα γείωσης 500A, Finder</p>",ΕΡΓΑΛΕΙΑ  ΕΠΑΓΓΕΛΜΑΤΙΚΟΣ ΕΞΟΠΛΙΣΜΟΣ>Εργαλεία>Eργαλεία χειρός
37290,Εμπροστοκόφτης συρμάτων - 7'' - 175mm - Fin,Εμπροστοκόφτης συρμάτων - 7'' - 175mm - Finder - 190151,in stock,new,5.4 EUR,,https://www.tradesor.gr/wp-content/uploads/2023/04/190179_712.png,OEM,No Color,1,<p>Εμπροστοκόφτης συρμάτων της Finder.<br />7'' - 175mm</p>,ΕΡΓΑΛΕΙΑ  ΕΠΑΓΓΕΛΜΑΤΙΚΟΣ ΕΞΟΠΛΙΣΜΟΣ>Εργαλεία>Eργαλεία χειρός
37527,Κόφτης μαρμάρου - Marble Cutter - 1400W - Finder - ,Κόφτης μαρμάρου - Marble Cutter - 1400W - Finder - 197369,in stock,new,68.4 EUR,,https://www.tradesor.gr/wp-content/uploads/2023/04/1973691.png,OEM,No Color,15.0,<p>Κόφτης μαρμάρου υγρής & ξηράς κοπής 1.400W<br /><br />Χαρακτηριστικά:</p><p>Power input: 1400W<br />Τάση: 220-240V<br />Ταχύτητα χωρίς φορτίο: 13000 r/min<br />Διάμετρος δίσκου: 115mm</p><p>Διαστάσεις συσκευασίας: 24 x 17 cm</p>,ΕΡΓΑΛΕΙΑ  ΕΠΑΓΓΕΛΜΑΤΙΚΟΣ ΕΞΟΠΛΙΣΜΟΣ>Εργαλεία>Eργαλεία χειρός
37542,"Ψαλίδι μετάλλου - 8"""" - Finder - 190478","Ψαλίδι μετάλλου - 8"""" - Finder - 190478",in stock,new,5.4 EUR,,https://www.tradesor.gr/wp-content/uploads/2023/04/190478.jpg,OEM,No Color,0.5,"<p>Ψαλίδι μετάλλου μεγέθους 20cm/8"""" , Finder</p>",ΕΡΓΑΛΕΙΑ  ΕΠΑΓΓΕΛΜΑΤΙΚΟΣ ΕΞΟΠΛΙΣΜΟΣ>Εργαλεία>Eργαλεία χειρός
37808,Κόφτης πλακιδίων - 80cm - Finder - 196448,Κόφτης πλακιδίων - 80cm - Finder - 196448,in stock,new,135 EUR,,https://www.tradesor.gr/wp-content/uploads/2023/04/196448.jpg,OEM,No Color,4.5,"<div id=""tab-description"" - =""panel entry-content wc-tab""><p><span - =""tlid-translation translation"" lang=""el""><span - ="""" title="""">Μια ελαφριά, διπλή σιδηροτροχιά, κατασκευή χαλύβδινου κράματος, αυτός ο κόφτης πλακιδίων θα σας βοηθήσει να δώσετε τέλεια αποτελέσματα με κάθε κοπή.</span></span></p><p>     <span - ="""" title="""">Πιέστε το κοπτικό πλακιδίων δράσης</span><br />     <span - ="""" title="""">Ελαφριά κατασκευή</span><br />     <span - ="""" title="""">Βάση χάλυβα</span><br />     <span - ="""" title="""">Στιλβωμένα διπλά ράγια</span></p></div>",ΕΡΓΑΛΕΙΑ  ΕΠΑΓΓΕΛΜΑΤΙΚΟΣ ΕΞΟΠΛΙΣΜΟΣ>Εργαλεία>Eργαλεία χειρός
37816,"Σφιγκτήρας τύπου Π - 2"""" - Finder - 195233","Σφιγκτήρας τύπου Π - 2"""" - Finder - 195233",in stock,new,2.7 EUR,,https://www.tradesor.gr/wp-content/uploads/2023/04/2904_195233-1.jpg,OEM,No Color,2.0,"<div id=""tab-description"" - =""panel entry-content wc-tab""><p>Σφιγκτήρας τύπου G, Finder</p><p>2″» – 50mm</p></div>",ΕΡΓΑΛΕΙΑ  ΕΠΑΓΓΕΛΜΑΤΙΚΟΣ ΕΞΟΠΛΙΣΜΟΣ>Εργαλεία>Eργαλεία χειρός
38054,Ψαλίδι μπετού - 750mm/30'' - Finder - 190483,Ψαλίδι μπετού - 750mm/30'' - Finder - 190483,in stock,new,32.4 EUR,,https://www.tradesor.gr/wp-content/uploads/2023/04/190483.jpg,OEM,No Color,5.5,<p>Κόφτης 750mm/30'' Finder με εργονομική λαβή. </p>,ΕΡΓΑΛΕΙΑ  ΕΠΑΓΓΕΛΜΑΤΙΚΟΣ ΕΞΟΠΛΙΣΜΟΣ>Εργαλεία>Eργαλεία χειρός
38421,"Πιστόλι σιλικόνης - 12"" - 300mm - Finder - 195282","Πιστόλι σιλικόνης - 12"" - 300mm - Finder - 195282",in stock,new,11.7 EUR,,https://www.tradesor.gr/wp-content/uploads/2023/04/195282.jpg,OEM,No Color,0.5,"<div class=""prod-descr""><p>Πιστόλι σιλικόνης φτιαγμένο από αλουμίνιο, πάχους 0.9mm</p><p>Μέγεθος: 300mm/12”</p></div>",ΕΡΓΑΛΕΙΑ  ΕΠΑΓΓΕΛΜΑΤΙΚΟΣ ΕΞΟΠΛΙΣΜΟΣ>Εργαλεία>Eργαλεία χειρός
38423,Φτυάρι - 145mm - Finder - 191649,Φτυάρι - 145mm - Finder - 191649,in stock,new,2.7 EUR,,https://www.tradesor.gr/wp-content/uploads/2023/04/1106_191649-1.jpg,OEM,No Color,0.5,<p>Φτυάρι κηπουρικής Finder<br />*Φτιαγμένο από ατσάλι με αντικολλητική επίστρωση <br />*Ανθεκτική εργονομική λαβή από πλαστικό PVC<br />*Διαστάσεις: 34x8cm</p>,ΕΡΓΑΛΕΙΑ  ΕΠΑΓΓΕΛΜΑΤΙΚΟΣ ΕΞΟΠΛΙΣΜΟΣ>Εργαλεία>Eργαλεία χειρός
38473,Επαγγελματικός ετικετογράφος - 5500 - ,Επαγγελματικός ετικετογράφος - 5500 - 550014 - Red,in stock,new,5.4 EUR,,https://www.tradesor.gr/wp-content/uploads/2023/04/550014.jpg,OEM,No Color,0.5,"<p>Συσκευή επικόλλησης ετικέτας τιμής - Ετικετογράφος - 5500, με εργονομική σχεδίαση, ελαφριά στο χέρι για άνετη πολύωρη χρήση.<br />Εκτυπώνει ως 9999.99 ή με ένδειξη νομίσματος $999.99<br />Ο κύλινδρος μελάνης μπορεί να ξαναγεμίσει. <br />Περιλαμβάνει 1 ρολό ετικετών (Πωλούνται ξεχωριστά ανταλλακτικά)<br />Διαστάσεις : 22.5 x 13.5 x 4.5 cm.</p>",ΕΡΓΑΛΕΙΑ  ΕΠΑΓΓΕΛΜΑΤΙΚΟΣ ΕΞΟΠΛΙΣΜΟΣ>Εργαλεία>Eργαλεία χειρός
39258,"Σκαρπέλο χειρός - 16mm-5/8"" - 195386","Σκαρπέλο χειρός - 16mm-5/8"" - 195386",in stock,new,3.6 EUR,,https://www.tradesor.gr/wp-content/uploads/2023/04/195388.jpg,OEM,No Color,0.5,"<p>Σκαρπέλο χειρός της Finder, μεγέθους 16mm-5/8"", με εργονομική λαβή.</p>",ΕΡΓΑΛΕΙΑ  ΕΠΑΓΓΕΛΜΑΤΙΚΟΣ ΕΞΟΠΛΙΣΜΟΣ>Εργαλεία>Eργαλεία χειρός
39259,"Σκαρπέλο χειρός - 25mm-1"" - 195389","Σκαρπέλο χειρός - 25mm-1"" - 195389",in stock,new,3.6 EUR,,https://www.tradesor.gr/wp-content/uploads/2023/04/195388.jpg,OEM,No Color,0.7,"<p>Σκαρπέλο χειρός της Finder, μεγέθους 25mm-1"" , με εργονομική λαβή.</p>",ΕΡΓΑΛΕΙΑ  ΕΠΑΓΓΕΛΜΑΤΙΚΟΣ ΕΞΟΠΛΙΣΜΟΣ>Εργαλεία>Eργαλεία χειρός
39260,"Σκαρπέλο χειρός - 22mm-7/8"" - 195388","Σκαρπέλο χειρός - 22mm-7/8"" - 195388",in stock,new,3.6 EUR,,https://www.tradesor.gr/wp-content/uploads/2023/04/195388.jpg,OEM,No Color,0.6,"<p>Σκαρπέλο χειρός της Finder, μεγέθους 22mm-7/8"", με εργονομική λαβή.</p>",ΕΡΓΑΛΕΙΑ  ΕΠΑΓΓΕΛΜΑΤΙΚΟΣ ΕΞΟΠΛΙΣΜΟΣ>Εργαλεία>Eργαλεία χειρός
39275,Τσιμπίδα ηλεκτροκόλλησης - 800A - Finder -,Τσιμπίδα ηλεκτροκόλλησης - 800A - Finder - 194838,in stock,new,5.4 EUR,,https://www.tradesor.gr/wp-content/uploads/2023/04/194838.jpg,OEM,No Color,0.5,"<p>Τσιμπίδα ηλεκτροκόλλησης, τάσης 800A της Finder.</p>",ΕΡΓΑΛΕΙΑ  ΕΠΑΓΓΕΛΜΑΤΙΚΟΣ ΕΞΟΠΛΙΣΜΟΣ>Εργαλεία>Eργαλεία χειρός
39486,Τρυπητήρι ζώνης – 225mm/9'' – Finder – 190297,Τρυπητήρι ζώνης – 225mm/9'' – Finder – 190297,in stock,new,5.4 EUR,,https://www.tradesor.gr/wp-content/uploads/2023/04/190297.jpg,OEM,No Color,0.6,"<p>Τρυπητήρι ζώνης μεγέθους 22.5cm/9″», Finder.<br />Στιβαρή κατασκευή από ανοξείδωτο ατσάλι.<br />Διάμετρος κοπής τρύπας: από 2mm έως 4.5mm</p>",ΕΡΓΑΛΕΙΑ  ΕΠΑΓΓΕΛΜΑΤΙΚΟΣ ΕΞΟΠΛΙΣΜΟΣ>Εργαλεία>Eργαλεία χειρός
39495,Τσουγκράνα χώματος χειρός – Finder – 1,Τσουγκράνα χώματος χειρός – Finder – 191647,in stock,new,2.34 EUR,,https://www.tradesor.gr/wp-content/uploads/2023/04/191647.jpg,OEM,No Color,0.9,"<p>Τσουγκράνα χώματος χειρός της Finder, με 5 δόντια.<br />Υλικό: Ανθρακούχο ατσάλι<br />Υλικό λαβής: PP<br />Πάχος: 2,5mm</p>",ΕΡΓΑΛΕΙΑ  ΕΠΑΓΓΕΛΜΑΤΙΚΟΣ ΕΞΟΠΛΙΣΜΟΣ>Εργαλεία>Eργαλεία χειρός
39499,Τσιμπίδα υδραυλικών – 1.5' - Finder – 19024,Τσιμπίδα υδραυλικών – 1.5' - Finder – 190248,in stock,new,9 EUR,,https://www.tradesor.gr/wp-content/uploads/2023/04/190248.jpg,OEM,No Color,5.0,"<p>Πένσα κάβουρας-Hawkbill της Finder, μεγέθους 1.5''.</p>",ΕΡΓΑΛΕΙΑ  ΕΠΑΓΓΕΛΜΑΤΙΚΟΣ ΕΞΟΠΛΙΣΜΟΣ>Εργαλεία>Eργαλεία χειρός
39503,Εμπροστοκόφτης συρμάτων - 9''/225mm - Finde,Εμπροστοκόφτης συρμάτων - 9''/225mm - Finder - 190179,in stock,new,5.4 EUR,,https://www.tradesor.gr/wp-content/uploads/2023/04/190179_712.png,OEM,No Color,1.5,"<p>Εμπροστοκόφτης συρμάτων της Finder μεγέθους 9''/225mm.<br />Κατασκευή από ατσάλι, με εργονομική αντιολισθητική λαβή.</p>",ΕΡΓΑΛΕΙΑ  ΕΠΑΓΓΕΛΜΑΤΙΚΟΣ ΕΞΟΠΛΙΣΜΟΣ>Εργαλεία>Eργαλεία χειρός
39504,Σφιγκτήρας ηλεκτροκόλλησης - Grip τύπ,Σφιγκτήρας ηλεκτροκόλλησης - Grip τύπου C – 11'' - Finder – 190014,in stock,new,12.6 EUR,,https://www.tradesor.gr/wp-content/uploads/2023/04/190014.png,OEM,No Color,4.5,<p>Μέγεθος: 275mm/11''<br />Hardness: 40-48HRC</p><p>Κατασκευασμένο από ανοξείδωτο ατσάλι.</p>,ΕΡΓΑΛΕΙΑ  ΕΠΑΓΓΕΛΜΑΤΙΚΟΣ ΕΞΟΠΛΙΣΜΟΣ>Εργαλεία>Eργαλεία χειρός
39552,Επαγγελματικός ετικετογράφος - 5500 - ,Επαγγελματικός ετικετογράφος - 5500 - 550014 - Blue,in stock,new,5.4 EUR,,https://www.tradesor.gr/wp-content/uploads/2023/04/550014_b-1.jpg,OEM,No Color,0.5,"<p>Συσκευή επικόλλησης ετικέτας τιμής - Ετικετογράφος - 5500, με εργονομική σχεδίαση, ελαφριά στο χέρι για άνετη πολύωρη χρήση.<br />Εκτυπώνει ως 9999.99 ή με ένδειξη νομίσματος $999.99<br />Ο κύλινδρος μελάνης μπορεί να ξαναγεμίσει. <br />Περιλαμβάνει 1 ρολό ετικετών (Πωλούνται ξεχωριστά ανταλλακτικά)<br />Διαστάσεις : 22.5 x 13.5 x 4.5 cm.</p>",ΕΡΓΑΛΕΙΑ  ΕΠΑΓΓΕΛΜΑΤΙΚΟΣ ΕΞΟΠΛΙΣΜΟΣ>Εργαλεία>Eργαλεία χειρός
39562,Υδραυλικός γρύλος ανύψωσης - 2T – Finde,Υδραυλικός γρύλος ανύψωσης - 2T – Finder – 194009,in stock,new,16.2 EUR,,https://www.tradesor.gr/wp-content/uploads/2023/04/194012.jpg,OEM,No Color,10.0,"<p>Υδραυλικός γρύλος 2 τόνων.</p><p>Με δυνατότητα ανύψωσης εώς και 2 τόνους.<br />Ο γρύλος δουλεύει σύμφωνα με την υδραυλική αρχή και είναι κατάλληλος μόνο για κατακόρυφες ανυψώσεις.<br />Το εύρος της θερμοκρασίας περιβάλλοντος που μπορεί να χρησιμοποιηθεί είναι από 55 βαθμούς εώς -20 βαθμούς Κελσίου.</p><p>Τεχνικά χαρακτηριστικά: Ελάχιστο ύψος: 180 mm, Μέγιστο ύψος: 355 mm, Ύψος ανύψωσης: 110 mm.<br />Βάρος: 5.0 kg</p>",ΕΡΓΑΛΕΙΑ  ΕΠΑΓΓΕΛΜΑΤΙΚΟΣ ΕΞΟΠΛΙΣΜΟΣ>Εργαλεία>Eργαλεία χειρός
39570,Επαγγελματικό καρφωτικό χειρός - Find,Επαγγελματικό καρφωτικό χειρός - Finder – 195056,in stock,new,6.3 EUR,,https://www.tradesor.gr/wp-content/uploads/2023/04/195056.jpg,OEM,No Color,2.5,"<p>Καρφωτικό όργανο σύρραψης, Finder.</p><p>Εργονομική λαβή και εύκολο πάτημα<br />Κατασκευή από ατσάλι, απόλυτα ανθεκτικό στη σκληρή χρήση<br />(Δεν περιλαμβάνονται συνδετήρες)</p>",ΕΡΓΑΛΕΙΑ  ΕΠΑΓΓΕΛΜΑΤΙΚΟΣ ΕΞΟΠΛΙΣΜΟΣ>Εργαλεία>Eργαλεία χειρός
51021,Ψεκαστήρι προπιέσεως 2 λίτρων – 2L - 2,Ψεκαστήρι προπιέσεως 2 λίτρων – 2L - 229251,in stock,new,5.4 EUR,,https://www.tradesor.gr/wp-content/uploads/2023/05/5d8827d414f1e66ee03be9c9ef201b55.jpg,OEM,No Color,1.0,"Επαγγελματικός ψεκαστήρας πίεσης 2 λίτρα με μεταλλικό ραβδί, ακροφύσιο ψεκασμού ορείχαλκου και βαλβίδα ασφαλείας. Κατάλληλο για επαγγελματική χρήση.",ΕΡΓΑΛΕΙΑ  ΕΠΑΓΓΕΛΜΑΤΙΚΟΣ ΕΞΟΠΛΙΣΜΟΣ>Εργαλεία>Eργαλεία χειρός
55723,"Εργαλείο για τρύπημα ζώνης - 225mm/9"" - Fi","Εργαλείο για τρύπημα ζώνης - 225mm/9"" - Finder - 190297",in stock,new,5.4 EUR,,https://www.tradesor.gr/wp-content/uploads/2023/04/190297.jpg,OEM,No Color,0.8,"Τρυπητήρι ζώνης μεγέθους 22.5cm/9″, Finder.
Στιβαρή κατασκευή από ανοξείδωτο ατσάλι.
Διάμετρος κοπής τρύπας: από 2mm έως 4.5mm",ΕΡΓΑΛΕΙΑ  ΕΠΑΓΓΕΛΜΑΤΙΚΟΣ ΕΞΟΠΛΙΣΜΟΣ>Εργαλεία>Eργαλεία χειρός
55759,Πιστόλι σιλικόνης - 1219 - Finder - 195231,Πιστόλι σιλικόνης - 1219 - Finder - 195231,in stock,new,7.2 EUR,,https://www.tradesor.gr/wp-content/uploads/2023/05/645947631bc0353657f8464364a74e8c.jpg,OEM,No Color,1.0,"Μέγεθος: 9 «/ 225mm

Χάλυβας άνθρακα Caulking Gun Frame, πάχος 1 mm,

Ενισχυμένη λαβή από νάιλον

Καθαρό βάρος: πάνω από 558g",ΕΡΓΑΛΕΙΑ  ΕΠΑΓΓΕΛΜΑΤΙΚΟΣ ΕΞΟΠΛΙΣΜΟΣ>Εργαλεία>Eργαλεία χειρός
55787,Καροτσόγρυλος - 2T - 6.5kg - Finder - 194019,Καροτσόγρυλος - 2T - 6.5kg - Finder - 194019,in stock,new,54 EUR,,https://www.tradesor.gr/wp-content/uploads/2023/05/a3d3e36afd0b84384afb3b61ba2a1df4.jpg,OEM,No Color,0.8,"Χαρακτηριστικά:

Υδραυλικός καροτσόγρυλος ανύψωσης αυτοκινήτου, με ρόδες.
Σηκώνει έως 2 τόνους, από 14cm έως 30cm.
Ειδικές ρόδες από ανθεκτικό καουτσούκ.
Ομαλό και ασφαλές κατέβασμα του οχήματος.",ΕΡΓΑΛΕΙΑ  ΕΠΑΓΓΕΛΜΑΤΙΚΟΣ ΕΞΟΠΛΙΣΜΟΣ>Εργαλεία>Eργαλεία χειρός
55976,Σετ σκαρπέλα ξύλου - 4pcs - Finder - 196039,Σετ σκαρπέλα ξύλου - 4pcs - Finder - 196039,in stock,new,11.7 EUR,,https://www.tradesor.gr/wp-content/uploads/2023/05/36d6f5b37f99a6adc173d0176da75a63.jpg,OEM,No Color,1.0,"Σετ σκαρπέλα ξύλου - 4 τεμάχια. Μεγέθη: 6""-12""-19""-25"" - Finder.",ΕΡΓΑΛΕΙΑ  ΕΠΑΓΓΕΛΜΑΤΙΚΟΣ ΕΞΟΠΛΙΣΜΟΣ>Εργαλεία>Eργαλεία χειρός
97063,Σετ κοπής χαλκοσωλήνων - 1500W - Finder - 197,Σετ κοπής χαλκοσωλήνων - 1500W - Finder - 197335,in stock,new,63 EUR,,https://www.tradesor.gr/wp-content/uploads/2023/06/8edef02d2bc9577196999dd39420b651.jpg,OEM,No Color,3.0,,ΕΡΓΑΛΕΙΑ  ΕΠΑΓΓΕΛΜΑΤΙΚΟΣ ΕΞΟΠΛΙΣΜΟΣ>Εργαλεία>Eργαλεία χειρός
97231,"Εξολκέας μηχανικών τρίποδος - 200mm/8"" -","Εξολκέας μηχανικών τρίποδος - 200mm/8"" - Finder - 194075",in stock,new,18 EUR,,https://www.tradesor.gr/wp-content/uploads/2023/06/8ae09d30a2f4cca9d3a4e856546ac309.jpg,OEM,No Color,2.0,,ΕΡΓΑΛΕΙΑ  ΕΠΑΓΓΕΛΜΑΤΙΚΟΣ ΕΞΟΠΛΙΣΜΟΣ>Εργαλεία>Eργαλεία χειρός
97234,"Εξολκέας μηχανικών τρίποδος - 150mm/6"" -","Εξολκέας μηχανικών τρίποδος - 150mm/6"" - Finder - 194074",in stock,new,12.6 EUR,,https://www.tradesor.gr/wp-content/uploads/2023/06/ac6457297738dd8a758f6ba9e6a23561.jpg,OEM,No Color,2.0,,ΕΡΓΑΛΕΙΑ  ΕΠΑΓΓΕΛΜΑΤΙΚΟΣ ΕΞΟΠΛΙΣΜΟΣ>Εργαλεία>Eργαλεία χειρός
97237,Εξολκέας μηχανικών τρίποδος - 100mm/4'' ,Εξολκέας μηχανικών τρίποδος - 100mm/4'' - Finder - 194073,in stock,new,7.2 EUR,,https://www.tradesor.gr/wp-content/uploads/2023/06/92447b22d4544ef58a5e1b803ad67f02.jpg,OEM,No Color,2.0,,ΕΡΓΑΛΕΙΑ  ΕΠΑΓΓΕΛΜΑΤΙΚΟΣ ΕΞΟΠΛΙΣΜΟΣ>Εργαλεία>Eργαλεία χειρός
97240,Σετ γάντζοι - 4pcs - Finder - 193090,Σετ γάντζοι - 4pcs - Finder - 193090,in stock,new,2.34 EUR,,https://www.tradesor.gr/wp-content/uploads/2023/06/124a8f1a2b4fae7244137af371990826.jpg,OEM,No Color,1.0,,ΕΡΓΑΛΕΙΑ  ΕΠΑΓΓΕΛΜΑΤΙΚΟΣ ΕΞΟΠΛΙΣΜΟΣ>Εργαλεία>Eργαλεία χειρός
97370,Πιστόλι σιλικόνης κλειστού τύπου - 1,"Πιστόλι σιλικόνης κλειστού τύπου - 15"" - Finder - 195283",in stock,new,12.6 EUR,,https://www.tradesor.gr/wp-content/uploads/2023/06/b826f8a09b5d22ed025f01206f3d361d.jpg,OEM,No Color,1.0,,ΕΡΓΑΛΕΙΑ  ΕΠΑΓΓΕΛΜΑΤΙΚΟΣ ΕΞΟΠΛΙΣΜΟΣ>Εργαλεία>Eργαλεία χειρός
97373,Πιστόλι σιλικόνης κλειστού τύπου - 9,"Πιστόλι σιλικόνης κλειστού τύπου - 9"" - Finder - 195281",in stock,new,10.8 EUR,,https://www.tradesor.gr/wp-content/uploads/2023/06/54bee6f064eb95adb689b8d1800e273d.jpg,OEM,No Color,1.0,,ΕΡΓΑΛΕΙΑ  ΕΠΑΓΓΕΛΜΑΤΙΚΟΣ ΕΞΟΠΛΙΣΜΟΣ>Εργαλεία>Eργαλεία χειρός
97376,Πιστόλι σιλικόνης ανοικτού τύπου - T,Πιστόλι σιλικόνης ανοικτού τύπου - TW-7 - Finder - 195051,in stock,new,3.6 EUR,,https://www.tradesor.gr/wp-content/uploads/2023/06/c0dce009b8ab4555c1077fa3353a7fc2.jpg,OEM,No Color,1.0,,ΕΡΓΑΛΕΙΑ  ΕΠΑΓΓΕΛΜΑΤΙΚΟΣ ΕΞΟΠΛΙΣΜΟΣ>Εργαλεία>Eργαλεία χειρός
97379,Πιστόλι σιλικόνης ανοικτού τύπου - F,Πιστόλι σιλικόνης ανοικτού τύπου - Finder - 195049,in stock,new,5.4 EUR,,https://www.tradesor.gr/wp-content/uploads/2023/06/3f9aa9a92b557dc169a4d1bd96fa7e28.jpg,OEM,No Color,1.0,,ΕΡΓΑΛΕΙΑ  ΕΠΑΓΓΕΛΜΑΤΙΚΟΣ ΕΞΟΠΛΙΣΜΟΣ>Εργαλεία>Eργαλεία χειρός
97382,Καρφωτικό χειρός - 4-14mm - Finder - 195378,Καρφωτικό χειρός - 4-14mm - Finder - 195378,in stock,new,9 EUR,,https://www.tradesor.gr/wp-content/uploads/2023/06/aedcfac456d2a48bc3ded0b3235a1c44.jpg,OEM,No Color,1.0,,ΕΡΓΑΛΕΙΑ  ΕΠΑΓΓΕΛΜΑΤΙΚΟΣ ΕΞΟΠΛΙΣΜΟΣ>Εργαλεία>Eργαλεία χειρός
97385,Πριτσιναδόρος φυσαρμόνικα - Finder - 1950,Πριτσιναδόρος φυσαρμόνικα - Finder - 195042,in stock,new,25.2 EUR,,https://www.tradesor.gr/wp-content/uploads/2023/06/b4e09448f7122b68a0ae4b9919dc81ad.jpg,OEM,No Color,1.0,,ΕΡΓΑΛΕΙΑ  ΕΠΑΓΓΕΛΜΑΤΙΚΟΣ ΕΞΟΠΛΙΣΜΟΣ>Εργαλεία>Eργαλεία χειρός
97388,Πριτσιναδόρος - Finder - 195041,Πριτσιναδόρος - Finder - 195041,in stock,new,14.4 EUR,,https://www.tradesor.gr/wp-content/uploads/2023/06/32ad79f101474a4a600884b59ef898ce.jpg,OEM,No Color,1.0,,ΕΡΓΑΛΕΙΑ  ΕΠΑΓΓΕΛΜΑΤΙΚΟΣ ΕΞΟΠΛΙΣΜΟΣ>Εργαλεία>Eργαλεία χειρός
97394,Σκαρπέλο - 51mm - 2'' - Finder - 195404,Σκαρπέλο - 51mm - 2'' - Finder - 195404,in stock,new,5.4 EUR,,https://www.tradesor.gr/wp-content/uploads/2023/06/a6d3f4dcf08665dd478a8e8af56ed5d5.jpg,OEM,No Color,0.8,,ΕΡΓΑΛΕΙΑ  ΕΠΑΓΓΕΛΜΑΤΙΚΟΣ ΕΞΟΠΛΙΣΜΟΣ>Εργαλεία>Eργαλεία χειρός
97397,Σκαρπέλο - 38mm - 1-1/2'' - Finder - 195403,Σκαρπέλο - 38mm - 1-1/2'' - Finder - 195403,in stock,new,4.5 EUR,,https://www.tradesor.gr/wp-content/uploads/2023/06/1bf478118392a81063465f96f30f4c67.jpg,OEM,No Color,0.8,,ΕΡΓΑΛΕΙΑ  ΕΠΑΓΓΕΛΜΑΤΙΚΟΣ ΕΞΟΠΛΙΣΜΟΣ>Εργαλεία>Eργαλεία χειρός
97400,Σκαρπέλο - 32mm - 1-1/4'' - Finder - 195402,Σκαρπέλο - 32mm - 1-1/4'' - Finder - 195402,in stock,new,4.5 EUR,,https://www.tradesor.gr/wp-content/uploads/2023/06/7368d26e79f5c8d1e982bfaefdab6ec6.jpg,OEM,No Color,0.8,,ΕΡΓΑΛΕΙΑ  ΕΠΑΓΓΕΛΜΑΤΙΚΟΣ ΕΞΟΠΛΙΣΜΟΣ>Εργαλεία>Eργαλεία χειρός
97403,Σκαρπέλο - 25mm - 1＂ - Finder - 195401,Σκαρπέλο - 25mm - 1＂ - Finder - 195401,in stock,new,4.5 EUR,,https://www.tradesor.gr/wp-content/uploads/2023/06/e631e9a35601c3196c7f35443b4102ec.jpg,OEM,No Color,0.8,,ΕΡΓΑΛΕΙΑ  ΕΠΑΓΓΕΛΜΑΤΙΚΟΣ ΕΞΟΠΛΙΣΜΟΣ>Εργαλεία>Eργαλεία χειρός
97406,Σκαρπέλο - 22mm - 7/8＂ - Finder - 195400,Σκαρπέλο - 22mm - 7/8＂ - Finder - 195400,in stock,new,4.5 EUR,,https://www.tradesor.gr/wp-content/uploads/2023/06/64f116a60ef27709e68e2c1236c0440b.jpg,OEM,No Color,0.8,,ΕΡΓΑΛΕΙΑ  ΕΠΑΓΓΕΛΜΑΤΙΚΟΣ ΕΞΟΠΛΙΣΜΟΣ>Εργαλεία>Eργαλεία χειρός
97409,Σκαρπέλο - 19mm - 3/4＂ - Finder - 195399,Σκαρπέλο - 19mm - 3/4＂ - Finder - 195399,in stock,new,4.5 EUR,,https://www.tradesor.gr/wp-content/uploads/2023/06/d7f40c9773559107ba991e48c5c9b9f6.jpg,OEM,No Color,0.8,,ΕΡΓΑΛΕΙΑ  ΕΠΑΓΓΕΛΜΑΤΙΚΟΣ ΕΞΟΠΛΙΣΜΟΣ>Εργαλεία>Eργαλεία χειρός
97412,Σκαρπέλο - 16mm - 5/8＂ - Finder - 195398,Σκαρπέλο - 16mm - 5/8＂ - Finder - 195398,in stock,new,4.5 EUR,,https://www.tradesor.gr/wp-content/uploads/2023/06/9f3cf6258631afbff9353dd28620cb90.jpg,OEM,No Color,0.8,,ΕΡΓΑΛΕΙΑ  ΕΠΑΓΓΕΛΜΑΤΙΚΟΣ ΕΞΟΠΛΙΣΜΟΣ>Εργαλεία>Eργαλεία χειρός
97415,Σκαρπέλο - 14mm - 9/16'' - Finder - 195397,Σκαρπέλο - 14mm - 9/16'' - Finder - 195397,in stock,new,4.5 EUR,,https://www.tradesor.gr/wp-content/uploads/2023/06/32ceee8eadb4aa8a7300bac70b8a14d6.jpg,OEM,No Color,0.8,,ΕΡΓΑΛΕΙΑ  ΕΠΑΓΓΕΛΜΑΤΙΚΟΣ ΕΞΟΠΛΙΣΜΟΣ>Εργαλεία>Eργαλεία χειρός
97418,Σκαρπέλο - 13mm - 1/2＂ - Finder - 195396,Σκαρπέλο - 13mm - 1/2＂ - Finder - 195396,in stock,new,4.5 EUR,,https://www.tradesor.gr/wp-content/uploads/2023/06/598b4c6ac96b7cf632f69b2a60a7a68c.jpg,OEM,No Color,0.8,,ΕΡΓΑΛΕΙΑ  ΕΠΑΓΓΕΛΜΑΤΙΚΟΣ ΕΞΟΠΛΙΣΜΟΣ>Εργαλεία>Eργαλεία χειρός
97421,Σκαρπέλο - 10mm - 3/8＂- Finder - 195395,Σκαρπέλο - 10mm - 3/8＂- Finder - 195395,in stock,new,3.6 EUR,,https://www.tradesor.gr/wp-content/uploads/2023/06/cc743e302f8236fd5c1bb7b75d4f1432.jpg,OEM,No Color,0.8,,ΕΡΓΑΛΕΙΑ  ΕΠΑΓΓΕΛΜΑΤΙΚΟΣ ΕΞΟΠΛΙΣΜΟΣ>Εργαλεία>Eργαλεία χειρός
97424,Σκαρπέλο - 8mm - 5/16'' - Finder - 195394,Σκαρπέλο - 8mm - 5/16'' - Finder - 195394,in stock,new,3.6 EUR,,https://www.tradesor.gr/wp-content/uploads/2023/06/39c83fee109958ae8f3e609dc8bf8392.jpg,OEM,No Color,0.8,,ΕΡΓΑΛΕΙΑ  ΕΠΑΓΓΕΛΜΑΤΙΚΟΣ ΕΞΟΠΛΙΣΜΟΣ>Εργαλεία>Eργαλεία χειρός
97427,Σκαρπέλο - 6mm - 1/4＂- Finder - 195393,Σκαρπέλο - 6mm - 1/4＂- Finder - 195393,in stock,new,3.6 EUR,,https://www.tradesor.gr/wp-content/uploads/2023/06/31bb70c004622fd44d3e0486b2857316.jpg,OEM,No Color,0.8,,ΕΡΓΑΛΕΙΑ  ΕΠΑΓΓΕΛΜΑΤΙΚΟΣ ΕΞΟΠΛΙΣΜΟΣ>Εργαλεία>Eργαλεία χειρός
97430,Κόφτης πλακιδίων - 1000mm - Finder - 196449,Κόφτης πλακιδίων - 1000mm - Finder - 196449,in stock,new,171 EUR,,https://www.tradesor.gr/wp-content/uploads/2023/06/6c1e31528a9ddeeac4713bae8d06ce31.jpg,OEM,No Color,0.8,,ΕΡΓΑΛΕΙΑ  ΕΠΑΓΓΕΛΜΑΤΙΚΟΣ ΕΞΟΠΛΙΣΜΟΣ>Εργαλεία>Eργαλεία χειρός
97433,Κόφτης πλακιδίων - 600mm - Finder - 196447,Κόφτης πλακιδίων - 600mm - Finder - 196447,in stock,new,117 EUR,,https://www.tradesor.gr/wp-content/uploads/2023/06/2824f435098af170c23c345e39386485.jpg,OEM,No Color,0.8,,ΕΡΓΑΛΕΙΑ  ΕΠΑΓΓΕΛΜΑΤΙΚΟΣ ΕΞΟΠΛΙΣΜΟΣ>Εργαλεία>Eργαλεία χειρός
97436,Κόφτης πλακιδίων - 300mm - Finder - 196454,Κόφτης πλακιδίων - 300mm - Finder - 196454,in stock,new,18 EUR,,https://www.tradesor.gr/wp-content/uploads/2023/06/0e8583497f0514f2cb8409d5e73495fa.jpg,OEM,No Color,0.8,,ΕΡΓΑΛΕΙΑ  ΕΠΑΓΓΕΛΜΑΤΙΚΟΣ ΕΞΟΠΛΙΣΜΟΣ>Εργαλεία>Eργαλεία χειρός
97469,Κόφτης σωληνών - 3-36mm - Finder - 191874,Κόφτης σωληνών - 3-36mm - Finder - 191874,in stock,new,5.4 EUR,,https://www.tradesor.gr/wp-content/uploads/2023/06/e1d514201277f73787db31d665fd889a.jpg,OEM,No Color,1.0,,ΕΡΓΑΛΕΙΑ  ΕΠΑΓΓΕΛΜΑΤΙΚΟΣ ΕΞΟΠΛΙΣΜΟΣ>Εργαλεία>Eργαλεία χειρός
97729,"Ψαλίδι λαμαρίνας δεξιάς κοπής - 12"" - F","Ψαλίδι λαμαρίνας δεξιάς κοπής - 12"" - Finder - 191870",in stock,new,8.1 EUR,,https://www.tradesor.gr/wp-content/uploads/2023/06/45e7ace5ddd3b608da7161bc624dc193.jpg,OEM,No Color,1.0,,ΕΡΓΑΛΕΙΑ  ΕΠΑΓΓΕΛΜΑΤΙΚΟΣ ΕΞΟΠΛΙΣΜΟΣ>Εργαλεία>Eργαλεία χειρός
97732,"Ψαλίδι λαμαρίνας δεξιάς κοπής - 10"" - F","Ψαλίδι λαμαρίνας δεξιάς κοπής - 10"" - Finder - 191869",in stock,new,6.3 EUR,,https://www.tradesor.gr/wp-content/uploads/2023/06/96bb2e459d6164b4fcbd301ec20d4abd.jpg,OEM,No Color,1.0,,ΕΡΓΑΛΕΙΑ  ΕΠΑΓΓΕΛΜΑΤΙΚΟΣ ΕΞΟΠΛΙΣΜΟΣ>Εργαλεία>Eργαλεία χειρός
97735,Ψαλίδι λαμαρίνας αριστερής κοπής - 1,"Ψαλίδι λαμαρίνας αριστερής κοπής - 10"" - Finder - 191867",in stock,new,6.3 EUR,,https://www.tradesor.gr/wp-content/uploads/2023/06/fc7daa0b3cc79f6728eb2741f0331095.jpg,OEM,No Color,1.0,,ΕΡΓΑΛΕΙΑ  ΕΠΑΓΓΕΛΜΑΤΙΚΟΣ ΕΞΟΠΛΙΣΜΟΣ>Εργαλεία>Eργαλεία χειρός
97786,Εργαλείο για τρύπημα ζώνης - 225mm/9“ - ,Εργαλείο για τρύπημα ζώνης - 225mm/9“ - Finder - 190208,in stock,new,6.3 EUR,,https://www.tradesor.gr/wp-content/uploads/2023/06/9250f00b5a2ef3e0fc5e687611069a6a.jpg,OEM,No Color,1.0,,ΕΡΓΑΛΕΙΑ  ΕΠΑΓΓΕΛΜΑΤΙΚΟΣ ΕΞΟΠΛΙΣΜΟΣ>Εργαλεία>Eργαλεία χειρός
97789,Τανάλια - 200mm/8“ - Finder - 190346,Τανάλια - 200mm/8“ - Finder - 190346,in stock,new,5.4 EUR,,https://www.tradesor.gr/wp-content/uploads/2023/06/d227565abc72a015a1a51f0527ef304b.jpg,OEM,No Color,1.0,,ΕΡΓΑΛΕΙΑ  ΕΠΑΓΓΕΛΜΑΤΙΚΟΣ ΕΞΟΠΛΙΣΜΟΣ>Εργαλεία>Eργαλεία χειρός
