id,title,description,availability,condition,price,link,image_link,brand,color,shipping_weight,rich_text_description,fb_product_category
35339,Επαναφορτιζόμενο ραδιόφωνο - WS1808 - 55,Επαναφορτιζόμενο ραδιόφωνο - WS1808 - 554086 - White,in stock,new,18 EUR,,https://www.tradesor.gr/wp-content/uploads/2023/04/creto-high-bass-sound-ws-1808-multicolor-led-light-on-front-fm-original-imaewzazunhmr7xr.png,OEM,No Color,0.8,"<p><strong>Χαρακτηριστικά:</strong></p><ul class=""i8Z77e""><li class=""TrT0Xe"">Ισχύς: 15 W.</li><li class=""TrT0Xe"">Χρόνος φόρτισης: 2.5 hr.</li><li class=""TrT0Xe""><b>Bluetooth</b> Version: v4.0</li><li class=""TrT0Xe"">Εμβέλεια: έως 10 m</li><li>Ραδιόφωνο FM</li><li>Θύρα AUX</li><li class=""TrT0Xe"">Θύρα Memory Card (έως 128 GB)</li><li>Διαστάσεις 22 x 12 x 10</li></ul>",ΕΙΔΗ ΤΕΧΝΟΛΟΓΙΑΣ>Ραδιόφωνα  Ηχεία>Επαναφορτιζόμενα Ραδιόφωνα
36793,Επαναφορτιζόμενο ραδιόφωνο - M523BT - 86,Επαναφορτιζόμενο ραδιόφωνο - M523BT - 865253,in stock,new,25.2 EUR,,https://www.tradesor.gr/wp-content/uploads/2023/04/865253.jpg,OEM,No Color,0.7,"<p>Φορητό ραδιόφωνο με Bluetooth σε όμορφο Retro design. Διαθέτει ηλιακό πάνελ για έξτρα αντοχή μπαταρίας και πλαϊνό φακό LED.</p><p><strong>Χαρακτηριστικά</strong>:</p><ul><li>Ραδιόφωνο FM/AM</li><li>Πλαινός φακός LED</li><li>Θύρες: USB/TF/AUX</li><li><span class=""attr-name J-attr-name"" title=""Rechargeable battery"">Μπαταρία: </span>1200mA</li><li><span class=""attr-name J-attr-name"" title=""Solar panel"">Ηλιακό πάνελ φόρτισης: </span>6V-1.5W</li><li><span class=""attr-name J-attr-name"" title=""Speaker"">Ηχείο: </span>3"""", 45HZ, 5W</li><li><span class=""attr-name J-attr-name"" title=""Product size"">Διαστάσεις: </span>24*12.5*12.5CM</li></ul><dl class=""do-entry-item""></dl>",ΕΙΔΗ ΤΕΧΝΟΛΟΓΙΑΣ>Ραδιόφωνα  Ηχεία>Επαναφορτιζόμενα Ραδιόφωνα
37105,Επαναφορτιζόμενο ραδιόφωνο - XB-821-BT -,Επαναφορτιζόμενο ραδιόφωνο - XB-821-BT - 108211,in stock,new,16.2 EUR,,https://www.tradesor.gr/wp-content/uploads/2023/04/108211_1511-2.jpg,OEM,No Color,0.4,"<div class=""summary""><div class=""description auto-description""><p class=""main"">Το επιτραπέζιο ραδιόφωνο έχει αναλογικό χειρισμό για να αλλάζετε ραδιοφωνικούς σταθμούς χρησιμοποιώντας την κλασική ροδέλα και κλασικό ρετρό στυλ που θυμίζει μια παλαιότερη εποχή. Επιπλέον διαθέτει bluetooth για να συνδέσετε συσκευές που έχουν την ίδια τεχνολογία όπως για παράδειγμα κινητό τηλέφωνο.</p><p><strong>Χαρακτηριστικά:</strong></p><ul class=""columns-list""><li>Τύπος Δέκτη: Αναλογικό</li><li>Υποστηριζόμενες Συχνότητες: AM, FM</li><li>Συνδεσιμότητα: Bluetooth, USB</li><li>Ειδικά Χαρακτηριστικά: Retro, Κάρτα Μνήμης</li><li>Τροφοδοσία: Ηλιακό</li></ul></div></div>",ΕΙΔΗ ΤΕΧΝΟΛΟΓΙΑΣ>Ραδιόφωνα  Ηχεία>Επαναφορτιζόμενα Ραδιόφωνα
37110,Επαναφορτιζόμενο ραδιόφωνο - XB-853-BT -,Επαναφορτιζόμενο ραδιόφωνο - XB-853-BT - 008539 - Red,in stock,new,16.2 EUR,,https://www.tradesor.gr/wp-content/uploads/2023/04/008539_r-1.jpg,OEM,No Color,0.3,"<p>Το φορητό ραδιόφωνο έχει αναλογικό χειρισμό για να αλλάζετε ραδιοφωνικούς σταθμούς χρησιμοποιώντας την κλασική ροδέλα. <br />Επιπλέον διαθέτει υποδοχή AUX για να συνδέσετε ενσύρματα συσκευές, και Βluetooth για να συνδέσετε ασύρματα οποιαδήποτε συσκευή διαθέτει Βluetooth.</p><p><strong>Χαρακτηριστικά</strong>:</p><p>Τύπος Δέκτη: Αναλογικό <br />Υποστηριζόμενες <br />Συχνότητες: AM, FM, SW <br />Συνδεσιμότητα: AUX, Bluetooth, USB<br />Πλαινός φακός LED</p>",ΕΙΔΗ ΤΕΧΝΟΛΟΓΙΑΣ>Ραδιόφωνα  Ηχεία>Επαναφορτιζόμενα Ραδιόφωνα
37111,Επαναφορτιζόμενο ραδιόφωνο - FP-1501U - ,Επαναφορτιζόμενο ραδιόφωνο - FP-1501U - 815100,in stock,new,10.8 EUR,,https://www.tradesor.gr/wp-content/uploads/2023/04/1106_815100-1.jpg,OEM,No Color,0.3,"<div class=""summary""><div class=""description auto-description""><p class=""main"">Το φορητό ραδιόφωνο έχει αναλογικό χειρισμό για να αλλάζετε ραδιοφωνικούς σταθμούς χρησιμοποιώντας την κλασική ροδέλα.</p><p><strong>Χαρακτηριστικά:</strong></p><ul class=""columns-list""><li>Τύπος Δέκτη: Αναλογικό</li><li>Υποστηριζόμενες Συχνότητες: AM, FM, SW</li><li>Συνδεσιμότητα: USB</li><li>Ειδικά Χαρακτηριστικά: Ενσωματωμένα Ηχεία</li><li>Τροφοδοσία: Επαναφορτιζόμενο</li></ul></div></div>",ΕΙΔΗ ΤΕΧΝΟΛΟΓΙΑΣ>Ραδιόφωνα  Ηχεία>Επαναφορτιζόμενα Ραδιόφωνα
37112,Επαναφορτιζόμενο ραδιόφωνο - FP-1775 - 0,Επαναφορτιζόμενο ραδιόφωνο - FP-1775 - 017754,in stock,new,12.6 EUR,,https://www.tradesor.gr/wp-content/uploads/2023/04/2809_017754-1.jpg,OEM,No Color,0.3,"<div class=""summary""><div class=""description auto-description""><p class=""main"">Το φορητό ραδιόφωνο έχει αναλογικό χειρισμό για να αλλάζετε ραδιοφωνικούς σταθμούς χρησιμοποιώντας την κλασική ροδέλα. Επιπλέον διαθέτει υποδοχή AUX για να συνδέσετε ενσύρματα συσκευές όπως mp3 και iPod.</p><p><strong>Χαρακτηριστικά</strong>:</p><ul class=""columns-list""><li>Τύπος Δέκτη: Αναλογικό</li><li>Υποστηριζόμενες Συχνότητες: FM, MW, SW</li><li>Συνδεσιμότητα: AUX, USB</li><li>Ενσωματωμένα Ηχεία</li><li>Τροφοδοσία: Επαναφορτιζόμενο</li></ul></div></div>",ΕΙΔΗ ΤΕΧΝΟΛΟΓΙΑΣ>Ραδιόφωνα  Ηχεία>Επαναφορτιζόμενα Ραδιόφωνα
37430,Επαναφορτιζόμενο ραδιόφωνο - XB-853-BT -,Επαναφορτιζόμενο ραδιόφωνο - XB-853-BT - 008539 - Gold,in stock,new,16.2 EUR,,https://www.tradesor.gr/wp-content/uploads/2023/04/008539_g.jpg,OEM,No Color,0.3,"<p>Το φορητό ραδιόφωνο έχει αναλογικό χειρισμό για να αλλάζετε ραδιοφωνικούς σταθμούς χρησιμοποιώντας την κλασική ροδέλα. <br />Επιπλέον διαθέτει υποδοχή AUX για να συνδέσετε ενσύρματα συσκευές, και Βluetooth για να συνδέσετε ασύρματα οποιαδήποτε συσκευή διαθέτει Βluetooth.</p><p><strong>Χαρακτηριστικά:</strong><br />Τύπος Δέκτη: Αναλογικό <br />Υποστηριζόμενες <br />Συχνότητες: AM, FM, SW <br />Συνδεσιμότητα: AUX, Bluetooth, USB<br />Πλαινός φακός LED</p>",ΕΙΔΗ ΤΕΧΝΟΛΟΓΙΑΣ>Ραδιόφωνα  Ηχεία>Επαναφορτιζόμενα Ραδιόφωνα
37431,Επαναφορτιζόμενο ραδιόφωνο - XB-853-BT -,Επαναφορτιζόμενο ραδιόφωνο - XB-853-BT - 008539 - Black,in stock,new,16.2 EUR,,https://www.tradesor.gr/wp-content/uploads/2023/04/008539_b.jpg,OEM,No Color,0.3,"<p>Το φορητό ραδιόφωνο έχει αναλογικό χειρισμό για να αλλάζετε ραδιοφωνικούς σταθμούς χρησιμοποιώντας την κλασική ροδέλα. <br />Επιπλέον διαθέτει υποδοχή AUX για να συνδέσετε ενσύρματα συσκευές, και Βluetooth για να συνδέσετε ασύρματα οποιαδήποτε συσκευή διαθέτει Βluetooth.</p><p><strong>Χαρακτηριστικά:</strong><br />Τύπος Δέκτη: Αναλογικό <br />Υποστηριζόμενες <br />Συχνότητες: AM, FM, SW <br />Συνδεσιμότητα: AUX, Bluetooth, USB<br />Πλαινός φακός LED</p>",ΕΙΔΗ ΤΕΧΝΟΛΟΓΙΑΣ>Ραδιόφωνα  Ηχεία>Επαναφορτιζόμενα Ραδιόφωνα
37521,Επαναφορτιζόμενο ραδιόφωνο - JOC-1822 - ,Επαναφορτιζόμενο ραδιόφωνο - JOC-1822 - 818224,in stock,new,10.8 EUR,,https://www.tradesor.gr/wp-content/uploads/2023/04/818224.jpg,OEM,No Color,0.4,"<p>Φορητό ραδιόφωνο υψηλής ποιότητας με έξοδο Hi-Fi ήχου</p><p><strong>Χαρακτηριστικά:</strong><br />Επαναφορτιζόμενη μπαταρία Lithium 3,7V / 1200 mAh<br />Φόρτιση μέσω υπολογιστή μέσω καλωδίου USB<br />Λειτουργία FM ραδιοφώνου 87.5 - 108MHz<br />Πλήκτρα με 10 σταθμούς<br />Πλήκτρα ρύθμισης έντασης, επανάληψης, επόμενου και προηγούμενου σταθμού<br />Υποδοχή για ακουστικά<br />Υποδοχή DC5V<br />Υποδοχή USB<br />LCD οθόνη που εμφανίζει τη συχνότητα<br />Φωτεινή LED ένδειξη φόρτισης <br />Αυτόματη αναζήτηση σταθμών<br />Αυτόματη αποθήκευση καναλιών<br />TF disk & MMC MS<br />Κορδονάκι για μεταφορά<br />Ισχύς ηχείου - 3W (RMS)</p>",ΕΙΔΗ ΤΕΧΝΟΛΟΓΙΑΣ>Ραδιόφωνα  Ηχεία>Επαναφορτιζόμενα Ραδιόφωνα
37645,Επαναφορτιζόμενο ραδιόφωνο - WS1808 - 55,Επαναφορτιζόμενο ραδιόφωνο - WS1808 - 554086 - Red,in stock,new,18 EUR,,https://www.tradesor.gr/wp-content/uploads/2023/04/554086_r.png,OEM,No Color,0.8,"<p><strong>Χαρακτηριστικά:</strong></p><ul class=""i8Z77e""><li class=""TrT0Xe"">Ισχύς: 15 W.</li><li class=""TrT0Xe"">Χρόνος φόρτισης: 2.5 hr.</li><li class=""TrT0Xe"">Bluetooth Version: v4.0</li><li class=""TrT0Xe"">Εμβέλεια: έως 10 m</li><li>Ραδιόφωνο FM</li><li>Θύρα AUX</li><li class=""TrT0Xe"">Θύρα Memory Card (έως 128 GB)</li><li>Διαστάσεις 22 x 12 x 10</li></ul>",ΕΙΔΗ ΤΕΧΝΟΛΟΓΙΑΣ>Ραδιόφωνα  Ηχεία>Επαναφορτιζόμενα Ραδιόφωνα
37728,Επαναφορτιζόμενο ραδιόφωνο - EC2140BT - ,Επαναφορτιζόμενο ραδιόφωνο - EC2140BT - Everton - 121404 - Black,in stock,new,27 EUR,,https://www.tradesor.gr/wp-content/uploads/2023/04/121404.png,OEM,No Color,1.8,"<div class=""prod-descr""><p>Φορητό ραδιόφωνο σε πανέμορφο Retro σχεδιασμό για τους λάτρεις του Vintage στυλ. Προσφέρει υψηλή ποιότητα ήχου χάρη στα στερεοφωνικά ηχεία του ενώ η πτυσσόμενη κεραία του, παρέχει σταθερό ραδιοφωνικό σήμα.<br />Μπορείτε να πάρετε την αγαπημένη σας μουσική παντού, καθώς είναι πρακτικό και εύκολο στη μεταφορά.</p><p><strong>Χαρακτηριστικά:</strong></p><p>Eνσωματωμένη επαναφορτιζόμενη μπαταρία.</p><p>Διαθέτει Bluetooth και θύρες USB και κάρτας μνήμης TF.</p><p>Διαστάσεις:20 x 8 x 12cm (Μήκος x Πλάτος x Ύψος)</p></div>",ΕΙΔΗ ΤΕΧΝΟΛΟΓΙΑΣ>Ραδιόφωνα  Ηχεία>Επαναφορτιζόμενα Ραδιόφωνα
37730,Επαναφορτιζόμενο ραδιόφωνο - EC2139BT - ,Επαναφορτιζόμενο ραδιόφωνο - EC2139BT - Everton - 121389,in stock,new,27 EUR,,https://www.tradesor.gr/wp-content/uploads/2023/04/121389.jpg,OEM,No Color,1.8,"<p>Φορητό ραδιόφωνο σε πανέμορφο Retro σχεδιασμό για τους λάτρεις του Vintage στυλ. Προσφέρει υψηλή ποιότητα ήχου χάρη στα στερεοφωνικά ηχεία του ενώ η πτυσσόμενη κεραία του, παρέχει σταθερό ραδιοφωνικό σήμα. Μπορείτε να πάρετε την αγαπημένη σας μουσική παντού, καθώς είναι πρακτικό και εύκολο στη μεταφορά. Eνσωματωμένη επαναφορτιζόμενη μπαταρία. Διαθέτει Bluetooth και θύρες USB και κάρτας μνήμης TF. Διαστάσεις: 20 x 8 x 12cm (Μήκος x Πλάτος x Ύψος)</p>",ΕΙΔΗ ΤΕΧΝΟΛΟΓΙΑΣ>Ραδιόφωνα  Ηχεία>Επαναφορτιζόμενα Ραδιόφωνα
37760,Επαναφορτιζόμενο ραδιόφωνο - H011UR - 88,Επαναφορτιζόμενο ραδιόφωνο - H011UR - 880118,in stock,new,8.1 EUR,,https://www.tradesor.gr/wp-content/uploads/2023/04/0107_880118.jpg,OEM,No Color,0.3,"<p>Επαναφορτιζόμενο fm radio MP3 player JOC H011.<br />Aναπαράγει αρχεία MP3 μέσω κάρτας SD/MMC ή USB flash drive. Ραδιόφωνο FM 88-108mhz <br />Πλήκτρα next/previous - αναζητεί αυτόματα τον επόμενο/προηγούμενο σταθμό <br />Πτυσσόμενη κεραία για να μπορείτε να έχετε σταθερό σήμα και πολύ καθαρό ήχο. <br />Μπορείτε να συνδέσετε οποιαδήποτε συσκευή μαζί του μέσω καλωδίου με βύσμα ήχου καρφί 3.5mm όπως MP3/MP4 player, κινητό τηλέφωνο, φορητό ηλεκτρονικό υπολογιστή, ipod κτλ, να αναπαράγετε τα αγαπημένα σας τραγούδια.</p><p><strong>Χαρακτηριστικά:</strong><br />Ισχύς: 3watt<br />Με αυτόματη αναζήτηση προγράμματος<br />Με auto save channel & memory play<br />Φάσμα συχνοτήτων 150Hz-20KHz<br />3.5MM καλώδιο εισόδου<br />Μπαταρία λιθίου Μπαταρία BL-5C (Nokia)<br />Πλήκτρα: ON/OFF, προηγούμενο, επόμενο,mode, αναπαραγωγή, παύση, ένταση +/-<br />Led ένδειξης λειτουργίας<br />Led ένδειξης φόρτισης<br />Υποδοχές: usb, mmc/sd, Ac – in (για φόρτιση)<br />Διαστάσεις: (Π)11,5 × 7(Y) x 3(B) cm<br />Φόρτιση της μπαταρίας μέσω USB 5V</p>",ΕΙΔΗ ΤΕΧΝΟΛΟΓΙΑΣ>Ραδιόφωνα  Ηχεία>Επαναφορτιζόμενα Ραδιόφωνα
37761,Επαναφορτιζόμενο ραδιόφωνο - L66 - 86066,Επαναφορτιζόμενο ραδιόφωνο - L66 - 860667 - Red,in stock,new,10.8 EUR,,https://www.tradesor.gr/wp-content/uploads/2023/04/860667.jpg,OEM,No Color,0.3,"<p>Επαναφορτιζόμενη μπαταρία 1000mAh με αυτονομία έως 6 ώρες.</p><p><strong>Χαρακτηριστικά:</strong></p><p>Ενσωματωμένη πτυσσόμενη κεραία <br />Ηχείο Hi-Fi Single band <br />Υποστήριξη MP3 <br />Αυτόματη αναζήτηση και αποθήκευση σταθμών με ένα πλήκτρο <br />Πλήκτρα συντόμευσης 0-9 SNR: 75 (dB) <br />Ονομαστική τάση: 220V <br />Ισχύς: 3W <br />Συχνότητα: 700-1080 HZ <br />Υλικό: ABS <br />Βάρος: 0,25g <br /><strong>Το πακέτο περιλαμβάνει:</strong> 1 x Φορητό ραδιόφωνο 1 x 18650 μπαταρία 1 x καλώδιο φόρτισης USB</p>",ΕΙΔΗ ΤΕΧΝΟΛΟΓΙΑΣ>Ραδιόφωνα  Ηχεία>Επαναφορτιζόμενα Ραδιόφωνα
38296,Επαναφορτιζόμενο ραδιόφωνο - XB-873BT-S ,Επαναφορτιζόμενο ραδιόφωνο - XB-873BT-S  - 219211 - Red,in stock,new,18 EUR,,https://www.tradesor.gr/wp-content/uploads/2023/04/219211_1511.jpg,OEM,No Color,0.4,"<div id=""description"" class=""data item content"" role=""tabpanel"" data-role=""content"" aria-labelledby=""tab-label-description"" aria-hidden=""false""><div class=""product attribute description""><div class=""value""><div class=""summary""><div class=""description auto-description""><p class=""main"">Φορητό ραδιόφωνο σε Retro σχεδιασμό με αναλογικό χειρισμό για να αλλάζετε τους ραδιοφωνικούς σταθμούς χρησιμοποιώντας την κλασική ροδέλα. <br />Διαθέτει bluetooth για να συνδέσετε εξωτερικές συσκευές ενώ διαθέτει και ηλιακό πάνελ φόρτισης στο άνω μέρος, για έξτρα αυτονομία μπαταρίας.</p><p>Χαρακτηριστικά:</p><ul class=""columns-list""><li>Τύπος Δέκτη: Αναλογικό</li><li>Υποστηριζόμενες Συχνότητες: AM, FM, SW</li><li>Συνδεσιμότητα: Bluetooth</li><li>Τροφοδοσία: Επαναφορτιζόμενο, Ηλιακό πάνελ</li><li>Διαστάσεις 19 x 10 x 5cm</li></ul></div></div></div></div></div>",ΕΙΔΗ ΤΕΧΝΟΛΟΓΙΑΣ>Ραδιόφωνα  Ηχεία>Επαναφορτιζόμενα Ραδιόφωνα
38487,Επαναφορτιζόμενο ραδιόφωνο - XB911BTS - ,Επαναφορτιζόμενο ραδιόφωνο - XB911BTS - 809116,in stock,new,21.6 EUR,,https://www.tradesor.gr/wp-content/uploads/2023/04/809116.jpg,OEM,No Color,0.5,"<p>Κλασικό ραδιοφωνάκι σε Retro σχεδιασμό για τους λάτρεις του Vintage στυλ.<br />Διαθέτει αναλογικό χειρισμό, για να αλλάζετε ραδιοφωνικούς σταθμούς χρησιμοποιώντας την κλασική ροδέλα, ενώ διαθέτει και Βluetooth για να συνδέσετε εξωτερικές συσκευές.</p><p><strong>Χαρακτηριστικά:</strong></p><ul><li><span data-spm-anchor-id=""a2700.details.0.i20.3f6261b2SGhdGe"">Συχνότητες: FM/AM/SW </span></li><li>Bluetooth</li><li><span data-spm-anchor-id=""a2700.details.0.i20.3f6261b2SGhdGe"">Θύρα USB<br /></span></li><li>Υποστήριξη κάρτας μνήμης</li><li><span data-spm-anchor-id=""a2700.details.0.i23.3f6261b2SGhdGe"">Ενσωματωμένη επαναφορτιζόμενη μπαταρία<br /></span></li><li>Κεραία υψηλής ευαισθησίας</li><li><span data-spm-anchor-id=""a2700.details.0.i22.3f6261b2SGhdGe"">Είσοδος: AUX IN JACK</span></li><li>AC: 220V / 50HZ </li><li>Ισχύς: 5W</li><li>Λουράκι μεταφοράς</li></ul>",ΕΙΔΗ ΤΕΧΝΟΛΟΓΙΑΣ>Ραδιόφωνα  Ηχεία>Επαναφορτιζόμενα Ραδιόφωνα
38889,Επαναφορτιζόμενο ραδιόφωνο - V20SUN - 88,Επαναφορτιζόμενο ραδιόφωνο - V20SUN - 884522 - Black,in stock,new,25.2 EUR,,https://www.tradesor.gr/wp-content/uploads/2023/04/884522_b.jpg,OEM,No Color,2.0,"<p>Φορητό ραδιόφωνο και ασύρματο ηχείο Bluetooth, με καθαρό στερεοφωνικό ήχο με εφέ μπάσου και εργονομική σχεδίαση, με πτυσσόμενη χειρολαβή για μεταφορά παντού.</p><p><strong>Χαρακτηριστικά:</strong><br />Bluetooth 5.0<br />Ισχύς: 8W<br />Μπαταρία επαναφορτιζόμενη 1200mah<br />Αυτονομία μπαταρίας: έως 5 ώρες<br />Θύρες: USB, TF Card, AUX<br />Ραδιόφωνο FM<br />Πτυσσόμενη κεραία<br />Ειδική βάση στήριξης smartphone<br />Διαστάσεις: 25 x 12 x 9cm</p>",ΕΙΔΗ ΤΕΧΝΟΛΟΓΙΑΣ>Ραδιόφωνα  Ηχεία>Επαναφορτιζόμενα Ραδιόφωνα
38939,Επαναφορτιζόμενο ραδιόφωνο - V20SUN - 88,Επαναφορτιζόμενο ραδιόφωνο - V20SUN - 884522 - Grey,in stock,new,25.2 EUR,,https://www.tradesor.gr/wp-content/uploads/2023/04/884522_gr.jpg,OEM,No Color,2.0,"<p>Φορητό ραδιόφωνο και ασύρματο ηχείο Bluetooth, με καθαρό στερεοφωνικό ήχο με εφέ μπάσου και εργονομική σχεδίαση, με πτυσσόμενη χειρολαβή για μεταφορά παντού.</p><p><strong>Χαρακτηριστικά:</strong><br />Bluetooth 5.0<br />Ισχύς: 8W<br />Μπαταρία επαναφορτιζόμενη 1200mah<br />Αυτονομία μπαταρίας: έως 5 ώρες<br />Θύρες: USB, TF Card, AUX<br />Ραδιόφωνο FM<br />Πτυσσόμενη κεραία<br />Ειδική βάση στήριξης smartphone<br />Διαστάσεις: 25 x 12 x 9cm</p>",ΕΙΔΗ ΤΕΧΝΟΛΟΓΙΑΣ>Ραδιόφωνα  Ηχεία>Επαναφορτιζόμενα Ραδιόφωνα
38940,Επαναφορτιζόμενο ραδιόφωνο - V20SUN - 88,Επαναφορτιζόμενο ραδιόφωνο - V20SUN - 884522 - Gold,in stock,new,25.2 EUR,,https://www.tradesor.gr/wp-content/uploads/2023/04/884522_g.jpg,OEM,No Color,2.0,"<p>Φορητό ραδιόφωνο και ασύρματο ηχείο Bluetooth, με καθαρό στερεοφωνικό ήχο με εφέ μπάσου και εργονομική σχεδίαση, με πτυσσόμενη χειρολαβή για μεταφορά παντού.</p><p><strong>Χαρακτηριστικά:</strong><br />Bluetooth 5.0<br />Ισχύς: 8W<br />Μπαταρία επαναφορτιζόμενη 1200mah<br />Αυτονομία μπαταρίας: έως 5 ώρες<br />Θύρες: USB, TF Card, AUX<br />Ραδιόφωνο FM<br />Πτυσσόμενη κεραία<br />Ειδική βάση στήριξης smartphone<br />Διαστάσεις: 25 x 12 x 9cm</p>",ΕΙΔΗ ΤΕΧΝΟΛΟΓΙΑΣ>Ραδιόφωνα  Ηχεία>Επαναφορτιζόμενα Ραδιόφωνα
39052,Επαναφορτιζόμενο ραδιόφωνο - XB-864 BT-S,Επαναφορτιζόμενο ραδιόφωνο - XB-864 BT-S - 108648,in stock,new,18 EUR,,https://www.tradesor.gr/wp-content/uploads/2023/04/108648.png,OEM,No Color,0.7,"<div class=""large-2 col pb-0 mb-0""><p class=""uppercase mt"">Φορητό ραδιόφωνο με υψηλή ποιότητα στερεοφωνικού ήχου, σε Retro σχεδιασμό και πρακτικό μέγεθος.<br />Διαθέτει ενσωματωμένο ηλιακό πάνελ στο επάνω μέρος, για έξτα αυτονομία μπαταρίας και πλαϊνό φακό LED.</p><p><strong>Χαρακτηριστικά:</strong></p></div><div class=""large-10 col pb-0 mb-0""><div class=""panel entry-content""><div class=""row""><div class=""col-md-6 tab1""><ul class=""columns-list""><li>Τύπος Δέκτη: Αναλογικό</li><li>Πτυσσόμενη κεραία</li><li>Bluetooth</li><li>Υποστηριζόμενες Συχνότητες: AM, FM, SW</li><li>Θύρες: USB / AUX / TF Card (Max 16Gb)</li><li>Τροφοδοσία: Επαναφορτιζόμενο με διάρκεια φόρτισης 3 ώρες και διάρκεια συνεχόμενης χρήσης έως και 6 ώρες.</li><li>Ισχύς: 3W / 4 Ohm</li><li>Μέγεθος ηχείου: 57mm</li><li>Διαστάσεις: 18 x 11 x 7,5 cm</li><li>Χειρολαβή μεταφοράς</li></ul></div></div></div></div>",ΕΙΔΗ ΤΕΧΝΟΛΟΓΙΑΣ>Ραδιόφωνα  Ηχεία>Επαναφορτιζόμενα Ραδιόφωνα
39054,Επαναφορτιζόμενο ραδιόφωνο - XB872 BT-C ,Επαναφορτιζόμενο ραδιόφωνο - XB872 BT-C - 108723,in stock,new,16.2 EUR,,https://www.tradesor.gr/wp-content/uploads/2023/04/108723.png,OEM,No Color,0.7,"<div class=""large-2 col pb-0 mb-0""><p class=""uppercase mt"">Φορητό ραδιόφωνο με υψηλή ποιότητα στερεοφωνικού ήχου, σε Retro σχεδιασμό και πρακτικό μέγεθος.<br />Διαθέτει ενσωματωμένο αναλογικό ρολόι και πλαϊνό φακό LED.</p><p><strong>Χαρακτηριστικά:</strong></p></div><div class=""large-10 col pb-0 mb-0""><div class=""panel entry-content""><div class=""row""><div class=""col-md-6 tab1""><ul class=""columns-list""><li>Τύπος Δέκτη: Αναλογικό</li><li>Bluetooth</li><li>Υποστηριζόμενες Συχνότητες: AM, FM, SW</li><li>Θύρες: USB, Κάρτα Μνήμης</li><li>Τροφοδοσία: Επαναφορτιζόμενο με διάρκεια φόρτισης 3 ώρες και διάρκεια συνεχόμενης χρήσης έως και 5 ώρες.</li><li>Χειρολαβή μεταφοράς</li></ul></div></div></div></div>",ΕΙΔΗ ΤΕΧΝΟΛΟΓΙΑΣ>Ραδιόφωνα  Ηχεία>Επαναφορτιζόμενα Ραδιόφωνα
39057,Επαναφορτιζόμενο ραδιόφωνο - JOC-H330 - ,Επαναφορτιζόμενο ραδιόφωνο - JOC-H330 - 863309 - Black,in stock,new,8.1 EUR,,https://www.tradesor.gr/wp-content/uploads/2023/04/863309_b.jpg,OEM,No Color,0.7,"<p>Ραδιόφωνο FM σε πρακτικό mini μέγεθος για μεταφορά παντού.</p><p><strong>Χαρακτηριστικά:</strong></p><ul><li>Το πακέτο περιλαμβάνει επαναφορτιζόμενη μπαταρία 2600mAh, και καλώδιο USB για φόρτιση</li><li>Υποδοχή για ακουστικά & microSD κάρτα</li><li>Πτυσσόμενη κεραία</li><li>Λουράκι μεταφοράς</li></ul>",ΕΙΔΗ ΤΕΧΝΟΛΟΓΙΑΣ>Ραδιόφωνα  Ηχεία>Επαναφορτιζόμενα Ραδιόφωνα
39058,Επαναφορτιζόμενο ραδιόφωνο - BJL-62 - 88,Επαναφορτιζόμενο ραδιόφωνο - BJL-62 - 880625,in stock,new,7.2 EUR,,https://www.tradesor.gr/wp-content/uploads/2023/04/880625.jpg,OEM,No Color,0.7,"<p>Ραδιόφωνο FM σε πρακτικό mini μέγεθος για μεταφορά παντού.</p><p><strong>Χαρακτηριστικά:</strong></p><ul><li>Διαστάσεις: 11.5 x 3.1 x 6.9cm</li><li>Το πακέτο περιλαμβάνει επαναφορτιζόμενη μπαταρία 2600mAh, και καλώδιο USB για φόρτιση</li><li>Υποδοχή για ακουστικά & microSD κάρτα</li><li>Πτυσσόμενη κεραία</li><li>Λουράκι μεταφοράς</li></ul>",ΕΙΔΗ ΤΕΧΝΟΛΟΓΙΑΣ>Ραδιόφωνα  Ηχεία>Επαναφορτιζόμενα Ραδιόφωνα
39060,Επαναφορτιζόμενο ραδιόφωνο - M100 - 8610,Επαναφορτιζόμενο ραδιόφωνο - M100 - 861008,in stock,new,9 EUR,,https://www.tradesor.gr/wp-content/uploads/2023/04/861008.jpg,OEM,No Color,0.7,"<p><strong>Χαρακτηριστικά:</strong></p><p>Φορητό ραδιόφωνο υψηλής ποιότητας με έξοδο Hi-Fi ήχου<br />Επαναφορτιζόμενη μπαταρία Lithium 3,7V / 1200 mAh<br />Φόρτιση μέσω υπολογιστή μέσω καλωδίου USB<br />Λειτουργία FM ραδιοφώνου 87.5 – 108MHz<br />Πλήκτρα με 10 σταθμούς<br />Πλήκτρα ρύθμισης έντασης, επανάληψης, επόμενου και προηγούμενου σταθμού<br />Υποδοχή για ακουστικά<br />Υποδοχή DC5V<br />LCD οθόνη που εμφανίζει τη συχνότητα<br />Φωτεινή LED ένδειξη φόρτισης <br />Αυτόματη αναζήτηση σταθμών<br />Αυτόματη αποθήκευση καναλιών<br />TF disk & MMC MS<br />Κορδονάκι για μεταφορά<br />Ισχύς ηχείου – 3W (RMS)</p><div class=""notranslate"" style=""all: initial;""> </div>",ΕΙΔΗ ΤΕΧΝΟΛΟΓΙΑΣ>Ραδιόφωνα  Ηχεία>Επαναφορτιζόμενα Ραδιόφωνα
39063,Επαναφορτιζόμενο ραδιόφωνο - M8001-BT - ,Επαναφορτιζόμενο ραδιόφωνο - M8001-BT - 219204 - Brown,in stock,new,18 EUR,,https://www.tradesor.gr/wp-content/uploads/2023/04/219204_1511.jpg,OEM,No Color,0.7,"<p>Φορητό ραδιόφωνο σε πανέμορφο Retro σχεδιασμό για τους λάτρεις του Vintage στυλ. <br />Προσφέρει υψηλή ποιότητα ήχου χάρη στα στερεοφωνικά ηχεία του ενώ παρέχει σταθερό ραδιοφωνικό σήμα.<br />Μπορείτε να πάρετε την αγαπημένη σας μουσική παντού, καθώς είναι πρακτικό και εύκολο στη μεταφορά.</p><p><strong>Χαρακτηριστικά:</strong></p><p>Eνσωματωμένη επαναφορτιζόμενη μπαταρία 1200mA 18650<br />Ραδιοφωνικές συχνότητες: AM, FM, SW<br />Tuner: Αναλογικό<br />Θύρες: USB/SD/Jack 3.5mm <br />Μέγεθος/Ισχύς ηχείου: 3inch 5W<br />Bluetooth 4.1<br />Αυτονομία μπαταρίας: έως 4 ώρες <br />Διαστάσεις: 20*5*13.5cm<br />Χειρολαβή μεταφοράς</p>",ΕΙΔΗ ΤΕΧΝΟΛΟΓΙΑΣ>Ραδιόφωνα  Ηχεία>Επαναφορτιζόμενα Ραδιόφωνα
39065,Επαναφορτιζόμενο ραδιόφωνο - H789BT - 86,Επαναφορτιζόμενο ραδιόφωνο - H789BT - 867980,in stock,new,9.9 EUR,,https://www.tradesor.gr/wp-content/uploads/2023/04/867980.png,OEM,No Color,0.7,"<p>Φορητό ραδιόφωνο σε πρακτικό μέγεθος, ιδανικό για μεταφορά παντού.</p><p><strong>Χαρακτηριστικά:</strong></p><ul><li>Συχνότητες: FM</li><li>Συχνότητα: 87,5MHz - 108MHz</li><li>Ψηφιακό</li><li>Υποδοχή Usb/Tf/Aux</li><li>Κουμπί ενεργοποίησης / απενεργοποίησης</li><li>Κουμπί έντασης</li><li>Κουμπί ρύθμισης συχνότητας</li><li>Με την τηλεσκοπική κεραία μπορείτε να έχετε σταθερό σήμα και πολύ καθαρό ήχο.</li><li>Τροφοδοτείτε από 1 μπαταρία 18650 (Η μπαταρία περιλαμβάνεται στη συσκευασία)</li><li>Κορδόνι για εύκολη μεταφορά</li><li>Υλικό: ABS</li></ul><p><strong>Η συσκευασία περιλαμβάνει:</strong></p><p>1* Φορητό ραδιόφωνο<br />1* Μπαταρία 18650<br />1* Καλώδιο φόρτισης Usb</p>",ΕΙΔΗ ΤΕΧΝΟΛΟΓΙΑΣ>Ραδιόφωνα  Ηχεία>Επαναφορτιζόμενα Ραδιόφωνα
39067,Επαναφορτιζόμενο ραδιόφωνο - Retro - RX-,Επαναφορτιζόμενο ραδιόφωνο - Retro - RX-1111BT - 011113,in stock,new,18 EUR,,https://www.tradesor.gr/wp-content/uploads/2023/04/011113.jpg,OEM,No Color,1.0,"<p>Φορητό ραδιόφωνο σε πανέμορφο Retro σχεδιασμό για τους λάτρεις του Vintage στυλ. <br />Προσφέρει υψηλή ποιότητα ήχου χάρη στα στερεοφωνικά ηχεία του ενώ η πτυσσόμενη κεραία του, παρέχει σταθερό ραδιοφωνικό σήμα.<br />Μπορείτε να πάρετε την αγαπημένη σας μουσική παντού, καθώς είναι πρακτικό και εύκολο στη μεταφορά, ενώ μπορεί να τοποθετηθεί και διακοσμητικά στον χώρο σας.</p><p><strong>Χαρακτηριστικά:</strong></p><p>Eνσωματωμένη επαναφορτιζόμενη μπαταρία 1200mah<br />Ραδιοφωνικές συχνότητες: AM, FM, SW<br />Tuner: Αναλογικό<br />Θύρες: USB/SD/Jack 3.5mm <br />Bluetooth 4.1<br />Αυτονομία μπαταρίας: έως 4 ώρες <br />Χειρολαβή μεταφοράς<br />Διαστάσεις: 17*13*8cm<br /><br /></p>",ΕΙΔΗ ΤΕΧΝΟΛΟΓΙΑΣ>Ραδιόφωνα  Ηχεία>Επαναφορτιζόμενα Ραδιόφωνα
39068,Επαναφορτιζόμενο ραδιόφωνο - RX321 - 863,Επαναφορτιζόμενο ραδιόφωνο - RX321 - 863210 - Black,in stock,new,12.6 EUR,,https://www.tradesor.gr/wp-content/uploads/2023/04/863210_b.png,OEM,No Color,0.5,"<p>Ο δέκτης πολλαπλών ζωνών που διαθέτει, είναι σε θέση να ρυθμίζει μέχρι 6 διαφορετικές ζώνες βραχέων κυμάτων, η ζώνη FM (VHF) και η AM (μεσαίου κύματος). <br />Επιπλέον, η συσκευή διαθέτει φακό, έχει ισχυρή ένταση ήχου και καλή ποιότητα μπάσων για καθαρό και δυνατό ήχο. <br />Λειτουργεί με επαναφορτιζόμενη μπαταρία που συμπεριλαμβάνεται. Έχει διάρκεια φόρτισης έως 3 ώρες και διάρκεια χρήσης έως 6 ώρες.<br />Διαθέτει υποδοχή USB.</p>",ΕΙΔΗ ΤΕΧΝΟΛΟΓΙΑΣ>Ραδιόφωνα  Ηχεία>Επαναφορτιζόμενα Ραδιόφωνα
39069,Επαναφορτιζόμενο ραδιόφωνο - MD-516BT - ,Επαναφορτιζόμενο ραδιόφωνο - MD-516BT - 865167,in stock,new,27 EUR,,https://www.tradesor.gr/wp-content/uploads/2023/04/1106_865167-1.jpg,OEM,No Color,0.5,"<p>Επαναφορτιζόμενο ραδιόφωνο ηλεκτρικής και ηλιακής φόρτισης με φακό LED</p><p><strong>Χαρακτηριστικά:</strong></p><ul><li>Bluetooth</li><li>Συχνότητες ραδιοφώνου: FM 63-108MHz/AM 522-1620KHz/SW5.9-21.85MHZ</li><li><span class=""attr-name J-attr-name"" title=""3"">Θύρες: </span>USB, TF, Aux</li><li><span class=""attr-name J-attr-name"" title=""4"">Ισχύς ηλιακού πάνελ: </span>2W</li><li><span class=""attr-name J-attr-name"" title=""6"">Φακός Led</span></li><li>Τάση: 220V/50HZ</li><li><span class=""attr-name J-attr-name"" title=""Battery capacity"">Μπαταρία: </span>1200MA</li><li>Διαστάσεις: 22 x 14 x 9cm</li></ul>",ΕΙΔΗ ΤΕΧΝΟΛΟΓΙΑΣ>Ραδιόφωνα  Ηχεία>Επαναφορτιζόμενα Ραδιόφωνα
39121,Επαναφορτιζόμενο ραδιόφωνο - RX321 - 863,Επαναφορτιζόμενο ραδιόφωνο - RX321 - 863210 - Gold,in stock,new,12.6 EUR,,https://www.tradesor.gr/wp-content/uploads/2023/04/863210_g.png,OEM,No Color,0.5,"<p>Ο δέκτης πολλαπλών ζωνών που διαθέτει, είναι σε θέση να ρυθμίζει μέχρι 6 διαφορετικές ζώνες βραχέων κυμάτων, η ζώνη FM (VHF) και η AM (μεσαίου κύματος). <br />Επιπλέον, η συσκευή διαθέτει φακό, έχει ισχυρή ένταση ήχου και καλή ποιότητα μπάσων για καθαρό και δυνατό ήχο. <br />Λειτουργεί με επαναφορτιζόμενη μπαταρία που συμπεριλαμβάνεται. Έχει διάρκεια φόρτισης έως 3 ώρες και διάρκεια χρήσης έως 6 ώρες.<br />Διαθέτει υποδοχή USB.</p>",ΕΙΔΗ ΤΕΧΝΟΛΟΓΙΑΣ>Ραδιόφωνα  Ηχεία>Επαναφορτιζόμενα Ραδιόφωνα
39122,Επαναφορτιζόμενο ραδιόφωνο - RX321 - 863,Επαναφορτιζόμενο ραδιόφωνο - RX321 - 863210 - Red,in stock,new,12.6 EUR,,https://www.tradesor.gr/wp-content/uploads/2023/04/863210_r.png,OEM,No Color,0.5,"<p>Ο δέκτης πολλαπλών ζωνών που διαθέτει, είναι σε θέση να ρυθμίζει μέχρι 6 διαφορετικές ζώνες βραχέων κυμάτων, η ζώνη FM (VHF) και η AM (μεσαίου κύματος). <br />Επιπλέον, η συσκευή διαθέτει φακό, έχει ισχυρή ένταση ήχου και καλή ποιότητα μπάσων για καθαρό και δυνατό ήχο. <br />Λειτουργεί με επαναφορτιζόμενη μπαταρία που συμπεριλαμβάνεται. Έχει διάρκεια φόρτισης έως 3 ώρες και διάρκεια χρήσης έως 6 ώρες.<br />Διαθέτει υποδοχή USB.</p>",ΕΙΔΗ ΤΕΧΝΟΛΟΓΙΑΣ>Ραδιόφωνα  Ηχεία>Επαναφορτιζόμενα Ραδιόφωνα
39668,Επαναφορτιζόμενο ραδιόφωνο – H601 - JO,Επαναφορτιζόμενο ραδιόφωνο – H601 - JOC - 866010 - Red,in stock,new,8.1 EUR,,https://www.tradesor.gr/wp-content/uploads/2023/04/866010.jpg,OEM,No Color,0.7,"<p><strong>Χαρακτηριστικά:</strong></p><p>-Λειτουργία DC<br />-FM radio 87.5 - 108 MHz<br />-Αυτόματη αναζήτηση σταθμών<br />-Θύρες: USB,  TF disk,  MMC MS<br />-Υποδοχή για ακουστικά<br />-Δυνατότητα σύνδεση PC player output<br />-Επαναφορτιζόμενη μπαταρία Lithium 3,7V / 800 mAh, τύπου BL-5C<br />-Δυνατότητα φόρτισης μέσω υπολογιστή<br />-Καλώδιο σύνδεσης υπολογιστή<br />-Υψηλής τεχνολογίας, αξιόπιστο, με έξοδο Hi-Fi ήχο.<br />-Μεγάλη οθόνη LCD που εμφανίζει τη συχνότητα<br />-Ένδειξη στάθμη μπαταρίας<br />-Μνήμη για 40 σταθμούς<br />-Ισχύς ηχείου 3W (RMS)<br />-Επίπεδο θορύβου 85 db</p>",ΕΙΔΗ ΤΕΧΝΟΛΟΓΙΑΣ>Ραδιόφωνα  Ηχεία>Επαναφορτιζόμενα Ραδιόφωνα
39670,Επαναφορτιζόμενο ραδιόφωνο - MD-521BT - ,Επαναφορτιζόμενο ραδιόφωνο - MD-521BT - 865211,in stock,new,18 EUR,,https://www.tradesor.gr/wp-content/uploads/2023/04/865211.jpg,OEM,No Color,1.1,"<p>Επαναφορτιζόμενο ραδιόφωνο με φακό LED και χειρολαβή μεταφοράς.</p><p>Χαρακτηριστικά:</p><p>Bluetooth<br />Συχνότητες ραδιοφώνου: FM 63-108MHz/AM 522-1620KHz/SW5.9-21.85MHZ<br />Θύρες: USB, TF, Aux<br />Μπαταρία: 1200 mAh<br />Διαστάσεις: 27 x 14,5 x 10cm</p>",ΕΙΔΗ ΤΕΧΝΟΛΟΓΙΑΣ>Ραδιόφωνα  Ηχεία>Επαναφορτιζόμενα Ραδιόφωνα
39672,Επαναφορτιζόμενο ραδιόφωνο - XB-771URT -,Επαναφορτιζόμενο ραδιόφωνο - XB-771URT - 007710 - Red,in stock,new,12.6 EUR,,https://www.tradesor.gr/wp-content/uploads/2023/04/007710.jpg,OEM,No Color,0.8,<p>Επαναφορτιζόμενο ραδιόφωνο με πλαϊνό φακό LED και υψηλής ποιότητας ήχο.</p><p><strong>Χαρακτηριστικά:</strong><br />Radio Player <br />MP3 <br />Συχνότητες: AM / FM / SW <br />Θύρα USΒ <br />Υποστήριξη κάρτας μνήμης</p>,ΕΙΔΗ ΤΕΧΝΟΛΟΓΙΑΣ>Ραδιόφωνα  Ηχεία>Επαναφορτιζόμενα Ραδιόφωνα
105137,Επαναφορτιζόμενο ραδιόφωνο – NS225S - ,Επαναφορτιζόμενο ραδιόφωνο – NS225S - 002255,in stock,new,18 EUR,,https://www.tradesor.gr/wp-content/uploads/2023/06/ebeb735528b209d6ff726597d8411ace.jpg,OEM,No Color,1.0,,ΕΙΔΗ ΤΕΧΝΟΛΟΓΙΑΣ>Ραδιόφωνα  Ηχεία>Επαναφορτιζόμενα Ραδιόφωνα
105143,Επαναφορτιζόμενο ραδιόφωνο – PX-92BT -,Επαναφορτιζόμενο ραδιόφωνο – PX-92BT - 000923,in stock,new,14.4 EUR,,https://www.tradesor.gr/wp-content/uploads/2023/06/08057b6be6f48a66693e1083d785dd03.jpg,OEM,No Color,1.0,,ΕΙΔΗ ΤΕΧΝΟΛΟΓΙΑΣ>Ραδιόφωνα  Ηχεία>Επαναφορτιζόμενα Ραδιόφωνα
105147,Επαναφορτιζόμενο ραδιόφωνο – RX71 - 00,Επαναφορτιζόμενο ραδιόφωνο – RX71 - 000718,in stock,new,32.4 EUR,,https://www.tradesor.gr/wp-content/uploads/2023/06/c74689a1296042a15f6ccb13c30f39d7.jpg,OEM,No Color,1.0,,ΕΙΔΗ ΤΕΧΝΟΛΟΓΙΑΣ>Ραδιόφωνα  Ηχεία>Επαναφορτιζόμενα Ραδιόφωνα
105173,Επαναφορτιζόμενο ραδιόφωνο – RD315BT -,Επαναφορτιζόμενο ραδιόφωνο – RD315BT - 003153,in stock,new,10.8 EUR,,https://www.tradesor.gr/wp-content/uploads/2023/06/250866569e921f040561f7951518d962.jpg,OEM,No Color,1.0,,ΕΙΔΗ ΤΕΧΝΟΛΟΓΙΑΣ>Ραδιόφωνα  Ηχεία>Επαναφορτιζόμενα Ραδιόφωνα
