id,title,description,availability,condition,price,link,image_link,brand,color,shipping_weight,rich_text_description,fb_product_category
36325,Ημιαυτόματη τρόμπα – Buster Pump – AB-7808B ,Ημιαυτόματη τρόμπα – Buster Pump – AB-7808B - 494566,in stock,new,7.2 EUR,,https://www.tradesor.gr/wp-content/uploads/2023/04/2710_494566.jpg,OEM,No Color,1,"<p>Τρόμπα ποδιού 12 bar / 170 psi, περιέχονται σετ ακροφυσίων για ποδηλάτα και μπάλες.",AUTO-MOTO-BIKE>Αξεσουάρ ποδηλάτου  μηχανής>Τρόμπες
36327,Ημιαυτόματη τρόμπα – Buster Pump – AB-9809E ,Ημιαυτόματη τρόμπα – Buster Pump – AB-9809E - 784153,in stock,new,8.1 EUR,,https://www.tradesor.gr/wp-content/uploads/2023/04/2710_784153.jpg,OEM,No Color,1,<p>Τρόμπα ποδιού 12 bar / 170 psi με μανόμετρο</p><p>Διαστάσεις συσκευασίας: 12 x 17 cm</p>,AUTO-MOTO-BIKE>Αξεσουάρ ποδηλάτου  μηχανής>Τρόμπες
36782,Ημιαυτόματη τρόμπα - Buster Pump - 7808 - 494580,Ημιαυτόματη τρόμπα - Buster Pump - 7808 - 494580,in stock,new,5.4 EUR,,https://www.tradesor.gr/wp-content/uploads/2023/04/1507_494580.jpg,OEM,No Color,3,<p>Ημιαυτόματη Τρόμπα ποδιού Buster Pump - 7808.</p><ul><li>Περιλαμβάνονται 3 διαφορετικά ακροφύσια.</li><li>Ανθεκτική κατασκευή αλουμινίου</li><li>Εύκολη μεταφορά</li><li>Αντιολισθητική βάση ποδιού</li><li>Διαστάσεις συσκευασίας: 10 x 17cm</li><li> </li></ul>,AUTO-MOTO-BIKE>Αξεσουάρ ποδηλάτου  μηχανής>Τρόμπες
36937,Ημιαυτόματη τρόμπα - Buster Pump - AB350 - 90999,Ημιαυτόματη τρόμπα - Buster Pump - AB350 - 909995,in stock,new,4.5 EUR,,https://www.tradesor.gr/wp-content/uploads/2023/04/909995_1310.jpg,OEM,No Color,7,<p>Ημιαυτόματη τρόμπα χειρός  Buster Pump-AB350. Πρακτικό μέγεθος για εύκολη μεταφορά και αποθήκευση και ελαφριά για εύκολη χρήση. Με μεταλλικό στήριγμα για έξτρα σταθερότητα.</p><ul><li>Πίεση αέρος: έως 7 bar/100 psi.</li><li>Μήκος λαβής: 13cm</li><li>Μήκος μεταλλικού στηρίγματος: 12cm</li><li>Περιλαμβάνει 3 διαφορετικούς αντάπτορες</li><li>Μήκος συσκευασίας: 41cm</li><li> </li></ul>,AUTO-MOTO-BIKE>Αξεσουάρ ποδηλάτου  μηχανής>Τρόμπες
36938,Ημιαυτόματη τρόμπα δαπέδου - Buster Pump ,Ημιαυτόματη τρόμπα δαπέδου - Buster Pump - 0810 - 433552,in stock,new,14.4 EUR,,https://www.tradesor.gr/wp-content/uploads/2023/04/433552_1310.jpg,OEM,No Color,7,"<p class=""page-title"">Ημιαυτόματη τρόμπα δαπέδου/χειρός με μανόμετρο.</p><ul><li>Υψός: 80cm</li><li>Βάρος: 1.5kg</li><li>Μήκος συσκευασίας: 68cm</li></ul>",AUTO-MOTO-BIKE>Αξεσουάρ ποδηλάτου  μηχανής>Τρόμπες
36939,Ημιαυτόματη τρόμπα δαπέδου - Buster Pump ,Ημιαυτόματη τρόμπα δαπέδου - Buster Pump - 6532 - 116532,in stock,new,14.4 EUR,,https://www.tradesor.gr/wp-content/uploads/2023/04/116532_1310.jpg,OEM,No Color,7,"<p class=""page-title"">Ημιαυτόματη τρόμπα δαπέδου/χειρός με μανόμετρο.</p><ul><li>Υψός: 80cm</li><li>Βάρος: 1.5kg</li><li>Μήκος συσκευασίας: 64cm</li></ul>",AUTO-MOTO-BIKE>Αξεσουάρ ποδηλάτου  μηχανής>Τρόμπες
36990,Ημιαυτόματη τρόμπα δαπέδου - 9001B - 0321,Ημιαυτόματη τρόμπα δαπέδου - 9001B - 032100,in stock,new,7.2 EUR,,https://www.tradesor.gr/wp-content/uploads/2023/04/032100_811.jpg,OEM,No Color,7,"<p class=""page-title"">Ημιαυτόματη τρόμπα δαπέδου/χειρός με μανόμετρο.</p><ul><li>Υψός: 70cm</li><li>Βάρος: 1.5kg</li><li>Μήκος συσκευασίας: 57cm</li></ul>",AUTO-MOTO-BIKE>Αξεσουάρ ποδηλάτου  μηχανής>Τρόμπες
37041,Ημιαυτόματη τρόμπα δαπέδου - Buster Pump ,Ημιαυτόματη τρόμπα δαπέδου - Buster Pump - 809 - 439967,in stock,new,14.4 EUR,,https://www.tradesor.gr/wp-content/uploads/2023/04/439967_811.jpg,OEM,No Color,7,"<p class=""page-title"">Ημιαυτόματη τρόμπα δαπέδου/χειρός με μανόμετρο.</p><ul><li>Υψός: 80cm</li><li>Βάρος: 1.5kg</li><li>Μήκος συσκευασίας: 64cm</li></ul>",AUTO-MOTO-BIKE>Αξεσουάρ ποδηλάτου  μηχανής>Τρόμπες
38475,Ηλεκτρικό σκουπάκι αυτοκινήτου & τρ,Ηλεκτρικό σκουπάκι αυτοκινήτου & τρόμπα - 4 in 1 - 509982,in stock,new,23.4 EUR,,https://www.tradesor.gr/wp-content/uploads/2023/04/1702_509982-1.jpeg,OEM,No Color,0.5,"<p>Ηλεκτρικό σκουπάκι αυτοκινήτου & τρόμπα 2 σε 1.<br />Η ιδανική επιλογή για το αυτοκίνητό σας!</p><p>Είναι εξοπλισμένο με διάφορα ακροφύσια αέρα. <br />Ο συμπαγής σχεδιασμός το καθιστά ελαφρύ και φορητό, εύκολο στη μεταφορά. <br />Εξαιρετική ποιότητα κατασκευής! Διαθέτει φακό για πιο εύκολη χρήση σε σκοτεινά σημεία.<br />Διαθέτει καλώδιο 2 μέτρων<br />Περιλαμβάνονται 3 ανταλλακτικές κεφαλές για διαφορετικά σημεία του αυτοκινήτου και 2 ακροφύσια αέρα</p><p>Working voltage: DC 12V</p><p>Power: 120W</p><p>Material: plastic</p><p>Διαστάσεις συσκευασίας: 36 x 16 cm</p>",AUTO-MOTO-BIKE>Αξεσουάρ ποδηλάτου  μηχανής>Τρόμπες
38493,Ημιαυτόματη τρόμπα δαπέδου - Buster Pump ,Ημιαυτόματη τρόμπα δαπέδου - Buster Pump - 3557 - 135578,in stock,new,5.4 EUR,,https://www.tradesor.gr/wp-content/uploads/2023/04/1106_135578-1.jpg,OEM,No Color,7,"<p>Τρόμπα δαπέδου - 12 bar / 170 psi, με μανόμετρο<br />Ελαφριά, μικρού μεγέθους, με εργονομική λαβή για ευκολία χρήσης<br />Ατσάλινο στήριγμα βάσης για σταθερότητα<br />Περιέχονται 2 διαφορετικά είδη ακροφύσιων</p><ul><li>Μήκος συσκευασίας: 68cm</li></ul>",AUTO-MOTO-BIKE>Αξεσουάρ ποδηλάτου  μηχανής>Τρόμπες
38501,Μετρητής πίεσης αέρα ελαστικών με μ,Μετρητής πίεσης αέρα ελαστικών με μανόμετρο - 171683,in stock,new,6.3 EUR,,https://www.tradesor.gr/wp-content/uploads/2023/04/171683.jpg,OEM,No Color,1,"<p>Αναλογικός μετρητής πίεσης αέρα ελαστικών, με μανόμετρο. Ιδανικός για να μετράτε την πίεση του αέρα στα ελαστικά σας καθώς και να φουσκώνεται οποιοδήποτε ελαστικό. Έχει μετρητή με διάμετρο 77 mm και εύκαμπτο λάστιχο. <br />Μπορεί να δώσει πίεση στα ελαστικά σας από 0-16 bar.</p><div id=""content_description"" class=""ty-wysiwyg-content content-description""><div><p>Χαρακτηριστικά:</p><ul><li>Υλικό: πλαστικό & μέταλλο</li><li>Διάμετρος: 77 mm</li><li>Πίεση: 0-16 bar / 0-220 psi</li><li> Διαστάσεις συσκευασίας: 15 x 32cm</li></ul></div></div>",AUTO-MOTO-BIKE>Αξεσουάρ ποδηλάτου  μηχανής>Τρόμπες
39394,Ηλεκτρική τρόμπα φουσκώματος μπαλο,Ηλεκτρική τρόμπα φουσκώματος μπαλονιών - 73005 - 950120,in stock,new,18 EUR,,https://www.tradesor.gr/wp-content/uploads/2023/04/1305_950120-1.jpg,OEM,No Color,2,"<p>Ηλεκτρική τρόμπα φουσκώματος μπαλονιών, 73005240V, 60Ηz<br />600W<br />4 στόμια διαφορετικής διαμέτρου<br />Διακόπτης On/Off</p><p>Διαστάσεις συσκευασίας: 21 x 16 cm</p>",AUTO-MOTO-BIKE>Αξεσουάρ ποδηλάτου  μηχανής>Τρόμπες
108314,Ημιαυτόματη τρόμπα - S51-54 - 651780,Ημιαυτόματη τρόμπα - S51-54 - 651780,in stock,new,4.5 EUR,,https://www.tradesor.gr/wp-content/uploads/2023/06/1ed6aaa961538e93ba543e8c42392368.jpg,OEM,No Color,1.0,,AUTO-MOTO-BIKE>Αξεσουάρ ποδηλάτου  μηχανής>Τρόμπες
108317,Ημιαυτόματη τρόμπα δαπέδου με μανό�,Ημιαυτόματη τρόμπα δαπέδου με μανόμετρο - S51-70 - 651773,in stock,new,12.6 EUR,,https://www.tradesor.gr/wp-content/uploads/2023/06/0a22b24d96e82229751ec88c66c26bd0.jpg,OEM,No Color,1.0,,AUTO-MOTO-BIKE>Αξεσουάρ ποδηλάτου  μηχανής>Τρόμπες
108320,Ημιαυτόματη τρόμπα δαπέδου - S51-62 - 651,Ημιαυτόματη τρόμπα δαπέδου - S51-62 - 651766,in stock,new,2.7 EUR,,https://www.tradesor.gr/wp-content/uploads/2023/06/b73bfe4da128039134c21c9d64a6898c.jpg,OEM,No Color,1.0,,AUTO-MOTO-BIKE>Αξεσουάρ ποδηλάτου  μηχανής>Τρόμπες
108323,Ημιαυτόματη τρόμπα δαπέδου - S51-42 - 651,Ημιαυτόματη τρόμπα δαπέδου - S51-42 - 651759,in stock,new,3.6 EUR,,https://www.tradesor.gr/wp-content/uploads/2023/06/c91ceb9619280852d12c805655dd0a67.jpg,OEM,No Color,1.0,,AUTO-MOTO-BIKE>Αξεσουάρ ποδηλάτου  μηχανής>Τρόμπες
108326,Ημιαυτόματη τρόμπα δαπέδου - S51-53 - 651,Ημιαυτόματη τρόμπα δαπέδου - S51-53 - 651742,in stock,new,3.6 EUR,,https://www.tradesor.gr/wp-content/uploads/2023/06/25cf582e6c44238f4a9bfa1ef8e07a25.jpg,OEM,No Color,1.0,,AUTO-MOTO-BIKE>Αξεσουάρ ποδηλάτου  μηχανής>Τρόμπες
108329,Ημιαυτόματη τρόμπα δαπέδου - S51-25 - 651,Ημιαυτόματη τρόμπα δαπέδου - S51-25 - 651728,in stock,new,4.5 EUR,,https://www.tradesor.gr/wp-content/uploads/2023/06/76f1bc10e71bf89f329b9ad80e652900.jpg,OEM,No Color,1.0,,AUTO-MOTO-BIKE>Αξεσουάρ ποδηλάτου  μηχανής>Τρόμπες
108332,Ημιαυτόματη τρόμπα - S51-23 - 651711,Ημιαυτόματη τρόμπα - S51-23 - 651711,in stock,new,3.6 EUR,,https://www.tradesor.gr/wp-content/uploads/2023/06/0c01fadaf75dfb4821886107640368c4.jpg,OEM,No Color,1.0,,AUTO-MOTO-BIKE>Αξεσουάρ ποδηλάτου  μηχανής>Τρόμπες
108335,Ημιαυτόματη τρόμπα δαπέδου - S51-20 - 651,Ημιαυτόματη τρόμπα δαπέδου - S51-20 - 651704,in stock,new,5.4 EUR,,https://www.tradesor.gr/wp-content/uploads/2023/06/074acab6699636ea0a1c434c79c9fe0a.jpg,OEM,No Color,1.0,,AUTO-MOTO-BIKE>Αξεσουάρ ποδηλάτου  μηχανής>Τρόμπες
