id,title,description,availability,condition,price,link,image_link,brand,color,shipping_weight,rich_text_description,fb_product_category
37015,Πτυσσόμενο ψαροκάλαθο φύλαξης ψαρι,Πτυσσόμενο ψαροκάλαθο φύλαξης ψαριών - Δίχτυ - #30 - 30590,in stock,new,2.34 EUR,,https://www.tradesor.gr/wp-content/uploads/2023/04/30593_811.jpg,OEM,No Color,1,<p>Δίχτυ αποθήκευσης ψαριών διαμέτρου 30cm</p>,ΕΙΔΗ ΑΛΙΕΙΑΣ>Δίχτυα  παγίδες
37016,Πτυσσόμενο ψαροκάλαθο φύλαξης ψαρι,Πτυσσόμενο ψαροκάλαθο φύλαξης ψαριών - Δίχτυ - #40 - 30591,in stock,new,2.7 EUR,,https://www.tradesor.gr/wp-content/uploads/2023/04/30593_811.jpg,OEM,No Color,1,<p>Δίχτυ αποθήκευσης ψαριών διαμέτρου 40cm</p>,ΕΙΔΗ ΑΛΙΕΙΑΣ>Δίχτυα  παγίδες
37017,Πτυσσόμενο ψαροκάλαθο φύλαξης ψαρι,Πτυσσόμενο ψαροκάλαθο φύλαξης ψαριών - Δίχτυ - #50 - 30592,in stock,new,3.6 EUR,,https://www.tradesor.gr/wp-content/uploads/2023/04/30593_811.jpg,OEM,No Color,1,<p>Δίχτυ αποθήκευσης ψαριών διαμέτρου 50cm</p>,ΕΙΔΗ ΑΛΙΕΙΑΣ>Δίχτυα  παγίδες
37018,Πτυσσόμενο ψαροκάλαθο φύλαξης ψαρι,Πτυσσόμενο ψαροκάλαθο φύλαξης ψαριών - Δίχτυ - #60 - 30593,in stock,new,4.5 EUR,,https://www.tradesor.gr/wp-content/uploads/2023/04/30593_811.jpg,OEM,No Color,1,<p>Δίχτυ αποθήκευσης ψαριών διαμέτρου 60cm</p>,ΕΙΔΗ ΑΛΙΕΙΑΣ>Δίχτυα  παγίδες
37019,Πτυσσόμενο ψαροκάλαθο φύλαξης ψαρι,Πτυσσόμενο ψαροκάλαθο φύλαξης ψαριών - Δίχτυ - #40 - 30600,in stock,new,3.6 EUR,,https://www.tradesor.gr/wp-content/uploads/2023/04/30602_811.jpg,OEM,No Color,1,<p>Δίχτυ αποθήκευσης ψαριών διαμέτρου 40cm</p>,ΕΙΔΗ ΑΛΙΕΙΑΣ>Δίχτυα  παγίδες
37020,Πτυσσόμενο ψαροκάλαθο φύλαξης ψαρι,Πτυσσόμενο ψαροκάλαθο φύλαξης ψαριών - Δίχτυ - #45 - 30601,in stock,new,4.5 EUR,,https://www.tradesor.gr/wp-content/uploads/2023/04/30602_811.jpg,OEM,No Color,1,<p>Δίχτυ αποθήκευσης ψαριών διαμέτρου 45cm</p>,ΕΙΔΗ ΑΛΙΕΙΑΣ>Δίχτυα  παγίδες
37021,Πτυσσόμενο ψαροκάλαθο φύλαξης ψαρι,Πτυσσόμενο ψαροκάλαθο φύλαξης ψαριών - Δίχτυ - #50 - 30602,in stock,new,5.4 EUR,,https://www.tradesor.gr/wp-content/uploads/2023/04/30602_811.jpg,OEM,No Color,1,<p>Δίχτυ αποθήκευσης ψαριών διαμέτρου 50cm</p><p> </p>,ΕΙΔΗ ΑΛΙΕΙΑΣ>Δίχτυα  παγίδες
37022,Πτυσσόμενο ψαροκάλαθο φύλαξης ψαρι,Πτυσσόμενο ψαροκάλαθο φύλαξης ψαριών - Δίχτυ - 30x60cm - 30594,in stock,new,2.7 EUR,,https://www.tradesor.gr/wp-content/uploads/2023/04/30599_811.jpg,OEM,No Color,1,<p>Δίχτυ αποθήκευσης ψαριών</p><p>Διαστάσεις: 30x60cm</p>,ΕΙΔΗ ΑΛΙΕΙΑΣ>Δίχτυα  παγίδες
37023,Πτυσσόμενο ψαροκάλαθο φύλαξης ψαρι,Πτυσσόμενο ψαροκάλαθο φύλαξης ψαριών - Δίχτυ - 30x90cm - 30595,in stock,new,3.6 EUR,,https://www.tradesor.gr/wp-content/uploads/2023/04/30599_811.jpg,OEM,No Color,1,<p>Δίχτυ αποθήκευσης ψαριών</p><p>Διαστάσεις: 30x90cm</p>,ΕΙΔΗ ΑΛΙΕΙΑΣ>Δίχτυα  παγίδες
37024,Πτυσσόμενο ψαροκάλαθο φύλαξης ψαρι,Πτυσσόμενο ψαροκάλαθο φύλαξης ψαριών - Δίχτυ - 35x70cm - 30596,in stock,new,4.5 EUR,,https://www.tradesor.gr/wp-content/uploads/2023/04/30599_811.jpg,OEM,No Color,1,<p>Δίχτυ αποθήκευσης ψαριών</p><p>Διαστάσεις: 35x70cm</p>,ΕΙΔΗ ΑΛΙΕΙΑΣ>Δίχτυα  παγίδες
37025,Πτυσσόμενο ψαροκάλαθο φύλαξης ψαρι,Πτυσσόμενο ψαροκάλαθο φύλαξης ψαριών - Δίχτυ - 35x90cm - 30597,in stock,new,4.5 EUR,,https://www.tradesor.gr/wp-content/uploads/2023/04/30599_811.jpg,OEM,No Color,1,<p>Δίχτυ αποθήκευσης ψαριών</p><p>Διαστάσεις: 35x90cm</p>,ΕΙΔΗ ΑΛΙΕΙΑΣ>Δίχτυα  παγίδες
37026,Πτυσσόμενο ψαροκάλαθο φύλαξης ψαρι,Πτυσσόμενο ψαροκάλαθο φύλαξης ψαριών - Δίχτυ - 40x80cm - 30598,in stock,new,5.4 EUR,,https://www.tradesor.gr/wp-content/uploads/2023/04/30599_811.jpg,OEM,No Color,1,<p>Δίχτυ αποθήκευσης ψαριών</p><p>Διαστάσεις: 40x80cm</p>,ΕΙΔΗ ΑΛΙΕΙΑΣ>Δίχτυα  παγίδες
37027,Πτυσσόμενο ψαροκάλαθο φύλαξης ψαρι,Πτυσσόμενο ψαροκάλαθο φύλαξης ψαριών - Δίχτυ - 40x120cm - 30599,in stock,new,5.4 EUR,,https://www.tradesor.gr/wp-content/uploads/2023/04/30599_811.jpg,OEM,No Color,1,<p>Δίχτυ αποθήκευσης ψαριών</p><p>Διαστάσεις: 40x120cm</p>,ΕΙΔΗ ΑΛΙΕΙΑΣ>Δίχτυα  παγίδες
37028,Πτυσσόμενο ψαροκάλαθο φύλαξης ψαρι,Πτυσσόμενο ψαροκάλαθο φύλαξης ψαριών - Δίχτυ - #45 - 30589,in stock,new,5.4 EUR,,https://www.tradesor.gr/wp-content/uploads/2023/04/30588_811.jpg,OEM,No Color,1,<p>Δίχτυ αποθήκευσης ψαριών διαμέτρου 45cm</p>,ΕΙΔΗ ΑΛΙΕΙΑΣ>Δίχτυα  παγίδες
37029,Πτυσσόμενο ψαροκάλαθο φύλαξης ψαρι,Πτυσσόμενο ψαροκάλαθο φύλαξης ψαριών - Δίχτυ - #40 - 30588,in stock,new,4.5 EUR,,https://www.tradesor.gr/wp-content/uploads/2023/04/30588_811.jpg,OEM,No Color,1,<p>Δίχτυ αποθήκευσης ψαριών διαμέτρου 40cm</p>,ΕΙΔΗ ΑΛΙΕΙΑΣ>Δίχτυα  παγίδες
37392,Πτυσσόμενο ψαροκάλαθο φύλαξης ψαρι,Πτυσσόμενο ψαροκάλαθο φύλαξης ψαριών - Συρμάτινο - 45cm - 30359,in stock,new,8.1 EUR,,https://www.tradesor.gr/wp-content/uploads/2023/04/16376601959223810.jpg,OEM,No Color,1,"<p>Καλάθι συγκέντρωσης ψαριών, μεταλλικό, υψηλής αντοχής. <br />Συμπτύσσεται για εύκολη μεταφορά και αποθήκευση.</p><p>Διάμετρος 45cm</p>",ΕΙΔΗ ΑΛΙΕΙΑΣ>Δίχτυα  παγίδες
37606,Πτυσσόμενο ψαροκάλαθο φύλαξης ψαρι,Πτυσσόμενο ψαροκάλαθο φύλαξης ψαριών - Δίχτυ - #45 - 30360,in stock,new,10.8 EUR,,https://www.tradesor.gr/wp-content/uploads/2023/04/30360.jpg,OEM,No Color,3,"<p>Δίχτυ αποθήκευσης ψαριών, κατασκευασμένο από υλικό υψηλής ποιότητας.</p><p>Ύψος: 63cm<br />Διάμετρος βάσης: 45cm</p>",ΕΙΔΗ ΑΛΙΕΙΑΣ>Δίχτυα  παγίδες
38571,Πτυσσόμενο ψαροκάλαθο φύλαξης ψαρι,Πτυσσόμενο ψαροκάλαθο φύλαξης ψαριών - Συρμάτινο - 38cm - 30358,in stock,new,6.3 EUR,,https://www.tradesor.gr/wp-content/uploads/2023/04/30359-1.jpg,OEM,No Color,1.0,"<p>Καλάθι συγκέντρωσης ψαριών, μεταλλικό, υψηλής αντοχής. <br />Συμπτύσσεται για εύκολη μεταφορά και αποθήκευση.</p><p>Διάμετρος 38cm</p>",ΕΙΔΗ ΑΛΙΕΙΑΣ>Δίχτυα  παγίδες
39473,Πτυσσόμενος κιούρτος ψαρέματος - Συ,Πτυσσόμενος κιούρτος ψαρέματος - Συρμάτινος - 35x65cm – 30700,in stock,new,10.8 EUR,,https://www.tradesor.gr/wp-content/uploads/2023/04/30700_712.jpg,OEM,No Color,6.5,"<p>Καλάθι συγκέντρωσης ψαριών, μεταλλικό, υψηλής αντοχής. <br />Συμπτύσσεται για εύκολη μεταφορά και αποθήκευση.</p><p>Διαστάσεις: 4ο x 65cm</p>",ΕΙΔΗ ΑΛΙΕΙΑΣ>Δίχτυα  παγίδες
39477,Δίχτυ ψαρέματος - Πεζόβολο - 1.8m - 30363,Δίχτυ ψαρέματος - Πεζόβολο - 1.8m - 30363,in stock,new,14.4 EUR,,https://www.tradesor.gr/wp-content/uploads/2023/04/30365.jpg,OEM,No Color,2.5,"<p>Πεζόβολο με Κρυσταλιζέ Δίχτυ Ψαρέματος Διαμέτρου 180cm.</p><p>Το πεζόβολο είναι ένα δίχτυ κυκλικό το οποίο στην περίμετρο του κύκλου έχει μια σειρά από βαρίδια.</p><p>Υπάρχει σε διάφορα μεγέθη ανάλογα την χρήση που θέλετε και την εμπειρία σας. Στο πεζόβολο υπάρχει και ένα σκοινί που υπάρχει στην μέση του κυκλικού διχτυού.</p><p>Από εκεί γίνετε το σήκωμα του διχτυού. Με αυτό τον τρόπο κυκλώνει, σχηματίζει ένα σταφύλι το δίχτυ και κυκλώνει τα ψάρια.</p><p>Χαρακτηριστικά:</p><p>Διάμετρος : 180εκ<br />Μάτι διχτυού : Περίπου 2.6 εκ<br />Πάχος Νήματος : 0.20mm<br />Βάρος : 2.300 kg</p>",ΕΙΔΗ ΑΛΙΕΙΑΣ>Δίχτυα  παγίδες
39478,Δίχτυ ψαρέματος - Πεζόβολο - 2.1m - 30364,Δίχτυ ψαρέματος - Πεζόβολο - 2.1m - 30364,in stock,new,16.2 EUR,,https://www.tradesor.gr/wp-content/uploads/2023/04/30365.jpg,OEM,No Color,3.0,<p>Πεζόβολο με Κρυσταλιζέ Δίχτυ Ψαρέματος Διαμέτρου 210cm.</p><p>Το πεζόβολο είναι ένα δίχτυ κυκλικό το οποίο στην περίμετρο του κύκλου διαθέτει μια σειρά από βαρίδια.Διαθέτει επίσης σκοινί στην μέση του κυκλικού διχτυού από όπου γίνεται το σήκωμα του διχτυού. Με αυτό τον τρόπο το δίχτυ σχηματίζει ένα ''σταφύλι'' και κυκλώνει τα ψάρια.</p><p>Χαρακτηριστικά:</p><p>Διάμετρος : 210εκ<br />Μάτι διχτυού : Περίπου 2.6 εκ<br />Πάχος Νήματος : 0.20mm<br />Βάρος : 2.800 kg</p>,ΕΙΔΗ ΑΛΙΕΙΑΣ>Δίχτυα  παγίδες
39750,Πτυσσόμενο ψαροκάλαθο φύλαξης ψαρι,Πτυσσόμενο ψαροκάλαθο φύλαξης ψαριών - Δίχτυ - 50*50cm - 313397,in stock,new,9 EUR,,https://www.tradesor.gr/wp-content/uploads/2023/04/313397.jpg,OEM,No Color,2.0,"<p>Καλάθι συγκέντρωσης ψαριών, από ειδικό διχτυωτό υλικό υψηλής αντοχής. <br />Συμπτύσσεται για εύκολη μεταφορά και αποθήκευση.</p><p>Διαστάσεις: 50 x 50cm</p>",ΕΙΔΗ ΑΛΙΕΙΑΣ>Δίχτυα  παγίδες
94498,Πτυσσόμενη παγίδα ψαρέματος - Κιούρ,Πτυσσόμενη παγίδα ψαρέματος - Κιούρτος με 21 εισόδους - 70x52cm - 31383,in stock,new,10.8 EUR,,https://www.tradesor.gr/wp-content/uploads/2023/06/d1ab1ea69ece3f29d3cc7a68a23308fe.jpg,OEM,No Color,4.0,"Πτυσσόμενη παγίδα ψαρέματος - Κιούρτος με ιδιαίτερα ανθεκτική κατασκευή Nylon και εύκολο άνοιγμα για την αφαίρεση της ψαριάς σας. Τοποθετήστε μέσα στην παγίδα κάποιο δόλωμα-μαλάγρα και αφήστε την στο βυθό της θάλασσας σε οριζόντια θέση, για όσες ώρες επιθυμείτε.
Τα ψάρια εισέρχονται μέσα για να φάνε το δόλωμα, αλλά δεν μπορούν να βγουν.
Η παγίδα είναι πτυσσόμενη και διπλώνεται για να πιάνει ελάχιστο χώρο. Μπορείτε να την έχετε πάντα μαζί σας στο σκάφος ή την βάρκα σας.
Ιδανική παγίδα για γαρίδες, χταπόδια, αστακούς, καραβίδες κά. Διαστάσεις: 70x52cm.",ΕΙΔΗ ΑΛΙΕΙΑΣ>Δίχτυα  παγίδες
94501,Πτυσσόμενη παγίδα ψαρέματος - Κιούρ,Πτυσσόμενη παγίδα ψαρέματος - Κιούρτος με 17 εισόδους - 70x52cm - 31382,in stock,new,9 EUR,,https://www.tradesor.gr/wp-content/uploads/2023/06/e75bed4ef7d8ac9a985e8a03eef3b7d2.jpg,OEM,No Color,4.0,"Πτυσσόμενη παγίδα ψαρέματος - Κιούρτος με ιδιαίτερα ανθεκτική κατασκευή Nylon και εύκολο άνοιγμα για την αφαίρεση της ψαριάς σας. Τοποθετήστε μέσα στην παγίδα κάποιο δόλωμα-μαλάγρα και αφήστε την στο βυθό της θάλασσας σε οριζόντια θέση, για όσες ώρες επιθυμείτε.
Τα ψάρια εισέρχονται μέσα για να φάνε το δόλωμα, αλλά δεν μπορούν να βγουν.
Η παγίδα είναι πτυσσόμενη και διπλώνεται για να πιάνει ελάχιστο χώρο. Μπορείτε να την έχετε πάντα μαζί σας στο σκάφος ή την βάρκα σας.
Ιδανική παγίδα για γαρίδες, χταπόδια, αστακούς, καραβίδες κά. Διαστάσεις: 70x52cm.",ΕΙΔΗ ΑΛΙΕΙΑΣ>Δίχτυα  παγίδες
94504,Πτυσσόμενη παγίδα ψαρέματος - Κιούρ,Πτυσσόμενη παγίδα ψαρέματος - Κιούρτος με 13 εισόδους - 60x52cm - 31381,in stock,new,8.1 EUR,,https://www.tradesor.gr/wp-content/uploads/2023/06/19ca1c93cd31e73f4f1fff83e13ce2ee.jpg,OEM,No Color,4.0,"Πτυσσόμενη παγίδα ψαρέματος - Κιούρτος με ιδιαίτερα ανθεκτική κατασκευή Nylon και εύκολο άνοιγμα για την αφαίρεση της ψαριάς σας. Τοποθετήστε μέσα στην παγίδα κάποιο δόλωμα-μαλάγρα και αφήστε την στο βυθό της θάλασσας σε οριζόντια θέση, για όσες ώρες επιθυμείτε.
Τα ψάρια εισέρχονται μέσα για να φάνε το δόλωμα, αλλά δεν μπορούν να βγουν.
Η παγίδα είναι πτυσσόμενη και διπλώνεται για να πιάνει ελάχιστο χώρο. Μπορείτε να την έχετε πάντα μαζί σας στο σκάφος ή την βάρκα σας.
Ιδανική παγίδα για γαρίδες, χταπόδια, αστακούς, καραβίδες κά. Διαστάσεις: 60x52cm.",ΕΙΔΗ ΑΛΙΕΙΑΣ>Δίχτυα  παγίδες
94507,Πτυσσόμενη παγίδα ψαρέματος - Κιούρ,Πτυσσόμενη παγίδα ψαρέματος - Κιούρτος με 10 εισόδους - 70x26cm - 31380,in stock,new,7.2 EUR,,https://www.tradesor.gr/wp-content/uploads/2023/06/4382563d39dbbf15d19a442e199cf94d.jpg,OEM,No Color,4.0,"Πτυσσόμενη παγίδα ψαρέματος - Κιούρτος με ιδιαίτερα ανθεκτική κατασκευή Nylon και εύκολο άνοιγμα για την αφαίρεση της ψαριάς σας. Τοποθετήστε μέσα στην παγίδα κάποιο δόλωμα-μαλάγρα και αφήστε την στο βυθό της θάλασσας σε οριζόντια θέση, για όσες ώρες επιθυμείτε.
Τα ψάρια εισέρχονται μέσα για να φάνε το δόλωμα, αλλά δεν μπορούν να βγουν.
Η παγίδα είναι πτυσσόμενη και διπλώνεται για να πιάνει ελάχιστο χώρο. Μπορείτε να την έχετε πάντα μαζί σας στο σκάφος ή την βάρκα σας.
Ιδανική παγίδα για γαρίδες, χταπόδια, αστακούς, καραβίδες κά. Διαστάσεις: 70x26cm.",ΕΙΔΗ ΑΛΙΕΙΑΣ>Δίχτυα  παγίδες
94510,Πτυσσόμενη παγίδα ψαρέματος - Κιούρ,Πτυσσόμενη παγίδα ψαρέματος - Κιούρτος - 2m - 31377,in stock,new,16.2 EUR,,https://www.tradesor.gr/wp-content/uploads/2023/06/cca6b4c6e247f09621818bf347d71d24.jpg,OEM,No Color,4.0,,ΕΙΔΗ ΑΛΙΕΙΑΣ>Δίχτυα  παγίδες
94513,Πτυσσόμενη παγίδα ψαρέματος - Κιούρ,Πτυσσόμενη παγίδα ψαρέματος - Κιούρτος - 1.5m - 31376,in stock,new,11.7 EUR,,https://www.tradesor.gr/wp-content/uploads/2023/06/6beaf98b510f9399d2d8ebfa5735b2b7.jpg,OEM,No Color,4.0,,ΕΙΔΗ ΑΛΙΕΙΑΣ>Δίχτυα  παγίδες
94516,Πτυσσόμενη παγίδα ψαρέματος - Κιούρ,Πτυσσόμενη παγίδα ψαρέματος - Κιούρτος - 1.2m - 31375,in stock,new,5.4 EUR,,https://www.tradesor.gr/wp-content/uploads/2023/06/23f4d74ab27d472303caca80c070d54b.jpg,OEM,No Color,4.0,,ΕΙΔΗ ΑΛΙΕΙΑΣ>Δίχτυα  παγίδες
94519,Παγίδα ψαρέματος - Κιούρτος - 1.5m - 31372,Παγίδα ψαρέματος - Κιούρτος - 1.5m - 31372,in stock,new,5.4 EUR,,https://www.tradesor.gr/wp-content/uploads/2023/06/d27bc4032f2e78f1cecc8817475d708c.jpg,OEM,No Color,4.0,,ΕΙΔΗ ΑΛΙΕΙΑΣ>Δίχτυα  παγίδες
94522,Πτυσσόμενη παγίδα ψαρέματος-κιούρτ,Πτυσσόμενη παγίδα ψαρέματος-κιούρτος με 12 εισόδους - 31358,in stock,new,6.3 EUR,,https://www.tradesor.gr/wp-content/uploads/2023/06/31357.jpg,OEM,No Color,4.0,,ΕΙΔΗ ΑΛΙΕΙΑΣ>Δίχτυα  παγίδες
94523,Πτυσσόμενη παγίδα ψαρέματος-κιούρτ,Πτυσσόμενη παγίδα ψαρέματος-κιούρτος με 8 εισόδους - 31357,in stock,new,5.4 EUR,,https://www.tradesor.gr/wp-content/uploads/2023/06/31357.jpg,OEM,No Color,4.0,,ΕΙΔΗ ΑΛΙΕΙΑΣ>Δίχτυα  παγίδες
94525,Ψαροκάλαθο φύλαξης ψαριών - Δίχτυ - 2,Ψαροκάλαθο φύλαξης ψαριών - Δίχτυ - 2m - 31349,in stock,new,2.7 EUR,,https://www.tradesor.gr/wp-content/uploads/2023/06/9b2620ddddb7f852d3587762940eeede.jpg,OEM,No Color,1.5,,ΕΙΔΗ ΑΛΙΕΙΑΣ>Δίχτυα  παγίδες
94528,Ψαροκάλαθο φύλαξης ψαριών - Δίχτυ - 2,Ψαροκάλαθο φύλαξης ψαριών - Δίχτυ - 2m - 31350,in stock,new,2.7 EUR,,https://www.tradesor.gr/wp-content/uploads/2023/06/6430ee4c97949292c9f2ad443ab7d110.jpg,OEM,No Color,1.5,,ΕΙΔΗ ΑΛΙΕΙΑΣ>Δίχτυα  παγίδες
94531,Ψαροκάλαθο φύλαξης ψαριών - Δίχτυ - 1,Ψαροκάλαθο φύλαξης ψαριών - Δίχτυ - 1.5m - 31348,in stock,new,1.8 EUR,,https://www.tradesor.gr/wp-content/uploads/2023/06/ad9f4d1f0285d32a5840bb3698d2e8e1.jpg,OEM,No Color,1.5,,ΕΙΔΗ ΑΛΙΕΙΑΣ>Δίχτυα  παγίδες
94534,Ψαροκάλαθο φύλαξης ψαριών - Δίχτυ - 1,Ψαροκάλαθο φύλαξης ψαριών - Δίχτυ - 1m - 31347,in stock,new,1.44 EUR,,https://www.tradesor.gr/wp-content/uploads/2023/06/400eaba9d8ef5cc23d0978375f103786.jpg,OEM,No Color,1.5,,ΕΙΔΗ ΑΛΙΕΙΑΣ>Δίχτυα  παγίδες
94663,Πτυσσόμενη παγίδα ψαρέματος - Κιούρ,Πτυσσόμενη παγίδα ψαρέματος - Κιούρτος - 35x70cm - 31333,in stock,new,5.4 EUR,,https://www.tradesor.gr/wp-content/uploads/2023/06/c44c3c96b3efa43dda7eadeafa8d31dc.jpg,OEM,No Color,2.0,"Ψαροκάλαθο συγκέντρωσης και φύλαξης ψαριών, από ενισχυμένο ανθεκτικό Nylon δίχτυ υψηλής αντοχής.
Συμπτύσσεται για εύκολη μεταφορά και αποθήκευση.

Διαστάσεις: 50 x 50cm",ΕΙΔΗ ΑΛΙΕΙΑΣ>Δίχτυα  παγίδες
94666,Πτυσσόμενη παγίδα ψαρέματος - Κιούρ,Πτυσσόμενη παγίδα ψαρέματος - Κιούρτος - 30x60cm - 31332,in stock,new,4.5 EUR,,https://www.tradesor.gr/wp-content/uploads/2023/06/b4f169e6865aa9421f81abd274f60ee9.jpg,OEM,No Color,2.0,"Πτυσσόμενη παγίδα ψαρέματος - Κιούρτος, κυλινδρικός, με ιδιαίτερα ανθεκτική κατασκευή Nylon και άνοιγμα με φερμουάρ για την εύκολη αφαίρεση της ψαριάς σας. Τοποθετήστε μέσα στην παγίδα κάποιο δόλωμα-μαλάγρα και αφήστε την στο βυθό της θάλασσας, για όσες ώρες επιθυμείτε.
Τα ψάρια εισέρχονται μέσα για να φάνε το δόλωμα, αλλά δεν μπορούν να βγουν.
Η παγίδα είναι πτυσσόμενη και διπλώνεται για να πιάνει ελάχιστο χώρο. Μπορείτε να την έχετε πάντα μαζί σας στο σκάφος ή την βάρκα σας.
Ιδανική παγίδα για γαρίδες, χταπόδια, αστακούς, καραβίδες κά. Διαστάσεις: 30x60cm.",ΕΙΔΗ ΑΛΙΕΙΑΣ>Δίχτυα  παγίδες
94669,Πτυσσόμενη παγίδα ψαρέματος - Κιούρ,Πτυσσόμενη παγίδα ψαρέματος - Κιούρτος - 25x47cm - 31331,in stock,new,3.6 EUR,,https://www.tradesor.gr/wp-content/uploads/2023/06/7974c7e8df355f6daf8ed7859813e0e4.jpg,OEM,No Color,2.0,"Πτυσσόμενη παγίδα ψαρέματος - Κιούρτος, κυλινδρικός, με ιδιαίτερα ανθεκτική κατασκευή Nylon και άνοιγμα με φερμουάρ για την εύκολη αφαίρεση της ψαριάς σας. Τοποθετήστε μέσα στην παγίδα κάποιο δόλωμα-μαλάγρα και αφήστε την στο βυθό της θάλασσας, για όσες ώρες επιθυμείτε.
Τα ψάρια εισέρχονται μέσα για να φάνε το δόλωμα, αλλά δεν μπορούν να βγουν.
Η παγίδα είναι πτυσσόμενη και διπλώνεται για να πιάνει ελάχιστο χώρο. Μπορείτε να την έχετε πάντα μαζί σας στο σκάφος ή την βάρκα σας.
Ιδανική παγίδα για γαρίδες, χταπόδια, αστακούς, καραβίδες κά. Διαστάσεις: 25x47cm.",ΕΙΔΗ ΑΛΙΕΙΑΣ>Δίχτυα  παγίδες
94672,Πτυσσόμενη παγίδα ψαρέματος - Κιούρ,Πτυσσόμενη παγίδα ψαρέματος - Κιούρτος με 8 εισόδους - 70x26cm - 31379,in stock,new,6.3 EUR,,https://www.tradesor.gr/wp-content/uploads/2023/06/06335072ea9e0b7ecf35d3b54ebb44d6.jpg,OEM,No Color,4.0,"Πτυσσόμενη παγίδα ψαρέματος - Κιούρτος με ιδιαίτερα ανθεκτική κατασκευή Nylon και εύκολο άνοιγμα για την αφαίρεση της ψαριάς σας. Τοποθετήστε μέσα στην παγίδα κάποιο δόλωμα-μαλάγρα και αφήστε την στο βυθό της θάλασσας σε οριζόντια θέση, για όσες ώρες επιθυμείτε.
Τα ψάρια εισέρχονται μέσα για να φάνε το δόλωμα, αλλά δεν μπορούν να βγουν.
Η παγίδα είναι πτυσσόμενη και διπλώνεται για να πιάνει ελάχιστο χώρο. Μπορείτε να την έχετε πάντα μαζί σας στο σκάφος ή την βάρκα σας.
Ιδανική παγίδα για γαρίδες, χταπόδια, αστακούς, καραβίδες κά. Διαστάσεις: 70x26cm.",ΕΙΔΗ ΑΛΙΕΙΑΣ>Δίχτυα  παγίδες
94675,Πτυσσόμενη παγίδα ψαρέματος - Κιούρ,Πτυσσόμενη παγίδα ψαρέματος - Κιούρτος με 6 εισόδους - 60x26cm - 31378,in stock,new,5.4 EUR,,https://www.tradesor.gr/wp-content/uploads/2023/06/f7d187e03d29926142d7d3a4a551b13a.jpg,OEM,No Color,4.0,"Πτυσσόμενη παγίδα ψαρέματος - Κιούρτος με ιδιαίτερα ανθεκτική κατασκευή Nylon και εύκολο άνοιγμα για την αφαίρεση της ψαριάς σας. Τοποθετήστε μέσα στην παγίδα κάποιο δόλωμα-μαλάγρα και αφήστε την στο βυθό της θάλασσας σε οριζόντια θέση, για όσες ώρες επιθυμείτε.
Τα ψάρια εισέρχονται μέσα για να φάνε το δόλωμα, αλλά δεν μπορούν να βγουν.
Η παγίδα είναι πτυσσόμενη και διπλώνεται για να πιάνει ελάχιστο χώρο. Μπορείτε να την έχετε πάντα μαζί σας στο σκάφος ή την βάρκα σας.
Ιδανική παγίδα για γαρίδες, χταπόδια, αστακούς, καραβίδες κά. Διαστάσεις: 60x26cm.",ΕΙΔΗ ΑΛΙΕΙΑΣ>Δίχτυα  παγίδες
94678,Παγίδα ψαρέματος - Κιούρτος - 80cm - 31373,Παγίδα ψαρέματος - Κιούρτος - 80cm - 31373,in stock,new,4.5 EUR,,https://www.tradesor.gr/wp-content/uploads/2023/06/153317c7584c86f2c05942d50f01fa45.jpg,OEM,No Color,4.0,,ΕΙΔΗ ΑΛΙΕΙΑΣ>Δίχτυα  παγίδες
94681,Παγίδα ψαρέματος - Κιούρτος - 1m - 31374,Παγίδα ψαρέματος - Κιούρτος - 1m - 31374,in stock,new,5.4 EUR,,https://www.tradesor.gr/wp-content/uploads/2023/06/ae002f7fb0a393b3cedb3216268e42b7.jpg,OEM,No Color,4.0,,ΕΙΔΗ ΑΛΙΕΙΑΣ>Δίχτυα  παγίδες
94684,Παγίδα ψαρέματος - Κιούρτος - 1m - 31371,Παγίδα ψαρέματος - Κιούρτος - 1m - 31371,in stock,new,3.6 EUR,,https://www.tradesor.gr/wp-content/uploads/2023/06/9016b2c21ddb203076f013f897f0326b.jpg,OEM,No Color,4.0,,ΕΙΔΗ ΑΛΙΕΙΑΣ>Δίχτυα  παγίδες
94687,Πτυσσόμενη παγίδα ψαρέματος - Κιούρ,Πτυσσόμενη παγίδα ψαρέματος - Κιούρτος με 21 εισόδους - 31369,in stock,new,8.1 EUR,,https://www.tradesor.gr/wp-content/uploads/2023/06/6c03fc831bd1387554d3130f4262a0b5.jpg,OEM,No Color,4.0,"Πτυσσόμενη παγίδα ψαρέματος - Κιούρτος με ιδιαίτερα ανθεκτική κατασκευή Nylon και εύκολο άνοιγμα για την αφαίρεση της ψαριάς σας. Τοποθετήστε μέσα στην παγίδα κάποιο δόλωμα-μαλάγρα και αφήστε την στο βυθό της θάλασσας σε οριζόντια θέση, για όσες ώρες επιθυμείτε.
Τα ψάρια εισέρχονται μέσα για να φάνε το δόλωμα, αλλά δεν μπορούν να βγουν.
Η παγίδα είναι πτυσσόμενη και διπλώνεται για να πιάνει ελάχιστο χώρο. Μπορείτε να την έχετε πάντα μαζί σας στο σκάφος ή την βάρκα σας.
Ιδανική παγίδα για γαρίδες, χταπόδια, αστακούς, καραβίδες κά.",ΕΙΔΗ ΑΛΙΕΙΑΣ>Δίχτυα  παγίδες
94690,Πτυσσόμενη παγίδα ψαρέματος - Κιούρ,Πτυσσόμενη παγίδα ψαρέματος - Κιούρτος με 13 εισόδους - 31368,in stock,new,6.3 EUR,,https://www.tradesor.gr/wp-content/uploads/2023/06/e4080b0ade6f970da09b6bdbe2a7086e.jpg,OEM,No Color,4.0,"Πτυσσόμενη παγίδα ψαρέματος - Κιούρτος με ιδιαίτερα ανθεκτική κατασκευή Nylon και εύκολο άνοιγμα για την αφαίρεση της ψαριάς σας. Τοποθετήστε μέσα στην παγίδα κάποιο δόλωμα-μαλάγρα και αφήστε την στο βυθό της θάλασσας σε οριζόντια θέση, για όσες ώρες επιθυμείτε.
Τα ψάρια εισέρχονται μέσα για να φάνε το δόλωμα, αλλά δεν μπορούν να βγουν.
Η παγίδα είναι πτυσσόμενη και διπλώνεται για να πιάνει ελάχιστο χώρο. Μπορείτε να την έχετε πάντα μαζί σας στο σκάφος ή την βάρκα σας.
Ιδανική παγίδα για γαρίδες, χταπόδια, αστακούς, καραβίδες κά.",ΕΙΔΗ ΑΛΙΕΙΑΣ>Δίχτυα  παγίδες
94693,Πτυσσόμενη παγίδα ψαρέματος - Κιούρ,Πτυσσόμενη παγίδα ψαρέματος - Κιούρτος με 9 εισόδους - 31367,in stock,new,5.4 EUR,,https://www.tradesor.gr/wp-content/uploads/2023/06/9b1816705a1cc6831d7f10990cb5c45b.jpg,OEM,No Color,4.0,"Πτυσσόμενη παγίδα ψαρέματος - Κιούρτος με ιδιαίτερα ανθεκτική κατασκευή Nylon και εύκολο άνοιγμα για την αφαίρεση της ψαριάς σας. Τοποθετήστε μέσα στην παγίδα κάποιο δόλωμα-μαλάγρα και αφήστε την στο βυθό της θάλασσας σε οριζόντια θέση, για όσες ώρες επιθυμείτε.
Τα ψάρια εισέρχονται μέσα για να φάνε το δόλωμα, αλλά δεν μπορούν να βγουν.
Η παγίδα είναι πτυσσόμενη και διπλώνεται για να πιάνει ελάχιστο χώρο. Μπορείτε να την έχετε πάντα μαζί σας στο σκάφος ή την βάρκα σας.
Ιδανική παγίδα για γαρίδες, χταπόδια, αστακούς, καραβίδες κά.",ΕΙΔΗ ΑΛΙΕΙΑΣ>Δίχτυα  παγίδες
94696,Πτυσσόμενη παγίδα ψαρέματος - Κιούρ,Πτυσσόμενη παγίδα ψαρέματος - Κιούρτος με 5 εισόδους - 31366,in stock,new,5.4 EUR,,https://www.tradesor.gr/wp-content/uploads/2023/06/fb20fc10a7b9531845a3bcc5532fca66.jpg,OEM,No Color,4.0,"Πτυσσόμενη παγίδα ψαρέματος - Κιούρτος με ιδιαίτερα ανθεκτική κατασκευή Nylon και εύκολο άνοιγμα για την αφαίρεση της ψαριάς σας. Τοποθετήστε μέσα στην παγίδα κάποιο δόλωμα-μαλάγρα και αφήστε την στο βυθό της θάλασσας σε οριζόντια θέση, για όσες ώρες επιθυμείτε.
Τα ψάρια εισέρχονται μέσα για να φάνε το δόλωμα, αλλά δεν μπορούν να βγουν.
Η παγίδα είναι πτυσσόμενη και διπλώνεται για να πιάνει ελάχιστο χώρο. Μπορείτε να την έχετε πάντα μαζί σας στο σκάφος ή την βάρκα σας.
Ιδανική παγίδα για γαρίδες, χταπόδια, αστακούς, καραβίδες κά.",ΕΙΔΗ ΑΛΙΕΙΑΣ>Δίχτυα  παγίδες
94699,Πτυσσόμενη παγίδα ψαρέματος - Κιούρ,Πτυσσόμενη παγίδα ψαρέματος - Κιούρτος με 8 εισόδους - 23x70cm - 31364,in stock,new,4.5 EUR,,https://www.tradesor.gr/wp-content/uploads/2023/06/199844a48b47371ba8dc7c073db16ecd.jpg,OEM,No Color,4.0,"Πτυσσόμενη παγίδα ψαρέματος - Κιούρτος με ιδιαίτερα ανθεκτική κατασκευή Nylon και εύκολο άνοιγμα για την αφαίρεση της ψαριάς σας. Τοποθετήστε μέσα στην παγίδα κάποιο δόλωμα-μαλάγρα και αφήστε την στο βυθό της θάλασσας σε οριζόντια θέση, για όσες ώρες επιθυμείτε.
Τα ψάρια εισέρχονται μέσα για να φάνε το δόλωμα, αλλά δεν μπορούν να βγουν.
Η παγίδα είναι πτυσσόμενη και διπλώνεται για να πιάνει ελάχιστο χώρο. Μπορείτε να την έχετε πάντα μαζί σας στο σκάφος ή την βάρκα σας.
Ιδανική παγίδα για γαρίδες, χταπόδια, αστακούς, καραβίδες κά. Διαστάσεις: 70x23cm.",ΕΙΔΗ ΑΛΙΕΙΑΣ>Δίχτυα  παγίδες
94702,Πτυσσόμενη παγίδα ψαρέματος - Κιούρ,Πτυσσόμενη παγίδα ψαρέματος - Κιούρτος με 6 εισόδους - 23x70cm - 31361,in stock,new,4.5 EUR,,https://www.tradesor.gr/wp-content/uploads/2023/06/e12526418d2f908312042f0231a26604.jpg,OEM,No Color,4.0,"Πτυσσόμενη παγίδα ψαρέματος - Κιούρτος με ιδιαίτερα ανθεκτική κατασκευή Nylon και εύκολο άνοιγμα για την αφαίρεση της ψαριάς σας. Τοποθετήστε μέσα στην παγίδα κάποιο δόλωμα-μαλάγρα και αφήστε την στο βυθό της θάλασσας σε οριζόντια θέση, για όσες ώρες επιθυμείτε.
Τα ψάρια εισέρχονται μέσα για να φάνε το δόλωμα, αλλά δεν μπορούν να βγουν.
Η παγίδα είναι πτυσσόμενη και διπλώνεται για να πιάνει ελάχιστο χώρο. Μπορείτε να την έχετε πάντα μαζί σας στο σκάφος ή την βάρκα σας.
Ιδανική παγίδα για γαρίδες, χταπόδια, αστακούς, καραβίδες κά. Διαστάσεις: 70x23cm.",ΕΙΔΗ ΑΛΙΕΙΑΣ>Δίχτυα  παγίδες
94705,Πτυσσόμενη παγίδα ψαρέματος - Κιούρ,Πτυσσόμενη παγίδα ψαρέματος - Κιούρτος με 6 εισόδους - 21x60cm - 31360,in stock,new,3.6 EUR,,https://www.tradesor.gr/wp-content/uploads/2023/06/80cd17a8d351d54129e51bbe7084d269.jpg,OEM,No Color,4.0,"Πτυσσόμενη παγίδα ψαρέματος - Κιούρτος με ιδιαίτερα ανθεκτική κατασκευή Nylon και εύκολο άνοιγμα για την αφαίρεση της ψαριάς σας. Τοποθετήστε μέσα στην παγίδα κάποιο δόλωμα-μαλάγρα και αφήστε την στο βυθό της θάλασσας σε οριζόντια θέση, για όσες ώρες επιθυμείτε.
Τα ψάρια εισέρχονται μέσα για να φάνε το δόλωμα, αλλά δεν μπορούν να βγουν.
Η παγίδα είναι πτυσσόμενη και διπλώνεται για να πιάνει ελάχιστο χώρο. Μπορείτε να την έχετε πάντα μαζί σας στο σκάφος ή την βάρκα σας.
Ιδανική παγίδα για γαρίδες, χταπόδια, αστακούς, καραβίδες κά. Διαστάσεις: 60x21cm.",ΕΙΔΗ ΑΛΙΕΙΑΣ>Δίχτυα  παγίδες
94708,Πτυσσόμενη παγίδα ψαρέματος - Κιούρ,Πτυσσόμενη παγίδα ψαρέματος - Κιούρτος με 20 εισόδους - 31355,in stock,new,5.4 EUR,,https://www.tradesor.gr/wp-content/uploads/2023/06/74b05f3e5b0e2788808b30320078f2aa.jpg,OEM,No Color,4.0,"Πτυσσόμενη παγίδα ψαρέματος - Κιούρτος με ιδιαίτερα ανθεκτική κατασκευή Nylon και εύκολο άνοιγμα για την αφαίρεση της ψαριάς σας. Τοποθετήστε μέσα στην παγίδα κάποιο δόλωμα-μαλάγρα και αφήστε την στο βυθό της θάλασσας σε οριζόντια θέση, για όσες ώρες επιθυμείτε.
Τα ψάρια εισέρχονται μέσα για να φάνε το δόλωμα, αλλά δεν μπορούν να βγουν.
Η παγίδα είναι πτυσσόμενη και διπλώνεται για να πιάνει ελάχιστο χώρο. Μπορείτε να την έχετε πάντα μαζί σας στο σκάφος ή την βάρκα σας.
Ιδανική παγίδα για γαρίδες, χταπόδια, αστακούς, καραβίδες κά.",ΕΙΔΗ ΑΛΙΕΙΑΣ>Δίχτυα  παγίδες
94711,Πτυσσόμενη παγίδα ψαρέματος - Κιούρ,Πτυσσόμενη παγίδα ψαρέματος - Κιούρτος με 16 εισόδους - 31354,in stock,new,5.4 EUR,,https://www.tradesor.gr/wp-content/uploads/2023/06/2db0604dd3fe217175d9722a9cb861b3.jpg,OEM,No Color,4.0,"Πτυσσόμενη παγίδα ψαρέματος - Κιούρτος με ιδιαίτερα ανθεκτική κατασκευή Nylon και εύκολο άνοιγμα για την αφαίρεση της ψαριάς σας. Τοποθετήστε μέσα στην παγίδα κάποιο δόλωμα-μαλάγρα και αφήστε την στο βυθό της θάλασσας σε οριζόντια θέση, για όσες ώρες επιθυμείτε.
Τα ψάρια εισέρχονται μέσα για να φάνε το δόλωμα, αλλά δεν μπορούν να βγουν.
Η παγίδα είναι πτυσσόμενη και διπλώνεται για να πιάνει ελάχιστο χώρο. Μπορείτε να την έχετε πάντα μαζί σας στο σκάφος ή την βάρκα σας.
Ιδανική παγίδα για γαρίδες, χταπόδια, αστακούς, καραβίδες κά.",ΕΙΔΗ ΑΛΙΕΙΑΣ>Δίχτυα  παγίδες
94714,Πτυσσόμενη παγίδα ψαρέματος - Κιούρ,Πτυσσόμενη παγίδα ψαρέματος - Κιούρτος με 12 εισόδους - 31353,in stock,new,4.5 EUR,,https://www.tradesor.gr/wp-content/uploads/2023/06/d3d65010a093217c5f9d9e8242fe50e5.jpg,OEM,No Color,4.0,"Πτυσσόμενη παγίδα ψαρέματος - Κιούρτος με ιδιαίτερα ανθεκτική κατασκευή Nylon και εύκολο άνοιγμα για την αφαίρεση της ψαριάς σας. Τοποθετήστε μέσα στην παγίδα κάποιο δόλωμα-μαλάγρα και αφήστε την στο βυθό της θάλασσας σε οριζόντια θέση, για όσες ώρες επιθυμείτε.
Τα ψάρια εισέρχονται μέσα για να φάνε το δόλωμα, αλλά δεν μπορούν να βγουν.
Η παγίδα είναι πτυσσόμενη και διπλώνεται για να πιάνει ελάχιστο χώρο. Μπορείτε να την έχετε πάντα μαζί σας στο σκάφος ή την βάρκα σας.
Ιδανική παγίδα για γαρίδες, χταπόδια, αστακούς, καραβίδες κά.",ΕΙΔΗ ΑΛΙΕΙΑΣ>Δίχτυα  παγίδες
94717,Πτυσσόμενη παγίδα ψαρέματος - Κιούρ,Πτυσσόμενη παγίδα ψαρέματος - Κιούρτος με 10 εισόδους - 31352,in stock,new,5.4 EUR,,https://www.tradesor.gr/wp-content/uploads/2023/06/8c5e8e484e79b4c687723570d2b07b5b.jpg,OEM,No Color,4.0,"Πτυσσόμενη παγίδα ψαρέματος - Κιούρτος με ιδιαίτερα ανθεκτική κατασκευή Nylon και εύκολο άνοιγμα για την αφαίρεση της ψαριάς σας. Τοποθετήστε μέσα στην παγίδα κάποιο δόλωμα-μαλάγρα και αφήστε την στο βυθό της θάλασσας σε οριζόντια θέση, για όσες ώρες επιθυμείτε.
Τα ψάρια εισέρχονται μέσα για να φάνε το δόλωμα, αλλά δεν μπορούν να βγουν.
Η παγίδα είναι πτυσσόμενη και διπλώνεται για να πιάνει ελάχιστο χώρο. Μπορείτε να την έχετε πάντα μαζί σας στο σκάφος ή την βάρκα σας.
Ιδανική παγίδα για γαρίδες, χταπόδια, αστακούς, καραβίδες κά.",ΕΙΔΗ ΑΛΙΕΙΑΣ>Δίχτυα  παγίδες
94723,Ψαροκάλαθο φύλαξης ψαριών - Δίχτυ - 4,Ψαροκάλαθο φύλαξης ψαριών - Δίχτυ - 45# - 31346,in stock,new,6.3 EUR,,https://www.tradesor.gr/wp-content/uploads/2023/06/06e9d12125bbc4e42530588c739df9da.jpg,OEM,No Color,1.5,"Ψαροκάλαθο συγκέντρωσης και φύλαξης ψαριών, από ανθεκτικό, ενισχυμένο Nylon δίχτυ υψηλής αντοχής.
Είναι ανοιχτό στο επάνω μέρος και συμπτύσσεται για εύκολη μεταφορά και αποθήκευση.

Διάμετρος: 45cm",ΕΙΔΗ ΑΛΙΕΙΑΣ>Δίχτυα  παγίδες
94726,Ψαροκάλαθο φύλαξης ψαριών - Δίχτυ - 4,Ψαροκάλαθο φύλαξης ψαριών - Δίχτυ - 42# - 31345,in stock,new,5.4 EUR,,https://www.tradesor.gr/wp-content/uploads/2023/06/578849e57b56acf6758007171a0f0404.jpg,OEM,No Color,1.5,"Ψαροκάλαθο συγκέντρωσης και φύλαξης ψαριών, από ανθεκτικό, ενισχυμένο Nylon δίχτυ υψηλής αντοχής.
Είναι ανοιχτό στο επάνω μέρος και συμπτύσσεται για εύκολη μεταφορά και αποθήκευση.

Διάμετρος: 42cm",ΕΙΔΗ ΑΛΙΕΙΑΣ>Δίχτυα  παγίδες
94729,Ψαροκάλαθο φύλαξης ψαριών - Δίχτυ - 3,Ψαροκάλαθο φύλαξης ψαριών - Δίχτυ - 38# - 31344,in stock,new,5.4 EUR,,https://www.tradesor.gr/wp-content/uploads/2023/06/be0b7b5f050a25fe13556397be9d109e.jpg,OEM,No Color,1.5,"Ψαροκάλαθο συγκέντρωσης και φύλαξης ψαριών, από ανθεκτικό, ενισχυμένο Nylon δίχτυ υψηλής αντοχής.
Είναι ανοιχτό στο επάνω μέρος και συμπτύσσεται για εύκολη μεταφορά και αποθήκευση.

Διάμετρος: 38cm",ΕΙΔΗ ΑΛΙΕΙΑΣ>Δίχτυα  παγίδες
94732,Ψαροκάλαθο φύλαξης ψαριών - Δίχτυ - 3,Ψαροκάλαθο φύλαξης ψαριών - Δίχτυ - 33# - 31343,in stock,new,4.5 EUR,,https://www.tradesor.gr/wp-content/uploads/2023/06/7874bc09f0880bdfe5ebfa3dcaaf09c8.jpg,OEM,No Color,1.5,"Ψαροκάλαθο συγκέντρωσης και φύλαξης ψαριών, από ανθεκτικό, ενισχυμένο Nylon δίχτυ υψηλής αντοχής.
Είναι ανοιχτό στο επάνω μέρος και συμπτύσσεται για εύκολη μεταφορά και αποθήκευση.

Διάμετρος: 33cm",ΕΙΔΗ ΑΛΙΕΙΑΣ>Δίχτυα  παγίδες
94735,Ψαροκάλαθο φύλαξης ψαριών - Δίχτυ - 3,Ψαροκάλαθο φύλαξης ψαριών - Δίχτυ - 30# - 31342,in stock,new,4.5 EUR,,https://www.tradesor.gr/wp-content/uploads/2023/06/86e3039bbfdb5758735571be6ba697b3.jpg,OEM,No Color,1.5,"Ψαροκάλαθο συγκέντρωσης και φύλαξης ψαριών, από ανθεκτικό, ενισχυμένο Nylon δίχτυ υψηλής αντοχής.
Είναι ανοιχτό στο επάνω μέρος και συμπτύσσεται για εύκολη μεταφορά και αποθήκευση.

Διάμετρος: 30cm",ΕΙΔΗ ΑΛΙΕΙΑΣ>Δίχτυα  παγίδες
94738,Ψαροκάλαθο φύλαξης ψαριών - Δίχτυ - 2,Ψαροκάλαθο φύλαξης ψαριών - Δίχτυ - 28# - 31341,in stock,new,4.5 EUR,,https://www.tradesor.gr/wp-content/uploads/2023/06/d60429be4c716d6c6f81a699c98f4846.jpg,OEM,No Color,1.5,"Ψαροκάλαθο συγκέντρωσης και φύλαξης ψαριών, από ανθεκτικό, ενισχυμένο Nylon δίχτυ υψηλής αντοχής.
Είναι ανοιχτό στο επάνω μέρος και συμπτύσσεται για εύκολη μεταφορά και αποθήκευση.

Διάμετρος: 28cm",ΕΙΔΗ ΑΛΙΕΙΑΣ>Δίχτυα  παγίδες
94741,Ψαροκάλαθο φύλαξης ψαριών - Δίχτυ - 2,Ψαροκάλαθο φύλαξης ψαριών - Δίχτυ - 25# - 31340,in stock,new,3.6 EUR,,https://www.tradesor.gr/wp-content/uploads/2023/06/ded9a978a757b5e5c8e0533242ee25af.jpg,OEM,No Color,1.5,"Ψαροκάλαθο συγκέντρωσης και φύλαξης ψαριών, από ανθεκτικό, ενισχυμένο Nylon δίχτυ υψηλής αντοχής.
Είναι ανοιχτό στο επάνω μέρος και συμπτύσσεται για εύκολη μεταφορά και αποθήκευση.

Διάμετρος: 25cm",ΕΙΔΗ ΑΛΙΕΙΑΣ>Δίχτυα  παγίδες
94744,Πτυσσόμενο ψαροκάλαθο φύλαξης ψαρι,Πτυσσόμενο ψαροκάλαθο φύλαξης ψαριών - Δίχτυ - 50x65cm - 31338,in stock,new,6.3 EUR,,https://www.tradesor.gr/wp-content/uploads/2023/06/7bd91b298c8473a11474e1195076d88c.jpg,OEM,No Color,2.0,"Ψαροκάλαθο συγκέντρωσης και φύλαξης ψαριών, από ανθεκτικό, ενισχυμένο Nylon δίχτυ υψηλής αντοχής.
Διαθέτει άνοιγμα με φερμουάρ και συμπτύσσεται για εύκολη μεταφορά και αποθήκευση.

Διαστάσεις: 50 x 65cm",ΕΙΔΗ ΑΛΙΕΙΑΣ>Δίχτυα  παγίδες
94747,Πτυσσόμενο ψαροκάλαθο φύλαξης ψαρι,Πτυσσόμενο ψαροκάλαθο φύλαξης ψαριών - Δίχτυ - 45x65cm - 31337,in stock,new,5.4 EUR,,https://www.tradesor.gr/wp-content/uploads/2023/06/484c6cb36b4742aef15ca61aac49b943.jpg,OEM,No Color,2.0,"Ψαροκάλαθο συγκέντρωσης και φύλαξης ψαριών, από ανθεκτικό, ενισχυμένο Nylon δίχτυ υψηλής αντοχής.
Διαθέτει άνοιγμα με φερμουάρ και συμπτύσσεται για εύκολη μεταφορά και αποθήκευση.

Διαστάσεις: 45 x 65cm",ΕΙΔΗ ΑΛΙΕΙΑΣ>Δίχτυα  παγίδες
94750,Πτυσσόμενο ψαροκάλαθο φύλαξης ψαρι,Πτυσσόμενο ψαροκάλαθο φύλαξης ψαριών - Δίχτυ - 40x65cm - 31336,in stock,new,5.4 EUR,,https://www.tradesor.gr/wp-content/uploads/2023/06/7e4a8e9babf41c8a1e912ecba7786278.jpg,OEM,No Color,2.0,"Ψαροκάλαθο συγκέντρωσης και φύλαξης ψαριών, από ανθεκτικό, ενισχυμένο Nylon δίχτυ υψηλής αντοχής.
Διαθέτει άνοιγμα με φερμουάρ και συμπτύσσεται για εύκολη μεταφορά και αποθήκευση.

Διαστάσεις: 40 x 65cm",ΕΙΔΗ ΑΛΙΕΙΑΣ>Δίχτυα  παγίδες
94753,Πτυσσόμενο ψαροκάλαθο φύλαξης ψαρι,Πτυσσόμενο ψαροκάλαθο φύλαξης ψαριών - Δίχτυ - 35x65cm - 31335,in stock,new,5.4 EUR,,https://www.tradesor.gr/wp-content/uploads/2023/06/1a39a30fdf8b33932e3aef18d5de3313.jpg,OEM,No Color,2.0,"Ψαροκάλαθο συγκέντρωσης και φύλαξης ψαριών, από ανθεκτικό, ενισχυμένο Nylon δίχτυ υψηλής αντοχής.
Διαθέτει άνοιγμα με φερμουάρ και συμπτύσσεται για εύκολη μεταφορά και αποθήκευση.

Διαστάσεις: 35 x 65cm",ΕΙΔΗ ΑΛΙΕΙΑΣ>Δίχτυα  παγίδες
94756,Πτυσσόμενη παγίδα ψαρέματος - Κιούρ,Πτυσσόμενη παγίδα ψαρέματος - Κιούρτος - 55x105cm - 31330,in stock,new,6.3 EUR,,https://www.tradesor.gr/wp-content/uploads/2023/06/03af1fc1c8965b359e759726884312e0.jpg,OEM,No Color,2.0,"Πτυσσόμενη παγίδα ψαρέματος - Κιούρτος, κυλινδρικός, με ιδιαίτερα ανθεκτική κατασκευή Nylon και άνοιγμα με φερμουάρ για την εύκολη αφαίρεση της ψαριάς σας. Τοποθετήστε μέσα στην παγίδα κάποιο δόλωμα-μαλάγρα και αφήστε την στο βυθό της θάλασσας, για όσες ώρες επιθυμείτε.
Τα ψάρια εισέρχονται μέσα για να φάνε το δόλωμα, αλλά δεν μπορούν να βγουν.
Η παγίδα είναι πτυσσόμενη και διπλώνεται για να πιάνει ελάχιστο χώρο. Μπορείτε να την έχετε πάντα μαζί σας στο σκάφος ή την βάρκα σας.
Ιδανική παγίδα για γαρίδες, χταπόδια, αστακούς, καραβίδες κά. Διαστάσεις: 55x105cm.",ΕΙΔΗ ΑΛΙΕΙΑΣ>Δίχτυα  παγίδες
94761,Πτυσσόμενη παγίδα ψαρέματος - Κιούρ,Πτυσσόμενη παγίδα ψαρέματος - Κιούρτος - 45x85cm - 31328,in stock,new,5.4 EUR,,https://www.tradesor.gr/wp-content/uploads/2023/06/2f4311a0a842b7d2b774ca9b7d45eec0.jpg,OEM,No Color,2.0,"Πτυσσόμενη παγίδα ψαρέματος - Κιούρτος, κυλινδρικός, με ιδιαίτερα ανθεκτική κατασκευή Nylon και άνοιγμα με φερμουάρ για την εύκολη αφαίρεση της ψαριάς σας. Τοποθετήστε μέσα στην παγίδα κάποιο δόλωμα-μαλάγρα και αφήστε την στο βυθό της θάλασσας, για όσες ώρες επιθυμείτε.
Τα ψάρια εισέρχονται μέσα για να φάνε το δόλωμα, αλλά δεν μπορούν να βγουν.
Η παγίδα είναι πτυσσόμενη και διπλώνεται για να πιάνει ελάχιστο χώρο. Μπορείτε να την έχετε πάντα μαζί σας στο σκάφος ή την βάρκα σας.
Ιδανική παγίδα για γαρίδες, χταπόδια, αστακούς, καραβίδες κά. Διαστάσεις: 45x85cm.",ΕΙΔΗ ΑΛΙΕΙΑΣ>Δίχτυα  παγίδες
94764,Πτυσσόμενη παγίδα ψαρέματος - Κιούρ,Πτυσσόμενη παγίδα ψαρέματος - Κιούρτος - 40x80cm - 31327,in stock,new,5.4 EUR,,https://www.tradesor.gr/wp-content/uploads/2023/06/5ecb96d6b58d34127b8ae8605e9e1773.jpg,OEM,No Color,2.0,"Πτυσσόμενη παγίδα ψαρέματος - Κιούρτος, κυλινδρικός, με ιδιαίτερα ανθεκτική κατασκευή Nylon και άνοιγμα με φερμουάρ για την εύκολη αφαίρεση της ψαριάς σας. Τοποθετήστε μέσα στην παγίδα κάποιο δόλωμα-μαλάγρα και αφήστε την στο βυθό της θάλασσας, για όσες ώρες επιθυμείτε.
Τα ψάρια εισέρχονται μέσα για να φάνε το δόλωμα, αλλά δεν μπορούν να βγουν.
Η παγίδα είναι πτυσσόμενη και διπλώνεται για να πιάνει ελάχιστο χώρο. Μπορείτε να την έχετε πάντα μαζί σας στο σκάφος ή την βάρκα σας.
Ιδανική παγίδα για γαρίδες, χταπόδια, αστακούς, καραβίδες κά. Διαστάσεις: 40x80cm.",ΕΙΔΗ ΑΛΙΕΙΑΣ>Δίχτυα  παγίδες
94767,Πτυσσόμενη παγίδα ψαρέματος - Κιούρ,Πτυσσόμενη παγίδα ψαρέματος - Κιούρτος - 30x60cm - 31326,in stock,new,4.5 EUR,,https://www.tradesor.gr/wp-content/uploads/2023/06/08f6958dc342f9dd5f74914c9427a7eb.jpg,OEM,No Color,2.0,"Πτυσσόμενη παγίδα ψαρέματος - Κιούρτος, κυλινδρικός, με ιδιαίτερα ανθεκτική κατασκευή Nylon και άνοιγμα με φερμουάρ για την εύκολη αφαίρεση της ψαριάς σας. Τοποθετήστε μέσα στην παγίδα κάποιο δόλωμα-μαλάγρα και αφήστε την στο βυθό της θάλασσας, για όσες ώρες επιθυμείτε.
Τα ψάρια εισέρχονται μέσα για να φάνε το δόλωμα, αλλά δεν μπορούν να βγουν.
Η παγίδα είναι πτυσσόμενη και διπλώνεται για να πιάνει ελάχιστο χώρο. Μπορείτε να την έχετε πάντα μαζί σας στο σκάφος ή την βάρκα σας.
Ιδανική παγίδα για γαρίδες, χταπόδια, αστακούς, καραβίδες κά. Διαστάσεις: 30x60cm.",ΕΙΔΗ ΑΛΙΕΙΑΣ>Δίχτυα  παγίδες
94770,Πτυσσόμενη παγίδα ψαρέματος - Κιούρ,Πτυσσόμενη παγίδα ψαρέματος - Κιούρτος - 45x25cm - 31325,in stock,new,5.4 EUR,,https://www.tradesor.gr/wp-content/uploads/2023/06/7e155ab8d3e0b4c05dd33631ac95b194.jpg,OEM,No Color,2.0,"Πτυσσόμενη παγίδα ψαρέματος - Κιούρτος, κυλινδρικός, με ιδιαίτερα ανθεκτική κατασκευή Nylon και άνοιγμα με φερμουάρ για την εύκολη αφαίρεση της ψαριάς σας. Τοποθετήστε μέσα στην παγίδα κάποιο δόλωμα-μαλάγρα και αφήστε την στο βυθό της θάλασσας, για όσες ώρες επιθυμείτε.
Τα ψάρια εισέρχονται μέσα για να φάνε το δόλωμα, αλλά δεν μπορούν να βγουν.
Η παγίδα είναι πτυσσόμενη και διπλώνεται για να πιάνει ελάχιστο χώρο. Μπορείτε να την έχετε πάντα μαζί σας στο σκάφος ή την βάρκα σας.
Ιδανική παγίδα για γαρίδες, χταπόδια, αστακούς, καραβίδες κά. Διαστάσεις: 45x25cm.",ΕΙΔΗ ΑΛΙΕΙΑΣ>Δίχτυα  παγίδες
95492,Δίχτυ ψαρέματος - Πεζόβολο - 3m - 31454,Δίχτυ ψαρέματος - Πεζόβολο - 3m - 31454,in stock,new,23.4 EUR,,https://www.tradesor.gr/wp-content/uploads/2023/06/dff7ca3bcbc07f9ce618a30f7bbc41f6.jpg,OEM,No Color,2.0,"Πεζόβολο με Κρυσταλιζέ Δίχτυ Ψαρέματος.
Το πεζόβολο είναι ένα δίχτυ κυκλικό το οποίο στην περίμετρο του κύκλου διαθέτει μια σειρά από βαρίδια. Διαθέτει επίσης σκοινί στην μέση του κυκλικού διχτυού από όπου γίνεται το σήκωμα του διχτυού. Με αυτό τον τρόπο το δίχτυ σχηματίζει ένα ''σταφύλι'' και κυκλώνει τα ψάρια.
Διάμετρος : 3m, 
Πάχος Νήματος : 0.20mm.",ΕΙΔΗ ΑΛΙΕΙΑΣ>Δίχτυα  παγίδες
95495,Δίχτυ ψαρέματος - Πεζόβολο - 2.7m - 31453,Δίχτυ ψαρέματος - Πεζόβολο - 2.7m - 31453,in stock,new,21.6 EUR,,https://www.tradesor.gr/wp-content/uploads/2023/06/32ccc831e81a674284fa3e885c1ff963.jpg,OEM,No Color,2.0,"Πεζόβολο με Κρυσταλιζέ Δίχτυ Ψαρέματος.
Το πεζόβολο είναι ένα δίχτυ κυκλικό το οποίο στην περίμετρο του κύκλου διαθέτει μια σειρά από βαρίδια. Διαθέτει επίσης σκοινί στην μέση του κυκλικού διχτυού από όπου γίνεται το σήκωμα του διχτυού. Με αυτό τον τρόπο το δίχτυ σχηματίζει ένα ''σταφύλι'' και κυκλώνει τα ψάρια.
Διάμετρος : 2.7m, 
Πάχος Νήματος : 0.20mm.",ΕΙΔΗ ΑΛΙΕΙΑΣ>Δίχτυα  παγίδες
95498,Δίχτυ ψαρέματος - Πεζόβολο - 2.4m - 31452,Δίχτυ ψαρέματος - Πεζόβολο - 2.4m - 31452,in stock,new,19.8 EUR,,https://www.tradesor.gr/wp-content/uploads/2023/06/eff764d218cbd839bb67b08d169c417e.jpg,OEM,No Color,2.0,"Πεζόβολο με Κρυσταλιζέ Δίχτυ Ψαρέματος.
Το πεζόβολο είναι ένα δίχτυ κυκλικό το οποίο στην περίμετρο του κύκλου διαθέτει μια σειρά από βαρίδια. Διαθέτει επίσης σκοινί στην μέση του κυκλικού διχτυού από όπου γίνεται το σήκωμα του διχτυού. Με αυτό τον τρόπο το δίχτυ σχηματίζει ένα ''σταφύλι'' και κυκλώνει τα ψάρια.
Διάμετρος : 2.4m, 
Πάχος Νήματος : 0.20mm.",ΕΙΔΗ ΑΛΙΕΙΑΣ>Δίχτυα  παγίδες
95501,Δίχτυ ψαρέματος - Πεζόβολο - 2.1m - 31451,Δίχτυ ψαρέματος - Πεζόβολο - 2.1m - 31451,in stock,new,18 EUR,,https://www.tradesor.gr/wp-content/uploads/2023/06/f06599dbda18d8a95f05199328bacdb2.jpg,OEM,No Color,2.0,"Πεζόβολο με Κρυσταλιζέ Δίχτυ Ψαρέματος.
Το πεζόβολο είναι ένα δίχτυ κυκλικό το οποίο στην περίμετρο του κύκλου διαθέτει μια σειρά από βαρίδια. Διαθέτει επίσης σκοινί στην μέση του κυκλικού διχτυού από όπου γίνεται το σήκωμα του διχτυού. Με αυτό τον τρόπο το δίχτυ σχηματίζει ένα ''σταφύλι'' και κυκλώνει τα ψάρια.
Διάμετρος : 2.1m, 
Πάχος Νήματος : 0.20mm.",ΕΙΔΗ ΑΛΙΕΙΑΣ>Δίχτυα  παγίδες
95504,Δίχτυ ψαρέματος - Πεζόβολο - 1.8m - 31450,Δίχτυ ψαρέματος - Πεζόβολο - 1.8m - 31450,in stock,new,16.2 EUR,,https://www.tradesor.gr/wp-content/uploads/2023/06/e7f8b6d1debb2b7b84e8bda5e3474124.jpg,OEM,No Color,2.0,"Πεζόβολο με Κρυσταλιζέ Δίχτυ Ψαρέματος.
Το πεζόβολο είναι ένα δίχτυ κυκλικό το οποίο στην περίμετρο του κύκλου διαθέτει μια σειρά από βαρίδια. Διαθέτει επίσης σκοινί στην μέση του κυκλικού διχτυού από όπου γίνεται το σήκωμα του διχτυού. Με αυτό τον τρόπο το δίχτυ σχηματίζει ένα ''σταφύλι'' και κυκλώνει τα ψάρια.
Διάμετρος : 1.8m, 
Πάχος Νήματος : 0.20mm.",ΕΙΔΗ ΑΛΙΕΙΑΣ>Δίχτυα  παγίδες
95507,Δίχτυ ψαρέματος - Πεζόβολο - 1.5m - 31449,Δίχτυ ψαρέματος - Πεζόβολο - 1.5m - 31449,in stock,new,14.4 EUR,,https://www.tradesor.gr/wp-content/uploads/2023/06/6824cf6fb5ee15d3ee4cb60e31e941fb.jpg,OEM,No Color,2.0,"Πεζόβολο με Κρυσταλιζέ Δίχτυ Ψαρέματος.
Το πεζόβολο είναι ένα δίχτυ κυκλικό το οποίο στην περίμετρο του κύκλου διαθέτει μια σειρά από βαρίδια. Διαθέτει επίσης σκοινί στην μέση του κυκλικού διχτυού από όπου γίνεται το σήκωμα του διχτυού. Με αυτό τον τρόπο το δίχτυ σχηματίζει ένα ''σταφύλι'' και κυκλώνει τα ψάρια.
Διάμετρος : 1.5m, 
Πάχος Νήματος : 0.20mm.",ΕΙΔΗ ΑΛΙΕΙΑΣ>Δίχτυα  παγίδες
95510,Δίχτυ ψαρέματος - Πεζόβολο - 3m - 31448,Δίχτυ ψαρέματος - Πεζόβολο - 3m - 31448,in stock,new,23.4 EUR,,https://www.tradesor.gr/wp-content/uploads/2023/06/2e724854be2dfb787a75d0035fcf260e.jpg,OEM,No Color,2.0,"Το πεζόβολο είναι ένα δίχτυ κυκλικό το οποίο στην περίμετρο του κύκλου διαθέτει μια σειρά από βαρίδια. Διαθέτει επίσης σκοινί στην μέση του κυκλικού διχτυού από όπου γίνεται το σήκωμα του διχτυού. Με αυτό τον τρόπο το δίχτυ σχηματίζει ένα ''σταφύλι'' και κυκλώνει τα ψάρια.
Διάμετρος : 3m, 
Πάχος Νήματος : 0.20mm.",ΕΙΔΗ ΑΛΙΕΙΑΣ>Δίχτυα  παγίδες
95513,Δίχτυ ψαρέματος - Πεζόβολο - 2.7m - 31446,Δίχτυ ψαρέματος - Πεζόβολο - 2.7m - 31446,in stock,new,21.6 EUR,,https://www.tradesor.gr/wp-content/uploads/2023/06/a344e80333fc56cb66607187d6df7a1a.jpg,OEM,No Color,2.0,"Το πεζόβολο είναι ένα δίχτυ κυκλικό το οποίο στην περίμετρο του κύκλου διαθέτει μια σειρά από βαρίδια. Διαθέτει επίσης σκοινί στην μέση του κυκλικού διχτυού από όπου γίνεται το σήκωμα του διχτυού. Με αυτό τον τρόπο το δίχτυ σχηματίζει ένα ''σταφύλι'' και κυκλώνει τα ψάρια.
Διάμετρος : 2.7m, 
Πάχος Νήματος : 0.20mm.",ΕΙΔΗ ΑΛΙΕΙΑΣ>Δίχτυα  παγίδες
95516,Δίχτυ ψαρέματος - Πεζόβολο - 2.4μ - 31445,Δίχτυ ψαρέματος - Πεζόβολο - 2.4μ - 31445,in stock,new,19.8 EUR,,https://www.tradesor.gr/wp-content/uploads/2023/06/45fdfd54f131954aa1e3397451c2f57b.jpg,OEM,No Color,2.0,"Το πεζόβολο είναι ένα δίχτυ κυκλικό το οποίο στην περίμετρο του κύκλου διαθέτει μια σειρά από βαρίδια. Διαθέτει επίσης σκοινί στην μέση του κυκλικού διχτυού από όπου γίνεται το σήκωμα του διχτυού. Με αυτό τον τρόπο το δίχτυ σχηματίζει ένα ''σταφύλι'' και κυκλώνει τα ψάρια.
Διάμετρος : 2.4m, 
Πάχος Νήματος : 0.20mm.",ΕΙΔΗ ΑΛΙΕΙΑΣ>Δίχτυα  παγίδες
95519,Δίχτυ ψαρέματος - Πεζόβολο - 2.1m - 31444,Δίχτυ ψαρέματος - Πεζόβολο - 2.1m - 31444,in stock,new,18 EUR,,https://www.tradesor.gr/wp-content/uploads/2023/06/17f6fe7b19238a0e39ae4d428d9591e5.jpg,OEM,No Color,2.0,"Το πεζόβολο είναι ένα δίχτυ κυκλικό το οποίο στην περίμετρο του κύκλου διαθέτει μια σειρά από βαρίδια. Διαθέτει επίσης σκοινί στην μέση του κυκλικού διχτυού από όπου γίνεται το σήκωμα του διχτυού. Με αυτό τον τρόπο το δίχτυ σχηματίζει ένα ''σταφύλι'' και κυκλώνει τα ψάρια.
Διάμετρος : 2.1m, 
Πάχος Νήματος : 0.20mm.",ΕΙΔΗ ΑΛΙΕΙΑΣ>Δίχτυα  παγίδες
95522,Δίχτυ ψαρέματος - Πεζόβολο - 1.8m - 31443,Δίχτυ ψαρέματος - Πεζόβολο - 1.8m - 31443,in stock,new,16.2 EUR,,https://www.tradesor.gr/wp-content/uploads/2023/06/825fb1d4f5d681e8fcfbe018287827fc.jpg,OEM,No Color,2.0,"Το πεζόβολο είναι ένα δίχτυ κυκλικό το οποίο στην περίμετρο του κύκλου διαθέτει μια σειρά από βαρίδια. Διαθέτει επίσης σκοινί στην μέση του κυκλικού διχτυού από όπου γίνεται το σήκωμα του διχτυού. Με αυτό τον τρόπο το δίχτυ σχηματίζει ένα ''σταφύλι'' και κυκλώνει τα ψάρια.
Διάμετρος : 1.8m, 
Πάχος Νήματος : 0.20mm.",ΕΙΔΗ ΑΛΙΕΙΑΣ>Δίχτυα  παγίδες
95525,Δίχτυ ψαρέματος - Πεζόβολο - 1.5m - 31442,Δίχτυ ψαρέματος - Πεζόβολο - 1.5m - 31442,in stock,new,14.4 EUR,,https://www.tradesor.gr/wp-content/uploads/2023/06/1b540b5ddbccdd16f9045735e2b4e5a7.jpg,OEM,No Color,2.0,"Το πεζόβολο είναι ένα δίχτυ κυκλικό το οποίο στην περίμετρο του κύκλου διαθέτει μια σειρά από βαρίδια. Διαθέτει επίσης σκοινί στην μέση του κυκλικού διχτυού από όπου γίνεται το σήκωμα του διχτυού. Με αυτό τον τρόπο το δίχτυ σχηματίζει ένα ''σταφύλι'' και κυκλώνει τα ψάρια.
Διάμετρος : 1.5m, 
Πάχος Νήματος : 0.20mm.",ΕΙΔΗ ΑΛΙΕΙΑΣ>Δίχτυα  παγίδες
95528,Δίχτυ ψαρέματος - Πεζόβολο - 3m - 31441,Δίχτυ ψαρέματος - Πεζόβολο - 3m - 31441,in stock,new,27 EUR,,https://www.tradesor.gr/wp-content/uploads/2023/06/ec87d424c70d352609c920981359eb33.jpg,OEM,No Color,2.0,"Πεζόβολο με Κρυσταλιζέ Δίχτυ Ψαρέματος.
Το πεζόβολο είναι ένα δίχτυ κυκλικό το οποίο στην περίμετρο του κύκλου διαθέτει μια σειρά από βαρίδια. Διαθέτει επίσης σκοινί στην μέση του κυκλικού διχτυού από όπου γίνεται το σήκωμα του διχτυού. Με αυτό τον τρόπο το δίχτυ σχηματίζει ένα ''σταφύλι'' και κυκλώνει τα ψάρια.
Διάμετρος : 3m, 
Πάχος Νήματος : 0.20mm.",ΕΙΔΗ ΑΛΙΕΙΑΣ>Δίχτυα  παγίδες
95531,Δίχτυ ψαρέματος - Πεζόβολο - 2.7m - 31440,Δίχτυ ψαρέματος - Πεζόβολο - 2.7m - 31440,in stock,new,25.2 EUR,,https://www.tradesor.gr/wp-content/uploads/2023/06/6b5df91b2cb126c15de1aa6c0d4697a7.jpg,OEM,No Color,2.0,"Πεζόβολο με Κρυσταλιζέ Δίχτυ Ψαρέματος.
Το πεζόβολο είναι ένα δίχτυ κυκλικό το οποίο στην περίμετρο του κύκλου διαθέτει μια σειρά από βαρίδια. Διαθέτει επίσης σκοινί στην μέση του κυκλικού διχτυού από όπου γίνεται το σήκωμα του διχτυού. Με αυτό τον τρόπο το δίχτυ σχηματίζει ένα ''σταφύλι'' και κυκλώνει τα ψάρια.
Διάμετρος : 2.7m, 
Πάχος Νήματος : 0.20mm.",ΕΙΔΗ ΑΛΙΕΙΑΣ>Δίχτυα  παγίδες
95534,Δίχτυ ψαρέματος - Πεζόβολο - 2.4m - 31439,Δίχτυ ψαρέματος - Πεζόβολο - 2.4m - 31439,in stock,new,23.4 EUR,,https://www.tradesor.gr/wp-content/uploads/2023/06/ce5a24375634e53c515ab6426e379815.jpg,OEM,No Color,2.0,"Πεζόβολο με Κρυσταλιζέ Δίχτυ Ψαρέματος.
Το πεζόβολο είναι ένα δίχτυ κυκλικό το οποίο στην περίμετρο του κύκλου διαθέτει μια σειρά από βαρίδια. Διαθέτει επίσης σκοινί στην μέση του κυκλικού διχτυού από όπου γίνεται το σήκωμα του διχτυού. Με αυτό τον τρόπο το δίχτυ σχηματίζει ένα ''σταφύλι'' και κυκλώνει τα ψάρια.
Διάμετρος : 2.4m, 
Πάχος Νήματος : 0.20mm.",ΕΙΔΗ ΑΛΙΕΙΑΣ>Δίχτυα  παγίδες
95537,Δίχτυ ψαρέματος - Πεζόβολο - 2.1m - 31438,Δίχτυ ψαρέματος - Πεζόβολο - 2.1m - 31438,in stock,new,21.6 EUR,,https://www.tradesor.gr/wp-content/uploads/2023/06/7e1f9fa821465e0b07d22e5ed2769c35.jpg,OEM,No Color,2.0,"Πεζόβολο με Κρυσταλιζέ Δίχτυ Ψαρέματος.
Το πεζόβολο είναι ένα δίχτυ κυκλικό το οποίο στην περίμετρο του κύκλου διαθέτει μια σειρά από βαρίδια. Διαθέτει επίσης σκοινί στην μέση του κυκλικού διχτυού από όπου γίνεται το σήκωμα του διχτυού. Με αυτό τον τρόπο το δίχτυ σχηματίζει ένα ''σταφύλι'' και κυκλώνει τα ψάρια.
Διάμετρος : 2.1m, 
Πάχος Νήματος : 0.20mm.",ΕΙΔΗ ΑΛΙΕΙΑΣ>Δίχτυα  παγίδες
95540,Δίχτυ ψαρέματος - Πεζόβολο - 1.8m - 31437,Δίχτυ ψαρέματος - Πεζόβολο - 1.8m - 31437,in stock,new,19.8 EUR,,https://www.tradesor.gr/wp-content/uploads/2023/06/1aae18ee570f664a696a91a45674cfb0.jpg,OEM,No Color,2.0,"Πεζόβολο με Κρυσταλιζέ Δίχτυ Ψαρέματος.
Το πεζόβολο είναι ένα δίχτυ κυκλικό το οποίο στην περίμετρο του κύκλου διαθέτει μια σειρά από βαρίδια. Διαθέτει επίσης σκοινί στην μέση του κυκλικού διχτυού από όπου γίνεται το σήκωμα του διχτυού. Με αυτό τον τρόπο το δίχτυ σχηματίζει ένα ''σταφύλι'' και κυκλώνει τα ψάρια.
Διάμετρος : 1.8m, 
Πάχος Νήματος : 0.20mm.",ΕΙΔΗ ΑΛΙΕΙΑΣ>Δίχτυα  παγίδες
95543,Δίχτυ ψαρέματος - Πεζόβολο - 1.5m - 31436,Δίχτυ ψαρέματος - Πεζόβολο - 1.5m - 31436,in stock,new,18 EUR,,https://www.tradesor.gr/wp-content/uploads/2023/06/63b59238b79667fd220207482ee07469.jpg,OEM,No Color,2.0,"Πεζόβολο με Κρυσταλιζέ Δίχτυ Ψαρέματος.
Το πεζόβολο είναι ένα δίχτυ κυκλικό το οποίο στην περίμετρο του κύκλου διαθέτει μια σειρά από βαρίδια. Διαθέτει επίσης σκοινί στην μέση του κυκλικού διχτυού από όπου γίνεται το σήκωμα του διχτυού. Με αυτό τον τρόπο το δίχτυ σχηματίζει ένα ''σταφύλι'' και κυκλώνει τα ψάρια.
Διάμετρος : 1.5m, 
Πάχος Νήματος : 0.20mm.",ΕΙΔΗ ΑΛΙΕΙΑΣ>Δίχτυα  παγίδες
95672,Δίχτυ ψαρέματος γαρίδων - 80cm - 31370,Δίχτυ ψαρέματος γαρίδων - 80cm - 31370,in stock,new,2.7 EUR,,https://www.tradesor.gr/wp-content/uploads/2023/06/efc4fc4cfc2c0c16042888363eeacde8.jpg,OEM,No Color,2.0,"Δίχτυ ψαρέματος γαρίδων διαμέτρου 80cm, με στεφάνι απο ανοξείδωτο ατσάλι και δίχτυ από ανθεκτικό, ενισχυμένο Nylon.",ΕΙΔΗ ΑΛΙΕΙΑΣ>Δίχτυα  παγίδες
95675,Πτυσσόμενη παγίδα ψαρέματος - Κιούρ,Πτυσσόμενη παγίδα ψαρέματος - Κιούρτος με 8 εισόδους - 25*80cm - 31365,in stock,new,5.4 EUR,,https://www.tradesor.gr/wp-content/uploads/2023/06/15ff21d71014959e1e7fbcf9582eec45.jpg,OEM,No Color,4.0,"Πτυσσόμενη παγίδα ψαρέματος - Κιούρτος με ιδιαίτερα ανθεκτική κατασκευή Nylon και εύκολο άνοιγμα για την αφαίρεση της ψαριάς σας. Τοποθετήστε μέσα στην παγίδα κάποιο δόλωμα-μαλάγρα και αφήστε την στο βυθό της θάλασσας σε οριζόντια θέση, για όσες ώρες επιθυμείτε.
Τα ψάρια εισέρχονται μέσα για να φάνε το δόλωμα, αλλά δεν μπορούν να βγουν.
Η παγίδα είναι πτυσσόμενη και διπλώνεται για να πιάνει ελάχιστο χώρο. Μπορείτε να την έχετε πάντα μαζί σας στο σκάφος ή την βάρκα σας.
Ιδανική παγίδα για γαρίδες, χταπόδια, αστακούς, καραβίδες κά.",ΕΙΔΗ ΑΛΙΕΙΑΣ>Δίχτυα  παγίδες
95678,Πτυσσόμενη παγίδα ψαρέματος - Κιούρ,Πτυσσόμενη παγίδα ψαρέματος - Κιούρτος με 8 εισόδους - 21*60cm - 31363,in stock,new,4.5 EUR,,https://www.tradesor.gr/wp-content/uploads/2023/06/21e271b9367dd8704bd1d37fddba92e9.jpg,OEM,No Color,4.0,"Πτυσσόμενη παγίδα ψαρέματος - Κιούρτος με ιδιαίτερα ανθεκτική κατασκευή Nylon και εύκολο άνοιγμα για την αφαίρεση της ψαριάς σας. Τοποθετήστε μέσα στην παγίδα κάποιο δόλωμα-μαλάγρα και αφήστε την στο βυθό της θάλασσας σε οριζόντια θέση, για όσες ώρες επιθυμείτε.
Τα ψάρια εισέρχονται μέσα για να φάνε το δόλωμα, αλλά δεν μπορούν να βγουν.
Η παγίδα είναι πτυσσόμενη και διπλώνεται για να πιάνει ελάχιστο χώρο. Μπορείτε να την έχετε πάντα μαζί σας στο σκάφος ή την βάρκα σας.
Ιδανική παγίδα για γαρίδες, χταπόδια, αστακούς, καραβίδες κά.",ΕΙΔΗ ΑΛΙΕΙΑΣ>Δίχτυα  παγίδες
95681,Πτυσσόμενη παγίδα ψαρέματος - Κιούρ,Πτυσσόμενη παγίδα ψαρέματος - Κιούρτος με 6 εισόδους - 25*80cm - 31362,in stock,new,4.5 EUR,,https://www.tradesor.gr/wp-content/uploads/2023/06/598fc9f87c25f2c214ffed743865778e.jpg,OEM,No Color,4.0,"Πτυσσόμενη παγίδα ψαρέματος - Κιούρτος με ιδιαίτερα ανθεκτική κατασκευή Nylon και εύκολο άνοιγμα για την αφαίρεση της ψαριάς σας. Τοποθετήστε μέσα στην παγίδα κάποιο δόλωμα-μαλάγρα και αφήστε την στο βυθό της θάλασσας σε οριζόντια θέση, για όσες ώρες επιθυμείτε.
Τα ψάρια εισέρχονται μέσα για να φάνε το δόλωμα, αλλά δεν μπορούν να βγουν.
Η παγίδα είναι πτυσσόμενη και διπλώνεται για να πιάνει ελάχιστο χώρο. Μπορείτε να την έχετε πάντα μαζί σας στο σκάφος ή την βάρκα σας.
Ιδανική παγίδα για γαρίδες, χταπόδια, αστακούς, καραβίδες κά.",ΕΙΔΗ ΑΛΙΕΙΑΣ>Δίχτυα  παγίδες
95684,Πτυσσόμενη παγίδα ψαρέματος - Κιούρ,Πτυσσόμενη παγίδα ψαρέματος - Κιούρτος με 16 εισόδους - 31359,in stock,new,6.3 EUR,,https://www.tradesor.gr/wp-content/uploads/2023/06/0f749893f390150195b7d17762a1537e.jpg,OEM,No Color,4.0,"Πτυσσόμενη παγίδα ψαρέματος - Κιούρτος με ιδιαίτερα ανθεκτική κατασκευή Nylon και εύκολο άνοιγμα για την αφαίρεση της ψαριάς σας. Τοποθετήστε μέσα στην παγίδα κάποιο δόλωμα-μαλάγρα και αφήστε την στο βυθό της θάλασσας σε οριζόντια θέση, για όσες ώρες επιθυμείτε.
Τα ψάρια εισέρχονται μέσα για να φάνε το δόλωμα, αλλά δεν μπορούν να βγουν.
Η παγίδα είναι πτυσσόμενη και διπλώνεται για να πιάνει ελάχιστο χώρο. Μπορείτε να την έχετε πάντα μαζί σας στο σκάφος ή την βάρκα σας.
Ιδανική παγίδα για γαρίδες, χταπόδια, αστακούς, καραβίδες κά.",ΕΙΔΗ ΑΛΙΕΙΑΣ>Δίχτυα  παγίδες
97009,Δίχτυ ψαρέματος - Πεζόβολο - 2.7m - 30365,Δίχτυ ψαρέματος - Πεζόβολο - 2.7m - 30365,in stock,new,18 EUR,,https://www.tradesor.gr/wp-content/uploads/2023/04/30365.jpg,OEM,No Color,3.0,<p>Πεζόβολο με Κρυσταλιζέ Δίχτυ Ψαρέματος Διαμέτρου 210cm.</p><p>Το πεζόβολο είναι ένα δίχτυ κυκλικό το οποίο στην περίμετρο του κύκλου διαθέτει μια σειρά από βαρίδια.Διαθέτει επίσης σκοινί στην μέση του κυκλικού διχτυού από όπου γίνεται το σήκωμα του διχτυού. Με αυτό τον τρόπο το δίχτυ σχηματίζει ένα ''σταφύλι'' και κυκλώνει τα ψάρια.</p><p>Χαρακτηριστικά:</p><p>Διάμετρος : 270εκ<br />Μάτι διχτυού : Περίπου 2.6 εκ<br />Πάχος Νήματος : 0.20mm<br />Βάρος : 3 kg</p>,ΕΙΔΗ ΑΛΙΕΙΑΣ>Δίχτυα  παγίδες
