id,title,description,availability,condition,price,link,image_link,brand,color,shipping_weight,rich_text_description,fb_product_category
36510,Συσκευή μασάζ αυχένα-πλάτης με υπέρ,Συσκευή μασάζ αυχένα-πλάτης με υπέρυθρη θερμότητα - Shiatsu - 800582,in stock,new,23.4 EUR,,https://www.tradesor.gr/wp-content/uploads/2023/04/800582.jpg,OEM,No Color,3.5,"<p>Η επανάσταση στις συσκευές μασάζ είναι εδώ!</p><p>Με αυτή την συσκευή μασάζ θα έχετε έναν επαγγελματία μασέρ στο σπίτι σας για μασάζ στον ώμο, την πλάτη, τη μέση και τα πόδια.</p><p>Διαθέτει 4 κυλίνδρους με μπάλες μασάζ που βελτιώνουν την κυκλοφορία του αίματος, χαλαρώνουν και ανακουφίζουν τους μύες του σώματός σας.</p><p>Διαθέτει επίσης υπέρυθρη ακτινοβολία την οποία μπορείτε να την ενεργοποιήσετε σε συνδυασμό με το μασάζ.</p><p>Η συσκευή διαθέτει λαβές για να την τοποθετήσετε στο σημείο που επιθυμείτε και να ασκείτε την κατάλληλη πίεση.</p><p>Είναι απλή στη χρήση, χωρίς περιττά καλώδια.</p><p><strong>Χαρακτηριστικά:</strong></p><ul><li>Διαθέτει εύκολο χειρισμό ρύθμισης έντασης και χρόνου λειτουργίας.</li><li>Λειτουργία υπέρυθρης ακτινοβολίας που ενισχύει τις θετικές ιδιότητες του απλού μασάζ.</li><li>Διαθέτει 4 κυλίνδρους μασάζ.</li><li>Κατασκευασμένο από υψηλής ποιότητας υλικά.</li><li>Το ύφασμα που καλύπτει την συσκευή είναι μαλακό και υποαλλεργικό.</li><li>Διαθέτει 3 κουμπιά λειτουργίας.</li></ul>",ΥΓΕΙΑ - ΟΜΟΡΦΙΑ  Fitness>Συσκευές μασάζ>Αυχενικές συσκευές
54121,Συσκευή μασάζ - Fascial Gun - MD320 - 675725 - Silver,Συσκευή μασάζ - Fascial Gun - MD320 - 675725 - Silver,in stock,new,23.4 EUR,,https://www.tradesor.gr/wp-content/uploads/2023/05/675725.jpg,OEM,No Color,2.0,"Επαναστατική συσκευή μασάζ και μυοχαλάρωσης με εναλλασσόμενες κεφαλές για εφαρμογή σε όλα τα σημεία του σώματος που επιθυμείτε.

Ιδιότητες:
Ανακουφίζει τον μυικό πόνο
Αυξάνει το εύρος κίνησης
Βελτιώνει την κυκλοφορία του αίματος
Επιταχύνει το ζέσταμα και την αποκατάσταση
Ανακούφιση από μυοσκελετικό πόνο.

Χαρακτηριστικά:
12V/50HZ
24W
Μπαταρία 2000MAh
6 ταχύτητες (1200rpm – 3300rpm)
4 εναλλασσόμενες κεφαλές",ΥΓΕΙΑ - ΟΜΟΡΦΙΑ  Fitness>Συσκευές μασάζ>Αυχενικές συσκευές
