id,title,description,availability,condition,price,link,image_link,brand,color,shipping_weight,rich_text_description,fb_product_category
35228,Συσκευή κατά της κυτταρίτιδας & του ,Συσκευή κατά της κυτταρίτιδας & του τοπικού πάχους – Handy Body Slimmer - 545478,in stock,new,9 EUR,,https://www.tradesor.gr/wp-content/uploads/2023/04/συσκευή-κατά-της-κυτταρίτιδας-του-τοπικού-πάχους-handy-body-slimmer.jpeg,OEM,No Color,1.2,"<p>Το Body Slimmer είναι ιδανική και εξαιρετικά αποτελεσματική συσκευή στην καταπολέμηση της κυτταρίτιδας!</p><p>Οι ιδιότητες του είναι πολλαπλές καθώς τονώνει την κυκλοφορία του αίματος, βοηθά στην αποσυμφόρηση της λέμφου, μειώνει τον όγκο και ξεκουράζει τους μύες. Ιδανικό και για χαλαρωτικό μασάζ ενώ καταπραΰνει τους πόνους της πλάτης, την ισχιαλγία και την οσφυαλγία.</p><p>Τα δόντια των δίσκων σιλικόνης, δυνατά αλλά και απαλά στην αίσθηση ταυτόχρονα, περιστρέφονται σε υψηλή συχνότητα διασπώντας το λίπος κάτω από την επιφάνεια του δέρματος και προσφέροντας μια ευχάριστη αίσθηση χαλάρωσης χωρίς να τραυματίζουν.</p><p>Διαθέτει μαλακή ζώνη για εύκολο και σταθερό κράτημα και είναι φορητή.</p><p> Διαθέτει δύο επίπεδα έντασης.</p>",ΥΓΕΙΑ - ΟΜΟΡΦΙΑ  Fitness>Συσκευές μασάζ>Συσκευές σώματος
35231,Συσκευή μασάζ με Acu–Spheres - Tonific Body Massa,Συσκευή μασάζ με Acu–Spheres - Tonific Body Massager - HF223 - 231814,in stock,new,18 EUR,,https://www.tradesor.gr/wp-content/uploads/2023/04/επαναστατική-συσκευή-μασάζ-με-acu-spheres-tonific-body-massager-hf223.jpeg,OEM,No Color,1.0,"Συσκευή Μασάζ Τόνωσης - Χαλάρωσης - Αδυνατίσματος - Εκγύμνασης Σώματος Tonific Body Massager

Η προηγμένης τεχνολογίας συσκευή μασάζ Tonific διαθέτει επαναστατικό σχεδιασμό με Acu -Spheres που γυρίζουν με πάνω απο 2700 περιστροφές το λεπτό αποδίδοντας ένα εξαιρετικά αποτελεσματικό χαλαρωτικό μασάζ.
Κατάλληλο για μασάζ σε όλο το σώμα: σε χέρια, πόδια, πλάτη, ώμους, πέλματα. Εφαρμόστε ακόμα στην περιοχή των γλουτών και των μηρών για να καταπολεμήσετε την κυτταρίτιδα ή στην κοιλιά για σύσφιξη και μείωση των ραγάδων.
Τονώνει την κυκλοφορία του αίματος και η επιδερμίδα σας γίνεται σφριγηλή και απαλή. Προσφέρει εξαιρετική αίσθηση χαλάρωσης και νιώθετε πραγματική ξεκούραση και ηρεμία!

Διαθέτει εργονομική λαβή για εύκολη χρήση. Λειτουργεί με ρεύμα-ενσωματωμένο καλώδιο.

Μια μοναδική συσκευή που τα συνδυάζει όλα!",ΥΓΕΙΑ - ΟΜΟΡΦΙΑ  Fitness>Συσκευές μασάζ>Συσκευές σώματος
36810,Συσκευή μασάζ κατά της κυτταρίτιδα�,Συσκευή μασάζ κατά της κυτταρίτιδας - Celluless MD - 283670,in stock,new,16.2 EUR,,https://www.tradesor.gr/wp-content/uploads/2023/04/0308_283670.jpeg,OEM,No Color,1.5,"<p>Συσκευή μασάζ κατα της κυτταρίτιδας Celluless MD με σύστημα αναρρόφησης 3 λειτουργιών που εξαλείφει την όψη φλοιού πορτοκαλιού. Η πρωτοποριακή αυτή συσκευή μειώνει εντυπωσιακά το λίπος και την κυτταρίτιδα σε γλουτούς, κοιλιά, πλάτη, χέρια και πόδια! Ο εργονομικός αναρροφητήρας κάνει ένα αποτελεσματικό μασάζ διεγείροντας τη ροή του αίματος στην επιδερμίδα και την υποδερμίδα αποτελώντας μια μη επεμβατική και τελείως ανώδυνη θεραπεία κατά της κυτταρίτιδας χωρίς κόπο, χρόνο και κόστος.<br />Το Celluless MD περιλαμβάνει μια βαλβίδα ασφαλείας και ένα παλμικό αναρροφητήρα συνεχούς αναρρόφησης, για γρήγορο αποτέλεσμα!</p><p>Διαθέτει 3 λειτουργίες:</p><p>Λειτουργία κενού: κάνει βαθύ μασάζ και ελευθερώνει τα κύτταρα του λίπους<br />Κεφαλές μασάζ με εναλλασσόμενους κυλίνδρους: για απώλεια εκατοστών.<br />Λειτουργία φωτός: για απώλεια λίπους και αναζωογόνηση της επιδερμίδας.</p><p>Αναλυτικά τα οφέλη του:</p><ul><li>Μειώνει την κυτταρίτιδα</li><li>Βοηθά στην λεμφική αποσυμφόρηση</li><li>Αυξάνει την παραγωγή κολλαγόνου και ελαστίνης</li><li>Βελτιώνει την υφή του δέρματος</li><li>Απαλύνει μυικούς πόνους χάρη στο θεραπευτικό μασάζ που προσφέρει</li><li>Βοηθάει στην αύξηση της μυικής μάζας</li><li>Βελτιώνει την κυκλοφορία του αίματος</li><li>Ενισχύει τον οργανισμό ανάλογα με την φυσική άσκηση</li></ul><p>Η συσκευασία περιλαμβάνει:</p><p>1 Celluless MD, την πιο πρωτοποριακή συσκευή καταπολέμησης της κυτταρίτιδας με σύστημα αναρρόφησης 3 λειτουργιών<br />1 εργονομική κεφαλή με δύο κυλίνδρους<br />1 εργονομική κεφαλή με κύλινδρο για ευαίσθητες περιοχές<br />1 μετασχηματιστή (110 220V)<br />1 φορτιστή/βάση για τη συσκευή Οδηγίες χρήσης</p><p>Τεχνικά χαρακτηριστικά:</p><p>Βάρος: 960 γρ.<br />Πηγή ρεύματος: Ρεύμα 220V<br />3 λειτουργίες: λειτουργία κενού, κεφαλές μασάζ με εναλλασσόμενους κυλίνδρους, λειτουργία φωτός</p>",ΥΓΕΙΑ - ΟΜΟΡΦΙΑ  Fitness>Συσκευές μασάζ>Συσκευές σώματος
54124,Συσκευή μασάζ αυχένα-πλάτης - 644635,Συσκευή μασάζ αυχένα-πλάτης - 644635,in stock,new,18 EUR,,https://www.tradesor.gr/wp-content/uploads/2023/04/1308_644635.jpg,OEM,No Color,2.0,"Επαναστατική συσκευή για μασάζ στο σπίτι σας ιδανική για εφαρμογή στους ώμους, την πλάτη, τη μέση και τα πόδια. Διαθέτει 4 κυλίνδρους με μπάλες μασάζ που βελτιώνουν την κυκλοφορία του αίματος, χαλαρώνουν και ανακουφίζουν τους μύες του σώματός σας.

Η συσκευή διαθέτει λαβές για να την τοποθετήσετε στο σημείο που επιθυμείτε και να ασκείτε την κατάλληλη πίεση.

Είναι απλή στη χρήση, χωρίς περιττά καλώδια.

Τάση λειτουργίας: 220V
Κατανάλωση: 70W
Διαθέτει 20 modes λειτουργίας",ΥΓΕΙΑ - ΟΜΟΡΦΙΑ  Fitness>Συσκευές μασάζ>Συσκευές σώματος
