id,title,description,availability,condition,price,link,image_link,brand,color,shipping_weight,rich_text_description,fb_product_category
39848,Καλύμματα καθισμάτων αυτοκινήτου - ,Καλύμματα καθισμάτων αυτοκινήτου - 15505-1 - 550513,in stock,new,14.4 EUR,,https://www.tradesor.gr/wp-content/uploads/2023/04/550513.png,OEM,No Color,0.8,"<p>Universal καλύμματα αυτοκινήτου, από υψηλής ποιότητας και ανθεκτικότητας υλικό που τοποθετείται και καθαρίζεται εύκολα.<br />Πλήρες σετ που περιλαμβάνει κάλυμμα για τα 2 μπροστινά καθίσματα, ενιαίο κάλυμμα για το πίσω κάθισμα και καλύμματα για τα μαξιλαράκια κεφαλής.<br />Ευέλικτος και κομψός σχεδιασμός που ταιριάζει σε όλα τα αυτοκίνητα.<br />Υψηλή αντοχή στη φθορά.<br />Εύκολη τοποθέτηση.</p><p>Διαστάσεις συσκευασίας: 32 x 27 cm</p>",AUTO-MOTO-BIKE>Είδη αυτοκινήτου
39849,Καλύμματα καθισμάτων αυτοκινήτου - ,Καλύμματα καθισμάτων αυτοκινήτου - 15505-2 - 550520,in stock,new,14.4 EUR,,https://www.tradesor.gr/wp-content/uploads/2023/04/550520.png,OEM,No Color,0.8,"<p>Universal καλύμματα αυτοκινήτου, από υψηλής ποιότητας και ανθεκτικότητας υλικό που τοποθετείται και καθαρίζεται εύκολα.<br />Πλήρες σετ που περιλαμβάνει κάλυμμα για τα 2 μπροστινά καθίσματα, ενιαίο κάλυμμα για το πίσω κάθισμα και καλύμματα για τα μαξιλαράκια κεφαλής.<br />Ευέλικτος και κομψός σχεδιασμός που ταιριάζει σε όλα τα αυτοκίνητα.<br />Υψηλή αντοχή στη φθορά.<br />Εύκολη τοποθέτηση.</p><p>Διαστάσεις συσκευασίας: 32 x 27 cm</p>",AUTO-MOTO-BIKE>Είδη αυτοκινήτου
39850,Καλύμματα καθισμάτων αυτοκινήτου - ,Καλύμματα καθισμάτων αυτοκινήτου - 15505-3 - 550537,in stock,new,14.4 EUR,,https://www.tradesor.gr/wp-content/uploads/2023/04/550537.png,OEM,No Color,0.8,"<p>Universal καλύμματα αυτοκινήτου, από υψηλής ποιότητας και ανθεκτικότητας υλικό που τοποθετείται και καθαρίζεται εύκολα.<br />Πλήρες σετ που περιλαμβάνει κάλυμμα για τα 2 μπροστινά καθίσματα, ενιαίο κάλυμμα για το πίσω κάθισμα και καλύμματα για τα μαξιλαράκια κεφαλής.<br />Ευέλικτος και κομψός σχεδιασμός που ταιριάζει σε όλα τα αυτοκίνητα.<br />Υψηλή αντοχή στη φθορά.<br />Εύκολη τοποθέτηση.</p><p>Διαστάσεις συσκευασίας: 32 x 27 cm</p>",AUTO-MOTO-BIKE>Είδη αυτοκινήτου
39851,Καλύμματα καθισμάτων αυτοκινήτου - ,Καλύμματα καθισμάτων αυτοκινήτου - 15505-4 - 550544,in stock,new,16.2 EUR,,https://www.tradesor.gr/wp-content/uploads/2023/04/550544.png,OEM,No Color,0.8,"<p>Universal καλύμματα αυτοκινήτου, από υψηλής ποιότητας και ανθεκτικότητας υλικό που τοποθετείται και καθαρίζεται εύκολα.<br />Πλήρες σετ που περιλαμβάνει κάλυμμα για τα 2 μπροστινά καθίσματα, ενιαίο κάλυμμα για το πίσω κάθισμα και καλύμματα για τα μαξιλαράκια κεφαλής.<br />Ευέλικτος και κομψός σχεδιασμός που ταιριάζει σε όλα τα αυτοκίνητα.<br />Υψηλή αντοχή στη φθορά.<br />Εύκολη τοποθέτηση.</p><p>Διαστάσεις συσκευασίας: 32 x 27 cm</p>",AUTO-MOTO-BIKE>Είδη αυτοκινήτου
39852,Καλύμματα καθισμάτων αυτοκινήτου - ,Καλύμματα καθισμάτων αυτοκινήτου - 15505-5 - 550551,in stock,new,14.4 EUR,,https://www.tradesor.gr/wp-content/uploads/2023/04/550551.png,OEM,No Color,0.8,"<p>Universal καλύμματα αυτοκινήτου, από υψηλής ποιότητας και ανθεκτικότητας υλικό που τοποθετείται και καθαρίζεται εύκολα.<br />Πλήρες σετ που περιλαμβάνει κάλυμμα για τα 2 μπροστινά καθίσματα, ενιαίο κάλυμμα για το πίσω κάθισμα και καλύμματα για τα μαξιλαράκια κεφαλής.<br />Ευέλικτος και κομψός σχεδιασμός που ταιριάζει σε όλα τα αυτοκίνητα.<br />Υψηλή αντοχή στη φθορά.<br />Εύκολη τοποθέτηση.</p><p>Διαστάσεις συσκευασίας: 32 x 27 cm</p>",AUTO-MOTO-BIKE>Είδη αυτοκινήτου
39853,Καλύμματα καθισμάτων αυτοκινήτου - ,Καλύμματα καθισμάτων αυτοκινήτου - 15505-6 - 550568,in stock,new,14.4 EUR,,https://www.tradesor.gr/wp-content/uploads/2023/04/550568.png,OEM,No Color,0.8,"<p>Universal καλύμματα αυτοκινήτου, από υψηλής ποιότητας και ανθεκτικότητας υλικό που τοποθετείται και καθαρίζεται εύκολα.<br />Πλήρες σετ που περιλαμβάνει κάλυμμα για τα 2 μπροστινά καθίσματα, ενιαίο κάλυμμα για το πίσω κάθισμα και καλύμματα για τα μαξιλαράκια κεφαλής.<br />Ευέλικτος και κομψός σχεδιασμός που ταιριάζει σε όλα τα αυτοκίνητα.<br />Υψηλή αντοχή στη φθορά.<br />Εύκολη τοποθέτηση.</p><p>Διαστάσεις συσκευασίας: 32 x 27 cm</p>",AUTO-MOTO-BIKE>Είδη αυτοκινήτου
39855,Καλύμματα καθισμάτων αυτοκινήτου - ,Καλύμματα καθισμάτων αυτοκινήτου - 15505-8 - 550582,in stock,new,14.4 EUR,,https://www.tradesor.gr/wp-content/uploads/2023/04/550582.png,OEM,No Color,0.8,"<p>Universal καλύμματα αυτοκινήτου, από υψηλής ποιότητας και ανθεκτικότητας υλικό που τοποθετείται και καθαρίζεται εύκολα.<br />Πλήρες σετ που περιλαμβάνει κάλυμμα για τα 2 μπροστινά καθίσματα, ενιαίο κάλυμμα για το πίσω κάθισμα και καλύμματα για τα μαξιλαράκια κεφαλής.<br />Ευέλικτος και κομψός σχεδιασμός που ταιριάζει σε όλα τα αυτοκίνητα.<br />Υψηλή αντοχή στη φθορά.<br />Εύκολη τοποθέτηση.</p><p>Διαστάσεις συσκευασίας: 32 x 27 cm</p>",AUTO-MOTO-BIKE>Είδη αυτοκινήτου
